{
    "data": "[{\"url\":{},\"meta\":{\"labjs_version\":\"20.1.1\",\"labjs_build\":{\"flavor\":\"production\",\"commit\":\"cd5695f774968f50499757c1423bd95d033ea08e\"},\"location\":\"https://exp02.zih.tu-dresden.de/experiments/raven_task/\",\"userAgent\":\"Mozilla/5.0 (Windows NT 10.0; Win64; x64) AppleWebKit/537.36 (KHTML, like Gecko) Chrome/93.0.4577.63 Safari/537.36\",\"platform\":\"Win32\",\"language\":\"de-DE\",\"locale\":\"de\",\"timeZone\":\"Europe/Berlin\",\"timezoneOffset\":-120,\"screen_width\":1920,\"screen_height\":1080,\"scroll_width\":1920,\"scroll_height\":832,\"window_innerWidth\":1920,\"window_innerHeight\":880,\"devicePixelRatio\":1},\"sender\":\"welcome\",\"sender_type\":\"canvas.Screen\",\"sender_id\":\"0\",\"response\":\"any\",\"response_action\":\"keypress\",\"ended_on\":\"response\",\"duration\":1833.7860000178812,\"time_run\":3219.4000000059605,\"time_render\":3183.056,\"time_show\":3216.414,\"time_end\":5050.200000017881,\"time_commit\":5051.300000011921,\"timestamp\":\"2021-09-15T20:40:33.465Z\",\"time_switch\":5066.303},{\"sender\":\"instructions\",\"sender_type\":\"html.Page\",\"sender_id\":\"1\",\"response\":\"Space\",\"response_action\":\"keypress(Space)\",\"ended_on\":\"response\",\"duration\":38774.197,\"time_run\":5051.5,\"time_render\":5049.674,\"time_show\":5066.303,\"time_end\":43840.5,\"time_commit\":43842.09999999404,\"timestamp\":\"2021-09-15T20:41:12.256Z\",\"time_switch\":43848.261},{\"sender\":\"example1\",\"sender_type\":\"canvas.Screen\",\"sender_id\":\"2\",\"response\":\"4\",\"response_action\":\"click(0) @4\",\"correctResponse\":\"8\",\"correct\":false,\"ended_on\":\"response\",\"duration\":6182.338999994041,\"time_run\":43842.20000001788,\"time_render\":43831.409,\"time_show\":43848.261,\"time_end\":50030.59999999404,\"time_commit\":50032.09999999404,\"timestamp\":\"2021-09-15T20:41:18.446Z\",\"time_switch\":50064.758},{\"sender\":\"example1_feedback\",\"sender_type\":\"canvas.Screen\",\"sender_id\":\"3\",\"response\":\"space\",\"response_action\":\"keypress(Space)\",\"ended_on\":\"response\",\"duration\":8782.741999999998,\"time_run\":50064.80000001192,\"time_render\":50031.365,\"time_show\":50064.758,\"time_end\":58847.5,\"time_commit\":58847.90000000596,\"timestamp\":\"2021-09-15T20:41:27.262Z\",\"time_switch\":58864.402},{\"sender\":\"example2\",\"sender_type\":\"canvas.Screen\",\"sender_id\":\"4\",\"response\":\"4\",\"response_action\":\"click(0) @4\",\"correctResponse\":\"4\",\"correct\":true,\"ended_on\":\"response\",\"duration\":4986.498000005959,\"time_run\":58848,\"time_render\":58847.715,\"time_show\":58864.402,\"time_end\":63850.90000000596,\"time_commit\":63851.40000000596,\"timestamp\":\"2021-09-15T20:41:32.265Z\",\"time_switch\":63897.565},{\"sender\":\"example2_feedback\",\"sender_type\":\"canvas.Screen\",\"sender_id\":\"5\",\"response\":\"space\",\"response_action\":\"keypress(Space)\",\"ended_on\":\"response\",\"duration\":964.6350000178791,\"time_run\":63884.09999999404,\"time_render\":63880.862,\"time_show\":63897.565,\"time_end\":64862.20000001788,\"time_commit\":64862.59999999404,\"timestamp\":\"2021-09-15T20:41:33.277Z\",\"time_switch\":64864.172},{\"sender\":\"get ready\",\"sender_type\":\"canvas.Screen\",\"sender_id\":\"6\",\"response\":\"Space\",\"response_action\":\"keypress(Space)\",\"ended_on\":\"response\",\"duration\":1686.1280000119223,\"time_run\":64862.80000001192,\"time_render\":64847.494,\"time_show\":64864.172,\"time_end\":66550.30000001192,\"time_commit\":66550.59999999404,\"timestamp\":\"2021-09-15T20:41:34.965Z\",\"time_switch\":66564.144},{\"sender\":\"test01\",\"sender_type\":\"canvas.Screen\",\"sender_id\":\"7_0\",\"response\":\"7\",\"response_action\":\"click(0) @7\",\"correctResponse\":\"7\",\"correct\":true,\"ended_on\":\"response\",\"duration\":9734.25600000596,\"time_run\":66550.70000001788,\"time_render\":66547.434,\"time_show\":66564.144,\"time_end\":76298.40000000596,\"time_commit\":76299,\"timestamp\":\"2021-09-15T20:41:44.713Z\",\"time_switch\":76314.234},{\"sender\":\"test02\",\"sender_type\":\"canvas.Screen\",\"sender_id\":\"7_1\",\"response\":\"4\",\"response_action\":\"click(0) @4\",\"correctResponse\":\"4\",\"correct\":true,\"ended_on\":\"response\",\"duration\":14396.365999994043,\"time_run\":76299.09999999404,\"time_render\":76297.199,\"time_show\":76314.234,\"time_end\":90710.59999999404,\"time_commit\":90711.20000001788,\"timestamp\":\"2021-09-15T20:41:59.125Z\",\"time_switch\":90713.248},{\"sender\":\"test03\",\"sender_type\":\"canvas.Screen\",\"sender_id\":\"7_2\",\"response\":\"6\",\"response_action\":\"click(0) @6\",\"correctResponse\":\"6\",\"correct\":true,\"ended_on\":\"response\",\"duration\":24014.152000005954,\"time_run\":90711.40000000596,\"time_render\":90696.545,\"time_show\":90713.248,\"time_end\":114727.40000000596,\"time_commit\":114728.09999999404,\"timestamp\":\"2021-09-15T20:42:23.142Z\",\"time_switch\":114761.163},{\"sender\":\"test04\",\"sender_type\":\"canvas.Screen\",\"sender_id\":\"7_3\",\"response\":\"2\",\"response_action\":\"click(0) @2\",\"correctResponse\":\"2\",\"correct\":true,\"ended_on\":\"response\",\"duration\":23562.23700000596,\"time_run\":114728.40000000596,\"time_render\":114712.365,\"time_show\":114761.163,\"time_end\":138323.40000000596,\"time_commit\":138324,\"timestamp\":\"2021-09-15T20:42:46.738Z\",\"time_switch\":138328.218},{\"sender\":\"test05\",\"sender_type\":\"canvas.Screen\",\"sender_id\":\"7_4\",\"response\":\"4\",\"response_action\":\"click(0) @4\",\"correctResponse\":\"4\",\"correct\":true,\"ended_on\":\"response\",\"duration\":16455.482000017888,\"time_run\":138324.20000001788,\"time_render\":138311.539,\"time_show\":138328.218,\"time_end\":154783.70000001788,\"time_commit\":154784.20000001788,\"timestamp\":\"2021-09-15T20:43:03.198Z\",\"time_switch\":154794.289},{\"sender\":\"test06\",\"sender_type\":\"canvas.Screen\",\"sender_id\":\"7_5\",\"response\":\"7\",\"response_action\":\"click(0) @7\",\"correctResponse\":\"7\",\"correct\":true,\"ended_on\":\"response\",\"duration\":50587.71100000001,\"time_run\":154784.30000001192,\"time_render\":154777.617,\"time_show\":154794.289,\"time_end\":205382,\"time_commit\":205382.40000000596,\"timestamp\":\"2021-09-15T20:43:53.796Z\",\"time_switch\":205409.14},{\"sender\":\"test07\",\"sender_type\":\"canvas.Screen\",\"sender_id\":\"7_6\",\"response\":\"4\",\"response_action\":\"click(0) @4\",\"correctResponse\":\"8\",\"correct\":false,\"ended_on\":\"response\",\"duration\":64580.76000000595,\"time_run\":205382.5,\"time_render\":205392.475,\"time_show\":205409.14,\"time_end\":269989.90000000596,\"time_commit\":269990.40000000596,\"timestamp\":\"2021-09-15T20:44:58.404Z\",\"time_switch\":270006.882},{\"sender\":\"test08\",\"sender_type\":\"canvas.Screen\",\"sender_id\":\"7_7\",\"response\":\"7\",\"response_action\":\"click(0) @7\",\"correctResponse\":\"7\",\"correct\":true,\"ended_on\":\"response\",\"duration\":21865.918000011938,\"time_run\":269990.5,\"time_render\":269990.169,\"time_show\":270006.882,\"time_end\":291872.8000000119,\"time_commit\":291873.3000000119,\"timestamp\":\"2021-09-15T20:45:20.287Z\",\"time_switch\":291889.434},{\"sender\":\"test09\",\"sender_type\":\"canvas.Screen\",\"sender_id\":\"7_8\",\"response\":\"7\",\"response_action\":\"click(0) @7\",\"correctResponse\":\"5\",\"correct\":false,\"ended_on\":\"response\",\"duration\":76562.46600000595,\"time_run\":291873.3000000119,\"time_render\":291872.707,\"time_show\":291889.434,\"time_end\":368451.90000000596,\"time_commit\":368452.40000000596,\"timestamp\":\"2021-09-15T20:46:36.866Z\",\"time_switch\":368453.316},{\"sender\":\"test10\",\"sender_type\":\"canvas.Screen\",\"sender_id\":\"7_9\",\"response\":\"7\",\"response_action\":\"click(0) @7\",\"correctResponse\":\"5\",\"correct\":false,\"ended_on\":\"response\",\"duration\":84116.58400000597,\"time_run\":368452.5,\"time_render\":368436.656,\"time_show\":368453.316,\"time_end\":452569.90000000596,\"time_commit\":452570.5,\"timestamp\":\"2021-09-15T20:48:00.984Z\",\"time_switch\":452583.666},{\"sender\":\"test11\",\"sender_type\":\"canvas.Screen\",\"sender_id\":\"7_10\",\"response\":\"8\",\"response_action\":\"click(0) @8\",\"correctResponse\":\"4\",\"correct\":false,\"ended_on\":\"response\",\"duration\":29469.734000005934,\"time_run\":452570.5,\"time_render\":452566.966,\"time_show\":452583.666,\"time_end\":482053.40000000596,\"time_commit\":482053.90000000596,\"timestamp\":\"2021-09-15T20:48:30.468Z\",\"time_switch\":482065.959},{\"sender\":\"test12\",\"sender_type\":\"canvas.Screen\",\"sender_id\":\"7_11\",\"response\":\"1\",\"response_action\":\"click(0) @1\",\"correctResponse\":\"1\",\"correct\":true,\"ended_on\":\"response\",\"duration\":132389.7410000179,\"time_run\":482054.09999999404,\"time_render\":482049.266,\"time_show\":482065.959,\"time_end\":614455.7000000179,\"time_commit\":614456.3000000119,\"timestamp\":\"2021-09-15T20:50:42.870Z\",\"time_switch\":614461.336},{\"sender\":\"tests (15min)\",\"sender_type\":\"flow.Sequence\",\"sender_id\":\"7\",\"ended_on\":\"completion\",\"duration\":547891.5560000179,\"time_run\":66550.70000001788,\"time_render\":66547.434,\"time_show\":66564.144,\"time_end\":614455.7000000179,\"time_commit\":614457.400000006,\"timestamp\":\"2021-09-15T20:50:42.871Z\",\"time_switch\":614461.336},{\"sender\":\"good bye\",\"sender_type\":\"canvas.Screen\",\"sender_id\":\"8\",\"ended_on\":\"timeout\",\"duration\":3999.701999999932,\"time_run\":614457.5,\"time_render\":614444.534,\"time_show\":614461.336,\"time_end\":618444.369,\"time_commit\":618444.8000000119,\"timestamp\":\"2021-09-15T20:50:46.859Z\",\"time_switch\":618461.038},{\"sender\":\"root\",\"sender_type\":\"flow.Sequence\",\"sender_id\":null,\"ended_on\":\"completion\",\"duration\":615227.955,\"time_run\":3219.4000000059605,\"time_render\":3183.056,\"time_show\":3216.414,\"time_end\":618444.369,\"time_commit\":618445,\"timestamp\":\"2021-09-15T20:50:46.859Z\",\"time_switch\":618461.038}]",
    "metadata": "{\"slice\":0,\"id\":\"82122585-f139-47c8-a889-508ec99f5c3f\",\"payload\":\"full\"}",
    "url": "https://exp02.zih.tu-dresden.de/experiments/raven_task/"
}