{
    "data": "[{\"url\":{},\"meta\":{\"labjs_version\":\"20.1.1\",\"labjs_build\":{\"flavor\":\"production\",\"commit\":\"cd5695f774968f50499757c1423bd95d033ea08e\"},\"location\":\"https://exp02.zih.tu-dresden.de/experiments/raven_task/\",\"userAgent\":\"Mozilla/5.0 (Windows NT 10.0; Win64; x64) AppleWebKit/537.36 (KHTML, like Gecko) Chrome/90.0.4430.212 Safari/537.36 Edg/90.0.818.62\",\"platform\":\"Win32\",\"language\":\"de\",\"locale\":\"de\",\"timeZone\":\"Europe/Berlin\",\"timezoneOffset\":-120,\"screen_width\":1280,\"screen_height\":720,\"scroll_width\":1280,\"scroll_height\":562,\"window_innerWidth\":1280,\"window_innerHeight\":610,\"devicePixelRatio\":1.5},\"sender\":\"welcome\",\"sender_type\":\"canvas.Screen\",\"sender_id\":\"0\",\"ended_on\":\"timeout\",\"duration\":7998.305,\"time_run\":2784.69000000041,\"time_render\":2735.899,\"time_show\":2785.877,\"time_end\":10767.864,\"time_commit\":10772.370000000592,\"timestamp\":\"2021-05-18T11:17:16.973Z\",\"time_switch\":10784.182},{\"sender\":\"instructions\",\"sender_type\":\"html.Page\",\"sender_id\":\"1\",\"response\":\"Space\",\"response_action\":\"keypress(Space)\",\"ended_on\":\"response\",\"duration\":29044.84299999909,\"time_run\":10773.074999999153,\"time_render\":10767.864,\"time_show\":10784.182,\"time_end\":39829.02499999909,\"time_commit\":39832.3249999994,\"timestamp\":\"2021-05-18T11:17:46.033Z\",\"time_switch\":39861.31},{\"sender\":\"example1\",\"sender_type\":\"canvas.Screen\",\"sender_id\":\"2\",\"response\":\"8\",\"response_action\":\"click(0) @8\",\"correctResponse\":\"8\",\"correct\":true,\"ended_on\":\"response\",\"duration\":6766.879999999452,\"time_run\":39832.58500000011,\"time_render\":39831.048,\"time_show\":39861.31,\"time_end\":46628.18999999945,\"time_commit\":46632.42999999966,\"timestamp\":\"2021-05-18T11:17:52.833Z\",\"time_switch\":46693.324},{\"sender\":\"example1_feedback\",\"sender_type\":\"canvas.Screen\",\"sender_id\":\"3\",\"response\":\"space\",\"response_action\":\"keypress(Space)\",\"ended_on\":\"response\",\"duration\":1558.4059999999517,\"time_run\":46676.949999999124,\"time_render\":46677.246,\"time_show\":46693.324,\"time_end\":48251.72999999995,\"time_commit\":48252.590000000055,\"timestamp\":\"2021-05-18T11:17:54.453Z\",\"time_switch\":48259.683},{\"sender\":\"example2\",\"sender_type\":\"canvas.Screen\",\"sender_id\":\"4\",\"response\":\"4\",\"response_action\":\"click(0) @4\",\"correctResponse\":\"4\",\"correct\":true,\"ended_on\":\"response\",\"duration\":9869.98200000039,\"time_run\":48252.78000000071,\"time_render\":48243.478,\"time_show\":48259.683,\"time_end\":58129.66500000039,\"time_commit\":58131.045000000086,\"timestamp\":\"2021-05-18T11:18:04.332Z\",\"time_switch\":58190.854},{\"sender\":\"example2_feedback\",\"sender_type\":\"canvas.Screen\",\"sender_id\":\"5\",\"response\":\"space\",\"response_action\":\"keypress(Space)\",\"ended_on\":\"response\",\"duration\":895.1910000000134,\"time_run\":58173.94500000046,\"time_render\":58158.092,\"time_show\":58190.854,\"time_end\":59086.04500000001,\"time_commit\":59086.97000000029,\"timestamp\":\"2021-05-18T11:18:05.288Z\",\"time_switch\":59090.746},{\"sender\":\"get ready\",\"sender_type\":\"canvas.Screen\",\"sender_id\":\"6\",\"response\":\"Space\",\"response_action\":\"keypress(Space)\",\"ended_on\":\"response\",\"duration\":4441.13900000033,\"time_run\":59087.209999999686,\"time_render\":59074.436,\"time_show\":59090.746,\"time_end\":63531.88500000033,\"time_commit\":63532.74500000043,\"timestamp\":\"2021-05-18T11:18:09.733Z\",\"time_switch\":63539.711},{\"sender\":\"test01\",\"sender_type\":\"canvas.Screen\",\"sender_id\":\"7_0\",\"response\":\"7\",\"response_action\":\"click(0) @7\",\"correctResponse\":\"7\",\"correct\":true,\"ended_on\":\"response\",\"duration\":25438.773999999634,\"time_run\":63533.01500000089,\"time_render\":63523.764,\"time_show\":63539.711,\"time_end\":88978.48499999964,\"time_commit\":88979.8150000006,\"timestamp\":\"2021-05-18T11:18:35.180Z\",\"time_switch\":88984.429},{\"sender\":\"test02\",\"sender_type\":\"canvas.Screen\",\"sender_id\":\"7_1\",\"response\":\"4\",\"response_action\":\"click(0) @4\",\"correctResponse\":\"4\",\"correct\":true,\"ended_on\":\"response\",\"duration\":53046.42099999919,\"time_run\":88980.08999999911,\"time_render\":88968.436,\"time_show\":88984.429,\"time_end\":142030.8499999992,\"time_commit\":142032.0699999993,\"timestamp\":\"2021-05-18T11:19:28.232Z\",\"time_switch\":142039.915},{\"sender\":\"test03\",\"sender_type\":\"canvas.Screen\",\"sender_id\":\"7_2\",\"response\":\"6\",\"response_action\":\"click(0) @6\",\"correctResponse\":\"6\",\"correct\":true,\"ended_on\":\"response\",\"duration\":46169.72499999913,\"time_run\":142032.2699999997,\"time_render\":142023.717,\"time_show\":142039.915,\"time_end\":188209.63999999914,\"time_commit\":188210.49499999936,\"timestamp\":\"2021-05-18T11:20:14.410Z\",\"time_switch\":188213.522},{\"sender\":\"test04\",\"sender_type\":\"canvas.Screen\",\"sender_id\":\"7_3\",\"response\":\"2\",\"response_action\":\"click(0) @2\",\"correctResponse\":\"2\",\"correct\":true,\"ended_on\":\"response\",\"duration\":47484.908000000374,\"time_run\":188210.58000000083,\"time_render\":188197.194,\"time_show\":188213.522,\"time_end\":235698.43000000037,\"time_commit\":235699.73500000016,\"timestamp\":\"2021-05-18T11:21:01.900Z\",\"time_switch\":235703.338},{\"sender\":\"test05\",\"sender_type\":\"canvas.Screen\",\"sender_id\":\"7_4\",\"response\":\"4\",\"response_action\":\"click(0) @4\",\"correctResponse\":\"4\",\"correct\":true,\"ended_on\":\"response\",\"duration\":10713.141999999876,\"time_run\":235699.9649999998,\"time_render\":235686.959,\"time_show\":235703.338,\"time_end\":246416.47999999986,\"time_commit\":246417.6750000006,\"timestamp\":\"2021-05-18T11:21:12.618Z\",\"time_switch\":246434.423},{\"sender\":\"test06\",\"sender_type\":\"canvas.Screen\",\"sender_id\":\"7_5\",\"response\":\"7\",\"response_action\":\"click(0) @7\",\"correctResponse\":\"7\",\"correct\":true,\"ended_on\":\"response\",\"duration\":35685.19699999946,\"time_run\":246417.88500000077,\"time_render\":246401.654,\"time_show\":246434.423,\"time_end\":282119.6199999995,\"time_commit\":282120.8999999999,\"timestamp\":\"2021-05-18T11:21:48.322Z\",\"time_switch\":282126.974},{\"sender\":\"test07\",\"sender_type\":\"canvas.Screen\",\"sender_id\":\"7_6\",\"response\":\"8\",\"response_action\":\"click(0) @8\",\"correctResponse\":\"8\",\"correct\":true,\"ended_on\":\"response\",\"duration\":49919.36100000091,\"time_run\":282121.09000000055,\"time_render\":282110.775,\"time_show\":282126.974,\"time_end\":332046.3350000009,\"time_commit\":332047.61999999936,\"timestamp\":\"2021-05-18T11:22:38.248Z\",\"time_switch\":332049.657},{\"sender\":\"test08\",\"sender_type\":\"canvas.Screen\",\"sender_id\":\"7_7\",\"response\":\"8\",\"response_action\":\"click(0) @8\",\"correctResponse\":\"7\",\"correct\":false,\"ended_on\":\"response\",\"duration\":38409.8079999999,\"time_run\":332047.8349999994,\"time_render\":332033.271,\"time_show\":332049.657,\"time_end\":370459.4649999999,\"time_commit\":370460.6700000004,\"timestamp\":\"2021-05-18T11:23:16.661Z\",\"time_switch\":370474.973},{\"sender\":\"test09\",\"sender_type\":\"canvas.Screen\",\"sender_id\":\"7_8\",\"response\":\"4\",\"response_action\":\"click(0) @4\",\"correctResponse\":\"5\",\"correct\":false,\"ended_on\":\"response\",\"duration\":63589.051999999676,\"time_run\":370460.8750000007,\"time_render\":370459.435,\"time_show\":370474.973,\"time_end\":434064.0249999997,\"time_commit\":434065.1849999995,\"timestamp\":\"2021-05-18T11:24:20.266Z\",\"time_switch\":434078.252},{\"sender\":\"test10\",\"sender_type\":\"canvas.Screen\",\"sender_id\":\"7_9\",\"response\":\"5\",\"response_action\":\"click(0) @5\",\"correctResponse\":\"5\",\"correct\":true,\"ended_on\":\"response\",\"duration\":118096.78300000017,\"time_run\":434065.3750000001,\"time_render\":434061.66,\"time_show\":434078.252,\"time_end\":552175.0350000001,\"time_commit\":552176.2799999997,\"timestamp\":\"2021-05-18T11:26:18.377Z\",\"time_switch\":552186.637},{\"sender\":\"test11\",\"sender_type\":\"canvas.Screen\",\"sender_id\":\"7_10\",\"response\":\"2\",\"response_action\":\"click(0) @2\",\"correctResponse\":\"4\",\"correct\":false,\"ended_on\":\"response\",\"duration\":70386.97299999942,\"time_run\":552176.4999999995,\"time_render\":552169.968,\"time_show\":552186.637,\"time_end\":622573.6099999994,\"time_commit\":622574.7549999997,\"timestamp\":\"2021-05-18T11:27:28.775Z\",\"time_switch\":622588.306},{\"sender\":\"test12\",\"sender_type\":\"canvas.Screen\",\"sender_id\":\"7_11\",\"response\":\"5\",\"response_action\":\"click(0) @5\",\"correctResponse\":\"1\",\"correct\":false,\"ended_on\":\"response\",\"duration\":101202.52399999998,\"time_run\":622574.9300000006,\"time_render\":622572.912,\"time_show\":622588.306,\"time_end\":723790.83,\"time_commit\":723791.98,\"timestamp\":\"2021-05-18T11:29:09.993Z\",\"time_switch\":723800.243},{\"sender\":\"tests (15min)\",\"sender_type\":\"flow.Sequence\",\"sender_id\":\"7\",\"ended_on\":\"completion\",\"duration\":660251.119,\"time_run\":63532.93499999927,\"time_render\":63523.764,\"time_show\":63539.711,\"time_end\":723790.83,\"time_commit\":723794.9800000006,\"timestamp\":\"2021-05-18T11:29:09.996Z\",\"time_switch\":723800.243},{\"sender\":\"good bye\",\"sender_type\":\"canvas.Screen\",\"sender_id\":\"8\",\"ended_on\":\"timeout\",\"duration\":3999.5229999999283,\"time_run\":723795.1649999996,\"time_render\":723783.841,\"time_show\":723800.243,\"time_end\":727782.919,\"time_commit\":727784.0250000008,\"timestamp\":\"2021-05-18T11:29:13.985Z\",\"time_switch\":727799.766},{\"sender\":\"root\",\"sender_type\":\"flow.Sequence\",\"sender_id\":null,\"ended_on\":\"completion\",\"duration\":724997.042,\"time_run\":2784.560000000056,\"time_render\":2735.899,\"time_show\":2785.877,\"time_end\":727782.919,\"time_commit\":727784.6549999994,\"timestamp\":\"2021-05-18T11:29:13.985Z\",\"time_switch\":727799.766}]",
    "metadata": "{\"slice\":0,\"id\":\"0355a4de-19d8-4b2b-8081-7d7ae2629e76\",\"payload\":\"full\"}",
    "url": "https://exp02.zih.tu-dresden.de/experiments/raven_task/"
}