{
    "data": "[{\"url\":{},\"meta\":{\"labjs_version\":\"20.1.1\",\"labjs_build\":{\"flavor\":\"production\",\"commit\":\"cd5695f774968f50499757c1423bd95d033ea08e\"},\"location\":\"https://exp01.zih.tu-dresden.de/experiments/spot_a_word_task/\",\"userAgent\":\"Mozilla/5.0 (Windows NT 10.0; Win64; x64) AppleWebKit/537.36 (KHTML, like Gecko) Chrome/90.0.4430.93 Safari/537.36 Edg/90.0.818.51\",\"platform\":\"Win32\",\"language\":\"de\",\"locale\":\"de\",\"timeZone\":\"Europe/Berlin\",\"timezoneOffset\":-120,\"screen_width\":1280,\"screen_height\":720,\"scroll_width\":1422,\"scroll_height\":630,\"window_innerWidth\":1422,\"window_innerHeight\":678,\"devicePixelRatio\":1.3499999046325684},\"sender\":\"start_html\",\"sender_type\":\"html.Screen\",\"sender_id\":\"0\",\"ended_on\":\"timeout\",\"duration\":5995.1539999999995,\"time_run\":930.6649999998626,\"time_render\":906.05,\"time_show\":939.34,\"time_end\":6917.836,\"time_commit\":6924.974999999904,\"timestamp\":\"2021-05-02T16:16:01.681Z\",\"time_switch\":6934.494},{\"sender\":\"manual_html\",\"sender_type\":\"html.Screen\",\"sender_id\":\"1\",\"response\":\"space\",\"response_action\":\"keypress(Space)\",\"ended_on\":\"response\",\"duration\":32469.221000000376,\"time_run\":6925.995000001421,\"time_render\":6917.836,\"time_show\":6934.494,\"time_end\":39403.715000000375,\"time_commit\":39411.19500000059,\"timestamp\":\"2021-05-02T16:16:34.167Z\",\"time_switch\":39424.509},{\"sender\":\"example1_screen\",\"sender_type\":\"canvas.Screen\",\"sender_id\":\"2\",\"response\":\"4\",\"response_action\":\"keypress(4)\",\"correctResponse\":\"4\",\"correct\":true,\"ended_on\":\"response\",\"duration\":2894.556000001503,\"time_run\":39428.1600000013,\"time_render\":39389.358,\"time_show\":39424.509,\"time_end\":42319.0650000015,\"time_commit\":42321.115000000646,\"timestamp\":\"2021-05-02T16:16:37.077Z\",\"time_switch\":42338.8},{\"sender\":\"example1_feedback\",\"sender_type\":\"canvas.Screen\",\"sender_id\":\"3\",\"response\":\"Space\",\"response_action\":\"keypress(Space)\",\"ended_on\":\"response\",\"duration\":3484.6250000004948,\"time_run\":42331.75500000107,\"time_render\":42322.246,\"time_show\":42338.8,\"time_end\":45823.4250000005,\"time_commit\":45824.19000000118,\"timestamp\":\"2021-05-02T16:16:40.580Z\",\"time_switch\":45836.041},{\"sender\":\"example2_screen\",\"sender_type\":\"canvas.Screen\",\"sender_id\":\"4\",\"response\":\"5\",\"response_action\":\"keypress(5)\",\"correctResponse\":\"5\",\"correct\":true,\"ended_on\":\"response\",\"duration\":2164.4890000011656,\"time_run\":45828.120000000126,\"time_render\":45819.332,\"time_show\":45836.041,\"time_end\":48000.53000000116,\"time_commit\":48002.38499999978,\"timestamp\":\"2021-05-02T16:16:42.759Z\",\"time_switch\":48017.429},{\"sender\":\"example2_feedback\",\"sender_type\":\"canvas.Screen\",\"sender_id\":\"5\",\"response\":\"Space\",\"response_action\":\"keypress(Space)\",\"ended_on\":\"response\",\"duration\":3653.976000000963,\"time_run\":48012.95500000015,\"time_render\":48000.619,\"time_show\":48017.429,\"time_end\":51671.40500000096,\"time_commit\":51673.27500000101,\"timestamp\":\"2021-05-02T16:16:46.429Z\",\"time_switch\":51697.801},{\"sender\":\"example3_screen\",\"sender_type\":\"canvas.Screen\",\"sender_id\":\"6\",\"response\":\"1\",\"response_action\":\"keypress(1)\",\"correctResponse\":\"1\",\"correct\":true,\"ended_on\":\"response\",\"duration\":2664.649000000536,\"time_run\":51684.189999999944,\"time_render\":51680.881,\"time_show\":51697.801,\"time_end\":54362.450000000536,\"time_commit\":54364.14500000137,\"timestamp\":\"2021-05-02T16:16:49.120Z\",\"time_switch\":54378.922},{\"sender\":\"example3_feedback\",\"sender_type\":\"canvas.Screen\",\"sender_id\":\"7\",\"response\":\"Space\",\"response_action\":\"keypress(Space)\",\"ended_on\":\"response\",\"duration\":1438.7480000003634,\"time_run\":54373.805000001084,\"time_render\":54362.47,\"time_show\":54378.922,\"time_end\":55817.67000000036,\"time_commit\":55819.195000000036,\"timestamp\":\"2021-05-02T16:16:50.575Z\",\"time_switch\":55827.719},{\"sender\":\"get_ready_html\",\"sender_type\":\"html.Screen\",\"sender_id\":\"8\",\"response\":\"space\",\"response_action\":\"keypress(Space)\",\"ended_on\":\"response\",\"duration\":17312.21100000119,\"time_run\":55819.82000000062,\"time_render\":55811.048,\"time_show\":55827.719,\"time_end\":73139.93000000119,\"time_commit\":73141.43500000137,\"timestamp\":\"2021-05-02T16:17:07.898Z\",\"time_switch\":73230.072},{\"sender\":\"trial_screen\",\"sender_type\":\"canvas.Screen\",\"sender_id\":\"9_0\",\"correct\":true,\"trial_ID\":1,\"word1\":\"siziol\",\"word2\":\"salzahl\",\"word3\":\"sozihl\",\"word4\":\"sziam\",\"word5\":\"sozial\",\"response\":\"5\",\"response_action\":\"keypress(5)\",\"correctResponse\":\"5\",\"ended_on\":\"response\",\"duration\":2581.443000001236,\"time_run\":73227.96500000004,\"time_render\":73212.708,\"time_show\":73230.072,\"time_end\":75811.51500000124,\"time_commit\":75813.4399999999,\"timestamp\":\"2021-05-02T16:17:10.570Z\",\"time_switch\":75827.986},{\"sender\":\"trial_screen\",\"sender_type\":\"canvas.Screen\",\"sender_id\":\"9_1\",\"correct\":false,\"trial_ID\":2,\"word1\":\"Lamone\",\"word2\":\"Talane\",\"word3\":\"Matrone\",\"word4\":\"Tarone\",\"word5\":\"Malonte\",\"response\":\"4\",\"response_action\":\"keypress(4)\",\"correctResponse\":\"3\",\"ended_on\":\"response\",\"duration\":10072.674000001149,\"time_run\":75825.88000000032,\"time_render\":75811.475,\"time_show\":75827.986,\"time_end\":85900.66000000115,\"time_commit\":85902.78500000022,\"timestamp\":\"2021-05-02T16:17:20.659Z\",\"time_switch\":85919.717},{\"sender\":\"trial_screen\",\"sender_type\":\"canvas.Screen\",\"sender_id\":\"9_2\",\"correct\":true,\"trial_ID\":3,\"word1\":\"kurinesisch\",\"word2\":\"kulinarisch\",\"word3\":\"kumenisch\",\"word4\":\"kulissarisch\",\"word5\":\"kannastrisch\",\"response\":\"2\",\"response_action\":\"keypress(2)\",\"correctResponse\":\"2\",\"ended_on\":\"response\",\"duration\":3670.84800000042,\"time_run\":85917.24000000067,\"time_render\":85902.722,\"time_show\":85919.717,\"time_end\":89590.56500000042,\"time_commit\":89592.15500000028,\"timestamp\":\"2021-05-02T16:17:24.348Z\",\"time_switch\":89616.66},{\"sender\":\"trial_screen\",\"sender_type\":\"canvas.Screen\",\"sender_id\":\"9_3\",\"correct\":true,\"trial_ID\":4,\"word1\":\"Tinxur\",\"word2\":\"Kukutur\",\"word3\":\"Fraktan\",\"word4\":\"Tinktur\",\"word5\":\"Rimsuhr\",\"response\":\"4\",\"response_action\":\"keypress(4)\",\"correctResponse\":\"4\",\"ended_on\":\"response\",\"duration\":3024.1099999999715,\"time_run\":89602.30500000034,\"time_render\":89600.102,\"time_show\":89616.66,\"time_end\":92640.76999999997,\"time_commit\":92642.53000000099,\"timestamp\":\"2021-05-02T16:17:27.399Z\",\"time_switch\":92664.199},{\"sender\":\"trial_screen\",\"sender_type\":\"canvas.Screen\",\"sender_id\":\"9_4\",\"correct\":false,\"trial_ID\":5,\"word1\":\"beralen\",\"word2\":\"ger\u00e4ltet\",\"word3\":\"an\u00e4lteren\",\"word4\":\"unt\u00e4ren\",\"word5\":\"verbr\u00e4men\",\"response\":\"3\",\"response_action\":\"keypress(3)\",\"correctResponse\":\"5\",\"ended_on\":\"response\",\"duration\":9196.061000001297,\"time_run\":92652.61500000088,\"time_render\":92647.645,\"time_show\":92664.199,\"time_end\":101860.26000000129,\"time_commit\":101862.05000000155,\"timestamp\":\"2021-05-02T16:17:36.618Z\",\"time_switch\":101898.27},{\"sender\":\"trial_screen\",\"sender_type\":\"canvas.Screen\",\"sender_id\":\"9_5\",\"correct\":true,\"trial_ID\":6,\"word1\":\"Rosto\",\"word2\":\"Torso\",\"word3\":\"Soro\",\"word4\":\"Torgos\",\"word5\":\"Tosor\",\"response\":\"2\",\"response_action\":\"keypress(2)\",\"correctResponse\":\"2\",\"ended_on\":\"response\",\"duration\":4129.075000000419,\"time_run\":101872.01500000083,\"time_render\":101856.294,\"time_show\":101898.27,\"time_end\":106027.34500000042,\"time_commit\":106029.33500000108,\"timestamp\":\"2021-05-02T16:17:40.785Z\",\"time_switch\":106053.23},{\"sender\":\"trial_screen\",\"sender_type\":\"canvas.Screen\",\"sender_id\":\"9_6\",\"correct\":true,\"trial_ID\":7,\"word1\":\"Redor\",\"word2\":\"Radium\",\"word3\":\"Terion\",\"word4\":\"Dramin\",\"word5\":\"Orakium\",\"response\":\"2\",\"response_action\":\"keypress(2)\",\"correctResponse\":\"2\",\"ended_on\":\"response\",\"duration\":3247.1350000009697,\"time_run\":106043.05000000022,\"time_render\":106036.594,\"time_show\":106053.23,\"time_end\":109300.36500000097,\"time_commit\":109302.02500000087,\"timestamp\":\"2021-05-02T16:17:44.058Z\",\"time_switch\":109317.21},{\"sender\":\"trial_screen\",\"sender_type\":\"canvas.Screen\",\"sender_id\":\"9_7\",\"correct\":true,\"trial_ID\":8,\"word1\":\"Nale\",\"word2\":\"Sahe\",\"word3\":\"Nase\",\"word4\":\"Nesa\",\"word5\":\"Sehna\",\"response\":\"3\",\"response_action\":\"keypress(3)\",\"correctResponse\":\"3\",\"ended_on\":\"response\",\"duration\":2789.640000000116,\"time_run\":109311.62500000028,\"time_render\":109300.645,\"time_show\":109317.21,\"time_end\":112106.85000000012,\"time_commit\":112108.54000000108,\"timestamp\":\"2021-05-02T16:17:46.865Z\",\"time_switch\":112131.548},{\"sender\":\"trial_screen\",\"sender_type\":\"canvas.Screen\",\"sender_id\":\"9_8\",\"correct\":false,\"trial_ID\":9,\"word1\":\"Rilkiase\",\"word2\":\"Kilister\",\"word3\":\"Riliker\",\"word4\":\"Klistier\",\"word5\":\"Linkure\",\"response\":\"1\",\"response_action\":\"keypress(1)\",\"correctResponse\":\"4\",\"ended_on\":\"response\",\"duration\":8093.207000001101,\"time_run\":112117.65000000014,\"time_render\":112115.042,\"time_show\":112131.548,\"time_end\":120224.7550000011,\"time_commit\":120226.45499999999,\"timestamp\":\"2021-05-02T16:17:54.983Z\",\"time_switch\":120241.554},{\"sender\":\"trial_screen\",\"sender_type\":\"canvas.Screen\",\"sender_id\":\"9_9\",\"correct\":true,\"trial_ID\":10,\"word1\":\"kentern\",\"word2\":\"knerte\",\"word3\":\"kanzen\",\"word4\":\"kretern\",\"word5\":\"trekern\",\"response\":\"1\",\"response_action\":\"keypress(1)\",\"correctResponse\":\"1\",\"ended_on\":\"response\",\"duration\":4153.436000000685,\"time_run\":120235.72500000046,\"time_render\":120224.432,\"time_show\":120241.554,\"time_end\":124394.99000000069,\"time_commit\":124396.81999999993,\"timestamp\":\"2021-05-02T16:17:59.153Z\",\"time_switch\":124421.57},{\"sender\":\"trial_screen\",\"sender_type\":\"canvas.Screen\",\"sender_id\":\"9_10\",\"correct\":true,\"trial_ID\":11,\"word1\":\"Sorekin\",\"word2\":\"Sarowin\",\"word3\":\"Rosakin\",\"word4\":\"Narosin\",\"word5\":\"Kerosin\",\"response\":\"5\",\"response_action\":\"keypress(5)\",\"correctResponse\":\"5\",\"ended_on\":\"response\",\"duration\":5182.360000001121,\"time_run\":124406.85000000121,\"time_render\":124404.867,\"time_show\":124421.57,\"time_end\":129603.93000000113,\"time_commit\":129605.62000000027,\"timestamp\":\"2021-05-02T16:18:04.362Z\",\"time_switch\":129617.215},{\"sender\":\"trial_screen\",\"sender_type\":\"canvas.Screen\",\"sender_id\":\"9_11\",\"correct\":false,\"trial_ID\":12,\"word1\":\"Ralke\",\"word2\":\"Korre\",\"word3\":\"Ruckse\",\"word4\":\"Recke\",\"word5\":\"Ulte\",\"response\":\"3\",\"response_action\":\"keypress(3)\",\"correctResponse\":\"4\",\"ended_on\":\"response\",\"duration\":9696.255000000965,\"time_run\":129614.97000000054,\"time_render\":129600.536,\"time_show\":129617.215,\"time_end\":139313.47000000096,\"time_commit\":139315.09000000005,\"timestamp\":\"2021-05-02T16:18:14.071Z\",\"time_switch\":139325.909},{\"sender\":\"trial_screen\",\"sender_type\":\"canvas.Screen\",\"sender_id\":\"9_12\",\"correct\":true,\"trial_ID\":13,\"word1\":\"Kapaun\",\"word2\":\"Paukan\",\"word3\":\"Naupack\",\"word4\":\"Aupeck\",\"word5\":\"Ankepran\",\"response\":\"1\",\"response_action\":\"keypress(1)\",\"correctResponse\":\"1\",\"ended_on\":\"response\",\"duration\":9467.106000001106,\"time_run\":139324.2449999998,\"time_render\":139308.963,\"time_show\":139325.909,\"time_end\":148793.01500000112,\"time_commit\":148794.60000000108,\"timestamp\":\"2021-05-02T16:18:23.550Z\",\"time_switch\":148818.321},{\"sender\":\"trial_screen\",\"sender_type\":\"canvas.Screen\",\"sender_id\":\"9_13\",\"correct\":true,\"trial_ID\":14,\"word1\":\"Dissonanz\",\"word2\":\"Diskrisanz\",\"word3\":\"Distranz\",\"word4\":\"Dinotanz\",\"word5\":\"Sidonenz\",\"response\":\"1\",\"response_action\":\"keypress(1)\",\"correctResponse\":\"1\",\"ended_on\":\"response\",\"duration\":6360.004000000772,\"time_run\":148807.8800000003,\"time_render\":148801.027,\"time_show\":148818.321,\"time_end\":155178.32500000077,\"time_commit\":155180.11500000104,\"timestamp\":\"2021-05-02T16:18:29.936Z\",\"time_switch\":155196.272},{\"sender\":\"trial_screen\",\"sender_type\":\"canvas.Screen\",\"sender_id\":\"9_14\",\"correct\":true,\"trial_ID\":15,\"word1\":\"Kirse\",\"word2\":\"Sirke\",\"word3\":\"Krise\",\"word4\":\"Krospe\",\"word5\":\"Seris\",\"response\":\"3\",\"response_action\":\"keypress(3)\",\"correctResponse\":\"3\",\"ended_on\":\"response\",\"duration\":4651.923000000475,\"time_run\":155189.71000000054,\"time_render\":155179.502,\"time_show\":155196.272,\"time_end\":159848.19500000047,\"time_commit\":159849.8200000013,\"timestamp\":\"2021-05-02T16:18:34.605Z\",\"time_switch\":159892.658},{\"sender\":\"trial_screen\",\"sender_type\":\"canvas.Screen\",\"sender_id\":\"9_15\",\"correct\":true,\"trial_ID\":16,\"word1\":\"Tume\",\"word2\":\"Umat\",\"word3\":\"Maut\",\"word4\":\"Taum\",\"word5\":\"Muta\",\"response\":\"3\",\"response_action\":\"keypress(3)\",\"correctResponse\":\"3\",\"ended_on\":\"response\",\"duration\":6034.041999999987,\"time_run\":159858.59500000151,\"time_render\":159875.795,\"time_show\":159892.658,\"time_end\":165926.69999999998,\"time_commit\":165928.28499999997,\"timestamp\":\"2021-05-02T16:18:40.684Z\",\"time_switch\":165954.134},{\"sender\":\"trial_screen\",\"sender_type\":\"canvas.Screen\",\"sender_id\":\"9_16\",\"correct\":false,\"trial_ID\":17,\"word1\":\"Tuhl\",\"word2\":\"Lar\",\"word3\":\"Lest\",\"word4\":\"Dall\",\"word5\":\"Lid\",\"response\":\"3\",\"response_action\":\"keypress(3)\",\"correctResponse\":\"5\",\"ended_on\":\"response\",\"duration\":10481.71599999987,\"time_run\":165937.09000000125,\"time_render\":165937.161,\"time_show\":165954.134,\"time_end\":176435.84999999986,\"time_commit\":176437.49000000025,\"timestamp\":\"2021-05-02T16:18:51.193Z\",\"time_switch\":176462.159},{\"sender\":\"trial_screen\",\"sender_type\":\"canvas.Screen\",\"sender_id\":\"9_17\",\"correct\":false,\"trial_ID\":18,\"word1\":\"Adept\",\"word2\":\"Padet\",\"word3\":\"Edapt\",\"word4\":\"Epatt\",\"word5\":\"Taped\",\"response\":\"3\",\"response_action\":\"keypress(3)\",\"correctResponse\":\"1\",\"ended_on\":\"response\",\"duration\":10106.486000001169,\"time_run\":176446.35000000015,\"time_render\":176445.064,\"time_show\":176462.159,\"time_end\":186568.64500000118,\"time_commit\":186570.55000000037,\"timestamp\":\"2021-05-02T16:19:01.326Z\",\"time_switch\":186587.339},{\"sender\":\"trial_screen\",\"sender_type\":\"canvas.Screen\",\"sender_id\":\"9_18\",\"correct\":false,\"trial_ID\":19,\"word1\":\"Spirine\",\"word2\":\"Saprin\",\"word3\":\"Parsin\",\"word4\":\"Purin\",\"word5\":\"Asprint\",\"response\":\"5\",\"response_action\":\"keypress(5)\",\"correctResponse\":\"4\",\"ended_on\":\"response\",\"duration\":6191.501000000833,\"time_run\":186580.4250000001,\"time_render\":186570.2,\"time_show\":186587.339,\"time_end\":192778.84000000084,\"time_commit\":192780.48000000126,\"timestamp\":\"2021-05-02T16:19:07.536Z\",\"time_switch\":192798.758},{\"sender\":\"trial_screen\",\"sender_type\":\"canvas.Screen\",\"sender_id\":\"9_19\",\"correct\":false,\"trial_ID\":20,\"word1\":\"Kulon\",\"word2\":\"Solgun\",\"word3\":\"Koskan\",\"word4\":\"Soran\",\"word5\":\"Klonus\",\"response\":\"3\",\"response_action\":\"keypress(3)\",\"correctResponse\":\"5\",\"ended_on\":\"response\",\"duration\":5938.312000001053,\"time_run\":192789.46499999985,\"time_render\":192782.008,\"time_show\":192798.758,\"time_end\":198737.07000000105,\"time_commit\":198738.69000000012,\"timestamp\":\"2021-05-02T16:19:13.494Z\",\"time_switch\":198760.545},{\"sender\":\"trial_screen\",\"sender_type\":\"canvas.Screen\",\"sender_id\":\"9_20\",\"correct\":false,\"trial_ID\":21,\"word1\":\"Tronke\",\"word2\":\"Nocktherm\",\"word3\":\"Teronk\",\"word4\":\"Komtur\",\"word5\":\"Rocktur\",\"response\":\"5\",\"response_action\":\"keypress(5)\",\"correctResponse\":\"4\",\"ended_on\":\"response\",\"duration\":8653.505000001198,\"time_run\":198747.4600000005,\"time_render\":198743.815,\"time_show\":198760.545,\"time_end\":207414.0500000012,\"time_commit\":207415.74000000037,\"timestamp\":\"2021-05-02T16:19:22.172Z\",\"time_switch\":207436.948},{\"sender\":\"trial_screen\",\"sender_type\":\"canvas.Screen\",\"sender_id\":\"9_21\",\"correct\":true,\"trial_ID\":22,\"word1\":\"Ripat\",\"word2\":\"Patinatte\",\"word3\":\"Tapir\",\"word4\":\"Apitt\",\"word5\":\"Padir\",\"response\":\"3\",\"response_action\":\"keypress(3)\",\"correctResponse\":\"3\",\"ended_on\":\"response\",\"duration\":5452.042000001267,\"time_run\":207424.4800000015,\"time_render\":207419.85,\"time_show\":207436.948,\"time_end\":212888.99000000127,\"time_commit\":212890.81500000064,\"timestamp\":\"2021-05-02T16:19:27.647Z\",\"time_switch\":212915.688},{\"sender\":\"trial_screen\",\"sender_type\":\"canvas.Screen\",\"sender_id\":\"9_22\",\"correct\":false,\"trial_ID\":23,\"word1\":\"Akifer\",\"word2\":\"Fiaker\",\"word3\":\"Kiaffa\",\"word4\":\"Sariffer\",\"word5\":\"Refisker\",\"response\":\"5\",\"response_action\":\"keypress(5)\",\"correctResponse\":\"2\",\"ended_on\":\"response\",\"duration\":6060.6720000005735,\"time_run\":212900.4450000011,\"time_render\":212898.718,\"time_show\":212915.688,\"time_end\":218976.36000000057,\"time_commit\":218978.0300000002,\"timestamp\":\"2021-05-02T16:19:33.734Z\",\"time_switch\":218993.948},{\"sender\":\"trial_screen\",\"sender_type\":\"canvas.Screen\",\"sender_id\":\"9_23\",\"correct\":true,\"trial_ID\":24,\"word1\":\"Kleiber\",\"word2\":\"Beikel\",\"word3\":\"Keibel\",\"word4\":\"Reikler\",\"word5\":\"Biekerl\",\"response\":\"1\",\"response_action\":\"keypress(1)\",\"correctResponse\":\"1\",\"ended_on\":\"response\",\"duration\":8653.14700000026,\"time_run\":218986.9200000012,\"time_render\":218977.268,\"time_show\":218993.948,\"time_end\":227647.09500000026,\"time_commit\":227648.61999999994,\"timestamp\":\"2021-05-02T16:19:42.405Z\",\"time_switch\":227670.174},{\"sender\":\"trial_screen\",\"sender_type\":\"canvas.Screen\",\"sender_id\":\"9_24\",\"correct\":true,\"trial_ID\":25,\"word1\":\"Ig\u00e4de\",\"word2\":\"D\u00e4gie\",\"word3\":\"\u00c4gide\",\"word4\":\"Dig\u00e4de\",\"word5\":\"Giad\",\"response\":\"3\",\"response_action\":\"keypress(3)\",\"correctResponse\":\"3\",\"ended_on\":\"response\",\"duration\":9530.946000001539,\"time_run\":227657.3900000003,\"time_render\":227653.037,\"time_show\":227670.174,\"time_end\":237201.12000000154,\"time_commit\":237202.7100000014,\"timestamp\":\"2021-05-02T16:19:51.959Z\",\"time_switch\":237229.037},{\"sender\":\"trial_screen\",\"sender_type\":\"canvas.Screen\",\"sender_id\":\"9_25\",\"correct\":true,\"trial_ID\":26,\"word1\":\"Rixal\",\"word2\":\"Irtax\",\"word3\":\"Rackizie\",\"word4\":\"Matrix\",\"word5\":\"Atrige\",\"response\":\"4\",\"response_action\":\"keypress(4)\",\"correctResponse\":\"4\",\"ended_on\":\"response\",\"duration\":4426.48300000024,\"time_run\":237211.59000000078,\"time_render\":237212.036,\"time_show\":237229.037,\"time_end\":241655.52000000025,\"time_commit\":241657.32000000024,\"timestamp\":\"2021-05-02T16:19:56.414Z\",\"time_switch\":241675.344},{\"sender\":\"trial_screen\",\"sender_type\":\"canvas.Screen\",\"sender_id\":\"9_26\",\"correct\":true,\"trial_ID\":27,\"word1\":\"Haskisch\",\"word2\":\"Asmisch\",\"word3\":\"Schisma\",\"word4\":\"Rasthmie\",\"word5\":\"Ilschah\",\"response\":\"3\",\"response_action\":\"keypress(3)\",\"correctResponse\":\"3\",\"ended_on\":\"response\",\"duration\":11644.650999999809,\"time_run\":241667.0950000007,\"time_render\":241658.805,\"time_show\":241675.344,\"time_end\":253319.99499999982,\"time_commit\":253321.5850000015,\"timestamp\":\"2021-05-02T16:20:08.078Z\",\"time_switch\":253332.447},{\"sender\":\"trial_screen\",\"sender_type\":\"canvas.Screen\",\"sender_id\":\"9_27\",\"correct\":false,\"trial_ID\":28,\"word1\":\"Sallose\",\"word2\":\"Lordose\",\"word3\":\"Dormase\",\"word4\":\"Rollase\",\"word5\":\"Ardierole\",\"response\":\"3\",\"response_action\":\"keypress(3)\",\"correctResponse\":\"2\",\"ended_on\":\"response\",\"duration\":9045.002999999968,\"time_run\":253330.7850000001,\"time_render\":253315.139,\"time_show\":253332.447,\"time_end\":262377.44999999995,\"time_commit\":262379.0550000012,\"timestamp\":\"2021-05-02T16:20:17.136Z\",\"time_switch\":262391.688},{\"sender\":\"trial_screen\",\"sender_type\":\"canvas.Screen\",\"sender_id\":\"9_28\",\"correct\":false,\"trial_ID\":29,\"word1\":\"Intranotion\",\"word2\":\"Infranatura\",\"word3\":\"Internodium\",\"word4\":\"Indotalie\",\"word5\":\"Indosta\",\"response\":\"5\",\"response_action\":\"keypress(5)\",\"correctResponse\":\"3\",\"ended_on\":\"response\",\"duration\":7439.992000001133,\"time_run\":262387.78000000096,\"time_render\":262374.768,\"time_show\":262391.688,\"time_end\":269831.68000000116,\"time_commit\":269833.40000000136,\"timestamp\":\"2021-05-02T16:20:24.590Z\",\"time_switch\":269852.239},{\"sender\":\"trial_screen\",\"sender_type\":\"canvas.Screen\",\"sender_id\":\"9_29\",\"correct\":false,\"trial_ID\":30,\"word1\":\"Idaste\",\"word2\":\"Dastrix\",\"word3\":\"Astike\",\"word4\":\"Sadile\",\"word5\":\"Kasside\",\"response\":\"4\",\"response_action\":\"keypress(4)\",\"correctResponse\":\"5\",\"ended_on\":\"response\",\"duration\":9838.886000001163,\"time_run\":269842.6100000015,\"time_render\":269835.427,\"time_show\":269852.239,\"time_end\":279691.12500000116,\"time_commit\":279692.88500000036,\"timestamp\":\"2021-05-02T16:20:34.449Z\",\"time_switch\":279710.896},{\"sender\":\"trial_screen\",\"sender_type\":\"canvas.Screen\",\"sender_id\":\"9_30\",\"correct\":true,\"trial_ID\":31,\"word1\":\"Libration\",\"word2\":\"Bilation\",\"word3\":\"Arlation\",\"word4\":\"Iberation\",\"word5\":\"Tiradon\",\"response\":\"1\",\"response_action\":\"keypress(1)\",\"correctResponse\":\"1\",\"ended_on\":\"response\",\"duration\":6337.849000000046,\"time_run\":279702.47500000003,\"time_render\":279693.562,\"time_show\":279710.896,\"time_end\":286048.74500000005,\"time_commit\":286050.20500000136,\"timestamp\":\"2021-05-02T16:20:40.807Z\",\"time_switch\":286072.502},{\"sender\":\"trial_screen\",\"sender_type\":\"canvas.Screen\",\"sender_id\":\"9_31\",\"correct\":false,\"trial_ID\":32,\"word1\":\"Pucker\",\"word2\":\"Keuper\",\"word3\":\"Eucker\",\"word4\":\"Reuspeck\",\"word5\":\"Urkane\",\"response\":\"5\",\"response_action\":\"keypress(5)\",\"correctResponse\":\"2\",\"ended_on\":\"response\",\"duration\":4305.8129999999655,\"time_run\":286058.91500000143,\"time_render\":286055.529,\"time_show\":286072.502,\"time_end\":290378.31499999994,\"time_commit\":290380.01500000065,\"timestamp\":\"2021-05-02T16:20:45.136Z\",\"time_switch\":290402.107},{\"sender\":\"trial_screen\",\"sender_type\":\"canvas.Screen\",\"sender_id\":\"9_32\",\"correct\":true,\"trial_ID\":33,\"word1\":\"Sickaber\",\"word2\":\"Bassiker\",\"word3\":\"Kassiber\",\"word4\":\"Sassiker\",\"word5\":\"Askiber\",\"response\":\"3\",\"response_action\":\"keypress(3)\",\"correctResponse\":\"3\",\"ended_on\":\"response\",\"duration\":8652.363000000943,\"time_run\":290388.8050000005,\"time_render\":290385.429,\"time_show\":290402.107,\"time_end\":299054.47000000096,\"time_commit\":299056.0400000013,\"timestamp\":\"2021-05-02T16:20:53.812Z\",\"time_switch\":299078.252},{\"sender\":\"trial_screen\",\"sender_type\":\"canvas.Screen\",\"sender_id\":\"9_33\",\"correct\":false,\"trial_ID\":34,\"word1\":\"Alquallon\",\"word2\":\"Lisqualien\",\"word3\":\"Talquallen\",\"word4\":\"Quisquilien\",\"word5\":\"Rielquellen\",\"response\":\"5\",\"response_action\":\"keypress(5)\",\"correctResponse\":\"4\",\"ended_on\":\"response\",\"duration\":9224.23800000007,\"time_run\":299064.8799999999,\"time_render\":299061.379,\"time_show\":299078.252,\"time_end\":308302.49000000005,\"time_commit\":308304.27500000043,\"timestamp\":\"2021-05-02T16:21:03.061Z\",\"time_switch\":308320.71},{\"sender\":\"trial_screen\",\"sender_type\":\"canvas.Screen\",\"sender_id\":\"9_34\",\"correct\":false,\"trial_ID\":35,\"word1\":\"Berkiza\",\"word2\":\"Brekzie\",\"word3\":\"Birakzie\",\"word4\":\"Brikazie\",\"word5\":\"Bakiria\",\"response\":\"4\",\"response_action\":\"keypress(4)\",\"correctResponse\":\"2\",\"ended_on\":\"response\",\"duration\":5156.980000001495,\"time_run\":308314.2800000005,\"time_render\":308303.837,\"time_show\":308320.71,\"time_end\":313477.6900000015,\"time_commit\":313479.3550000013,\"timestamp\":\"2021-05-02T16:21:08.236Z\",\"time_switch\":313499.773},{\"sender\":\"loop_trial\",\"sender_type\":\"flow.Loop\",\"sender_id\":\"9\",\"ended_on\":\"completion\",\"duration\":240247.61800000153,\"time_run\":73223.92500000024,\"time_render\":73212.708,\"time_show\":73230.072,\"time_end\":313477.6900000015,\"time_commit\":313486.26500000135,\"timestamp\":\"2021-05-02T16:21:08.243Z\",\"time_switch\":313499.773},{\"sender\":\"end_html\",\"sender_type\":\"html.Screen\",\"sender_id\":\"10\",\"ended_on\":\"timeout\",\"duration\":5995.30700000003,\"time_run\":313486.79000000085,\"time_render\":313483.118,\"time_show\":313499.773,\"time_end\":319478.504,\"time_commit\":319485.7700000011,\"timestamp\":\"2021-05-02T16:21:14.242Z\",\"time_switch\":319495.08},{\"sender\":\"root\",\"sender_type\":\"flow.Sequence\",\"sender_id\":null,\"ended_on\":\"completion\",\"duration\":318539.164,\"time_run\":930.3450000006706,\"time_render\":906.05,\"time_show\":939.34,\"time_end\":319478.504,\"time_commit\":319487.2200000009,\"timestamp\":\"2021-05-02T16:21:14.244Z\",\"time_switch\":319495.08}]",
    "metadata": "{\"slice\":0,\"id\":\"bf94536d-17b5-4235-ba67-0a4bdf7b1113\",\"payload\":\"full\"}",
    "url": "https://exp01.zih.tu-dresden.de/experiments/spot_a_word_task/"
}