{
    "data": "[{\"url\":{},\"meta\":{\"labjs_version\":\"20.1.1\",\"labjs_build\":{\"flavor\":\"production\",\"commit\":\"cd5695f774968f50499757c1423bd95d033ea08e\"},\"location\":\"https://exp02.zih.tu-dresden.de/experiments/raven_task/\",\"userAgent\":\"Mozilla/5.0 (Windows NT 10.0; Win64; x64) AppleWebKit/537.36 (KHTML, like Gecko) Chrome/91.0.4472.124 Safari/537.36 Edg/91.0.864.67\",\"platform\":\"Win32\",\"language\":\"de\",\"locale\":\"de\",\"timeZone\":\"Europe/Berlin\",\"timezoneOffset\":-120,\"screen_width\":1920,\"screen_height\":1080,\"scroll_width\":1920,\"scroll_height\":921,\"window_innerWidth\":1920,\"window_innerHeight\":969,\"devicePixelRatio\":1},\"sender\":\"welcome\",\"sender_type\":\"canvas.Screen\",\"sender_id\":\"0\",\"response\":\"any\",\"response_action\":\"keypress\",\"ended_on\":\"response\",\"duration\":5029.832999991059,\"time_run\":3233.2999999970198,\"time_render\":3178.047,\"time_show\":3228.067,\"time_end\":8257.89999999106,\"time_commit\":8260,\"timestamp\":\"2021-07-12T17:53:10.178Z\",\"time_switch\":8261.403},{\"sender\":\"instructions\",\"sender_type\":\"html.Page\",\"sender_id\":\"1\",\"response\":\"Space\",\"response_action\":\"keypress(Space)\",\"ended_on\":\"response\",\"duration\":29228.99699999106,\"time_run\":8260.09999999404,\"time_render\":8244.702,\"time_show\":8261.403,\"time_end\":37490.39999999106,\"time_commit\":37491.79999999702,\"timestamp\":\"2021-07-12T17:53:39.410Z\",\"time_switch\":37511.376},{\"sender\":\"example1\",\"sender_type\":\"canvas.Screen\",\"sender_id\":\"2\",\"response\":\"8\",\"response_action\":\"click(0) @8\",\"correctResponse\":\"8\",\"correct\":true,\"ended_on\":\"response\",\"duration\":6408.824000002984,\"time_run\":37492.09999999404,\"time_render\":37476.859,\"time_show\":37511.376,\"time_end\":43920.20000000298,\"time_commit\":43921.59999999404,\"timestamp\":\"2021-07-12T17:53:45.840Z\",\"time_switch\":43978.162},{\"sender\":\"example1_feedback\",\"sender_type\":\"canvas.Screen\",\"sender_id\":\"3\",\"response\":\"space\",\"response_action\":\"keypress(Space)\",\"ended_on\":\"response\",\"duration\":3352.137999997023,\"time_run\":43962.79999999702,\"time_render\":43961.478,\"time_show\":43978.162,\"time_end\":47330.29999999702,\"time_commit\":47330.79999999702,\"timestamp\":\"2021-07-12T17:53:49.249Z\",\"time_switch\":47344.781},{\"sender\":\"example2\",\"sender_type\":\"canvas.Screen\",\"sender_id\":\"4\",\"response\":\"5\",\"response_action\":\"click(0) @5\",\"correctResponse\":\"4\",\"correct\":false,\"ended_on\":\"response\",\"duration\":4249.518999997017,\"time_run\":47330.89999999106,\"time_render\":47328.247,\"time_show\":47344.781,\"time_end\":51594.29999999702,\"time_commit\":51594.89999999106,\"timestamp\":\"2021-07-12T17:53:53.513Z\",\"time_switch\":51644.87},{\"sender\":\"example2_feedback\",\"sender_type\":\"canvas.Screen\",\"sender_id\":\"5\",\"response\":\"space\",\"response_action\":\"keypress(Space)\",\"ended_on\":\"response\",\"duration\":10869.729999994037,\"time_run\":51633.89999999106,\"time_render\":51628.223,\"time_show\":51644.87,\"time_end\":62514.59999999404,\"time_commit\":62515,\"timestamp\":\"2021-07-12T17:54:04.434Z\",\"time_switch\":62528.115},{\"sender\":\"get ready\",\"sender_type\":\"canvas.Screen\",\"sender_id\":\"6\",\"response\":\"Space\",\"response_action\":\"keypress(Space)\",\"ended_on\":\"response\",\"duration\":4498.284999991061,\"time_run\":62515.09999999404,\"time_render\":62511.482,\"time_show\":62528.115,\"time_end\":67026.39999999106,\"time_commit\":67026.89999999106,\"timestamp\":\"2021-07-12T17:54:08.946Z\",\"time_switch\":67056.858},{\"sender\":\"test01\",\"sender_type\":\"canvas.Screen\",\"sender_id\":\"7_0\",\"response\":\"6\",\"response_action\":\"click(0) @6\",\"correctResponse\":\"7\",\"correct\":false,\"ended_on\":\"response\",\"duration\":16399.642000000007,\"time_run\":67027,\"time_render\":67011.586,\"time_show\":67056.858,\"time_end\":83456.5,\"time_commit\":83457,\"timestamp\":\"2021-07-12T17:54:25.376Z\",\"time_switch\":83461.538},{\"sender\":\"test02\",\"sender_type\":\"canvas.Screen\",\"sender_id\":\"7_1\",\"response\":\"4\",\"response_action\":\"click(0) @4\",\"correctResponse\":\"4\",\"correct\":true,\"ended_on\":\"response\",\"duration\":8621.061999994039,\"time_run\":83457.09999999404,\"time_render\":83444.964,\"time_show\":83461.538,\"time_end\":92082.59999999404,\"time_commit\":92083.09999999404,\"timestamp\":\"2021-07-12T17:54:34.002Z\",\"time_switch\":92094.941},{\"sender\":\"test03\",\"sender_type\":\"canvas.Screen\",\"sender_id\":\"7_2\",\"response\":\"6\",\"response_action\":\"click(0) @6\",\"correctResponse\":\"6\",\"correct\":true,\"ended_on\":\"response\",\"duration\":12221.658999994033,\"time_run\":92083.20000000298,\"time_render\":92078.269,\"time_show\":92094.941,\"time_end\":104316.59999999404,\"time_commit\":104317.09999999404,\"timestamp\":\"2021-07-12T17:54:46.236Z\",\"time_switch\":104328.342},{\"sender\":\"test04\",\"sender_type\":\"canvas.Screen\",\"sender_id\":\"7_3\",\"response\":\"3\",\"response_action\":\"click(0) @3\",\"correctResponse\":\"2\",\"correct\":false,\"ended_on\":\"response\",\"duration\":9988.358000002976,\"time_run\":104317.20000000298,\"time_render\":104311.666,\"time_show\":104328.342,\"time_end\":114316.70000000298,\"time_commit\":114317.20000000298,\"timestamp\":\"2021-07-12T17:54:56.236Z\",\"time_switch\":114344.977},{\"sender\":\"test05\",\"sender_type\":\"canvas.Screen\",\"sender_id\":\"7_4\",\"response\":\"6\",\"response_action\":\"click(0) @6\",\"correctResponse\":\"4\",\"correct\":false,\"ended_on\":\"response\",\"duration\":17705.82299999702,\"time_run\":114317.29999999702,\"time_render\":114328.292,\"time_show\":114344.977,\"time_end\":132050.79999999702,\"time_commit\":132051.39999999106,\"timestamp\":\"2021-07-12T17:55:13.970Z\",\"time_switch\":132061.676},{\"sender\":\"test06\",\"sender_type\":\"canvas.Screen\",\"sender_id\":\"7_5\",\"response\":\"2\",\"response_action\":\"click(0) @2\",\"correctResponse\":\"7\",\"correct\":false,\"ended_on\":\"response\",\"duration\":10085.223999991053,\"time_run\":132051.59999999404,\"time_render\":132044.891,\"time_show\":132061.676,\"time_end\":142146.89999999106,\"time_commit\":142147.39999999106,\"timestamp\":\"2021-07-12T17:55:24.066Z\",\"time_switch\":142161.547},{\"sender\":\"test07\",\"sender_type\":\"canvas.Screen\",\"sender_id\":\"7_6\",\"response\":\"1\",\"response_action\":\"click(0) @1\",\"correctResponse\":\"8\",\"correct\":false,\"ended_on\":\"response\",\"duration\":13079.453000000009,\"time_run\":142147.5,\"time_render\":142144.879,\"time_show\":142161.547,\"time_end\":155241,\"time_commit\":155241.5,\"timestamp\":\"2021-07-12T17:55:37.160Z\",\"time_switch\":155244.886},{\"sender\":\"test08\",\"sender_type\":\"canvas.Screen\",\"sender_id\":\"7_7\",\"response\":\"8\",\"response_action\":\"click(0) @8\",\"correctResponse\":\"7\",\"correct\":false,\"ended_on\":\"response\",\"duration\":32698.31400000298,\"time_run\":155241.70000000298,\"time_render\":155228.203,\"time_show\":155244.886,\"time_end\":187943.20000000298,\"time_commit\":187943.79999999702,\"timestamp\":\"2021-07-12T17:56:09.863Z\",\"time_switch\":187971.13},{\"sender\":\"test09\",\"sender_type\":\"canvas.Screen\",\"sender_id\":\"7_8\",\"response\":\"2\",\"response_action\":\"click(0) @2\",\"correctResponse\":\"5\",\"correct\":false,\"ended_on\":\"response\",\"duration\":17898.269999991055,\"time_run\":187943.89999999106,\"time_render\":187928.405,\"time_show\":187971.13,\"time_end\":205869.39999999106,\"time_commit\":205869.89999999106,\"timestamp\":\"2021-07-12T17:56:27.789Z\",\"time_switch\":205878.304},{\"sender\":\"test10\",\"sender_type\":\"canvas.Screen\",\"sender_id\":\"7_9\",\"response\":\"1\",\"response_action\":\"click(0) @1\",\"correctResponse\":\"5\",\"correct\":false,\"ended_on\":\"response\",\"duration\":41319.39600000298,\"time_run\":205869.89999999106,\"time_render\":205861.74,\"time_show\":205878.304,\"time_end\":247197.70000000298,\"time_commit\":247198.20000000298,\"timestamp\":\"2021-07-12T17:57:09.117Z\",\"time_switch\":247211.709},{\"sender\":\"test11\",\"sender_type\":\"canvas.Screen\",\"sender_id\":\"7_10\",\"response\":\"3\",\"response_action\":\"click(0) @3\",\"correctResponse\":\"4\",\"correct\":false,\"ended_on\":\"response\",\"duration\":55698.49100000298,\"time_run\":247198.20000000298,\"time_render\":247195.125,\"time_show\":247211.709,\"time_end\":302910.200000003,\"time_commit\":302910.700000003,\"timestamp\":\"2021-07-12T17:58:04.829Z\",\"time_switch\":302930.533},{\"sender\":\"test12\",\"sender_type\":\"canvas.Screen\",\"sender_id\":\"7_11\",\"response\":\"3\",\"response_action\":\"click(0) @3\",\"correctResponse\":\"1\",\"correct\":false,\"ended_on\":\"response\",\"duration\":13183.667000002984,\"time_run\":302910.799999997,\"time_render\":302895.078,\"time_show\":302930.533,\"time_end\":316114.200000003,\"time_commit\":316114.799999997,\"timestamp\":\"2021-07-12T17:58:18.034Z\",\"time_switch\":316128.514},{\"sender\":\"tests (15min)\",\"sender_type\":\"flow.Sequence\",\"sender_id\":\"7\",\"ended_on\":\"completion\",\"duration\":249057.34200000297,\"time_run\":67026.89999999106,\"time_render\":67011.586,\"time_show\":67056.858,\"time_end\":316114.200000003,\"time_commit\":316115.89999999106,\"timestamp\":\"2021-07-12T17:58:18.035Z\",\"time_switch\":316128.514},{\"sender\":\"good bye\",\"sender_type\":\"canvas.Screen\",\"sender_id\":\"8\",\"ended_on\":\"timeout\",\"duration\":4000.009999999951,\"time_run\":316116,\"time_render\":316111.831,\"time_show\":316128.514,\"time_end\":320111.854,\"time_commit\":320112.299999997,\"timestamp\":\"2021-07-12T17:58:22.031Z\",\"time_switch\":320128.524},{\"sender\":\"root\",\"sender_type\":\"flow.Sequence\",\"sender_id\":null,\"ended_on\":\"completion\",\"duration\":316883.787,\"time_run\":3233.2999999970198,\"time_render\":3178.047,\"time_show\":3228.067,\"time_end\":320111.854,\"time_commit\":320112.5,\"timestamp\":\"2021-07-12T17:58:22.031Z\",\"time_switch\":320128.524}]",
    "metadata": "{\"slice\":0,\"id\":\"a0205462-440b-44a3-9c71-cfc4b114d6a4\",\"payload\":\"full\"}",
    "url": "https://exp02.zih.tu-dresden.de/experiments/raven_task/"
}