{
    "data": "[{\"url\":{},\"meta\":{\"labjs_version\":\"20.1.1\",\"labjs_build\":{\"flavor\":\"production\",\"commit\":\"cd5695f774968f50499757c1423bd95d033ea08e\"},\"location\":\"https://exp02.zih.tu-dresden.de/experiments/spot_a_word_task/\",\"userAgent\":\"Mozilla/5.0 (Windows NT 10.0; Win64; x64) AppleWebKit/537.36 (KHTML, like Gecko) Chrome/91.0.4472.124 Safari/537.36 Edg/91.0.864.67\",\"platform\":\"Win32\",\"language\":\"de\",\"locale\":\"de\",\"timeZone\":\"Europe/Berlin\",\"timezoneOffset\":-120,\"screen_width\":1920,\"screen_height\":1080,\"scroll_width\":1920,\"scroll_height\":921,\"window_innerWidth\":1920,\"window_innerHeight\":969,\"devicePixelRatio\":1},\"sender\":\"start_html\",\"sender_type\":\"html.Screen\",\"sender_id\":\"0\",\"ended_on\":\"timeout\",\"duration\":6000.139999999999,\"time_run\":613.7999999970198,\"time_render\":605.968,\"time_show\":622.608,\"time_end\":6606.106,\"time_commit\":6607.5999999940395,\"timestamp\":\"2021-07-12T17:41:55.673Z\",\"time_switch\":6622.748},{\"sender\":\"manual_html\",\"sender_type\":\"html.Screen\",\"sender_id\":\"1\",\"response\":\"space\",\"response_action\":\"keypress(Space)\",\"ended_on\":\"response\",\"duration\":46773.05199999702,\"time_run\":6607.79999999702,\"time_render\":6606.106,\"time_show\":6622.748,\"time_end\":53395.79999999702,\"time_commit\":53397.79999999702,\"timestamp\":\"2021-07-12T17:42:42.463Z\",\"time_switch\":53406.038},{\"sender\":\"example1_screen\",\"sender_type\":\"canvas.Screen\",\"sender_id\":\"2\",\"response\":\"4\",\"response_action\":\"keypress(4)\",\"correctResponse\":\"4\",\"correct\":true,\"ended_on\":\"response\",\"duration\":4469.761999997019,\"time_run\":53399.89999999106,\"time_render\":53387.569,\"time_show\":53406.038,\"time_end\":57875.79999999702,\"time_commit\":57877.09999999404,\"timestamp\":\"2021-07-12T17:42:46.942Z\",\"time_switch\":57889.424},{\"sender\":\"example1_feedback\",\"sender_type\":\"canvas.Screen\",\"sender_id\":\"3\",\"response\":\"Space\",\"response_action\":\"keypress(Space)\",\"ended_on\":\"response\",\"duration\":4866.276000002981,\"time_run\":57878.20000000298,\"time_render\":57872.672,\"time_show\":57889.424,\"time_end\":62755.70000000298,\"time_commit\":62756.29999999702,\"timestamp\":\"2021-07-12T17:42:51.822Z\",\"time_switch\":62772.862},{\"sender\":\"example2_screen\",\"sender_type\":\"canvas.Screen\",\"sender_id\":\"4\",\"response\":\"5\",\"response_action\":\"keypress(5)\",\"correctResponse\":\"5\",\"correct\":true,\"ended_on\":\"response\",\"duration\":1886.9379999970188,\"time_run\":62757.59999999404,\"time_render\":62755.96,\"time_show\":62772.862,\"time_end\":64659.79999999702,\"time_commit\":64660.29999999702,\"timestamp\":\"2021-07-12T17:42:53.726Z\",\"time_switch\":64672.72},{\"sender\":\"example2_feedback\",\"sender_type\":\"canvas.Screen\",\"sender_id\":\"5\",\"response\":\"Space\",\"response_action\":\"keypress(Space)\",\"ended_on\":\"response\",\"duration\":2770.980000002979,\"time_run\":64661.70000000298,\"time_render\":64656.1,\"time_show\":64672.72,\"time_end\":67443.70000000298,\"time_commit\":67444.29999999702,\"timestamp\":\"2021-07-12T17:42:55.084Z\",\"time_switch\":67456.236},{\"sender\":\"example3_screen\",\"sender_type\":\"canvas.Screen\",\"sender_id\":\"6\",\"response\":\"1\",\"response_action\":\"keypress(1)\",\"correctResponse\":\"1\",\"correct\":true,\"ended_on\":\"response\",\"duration\":2131.464000002976,\"time_run\":67445.5,\"time_render\":67439.397,\"time_show\":67456.236,\"time_end\":69587.70000000298,\"time_commit\":69588.29999999702,\"timestamp\":\"2021-07-12T17:42:57.228Z\",\"time_switch\":69606.004},{\"sender\":\"example3_feedback\",\"sender_type\":\"canvas.Screen\",\"sender_id\":\"7\",\"response\":\"Space\",\"response_action\":\"keypress(Space)\",\"ended_on\":\"response\",\"duration\":4285.696000002979,\"time_run\":69589.29999999702,\"time_render\":69589.465,\"time_show\":69606.004,\"time_end\":73891.70000000298,\"time_commit\":73892.20000000298,\"timestamp\":\"2021-07-12T17:43:01.532Z\",\"time_switch\":73906.158},{\"sender\":\"get_ready_html\",\"sender_type\":\"html.Screen\",\"sender_id\":\"8\",\"response\":\"space\",\"response_action\":\"keypress(Space)\",\"ended_on\":\"response\",\"duration\":6033.941999994044,\"time_run\":73892.39999999106,\"time_render\":73889.33,\"time_show\":73906.158,\"time_end\":79940.09999999404,\"time_commit\":79940.5,\"timestamp\":\"2021-07-12T17:43:07.581Z\",\"time_switch\":79972.813},{\"sender\":\"trial_screen\",\"sender_type\":\"canvas.Screen\",\"sender_id\":\"9_0\",\"correct\":true,\"trial_ID\":1,\"word1\":\"siziol\",\"word2\":\"salzahl\",\"word3\":\"sozihl\",\"word4\":\"sziam\",\"word5\":\"sozial\",\"response\":\"5\",\"response_action\":\"keypress(5)\",\"correctResponse\":\"5\",\"ended_on\":\"response\",\"duration\":3006.986999997025,\"time_run\":79963.29999999702,\"time_render\":79955.926,\"time_show\":79972.813,\"time_end\":82979.79999999702,\"time_commit\":82980.5,\"timestamp\":\"2021-07-12T17:43:10.621Z\",\"time_switch\":82989.37},{\"sender\":\"trial_screen\",\"sender_type\":\"canvas.Screen\",\"sender_id\":\"9_1\",\"correct\":true,\"trial_ID\":2,\"word1\":\"Lamone\",\"word2\":\"Talane\",\"word3\":\"Matrone\",\"word4\":\"Tarone\",\"word5\":\"Malonte\",\"response\":\"3\",\"response_action\":\"keypress(3)\",\"correctResponse\":\"3\",\"ended_on\":\"response\",\"duration\":9830.729999994044,\"time_run\":82981.89999999106,\"time_render\":82972.582,\"time_show\":82989.37,\"time_end\":92820.09999999404,\"time_commit\":92820.59999999404,\"timestamp\":\"2021-07-12T17:43:20.461Z\",\"time_switch\":92839.526},{\"sender\":\"trial_screen\",\"sender_type\":\"canvas.Screen\",\"sender_id\":\"9_2\",\"correct\":true,\"trial_ID\":3,\"word1\":\"kurinesisch\",\"word2\":\"kulinarisch\",\"word3\":\"kumenisch\",\"word4\":\"kulissarisch\",\"word5\":\"kannastrisch\",\"response\":\"2\",\"response_action\":\"keypress(2)\",\"correctResponse\":\"2\",\"ended_on\":\"response\",\"duration\":4684.474000000002,\"time_run\":92822.5,\"time_render\":92822.494,\"time_show\":92839.526,\"time_end\":97524,\"time_commit\":97524.59999999404,\"timestamp\":\"2021-07-12T17:43:25.165Z\",\"time_switch\":97539.536},{\"sender\":\"trial_screen\",\"sender_type\":\"canvas.Screen\",\"sender_id\":\"9_3\",\"correct\":true,\"trial_ID\":4,\"word1\":\"Tinxur\",\"word2\":\"Kukutur\",\"word3\":\"Fraktan\",\"word4\":\"Tinktur\",\"word5\":\"Rimsuhr\",\"response\":\"4\",\"response_action\":\"keypress(4)\",\"correctResponse\":\"4\",\"ended_on\":\"response\",\"duration\":4864.464000000007,\"time_run\":97525.79999999702,\"time_render\":97522.726,\"time_show\":97539.536,\"time_end\":102404,\"time_commit\":102404.5,\"timestamp\":\"2021-07-12T17:43:30.045Z\",\"time_switch\":102429.891},{\"sender\":\"trial_screen\",\"sender_type\":\"canvas.Screen\",\"sender_id\":\"9_4\",\"correct\":false,\"trial_ID\":5,\"word1\":\"beralen\",\"word2\":\"ger\u00e4ltet\",\"word3\":\"an\u00e4lteren\",\"word4\":\"unt\u00e4ren\",\"word5\":\"verbr\u00e4men\",\"response\":\"4\",\"response_action\":\"keypress(4)\",\"correctResponse\":\"5\",\"ended_on\":\"response\",\"duration\":10534.408999997017,\"time_run\":102405.5,\"time_render\":102389.366,\"time_show\":102429.891,\"time_end\":112964.29999999702,\"time_commit\":112964.79999999702,\"timestamp\":\"2021-07-12T17:43:40.605Z\",\"time_switch\":112972.747},{\"sender\":\"trial_screen\",\"sender_type\":\"canvas.Screen\",\"sender_id\":\"9_5\",\"correct\":true,\"trial_ID\":6,\"word1\":\"Rosto\",\"word2\":\"Torso\",\"word3\":\"Soro\",\"word4\":\"Torgos\",\"word5\":\"Tosor\",\"response\":\"2\",\"response_action\":\"keypress(2)\",\"correctResponse\":\"2\",\"ended_on\":\"response\",\"duration\":2103.3529999940365,\"time_run\":112965.89999999106,\"time_render\":112955.839,\"time_show\":112972.747,\"time_end\":115076.09999999404,\"time_commit\":115076.70000000298,\"timestamp\":\"2021-07-12T17:43:42.717Z\",\"time_switch\":115089.592},{\"sender\":\"trial_screen\",\"sender_type\":\"canvas.Screen\",\"sender_id\":\"9_6\",\"correct\":true,\"trial_ID\":7,\"word1\":\"Redor\",\"word2\":\"Radium\",\"word3\":\"Terion\",\"word4\":\"Dramin\",\"word5\":\"Orakium\",\"response\":\"2\",\"response_action\":\"keypress(2)\",\"correctResponse\":\"2\",\"ended_on\":\"response\",\"duration\":2546.608000002976,\"time_run\":115078.39999999106,\"time_render\":115072.816,\"time_show\":115089.592,\"time_end\":117636.20000000298,\"time_commit\":117636.59999999404,\"timestamp\":\"2021-07-12T17:43:45.277Z\",\"time_switch\":117639.391},{\"sender\":\"trial_screen\",\"sender_type\":\"canvas.Screen\",\"sender_id\":\"9_7\",\"correct\":false,\"trial_ID\":8,\"word1\":\"Nale\",\"word2\":\"Sahe\",\"word3\":\"Nase\",\"word4\":\"Nesa\",\"word5\":\"Sehna\",\"response\":\"2\",\"response_action\":\"keypress(2)\",\"correctResponse\":\"3\",\"ended_on\":\"response\",\"duration\":2796.809000002977,\"time_run\":117637.89999999106,\"time_render\":117622.787,\"time_show\":117639.391,\"time_end\":120436.20000000298,\"time_commit\":120436.79999999702,\"timestamp\":\"2021-07-12T17:43:48.077Z\",\"time_switch\":120439.414},{\"sender\":\"trial_screen\",\"sender_type\":\"canvas.Screen\",\"sender_id\":\"9_8\",\"correct\":false,\"trial_ID\":9,\"word1\":\"Rilkiase\",\"word2\":\"Kilister\",\"word3\":\"Riliker\",\"word4\":\"Klistier\",\"word5\":\"Linkure\",\"response\":\"2\",\"response_action\":\"keypress(2)\",\"correctResponse\":\"4\",\"ended_on\":\"response\",\"duration\":15517.085999999996,\"time_run\":120437.79999999702,\"time_render\":120422.813,\"time_show\":120439.414,\"time_end\":135956.5,\"time_commit\":135957.09999999404,\"timestamp\":\"2021-07-12T17:44:03.597Z\",\"time_switch\":135972.821},{\"sender\":\"trial_screen\",\"sender_type\":\"canvas.Screen\",\"sender_id\":\"9_9\",\"correct\":true,\"trial_ID\":10,\"word1\":\"kentern\",\"word2\":\"knerte\",\"word3\":\"kanzen\",\"word4\":\"kretern\",\"word5\":\"trekern\",\"response\":\"1\",\"response_action\":\"keypress(1)\",\"correctResponse\":\"1\",\"ended_on\":\"response\",\"duration\":2847.4789999970235,\"time_run\":135958.09999999404,\"time_render\":135955.622,\"time_show\":135972.821,\"time_end\":138820.29999999702,\"time_commit\":138820.89999999106,\"timestamp\":\"2021-07-12T17:44:06.461Z\",\"time_switch\":138843.784},{\"sender\":\"trial_screen\",\"sender_type\":\"canvas.Screen\",\"sender_id\":\"9_10\",\"correct\":true,\"trial_ID\":11,\"word1\":\"Sorekin\",\"word2\":\"Sarowin\",\"word3\":\"Rosakin\",\"word4\":\"Narosin\",\"word5\":\"Kerosin\",\"response\":\"5\",\"response_action\":\"keypress(5)\",\"correctResponse\":\"5\",\"ended_on\":\"response\",\"duration\":8296.715999999986,\"time_run\":138822,\"time_render\":138805.996,\"time_show\":138843.784,\"time_end\":147140.5,\"time_commit\":147141.09999999404,\"timestamp\":\"2021-07-12T17:44:14.781Z\",\"time_switch\":147156.316},{\"sender\":\"trial_screen\",\"sender_type\":\"canvas.Screen\",\"sender_id\":\"9_11\",\"correct\":false,\"trial_ID\":12,\"word1\":\"Ralke\",\"word2\":\"Korre\",\"word3\":\"Ruckse\",\"word4\":\"Recke\",\"word5\":\"Ulte\",\"response\":\"2\",\"response_action\":\"keypress(2)\",\"correctResponse\":\"4\",\"ended_on\":\"response\",\"duration\":9392.083999991068,\"time_run\":147142,\"time_render\":147139.279,\"time_show\":147156.316,\"time_end\":156548.39999999106,\"time_commit\":156548.79999999702,\"timestamp\":\"2021-07-12T17:44:24.189Z\",\"time_switch\":156556.299},{\"sender\":\"trial_screen\",\"sender_type\":\"canvas.Screen\",\"sender_id\":\"9_12\",\"correct\":false,\"trial_ID\":13,\"word1\":\"Kapaun\",\"word2\":\"Paukan\",\"word3\":\"Naupack\",\"word4\":\"Aupeck\",\"word5\":\"Ankepran\",\"response\":\"5\",\"response_action\":\"keypress(5)\",\"correctResponse\":\"1\",\"ended_on\":\"response\",\"duration\":8648.401000002981,\"time_run\":156549.89999999106,\"time_render\":156539.209,\"time_show\":156556.299,\"time_end\":165204.70000000298,\"time_commit\":165205.09999999404,\"timestamp\":\"2021-07-12T17:44:32.845Z\",\"time_switch\":165222.938},{\"sender\":\"trial_screen\",\"sender_type\":\"canvas.Screen\",\"sender_id\":\"9_13\",\"correct\":true,\"trial_ID\":14,\"word1\":\"Dissonanz\",\"word2\":\"Diskrisanz\",\"word3\":\"Distranz\",\"word4\":\"Dinotanz\",\"word5\":\"Sidonenz\",\"response\":\"1\",\"response_action\":\"keypress(1)\",\"correctResponse\":\"1\",\"ended_on\":\"response\",\"duration\":14637.861999997025,\"time_run\":165206.70000000298,\"time_render\":165205.948,\"time_show\":165222.938,\"time_end\":179860.79999999702,\"time_commit\":179861.29999999702,\"timestamp\":\"2021-07-12T17:44:47.501Z\",\"time_switch\":179872.965},{\"sender\":\"trial_screen\",\"sender_type\":\"canvas.Screen\",\"sender_id\":\"9_14\",\"correct\":true,\"trial_ID\":15,\"word1\":\"Kirse\",\"word2\":\"Sirke\",\"word3\":\"Krise\",\"word4\":\"Krospe\",\"word5\":\"Seris\",\"response\":\"3\",\"response_action\":\"keypress(3)\",\"correctResponse\":\"3\",\"ended_on\":\"response\",\"duration\":7331.634999994043,\"time_run\":179862.39999999106,\"time_render\":179855.56,\"time_show\":179872.965,\"time_end\":187204.59999999404,\"time_commit\":187205,\"timestamp\":\"2021-07-12T17:44:54.845Z\",\"time_switch\":187222.932},{\"sender\":\"trial_screen\",\"sender_type\":\"canvas.Screen\",\"sender_id\":\"9_15\",\"correct\":true,\"trial_ID\":16,\"word1\":\"Tume\",\"word2\":\"Umat\",\"word3\":\"Maut\",\"word4\":\"Taum\",\"word5\":\"Muta\",\"response\":\"3\",\"response_action\":\"keypress(3)\",\"correctResponse\":\"3\",\"ended_on\":\"response\",\"duration\":3101.867999997019,\"time_run\":187206,\"time_render\":187205.963,\"time_show\":187222.932,\"time_end\":190324.79999999702,\"time_commit\":190325.09999999404,\"timestamp\":\"2021-07-12T17:44:57.965Z\",\"time_switch\":190339.584},{\"sender\":\"trial_screen\",\"sender_type\":\"canvas.Screen\",\"sender_id\":\"9_16\",\"correct\":true,\"trial_ID\":17,\"word1\":\"Tuhl\",\"word2\":\"Lar\",\"word3\":\"Lest\",\"word4\":\"Dall\",\"word5\":\"Lid\",\"response\":\"5\",\"response_action\":\"keypress(5)\",\"correctResponse\":\"5\",\"ended_on\":\"response\",\"duration\":5713.215999997017,\"time_run\":190326.20000000298,\"time_render\":190322.851,\"time_show\":190339.584,\"time_end\":196052.79999999702,\"time_commit\":196053.29999999702,\"timestamp\":\"2021-07-12T17:45:03.693Z\",\"time_switch\":196056.151},{\"sender\":\"trial_screen\",\"sender_type\":\"canvas.Screen\",\"sender_id\":\"9_17\",\"correct\":false,\"trial_ID\":18,\"word1\":\"Adept\",\"word2\":\"Padet\",\"word3\":\"Edapt\",\"word4\":\"Epatt\",\"word5\":\"Taped\",\"response\":\"5\",\"response_action\":\"keypress(5)\",\"correctResponse\":\"1\",\"ended_on\":\"response\",\"duration\":8252.848999999987,\"time_run\":196054.20000000298,\"time_render\":196039.399,\"time_show\":196056.151,\"time_end\":204309,\"time_commit\":204309.5,\"timestamp\":\"2021-07-12T17:45:11.949Z\",\"time_switch\":204322.976},{\"sender\":\"trial_screen\",\"sender_type\":\"canvas.Screen\",\"sender_id\":\"9_18\",\"correct\":true,\"trial_ID\":19,\"word1\":\"Spirine\",\"word2\":\"Saprin\",\"word3\":\"Parsin\",\"word4\":\"Purin\",\"word5\":\"Asprint\",\"response\":\"4\",\"response_action\":\"keypress(4)\",\"correctResponse\":\"4\",\"ended_on\":\"response\",\"duration\":6305.823999997025,\"time_run\":204310.59999999404,\"time_render\":204306.008,\"time_show\":204322.976,\"time_end\":210628.79999999702,\"time_commit\":210629.39999999106,\"timestamp\":\"2021-07-12T17:45:18.269Z\",\"time_switch\":210639.688},{\"sender\":\"trial_screen\",\"sender_type\":\"canvas.Screen\",\"sender_id\":\"9_19\",\"correct\":true,\"trial_ID\":20,\"word1\":\"Kulon\",\"word2\":\"Solgun\",\"word3\":\"Koskan\",\"word4\":\"Soran\",\"word5\":\"Klonus\",\"response\":\"5\",\"response_action\":\"keypress(5)\",\"correctResponse\":\"5\",\"ended_on\":\"response\",\"duration\":10533.411999994045,\"time_run\":210630.29999999702,\"time_render\":210622.608,\"time_show\":210639.688,\"time_end\":221173.09999999404,\"time_commit\":221173.59999999404,\"timestamp\":\"2021-07-12T17:45:28.813Z\",\"time_switch\":221189.548},{\"sender\":\"trial_screen\",\"sender_type\":\"canvas.Screen\",\"sender_id\":\"9_20\",\"correct\":false,\"trial_ID\":21,\"word1\":\"Tronke\",\"word2\":\"Nocktherm\",\"word3\":\"Teronk\",\"word4\":\"Komtur\",\"word5\":\"Rocktur\",\"response\":\"2\",\"response_action\":\"keypress(2)\",\"correctResponse\":\"4\",\"ended_on\":\"response\",\"duration\":11311.75199999701,\"time_run\":221174.5,\"time_render\":221172.599,\"time_show\":221189.548,\"time_end\":232501.29999999702,\"time_commit\":232501.70000000298,\"timestamp\":\"2021-07-12T17:45:40.141Z\",\"time_switch\":232506.187},{\"sender\":\"trial_screen\",\"sender_type\":\"canvas.Screen\",\"sender_id\":\"9_21\",\"correct\":true,\"trial_ID\":22,\"word1\":\"Ripat\",\"word2\":\"Patinatte\",\"word3\":\"Tapir\",\"word4\":\"Apitt\",\"word5\":\"Padir\",\"response\":\"3\",\"response_action\":\"keypress(3)\",\"correctResponse\":\"3\",\"ended_on\":\"response\",\"duration\":5034.912999994034,\"time_run\":232502.5,\"time_render\":232489.172,\"time_show\":232506.187,\"time_end\":237541.09999999404,\"time_commit\":237541.59999999404,\"timestamp\":\"2021-07-12T17:45:45.181Z\",\"time_switch\":237556.222},{\"sender\":\"trial_screen\",\"sender_type\":\"canvas.Screen\",\"sender_id\":\"9_22\",\"correct\":false,\"trial_ID\":23,\"word1\":\"Akifer\",\"word2\":\"Fiaker\",\"word3\":\"Kiaffa\",\"word4\":\"Sariffer\",\"word5\":\"Refisker\",\"response\":\"3\",\"response_action\":\"keypress(3)\",\"correctResponse\":\"2\",\"ended_on\":\"response\",\"duration\":6529.077999997011,\"time_run\":237542.5,\"time_render\":237539.474,\"time_show\":237556.222,\"time_end\":244085.29999999702,\"time_commit\":244085.70000000298,\"timestamp\":\"2021-07-12T17:45:51.725Z\",\"time_switch\":244089.534},{\"sender\":\"trial_screen\",\"sender_type\":\"canvas.Screen\",\"sender_id\":\"9_23\",\"correct\":false,\"trial_ID\":24,\"word1\":\"Kleiber\",\"word2\":\"Beikel\",\"word3\":\"Keibel\",\"word4\":\"Reikler\",\"word5\":\"Biekerl\",\"response\":\"2\",\"response_action\":\"keypress(2)\",\"correctResponse\":\"1\",\"ended_on\":\"response\",\"duration\":8411.565999994025,\"time_run\":244086.70000000298,\"time_render\":244072.752,\"time_show\":244089.534,\"time_end\":252501.09999999404,\"time_commit\":252501.59999999404,\"timestamp\":\"2021-07-12T17:46:00.141Z\",\"time_switch\":252506.203},{\"sender\":\"trial_screen\",\"sender_type\":\"canvas.Screen\",\"sender_id\":\"9_24\",\"correct\":true,\"trial_ID\":25,\"word1\":\"Ig\u00e4de\",\"word2\":\"D\u00e4gie\",\"word3\":\"\u00c4gide\",\"word4\":\"Dig\u00e4de\",\"word5\":\"Giad\",\"response\":\"3\",\"response_action\":\"keypress(3)\",\"correctResponse\":\"3\",\"ended_on\":\"response\",\"duration\":12219.19699999105,\"time_run\":252502.5,\"time_render\":252489.351,\"time_show\":252506.203,\"time_end\":264725.39999999106,\"time_commit\":264725.89999999106,\"timestamp\":\"2021-07-12T17:46:12.366Z\",\"time_switch\":264739.55},{\"sender\":\"trial_screen\",\"sender_type\":\"canvas.Screen\",\"sender_id\":\"9_25\",\"correct\":true,\"trial_ID\":26,\"word1\":\"Rixal\",\"word2\":\"Irtax\",\"word3\":\"Rackizie\",\"word4\":\"Matrix\",\"word5\":\"Atrige\",\"response\":\"4\",\"response_action\":\"keypress(4)\",\"correctResponse\":\"4\",\"ended_on\":\"response\",\"duration\":10498.049999994051,\"time_run\":264726.89999999106,\"time_render\":264722.543,\"time_show\":264739.55,\"time_end\":275237.59999999404,\"time_commit\":275238,\"timestamp\":\"2021-07-12T17:46:22.878Z\",\"time_switch\":275256.277},{\"sender\":\"trial_screen\",\"sender_type\":\"canvas.Screen\",\"sender_id\":\"9_26\",\"correct\":false,\"trial_ID\":27,\"word1\":\"Haskisch\",\"word2\":\"Asmisch\",\"word3\":\"Schisma\",\"word4\":\"Rasthmie\",\"word5\":\"Ilschah\",\"response\":\"5\",\"response_action\":\"keypress(5)\",\"correctResponse\":\"3\",\"ended_on\":\"response\",\"duration\":15149.322999994038,\"time_run\":275239.09999999404,\"time_render\":275239.287,\"time_show\":275256.277,\"time_end\":290405.59999999404,\"time_commit\":290406.200000003,\"timestamp\":\"2021-07-12T17:46:38.047Z\",\"time_switch\":290423.061},{\"sender\":\"trial_screen\",\"sender_type\":\"canvas.Screen\",\"sender_id\":\"9_27\",\"correct\":false,\"trial_ID\":28,\"word1\":\"Sallose\",\"word2\":\"Lordose\",\"word3\":\"Dormase\",\"word4\":\"Rollase\",\"word5\":\"Ardierole\",\"response\":\"1\",\"response_action\":\"keypress(1)\",\"correctResponse\":\"2\",\"ended_on\":\"response\",\"duration\":9006.439000000013,\"time_run\":290407,\"time_render\":290405.76,\"time_show\":290423.061,\"time_end\":299429.5,\"time_commit\":299430,\"timestamp\":\"2021-07-12T17:46:47.070Z\",\"time_switch\":299439.644},{\"sender\":\"trial_screen\",\"sender_type\":\"canvas.Screen\",\"sender_id\":\"9_28\",\"correct\":false,\"trial_ID\":29,\"word1\":\"Intranotion\",\"word2\":\"Infranatura\",\"word3\":\"Internodium\",\"word4\":\"Indotalie\",\"word5\":\"Indosta\",\"response\":\"1\",\"response_action\":\"keypress(1)\",\"correctResponse\":\"3\",\"ended_on\":\"response\",\"duration\":12950.155999997049,\"time_run\":299430.89999999106,\"time_render\":299422.569,\"time_show\":299439.644,\"time_end\":312389.799999997,\"time_commit\":312390.39999999106,\"timestamp\":\"2021-07-12T17:47:00.031Z\",\"time_switch\":312406.451},{\"sender\":\"trial_screen\",\"sender_type\":\"canvas.Screen\",\"sender_id\":\"9_29\",\"correct\":false,\"trial_ID\":30,\"word1\":\"Idaste\",\"word2\":\"Dastrix\",\"word3\":\"Astike\",\"word4\":\"Sadile\",\"word5\":\"Kasside\",\"response\":\"1\",\"response_action\":\"keypress(1)\",\"correctResponse\":\"5\",\"ended_on\":\"response\",\"duration\":5855.249000002979,\"time_run\":312391.200000003,\"time_render\":312389.204,\"time_show\":312406.451,\"time_end\":318261.700000003,\"time_commit\":318262.200000003,\"timestamp\":\"2021-07-12T17:47:05.903Z\",\"time_switch\":318273.088},{\"sender\":\"trial_screen\",\"sender_type\":\"canvas.Screen\",\"sender_id\":\"9_30\",\"correct\":false,\"trial_ID\":31,\"word1\":\"Libration\",\"word2\":\"Bilation\",\"word3\":\"Arlation\",\"word4\":\"Iberation\",\"word5\":\"Tiradon\",\"response\":\"2\",\"response_action\":\"keypress(2)\",\"correctResponse\":\"1\",\"ended_on\":\"response\",\"duration\":5956.8119999910705,\"time_run\":318263.299999997,\"time_render\":318256.172,\"time_show\":318273.088,\"time_end\":324229.89999999106,\"time_commit\":324230.39999999106,\"timestamp\":\"2021-07-12T17:47:11.871Z\",\"time_switch\":324239.747},{\"sender\":\"trial_screen\",\"sender_type\":\"canvas.Screen\",\"sender_id\":\"9_31\",\"correct\":false,\"trial_ID\":32,\"word1\":\"Pucker\",\"word2\":\"Keuper\",\"word3\":\"Eucker\",\"word4\":\"Reuspeck\",\"word5\":\"Urkane\",\"response\":\"1\",\"response_action\":\"keypress(1)\",\"correctResponse\":\"2\",\"ended_on\":\"response\",\"duration\":7269.953000003006,\"time_run\":324231.299999997,\"time_render\":324222.878,\"time_show\":324239.747,\"time_end\":331509.700000003,\"time_commit\":331510.299999997,\"timestamp\":\"2021-07-12T17:47:19.150Z\",\"time_switch\":331522.973},{\"sender\":\"trial_screen\",\"sender_type\":\"canvas.Screen\",\"sender_id\":\"9_32\",\"correct\":true,\"trial_ID\":33,\"word1\":\"Sickaber\",\"word2\":\"Bassiker\",\"word3\":\"Kassiber\",\"word4\":\"Sassiker\",\"word5\":\"Askiber\",\"response\":\"3\",\"response_action\":\"keypress(3)\",\"correctResponse\":\"3\",\"ended_on\":\"response\",\"duration\":9971.126999994041,\"time_run\":331511.200000003,\"time_render\":331506.2,\"time_show\":331522.973,\"time_end\":341494.09999999404,\"time_commit\":341494.59999999404,\"timestamp\":\"2021-07-12T17:47:29.134Z\",\"time_switch\":341506.457},{\"sender\":\"trial_screen\",\"sender_type\":\"canvas.Screen\",\"sender_id\":\"9_33\",\"correct\":false,\"trial_ID\":34,\"word1\":\"Alquallon\",\"word2\":\"Lisqualien\",\"word3\":\"Talquallen\",\"word4\":\"Quisquilien\",\"word5\":\"Rielquellen\",\"response\":\"5\",\"response_action\":\"keypress(5)\",\"correctResponse\":\"4\",\"ended_on\":\"response\",\"duration\":9699.543000000005,\"time_run\":341495.59999999404,\"time_render\":341489.357,\"time_show\":341506.457,\"time_end\":351206,\"time_commit\":351206.5,\"timestamp\":\"2021-07-12T17:47:38.846Z\",\"time_switch\":351222.972},{\"sender\":\"trial_screen\",\"sender_type\":\"canvas.Screen\",\"sender_id\":\"9_34\",\"correct\":false,\"trial_ID\":35,\"word1\":\"Berkiza\",\"word2\":\"Brekzie\",\"word3\":\"Birakzie\",\"word4\":\"Brikazie\",\"word5\":\"Bakiria\",\"response\":\"5\",\"response_action\":\"keypress(5)\",\"correctResponse\":\"2\",\"ended_on\":\"response\",\"duration\":10047.228000002971,\"time_run\":351207.700000003,\"time_render\":351206.079,\"time_show\":351222.972,\"time_end\":361270.200000003,\"time_commit\":361270.59999999404,\"timestamp\":\"2021-07-12T17:47:48.910Z\",\"time_switch\":361292.881},{\"sender\":\"loop_trial\",\"sender_type\":\"flow.Loop\",\"sender_id\":\"9\",\"ended_on\":\"completion\",\"duration\":281297.387000003,\"time_run\":79961.79999999702,\"time_render\":79955.926,\"time_show\":79972.813,\"time_end\":361270.200000003,\"time_commit\":361271.700000003,\"timestamp\":\"2021-07-12T17:47:48.911Z\",\"time_switch\":361292.881},{\"sender\":\"end_html\",\"sender_type\":\"html.Screen\",\"sender_id\":\"10\",\"ended_on\":\"timeout\",\"duration\":5996.918999999994,\"time_run\":361271.700000003,\"time_render\":361256.031,\"time_show\":361292.881,\"time_end\":367273.132,\"time_commit\":367274.5,\"timestamp\":\"2021-07-12T17:47:54.914Z\",\"time_switch\":367289.8},{\"sender\":\"root\",\"sender_type\":\"flow.Sequence\",\"sender_id\":null,\"ended_on\":\"completion\",\"duration\":366650.524,\"time_run\":613.7000000029802,\"time_render\":605.968,\"time_show\":622.608,\"time_end\":367273.132,\"time_commit\":367274.700000003,\"timestamp\":\"2021-07-12T17:47:54.914Z\",\"time_switch\":367289.8}]",
    "metadata": "{\"slice\":0,\"id\":\"39cca289-ce39-4176-8d87-3ef37058bc94\",\"payload\":\"full\"}",
    "url": "https://exp02.zih.tu-dresden.de/experiments/spot_a_word_task/"
}