{
    "data": "[{\"url\":{},\"meta\":{\"labjs_version\":\"20.1.1\",\"labjs_build\":{\"flavor\":\"production\",\"commit\":\"cd5695f774968f50499757c1423bd95d033ea08e\"},\"location\":\"https://exp02.zih.tu-dresden.de/experiments/raven_task/\",\"userAgent\":\"Mozilla/5.0 (Windows NT 10.0; Win64; x64) AppleWebKit/537.36 (KHTML, like Gecko) Chrome/90.0.4430.93 Safari/537.36\",\"platform\":\"Win32\",\"language\":\"de-DE\",\"locale\":\"de\",\"timeZone\":\"Europe/Berlin\",\"timezoneOffset\":-120,\"screen_width\":1280,\"screen_height\":720,\"scroll_width\":1280,\"scroll_height\":578,\"window_innerWidth\":1280,\"window_innerHeight\":578,\"devicePixelRatio\":1.5},\"sender\":\"welcome\",\"sender_type\":\"canvas.Screen\",\"sender_id\":\"0\",\"response\":\"any\",\"response_action\":\"keypress\",\"ended_on\":\"response\",\"duration\":1730.249999999594,\"time_run\":2434.7799999995914,\"time_render\":2358.089,\"time_show\":2424.72,\"time_end\":4154.969999999594,\"time_commit\":4160.069999999905,\"timestamp\":\"2021-04-28T14:16:03.238Z\",\"time_switch\":4174.041},{\"sender\":\"instructions\",\"sender_type\":\"html.Page\",\"sender_id\":\"1\",\"\":\"\",\"ended_on\":\"form submission\",\"duration\":25510.719000000096,\"time_run\":4160.839999999553,\"time_render\":4140.717,\"time_show\":4174.041,\"time_end\":29684.760000000097,\"time_commit\":29685.064999999668,\"timestamp\":\"2021-04-28T14:16:28.763Z\",\"time_switch\":29711.599},{\"sender\":\"example1\",\"sender_type\":\"canvas.Screen\",\"sender_id\":\"2\",\"response\":\"8\",\"response_action\":\"click(0) @8\",\"correctResponse\":\"8\",\"correct\":true,\"ended_on\":\"response\",\"duration\":7014.220999999659,\"time_run\":29685.35999999949,\"time_render\":29678.397,\"time_show\":29711.599,\"time_end\":36725.81999999966,\"time_commit\":36728.47499999989,\"timestamp\":\"2021-04-28T14:16:35.806Z\",\"time_switch\":36791.525},{\"sender\":\"example1_feedback\",\"sender_type\":\"canvas.Screen\",\"sender_id\":\"3\",\"response\":\"space\",\"response_action\":\"keypress(Space)\",\"ended_on\":\"response\",\"duration\":1318.5899999994945,\"time_run\":36785.030000000006,\"time_render\":36774.939,\"time_show\":36791.525,\"time_end\":38110.114999999496,\"time_commit\":38111.89999999988,\"timestamp\":\"2021-04-28T14:16:37.190Z\",\"time_switch\":38140.953},{\"sender\":\"example2\",\"sender_type\":\"canvas.Screen\",\"sender_id\":\"4\",\"response\":\"4\",\"response_action\":\"click(0) @4\",\"correctResponse\":\"4\",\"correct\":true,\"ended_on\":\"response\",\"duration\":6918.66200000012,\"time_run\":38112.34499999955,\"time_render\":38107.682,\"time_show\":38140.953,\"time_end\":45059.61500000012,\"time_commit\":45060.57499999952,\"timestamp\":\"2021-04-28T14:16:44.138Z\",\"time_switch\":45120.824},{\"sender\":\"example2_feedback\",\"sender_type\":\"canvas.Screen\",\"sender_id\":\"5\",\"response\":\"space\",\"response_action\":\"keypress(Space)\",\"ended_on\":\"response\",\"duration\":675.6110000002009,\"time_run\":45113.59999999968,\"time_render\":45104.293,\"time_show\":45120.824,\"time_end\":45796.4350000002,\"time_commit\":45797.5150000002,\"timestamp\":\"2021-04-28T14:16:44.875Z\",\"time_switch\":45837.148},{\"sender\":\"get ready\",\"sender_type\":\"canvas.Screen\",\"sender_id\":\"6\",\"response\":\"Space\",\"response_action\":\"keypress(Space)\",\"ended_on\":\"response\",\"duration\":3789.481999999749,\"time_run\":45797.889999999825,\"time_render\":45787.315,\"time_show\":45837.148,\"time_end\":49626.62999999975,\"time_commit\":49627.98000000021,\"timestamp\":\"2021-04-28T14:16:48.706Z\",\"time_switch\":49668.676},{\"sender\":\"test01\",\"sender_type\":\"canvas.Screen\",\"sender_id\":\"7_0\",\"response\":\"3\",\"response_action\":\"click(0) @3\",\"correctResponse\":\"7\",\"correct\":false,\"ended_on\":\"response\",\"duration\":26426.818999999574,\"time_run\":49628.514999999425,\"time_render\":49619.03,\"time_show\":49668.676,\"time_end\":76095.49499999957,\"time_commit\":76096.41499999998,\"timestamp\":\"2021-04-28T14:17:15.174Z\",\"time_switch\":76105.874},{\"sender\":\"test02\",\"sender_type\":\"canvas.Screen\",\"sender_id\":\"7_1\",\"response\":\"4\",\"response_action\":\"click(0) @4\",\"correctResponse\":\"4\",\"correct\":true,\"ended_on\":\"response\",\"duration\":29448.94099999951,\"time_run\":76096.64499999963,\"time_render\":76089.404,\"time_show\":76105.874,\"time_end\":105554.81499999951,\"time_commit\":105555.60999999943,\"timestamp\":\"2021-04-28T14:17:44.633Z\",\"time_switch\":105575.068},{\"sender\":\"test03\",\"sender_type\":\"canvas.Screen\",\"sender_id\":\"7_2\",\"response\":\"6\",\"response_action\":\"click(0) @6\",\"correctResponse\":\"6\",\"correct\":true,\"ended_on\":\"response\",\"duration\":15835.967000000092,\"time_run\":105555.77499999982,\"time_render\":105541.844,\"time_show\":105575.068,\"time_end\":121411.03500000009,\"time_commit\":121411.81499999948,\"timestamp\":\"2021-04-28T14:18:00.489Z\",\"time_switch\":121417.402},{\"sender\":\"test04\",\"sender_type\":\"canvas.Screen\",\"sender_id\":\"7_3\",\"response\":\"2\",\"response_action\":\"click(0) @2\",\"correctResponse\":\"2\",\"correct\":true,\"ended_on\":\"response\",\"duration\":57210.802999999985,\"time_run\":121411.9499999997,\"time_render\":121400.838,\"time_show\":121417.402,\"time_end\":178628.205,\"time_commit\":178628.97999999952,\"timestamp\":\"2021-04-28T14:18:57.707Z\",\"time_switch\":178639.905},{\"sender\":\"test05\",\"sender_type\":\"canvas.Screen\",\"sender_id\":\"7_4\",\"response\":\"6\",\"response_action\":\"click(0) @6\",\"correctResponse\":\"4\",\"correct\":false,\"ended_on\":\"response\",\"duration\":29046.97500000021,\"time_run\":178629.1199999996,\"time_render\":178623.218,\"time_show\":178639.905,\"time_end\":207686.8800000002,\"time_commit\":207687.69499999963,\"timestamp\":\"2021-04-28T14:19:26.766Z\",\"time_switch\":207692.541},{\"sender\":\"test06\",\"sender_type\":\"canvas.Screen\",\"sender_id\":\"7_5\",\"response\":\"7\",\"response_action\":\"click(0) @7\",\"correctResponse\":\"7\",\"correct\":true,\"ended_on\":\"response\",\"duration\":22258.094000000157,\"time_run\":207687.84999999934,\"time_render\":207676.043,\"time_show\":207692.541,\"time_end\":229950.63500000015,\"time_commit\":229951.43999999983,\"timestamp\":\"2021-04-28T14:19:49.029Z\",\"time_switch\":229965.169},{\"sender\":\"test07\",\"sender_type\":\"canvas.Screen\",\"sender_id\":\"7_6\",\"response\":\"7\",\"response_action\":\"click(0) @7\",\"correctResponse\":\"8\",\"correct\":false,\"ended_on\":\"response\",\"duration\":30116.696000000113,\"time_run\":229951.57999999993,\"time_render\":229948.588,\"time_show\":229965.169,\"time_end\":260081.8650000001,\"time_commit\":260082.80000000013,\"timestamp\":\"2021-04-28T14:20:19.160Z\",\"time_switch\":260106.193},{\"sender\":\"test08\",\"sender_type\":\"canvas.Screen\",\"sender_id\":\"7_7\",\"response\":\"6\",\"response_action\":\"click(0) @6\",\"correctResponse\":\"7\",\"correct\":false,\"ended_on\":\"response\",\"duration\":9476.752000000124,\"time_run\":260082.99999999962,\"time_render\":260067.491,\"time_show\":260106.193,\"time_end\":269582.9450000001,\"time_commit\":269583.7849999998,\"timestamp\":\"2021-04-28T14:20:28.661Z\",\"time_switch\":269596.109},{\"sender\":\"test09\",\"sender_type\":\"canvas.Screen\",\"sender_id\":\"7_8\",\"response\":\"4\",\"response_action\":\"click(0) @4\",\"correctResponse\":\"5\",\"correct\":false,\"ended_on\":\"response\",\"duration\":25513.215999999433,\"time_run\":269583.92499999993,\"time_render\":269579.612,\"time_show\":269596.109,\"time_end\":295109.32499999943,\"time_commit\":295110.0799999995,\"timestamp\":\"2021-04-28T14:20:54.188Z\",\"time_switch\":295117.14},{\"sender\":\"test10\",\"sender_type\":\"canvas.Screen\",\"sender_id\":\"7_9\",\"response\":\"5\",\"response_action\":\"click(0) @5\",\"correctResponse\":\"5\",\"correct\":true,\"ended_on\":\"response\",\"duration\":9012.215000000026,\"time_run\":295110.22499999945,\"time_render\":295100.648,\"time_show\":295117.14,\"time_end\":304129.35500000004,\"time_commit\":304130.32999999996,\"timestamp\":\"2021-04-28T14:21:03.208Z\",\"time_switch\":304146.156},{\"sender\":\"test11\",\"sender_type\":\"canvas.Screen\",\"sender_id\":\"7_10\",\"response\":\"5\",\"response_action\":\"click(0) @5\",\"correctResponse\":\"4\",\"correct\":false,\"ended_on\":\"response\",\"duration\":37659.72899999976,\"time_run\":304130.5199999997,\"time_render\":304129.563,\"time_show\":304146.156,\"time_end\":341805.8849999998,\"time_commit\":341806.64999999956,\"timestamp\":\"2021-04-28T14:21:40.884Z\",\"time_switch\":341811.405},{\"sender\":\"test12\",\"sender_type\":\"canvas.Screen\",\"sender_id\":\"7_11\",\"response\":\"1\",\"response_action\":\"click(0) @1\",\"correctResponse\":\"1\",\"correct\":true,\"ended_on\":\"response\",\"duration\":11785.040000000095,\"time_run\":341806.78999999963,\"time_render\":341794.867,\"time_show\":341811.405,\"time_end\":353596.4450000001,\"time_commit\":353597.135,\"timestamp\":\"2021-04-28T14:21:52.675Z\",\"time_switch\":353605.671},{\"sender\":\"tests (15min)\",\"sender_type\":\"flow.Sequence\",\"sender_id\":\"7\",\"ended_on\":\"completion\",\"duration\":303927.76900000015,\"time_run\":49628.349999999955,\"time_render\":49619.03,\"time_show\":49668.676,\"time_end\":353596.4450000001,\"time_commit\":353598.77999999933,\"timestamp\":\"2021-04-28T14:21:52.676Z\",\"time_switch\":353605.671},{\"sender\":\"good bye\",\"sender_type\":\"canvas.Screen\",\"sender_id\":\"8\",\"ended_on\":\"timeout\",\"duration\":3998.2840000000433,\"time_run\":353598.87499999965,\"time_render\":353589.162,\"time_show\":353605.671,\"time_end\":357587.264,\"time_commit\":357588.74000000017,\"timestamp\":\"2021-04-28T14:21:56.667Z\",\"time_switch\":357603.955},{\"sender\":\"root\",\"sender_type\":\"flow.Sequence\",\"sender_id\":null,\"ended_on\":\"completion\",\"duration\":355162.54400000005,\"time_run\":2434.534999999414,\"time_render\":2358.089,\"time_show\":2424.72,\"time_end\":357587.264,\"time_commit\":357590.1949999998,\"timestamp\":\"2021-04-28T14:21:56.668Z\",\"time_switch\":357603.955}]",
    "metadata": "{\"slice\":0,\"id\":\"0b0e0359-74f7-4566-8407-047731b6b488\",\"payload\":\"full\"}",
    "url": "https://exp02.zih.tu-dresden.de/experiments/raven_task/"
}