{
    "data": "[{\"url\":{},\"meta\":{\"labjs_version\":\"20.1.1\",\"labjs_build\":{\"flavor\":\"production\",\"commit\":\"cd5695f774968f50499757c1423bd95d033ea08e\"},\"location\":\"https://exp02.zih.tu-dresden.de/experiments/spot_a_word_task/\",\"userAgent\":\"Mozilla/5.0 (Windows NT 10.0; Win64; x64) AppleWebKit/537.36 (KHTML, like Gecko) Chrome/90.0.4430.93 Safari/537.36\",\"platform\":\"Win32\",\"language\":\"de-DE\",\"locale\":\"de\",\"timeZone\":\"Europe/Berlin\",\"timezoneOffset\":-120,\"screen_width\":1280,\"screen_height\":720,\"scroll_width\":1280,\"scroll_height\":578,\"window_innerWidth\":1280,\"window_innerHeight\":578,\"devicePixelRatio\":1.5},\"sender\":\"start_html\",\"sender_type\":\"html.Screen\",\"sender_id\":\"0\",\"response\":\"keypress\",\"response_action\":\"keypress\",\"ended_on\":\"response\",\"duration\":5161.982000000732,\"time_run\":567.4850000004881,\"time_render\":571.116,\"time_show\":587.773,\"time_end\":5749.755000000732,\"time_commit\":5756.860000000415,\"timestamp\":\"2021-04-28T14:08:54.863Z\",\"time_switch\":5768.683},{\"sender\":\"manual_html\",\"sender_type\":\"html.Screen\",\"sender_id\":\"1\",\"response\":\"space\",\"response_action\":\"keypress(Space)\",\"ended_on\":\"response\",\"duration\":22735.882000000183,\"time_run\":5757.690000000366,\"time_render\":5735.516,\"time_show\":5768.683,\"time_end\":28504.565000000184,\"time_commit\":28509.595000000445,\"timestamp\":\"2021-04-28T14:09:17.616Z\",\"time_switch\":28524.402},{\"sender\":\"example1_screen\",\"sender_type\":\"canvas.Screen\",\"sender_id\":\"2\",\"response\":\"4\",\"response_action\":\"keypress(4)\",\"correctResponse\":\"4\",\"correct\":true,\"ended_on\":\"response\",\"duration\":2894.368000000224,\"time_run\":28520.315000000664,\"time_render\":28509.342,\"time_show\":28524.402,\"time_end\":31418.770000000222,\"time_commit\":31420.2750000004,\"timestamp\":\"2021-04-28T14:09:20.526Z\",\"time_switch\":31439.648},{\"sender\":\"example1_feedback\",\"sender_type\":\"canvas.Screen\",\"sender_id\":\"3\",\"response\":\"Space\",\"response_action\":\"keypress(Space)\",\"ended_on\":\"response\",\"duration\":3034.5770000008415,\"time_run\":31427.62000000039,\"time_render\":31423.191,\"time_show\":31439.648,\"time_end\":34474.22500000084,\"time_commit\":34475.44000000016,\"timestamp\":\"2021-04-28T14:09:23.582Z\",\"time_switch\":34488.199},{\"sender\":\"example2_screen\",\"sender_type\":\"canvas.Screen\",\"sender_id\":\"4\",\"response\":\"5\",\"response_action\":\"keypress(5)\",\"correctResponse\":\"5\",\"correct\":true,\"ended_on\":\"response\",\"duration\":2405.3910000005853,\"time_run\":34482.80000000068,\"time_render\":34471.783,\"time_show\":34488.199,\"time_end\":36893.590000000586,\"time_commit\":36894.88500000061,\"timestamp\":\"2021-04-28T14:09:26.001Z\",\"time_switch\":36903.69},{\"sender\":\"example2_feedback\",\"sender_type\":\"canvas.Screen\",\"sender_id\":\"5\",\"response\":\"Space\",\"response_action\":\"keypress(Space)\",\"ended_on\":\"response\",\"duration\":2090.340000000746,\"time_run\":36900.96000000085,\"time_render\":36887.32,\"time_show\":36903.69,\"time_end\":38994.03000000075,\"time_commit\":38995.350000000144,\"timestamp\":\"2021-04-28T14:09:28.101Z\",\"time_switch\":39035.999},{\"sender\":\"example3_screen\",\"sender_type\":\"canvas.Screen\",\"sender_id\":\"6\",\"response\":\"1\",\"response_action\":\"keypress(1)\",\"correctResponse\":\"1\",\"correct\":true,\"ended_on\":\"response\",\"duration\":1256.0860000000393,\"time_run\":39002.32000000051,\"time_render\":39019.341,\"time_show\":39035.999,\"time_end\":40292.08500000004,\"time_commit\":40293.305000000146,\"timestamp\":\"2021-04-28T14:09:29.399Z\",\"time_switch\":40302.075},{\"sender\":\"example3_feedback\",\"sender_type\":\"canvas.Screen\",\"sender_id\":\"7\",\"response\":\"Space\",\"response_action\":\"keypress(Space)\",\"ended_on\":\"response\",\"duration\":604.2000000002809,\"time_run\":40299.14000000008,\"time_render\":40285.56,\"time_show\":40302.075,\"time_end\":40906.27500000028,\"time_commit\":40907.43999999995,\"timestamp\":\"2021-04-28T14:09:30.014Z\",\"time_switch\":40918.455},{\"sender\":\"get_ready_html\",\"sender_type\":\"html.Screen\",\"sender_id\":\"8\",\"response\":\"space\",\"response_action\":\"keypress(Space)\",\"ended_on\":\"response\",\"duration\":6476.005000000434,\"time_run\":40907.84000000076,\"time_render\":40901.909,\"time_show\":40918.455,\"time_end\":47394.460000000436,\"time_commit\":47395.70000000003,\"timestamp\":\"2021-04-28T14:09:36.502Z\",\"time_switch\":47481.912},{\"sender\":\"trial_screen\",\"sender_type\":\"canvas.Screen\",\"sender_id\":\"9_0\",\"correct\":true,\"trial_ID\":1,\"word1\":\"siziol\",\"word2\":\"salzahl\",\"word3\":\"sozihl\",\"word4\":\"sziam\",\"word5\":\"sozial\",\"response\":\"5\",\"response_action\":\"keypress(5)\",\"correctResponse\":\"5\",\"ended_on\":\"response\",\"duration\":2142.878000000761,\"time_run\":47475.17500000049,\"time_render\":47465.843,\"time_show\":47481.912,\"time_end\":49624.79000000076,\"time_commit\":49626.35000000046,\"timestamp\":\"2021-04-28T14:09:38.732Z\",\"time_switch\":49647.593},{\"sender\":\"trial_screen\",\"sender_type\":\"canvas.Screen\",\"sender_id\":\"9_1\",\"correct\":false,\"trial_ID\":2,\"word1\":\"Lamone\",\"word2\":\"Talane\",\"word3\":\"Matrone\",\"word4\":\"Tarone\",\"word5\":\"Malonte\",\"response\":\"1\",\"response_action\":\"keypress(1)\",\"correctResponse\":\"3\",\"ended_on\":\"response\",\"duration\":2820.7870000002513,\"time_run\":49634.51000000077,\"time_render\":49631.076,\"time_show\":49647.593,\"time_end\":52468.38000000025,\"time_commit\":52469.60500000023,\"timestamp\":\"2021-04-28T14:09:41.576Z\",\"time_switch\":52496.245},{\"sender\":\"trial_screen\",\"sender_type\":\"canvas.Screen\",\"sender_id\":\"9_2\",\"correct\":true,\"trial_ID\":3,\"word1\":\"kurinesisch\",\"word2\":\"kulinarisch\",\"word3\":\"kumenisch\",\"word4\":\"kulissarisch\",\"word5\":\"kannastrisch\",\"response\":\"2\",\"response_action\":\"keypress(2)\",\"correctResponse\":\"2\",\"ended_on\":\"response\",\"duration\":1895.2300000003524,\"time_run\":52479.44500000085,\"time_render\":52479.87,\"time_show\":52496.245,\"time_end\":54391.475000000355,\"time_commit\":54392.885000000206,\"timestamp\":\"2021-04-28T14:09:43.499Z\",\"time_switch\":54411.944},{\"sender\":\"trial_screen\",\"sender_type\":\"canvas.Screen\",\"sender_id\":\"9_3\",\"correct\":true,\"trial_ID\":4,\"word1\":\"Tinxur\",\"word2\":\"Kukutur\",\"word3\":\"Fraktan\",\"word4\":\"Tinktur\",\"word5\":\"Rimsuhr\",\"response\":\"4\",\"response_action\":\"keypress(4)\",\"correctResponse\":\"4\",\"ended_on\":\"response\",\"duration\":2484.0860000007888,\"time_run\":54399.52000000085,\"time_render\":54395.557,\"time_show\":54411.944,\"time_end\":56896.03000000079,\"time_commit\":56897.60500000011,\"timestamp\":\"2021-04-28T14:09:46.004Z\",\"time_switch\":56910.733},{\"sender\":\"trial_screen\",\"sender_type\":\"canvas.Screen\",\"sender_id\":\"9_4\",\"correct\":true,\"trial_ID\":5,\"word1\":\"beralen\",\"word2\":\"ger\u00e4ltet\",\"word3\":\"an\u00e4lteren\",\"word4\":\"unt\u00e4ren\",\"word5\":\"verbr\u00e4men\",\"response\":\"5\",\"response_action\":\"keypress(5)\",\"correctResponse\":\"5\",\"ended_on\":\"response\",\"duration\":9194.407000000567,\"time_run\":56903.715000000375,\"time_render\":56894.282,\"time_show\":56910.733,\"time_end\":66105.14000000057,\"time_commit\":66106.86500000066,\"timestamp\":\"2021-04-28T14:09:55.213Z\",\"time_switch\":66122.946},{\"sender\":\"trial_screen\",\"sender_type\":\"canvas.Screen\",\"sender_id\":\"9_5\",\"correct\":true,\"trial_ID\":6,\"word1\":\"Rosto\",\"word2\":\"Torso\",\"word3\":\"Soro\",\"word4\":\"Torgos\",\"word5\":\"Tosor\",\"response\":\"2\",\"response_action\":\"keypress(2)\",\"correctResponse\":\"2\",\"ended_on\":\"response\",\"duration\":3414.9040000006207,\"time_run\":66113.24500000046,\"time_render\":66107.152,\"time_show\":66122.946,\"time_end\":69537.85000000062,\"time_commit\":69539.36000000067,\"timestamp\":\"2021-04-28T14:09:58.645Z\",\"time_switch\":69554.693},{\"sender\":\"trial_screen\",\"sender_type\":\"canvas.Screen\",\"sender_id\":\"9_6\",\"correct\":true,\"trial_ID\":7,\"word1\":\"Redor\",\"word2\":\"Radium\",\"word3\":\"Terion\",\"word4\":\"Dramin\",\"word5\":\"Orakium\",\"response\":\"2\",\"response_action\":\"keypress(2)\",\"correctResponse\":\"2\",\"ended_on\":\"response\",\"duration\":1865.5470000003697,\"time_run\":69546.97500000021,\"time_render\":69538.294,\"time_show\":69554.693,\"time_end\":71420.24000000037,\"time_commit\":71421.89000000054,\"timestamp\":\"2021-04-28T14:10:00.528Z\",\"time_switch\":71437.109},{\"sender\":\"trial_screen\",\"sender_type\":\"canvas.Screen\",\"sender_id\":\"9_7\",\"correct\":true,\"trial_ID\":8,\"word1\":\"Nale\",\"word2\":\"Sahe\",\"word3\":\"Nase\",\"word4\":\"Nesa\",\"word5\":\"Sehna\",\"response\":\"3\",\"response_action\":\"keypress(3)\",\"correctResponse\":\"3\",\"ended_on\":\"response\",\"duration\":4754.2860000007495,\"time_run\":71427.35500000071,\"time_render\":71420.685,\"time_show\":71437.109,\"time_end\":76191.39500000075,\"time_commit\":76192.96000000031,\"timestamp\":\"2021-04-28T14:10:05.299Z\",\"time_switch\":76201.489},{\"sender\":\"trial_screen\",\"sender_type\":\"canvas.Screen\",\"sender_id\":\"9_8\",\"correct\":true,\"trial_ID\":9,\"word1\":\"Rilkiase\",\"word2\":\"Kilister\",\"word3\":\"Riliker\",\"word4\":\"Klistier\",\"word5\":\"Linkure\",\"response\":\"4\",\"response_action\":\"keypress(4)\",\"correctResponse\":\"4\",\"ended_on\":\"response\",\"duration\":4807.961000000476,\"time_run\":76198.79000000037,\"time_render\":76185.162,\"time_show\":76201.489,\"time_end\":81009.45000000048,\"time_commit\":81010.66000000082,\"timestamp\":\"2021-04-28T14:10:10.117Z\",\"time_switch\":81032.58},{\"sender\":\"trial_screen\",\"sender_type\":\"canvas.Screen\",\"sender_id\":\"9_9\",\"correct\":false,\"trial_ID\":10,\"word1\":\"kentern\",\"word2\":\"knerte\",\"word3\":\"kanzen\",\"word4\":\"kretern\",\"word5\":\"trekern\",\"response\":\"4\",\"response_action\":\"keypress(4)\",\"correctResponse\":\"1\",\"ended_on\":\"response\",\"duration\":5782.755000000223,\"time_run\":81016.3650000004,\"time_render\":81016.301,\"time_show\":81032.58,\"time_end\":86815.33500000022,\"time_commit\":86816.66000000041,\"timestamp\":\"2021-04-28T14:10:15.923Z\",\"time_switch\":86829.671},{\"sender\":\"trial_screen\",\"sender_type\":\"canvas.Screen\",\"sender_id\":\"9_10\",\"correct\":true,\"trial_ID\":11,\"word1\":\"Sorekin\",\"word2\":\"Sarowin\",\"word3\":\"Rosakin\",\"word4\":\"Narosin\",\"word5\":\"Kerosin\",\"response\":\"5\",\"response_action\":\"keypress(5)\",\"correctResponse\":\"5\",\"ended_on\":\"response\",\"duration\":4406.019000000437,\"time_run\":86821.88000000041,\"time_render\":86813.532,\"time_show\":86829.671,\"time_end\":91235.69000000044,\"time_commit\":91236.91000000053,\"timestamp\":\"2021-04-28T14:10:20.343Z\",\"time_switch\":91244.267},{\"sender\":\"trial_screen\",\"sender_type\":\"canvas.Screen\",\"sender_id\":\"9_11\",\"correct\":false,\"trial_ID\":12,\"word1\":\"Ralke\",\"word2\":\"Korre\",\"word3\":\"Ruckse\",\"word4\":\"Recke\",\"word5\":\"Ulte\",\"response\":\"5\",\"response_action\":\"keypress(5)\",\"correctResponse\":\"4\",\"ended_on\":\"response\",\"duration\":2925.6430000005203,\"time_run\":91242.09000000064,\"time_render\":91228.014,\"time_show\":91244.267,\"time_end\":94169.91000000053,\"time_commit\":94171.2950000001,\"timestamp\":\"2021-04-28T14:10:23.277Z\",\"time_switch\":94192.897},{\"sender\":\"trial_screen\",\"sender_type\":\"canvas.Screen\",\"sender_id\":\"9_12\",\"correct\":true,\"trial_ID\":13,\"word1\":\"Kapaun\",\"word2\":\"Paukan\",\"word3\":\"Naupack\",\"word4\":\"Aupeck\",\"word5\":\"Ankepran\",\"response\":\"1\",\"response_action\":\"keypress(1)\",\"correctResponse\":\"1\",\"ended_on\":\"response\",\"duration\":4612.248000000269,\"time_run\":94177.9400000005,\"time_render\":94176.391,\"time_show\":94192.897,\"time_end\":98805.14500000027,\"time_commit\":98806.40500000026,\"timestamp\":\"2021-04-28T14:10:27.912Z\",\"time_switch\":98823.914},{\"sender\":\"trial_screen\",\"sender_type\":\"canvas.Screen\",\"sender_id\":\"9_13\",\"correct\":true,\"trial_ID\":14,\"word1\":\"Dissonanz\",\"word2\":\"Diskrisanz\",\"word3\":\"Distranz\",\"word4\":\"Dinotanz\",\"word5\":\"Sidonenz\",\"response\":\"1\",\"response_action\":\"keypress(1)\",\"correctResponse\":\"1\",\"ended_on\":\"response\",\"duration\":1466.8010000000795,\"time_run\":98814.68500000029,\"time_render\":98807.745,\"time_show\":98823.914,\"time_end\":100290.71500000008,\"time_commit\":100292.29500000019,\"timestamp\":\"2021-04-28T14:10:29.398Z\",\"time_switch\":100306.546},{\"sender\":\"trial_screen\",\"sender_type\":\"canvas.Screen\",\"sender_id\":\"9_14\",\"correct\":true,\"trial_ID\":15,\"word1\":\"Kirse\",\"word2\":\"Sirke\",\"word3\":\"Krise\",\"word4\":\"Krospe\",\"word5\":\"Seris\",\"response\":\"3\",\"response_action\":\"keypress(3)\",\"correctResponse\":\"3\",\"ended_on\":\"response\",\"duration\":3237.229000000094,\"time_run\":100297.12500000006,\"time_render\":100290.121,\"time_show\":100306.546,\"time_end\":103543.7750000001,\"time_commit\":103544.98500000045,\"timestamp\":\"2021-04-28T14:10:32.651Z\",\"time_switch\":103554.993},{\"sender\":\"trial_screen\",\"sender_type\":\"canvas.Screen\",\"sender_id\":\"9_15\",\"correct\":true,\"trial_ID\":16,\"word1\":\"Tume\",\"word2\":\"Umat\",\"word3\":\"Maut\",\"word4\":\"Taum\",\"word5\":\"Muta\",\"response\":\"3\",\"response_action\":\"keypress(3)\",\"correctResponse\":\"3\",\"ended_on\":\"response\",\"duration\":2365.9820000000036,\"time_run\":103549.9150000005,\"time_render\":103538.683,\"time_show\":103554.993,\"time_end\":105920.975,\"time_commit\":105922.45000000003,\"timestamp\":\"2021-04-28T14:10:35.028Z\",\"time_switch\":105937.14},{\"sender\":\"trial_screen\",\"sender_type\":\"canvas.Screen\",\"sender_id\":\"9_16\",\"correct\":true,\"trial_ID\":17,\"word1\":\"Tuhl\",\"word2\":\"Lar\",\"word3\":\"Lest\",\"word4\":\"Dall\",\"word5\":\"Lid\",\"response\":\"5\",\"response_action\":\"keypress(5)\",\"correctResponse\":\"5\",\"ended_on\":\"response\",\"duration\":3760.8350000000355,\"time_run\":105928.04500000057,\"time_render\":105920.772,\"time_show\":105937.14,\"time_end\":109697.97500000003,\"time_commit\":109699.22000000042,\"timestamp\":\"2021-04-28T14:10:38.805Z\",\"time_switch\":109718.78},{\"sender\":\"trial_screen\",\"sender_type\":\"canvas.Screen\",\"sender_id\":\"9_17\",\"correct\":false,\"trial_ID\":18,\"word1\":\"Adept\",\"word2\":\"Padet\",\"word3\":\"Edapt\",\"word4\":\"Epatt\",\"word5\":\"Taped\",\"response\":\"5\",\"response_action\":\"keypress(5)\",\"correctResponse\":\"1\",\"ended_on\":\"response\",\"duration\":6166.229999999967,\"time_run\":109704.8850000001,\"time_render\":109702.406,\"time_show\":109718.78,\"time_end\":115885.00999999997,\"time_commit\":115886.2050000007,\"timestamp\":\"2021-04-28T14:10:44.992Z\",\"time_switch\":115899.18},{\"sender\":\"trial_screen\",\"sender_type\":\"canvas.Screen\",\"sender_id\":\"9_18\",\"correct\":true,\"trial_ID\":19,\"word1\":\"Spirine\",\"word2\":\"Saprin\",\"word3\":\"Parsin\",\"word4\":\"Purin\",\"word5\":\"Asprint\",\"response\":\"4\",\"response_action\":\"keypress(4)\",\"correctResponse\":\"4\",\"ended_on\":\"response\",\"duration\":4248.30500000043,\"time_run\":115891.14500000051,\"time_render\":115882.943,\"time_show\":115899.18,\"time_end\":120147.48500000042,\"time_commit\":120149.13500000056,\"timestamp\":\"2021-04-28T14:10:49.255Z\",\"time_switch\":120163.644},{\"sender\":\"trial_screen\",\"sender_type\":\"canvas.Screen\",\"sender_id\":\"9_19\",\"correct\":true,\"trial_ID\":20,\"word1\":\"Kulon\",\"word2\":\"Solgun\",\"word3\":\"Koskan\",\"word4\":\"Soran\",\"word5\":\"Klonus\",\"response\":\"5\",\"response_action\":\"keypress(5)\",\"correctResponse\":\"5\",\"ended_on\":\"response\",\"duration\":7043.91600000074,\"time_run\":120154.22500000022,\"time_render\":120147.44,\"time_show\":120163.644,\"time_end\":127207.56000000074,\"time_commit\":127208.89500000066,\"timestamp\":\"2021-04-28T14:10:56.314Z\",\"time_switch\":127226.969},{\"sender\":\"trial_screen\",\"sender_type\":\"canvas.Screen\",\"sender_id\":\"9_20\",\"correct\":false,\"trial_ID\":21,\"word1\":\"Tronke\",\"word2\":\"Nocktherm\",\"word3\":\"Teronk\",\"word4\":\"Komtur\",\"word5\":\"Rocktur\",\"response\":\"5\",\"response_action\":\"keypress(5)\",\"correctResponse\":\"4\",\"ended_on\":\"response\",\"duration\":3327.5610000003508,\"time_run\":127214.7700000005,\"time_render\":127210.874,\"time_show\":127226.969,\"time_end\":130554.53000000035,\"time_commit\":130555.74500000058,\"timestamp\":\"2021-04-28T14:10:59.661Z\",\"time_switch\":130575.454},{\"sender\":\"trial_screen\",\"sender_type\":\"canvas.Screen\",\"sender_id\":\"9_21\",\"correct\":false,\"trial_ID\":22,\"word1\":\"Ripat\",\"word2\":\"Patinatte\",\"word3\":\"Tapir\",\"word4\":\"Apitt\",\"word5\":\"Padir\",\"response\":\"2\",\"response_action\":\"keypress(2)\",\"correctResponse\":\"3\",\"ended_on\":\"response\",\"duration\":5677.886000000202,\"time_run\":130561.85500000083,\"time_render\":130559.042,\"time_show\":130575.454,\"time_end\":136253.3400000002,\"time_commit\":136254.7400000003,\"timestamp\":\"2021-04-28T14:11:05.360Z\",\"time_switch\":136272.621},{\"sender\":\"trial_screen\",\"sender_type\":\"canvas.Screen\",\"sender_id\":\"9_22\",\"correct\":false,\"trial_ID\":23,\"word1\":\"Akifer\",\"word2\":\"Fiaker\",\"word3\":\"Kiaffa\",\"word4\":\"Sariffer\",\"word5\":\"Refisker\",\"response\":\"1\",\"response_action\":\"keypress(1)\",\"correctResponse\":\"2\",\"ended_on\":\"response\",\"duration\":6220.919000000373,\"time_run\":136259.9850000006,\"time_render\":136256.43,\"time_show\":136272.621,\"time_end\":142493.5400000004,\"time_commit\":142494.75500000062,\"timestamp\":\"2021-04-28T14:11:11.600Z\",\"time_switch\":142502.929},{\"sender\":\"trial_screen\",\"sender_type\":\"canvas.Screen\",\"sender_id\":\"9_23\",\"correct\":false,\"trial_ID\":24,\"word1\":\"Kleiber\",\"word2\":\"Beikel\",\"word3\":\"Keibel\",\"word4\":\"Reikler\",\"word5\":\"Biekerl\",\"response\":\"3\",\"response_action\":\"keypress(3)\",\"correctResponse\":\"1\",\"ended_on\":\"response\",\"duration\":4768.671000000031,\"time_run\":142499.71500000084,\"time_render\":142486.866,\"time_show\":142502.929,\"time_end\":147271.60000000003,\"time_commit\":147272.90500000073,\"timestamp\":\"2021-04-28T14:11:16.378Z\",\"time_switch\":147283.972},{\"sender\":\"trial_screen\",\"sender_type\":\"canvas.Screen\",\"sender_id\":\"9_24\",\"correct\":true,\"trial_ID\":25,\"word1\":\"Ig\u00e4de\",\"word2\":\"D\u00e4gie\",\"word3\":\"\u00c4gide\",\"word4\":\"Dig\u00e4de\",\"word5\":\"Giad\",\"response\":\"3\",\"response_action\":\"keypress(3)\",\"correctResponse\":\"3\",\"ended_on\":\"response\",\"duration\":4653.768000000302,\"time_run\":147278.48000000085,\"time_render\":147267.73,\"time_show\":147283.972,\"time_end\":151937.7400000003,\"time_commit\":151939.07000000036,\"timestamp\":\"2021-04-28T14:11:21.045Z\",\"time_switch\":151948.443},{\"sender\":\"trial_screen\",\"sender_type\":\"canvas.Screen\",\"sender_id\":\"9_25\",\"correct\":true,\"trial_ID\":26,\"word1\":\"Rixal\",\"word2\":\"Irtax\",\"word3\":\"Rackizie\",\"word4\":\"Matrix\",\"word5\":\"Atrige\",\"response\":\"4\",\"response_action\":\"keypress(4)\",\"correctResponse\":\"4\",\"ended_on\":\"response\",\"duration\":2484.7120000006107,\"time_run\":151944.3000000001,\"time_render\":151932.194,\"time_show\":151948.443,\"time_end\":154433.1550000006,\"time_commit\":154434.37000000087,\"timestamp\":\"2021-04-28T14:11:23.540Z\",\"time_switch\":154447.168},{\"sender\":\"trial_screen\",\"sender_type\":\"canvas.Screen\",\"sender_id\":\"9_26\",\"correct\":false,\"trial_ID\":27,\"word1\":\"Haskisch\",\"word2\":\"Asmisch\",\"word3\":\"Schisma\",\"word4\":\"Rasthmie\",\"word5\":\"Ilschah\",\"response\":\"4\",\"response_action\":\"keypress(4)\",\"correctResponse\":\"3\",\"ended_on\":\"response\",\"duration\":4938.227000000246,\"time_run\":154439.2450000005,\"time_render\":154430.791,\"time_show\":154447.168,\"time_end\":159385.39500000025,\"time_commit\":159386.76000000033,\"timestamp\":\"2021-04-28T14:11:28.492Z\",\"time_switch\":159394.828},{\"sender\":\"trial_screen\",\"sender_type\":\"canvas.Screen\",\"sender_id\":\"9_27\",\"correct\":true,\"trial_ID\":28,\"word1\":\"Sallose\",\"word2\":\"Lordose\",\"word3\":\"Dormase\",\"word4\":\"Rollase\",\"word5\":\"Ardierole\",\"response\":\"2\",\"response_action\":\"keypress(2)\",\"correctResponse\":\"2\",\"ended_on\":\"response\",\"duration\":2015.4170000000158,\"time_run\":159391.66000000024,\"time_render\":159378.65,\"time_show\":159394.828,\"time_end\":161410.24500000002,\"time_commit\":161412.335,\"timestamp\":\"2021-04-28T14:11:30.518Z\",\"time_switch\":161427.199},{\"sender\":\"trial_screen\",\"sender_type\":\"canvas.Screen\",\"sender_id\":\"9_28\",\"correct\":false,\"trial_ID\":29,\"word1\":\"Intranotion\",\"word2\":\"Infranatura\",\"word3\":\"Internodium\",\"word4\":\"Indotalie\",\"word5\":\"Indosta\",\"response\":\"2\",\"response_action\":\"keypress(2)\",\"correctResponse\":\"3\",\"ended_on\":\"response\",\"duration\":7066.9960000002175,\"time_run\":161418.32500000054,\"time_render\":161410.733,\"time_show\":161427.199,\"time_end\":168494.1950000002,\"time_commit\":168495.50500000076,\"timestamp\":\"2021-04-28T14:11:37.601Z\",\"time_switch\":168507.253},{\"sender\":\"trial_screen\",\"sender_type\":\"canvas.Screen\",\"sender_id\":\"9_29\",\"correct\":true,\"trial_ID\":30,\"word1\":\"Idaste\",\"word2\":\"Dastrix\",\"word3\":\"Astike\",\"word4\":\"Sadile\",\"word5\":\"Kasside\",\"response\":\"5\",\"response_action\":\"keypress(5)\",\"correctResponse\":\"5\",\"ended_on\":\"response\",\"duration\":3437.497000000585,\"time_run\":168500.37500000052,\"time_render\":168491.098,\"time_show\":168507.253,\"time_end\":171944.75000000058,\"time_commit\":171946.09500000023,\"timestamp\":\"2021-04-28T14:11:41.052Z\",\"time_switch\":171955.476},{\"sender\":\"trial_screen\",\"sender_type\":\"canvas.Screen\",\"sender_id\":\"9_30\",\"correct\":false,\"trial_ID\":31,\"word1\":\"Libration\",\"word2\":\"Bilation\",\"word3\":\"Arlation\",\"word4\":\"Iberation\",\"word5\":\"Tiradon\",\"response\":\"4\",\"response_action\":\"keypress(4)\",\"correctResponse\":\"1\",\"ended_on\":\"response\",\"duration\":4313.109000000724,\"time_run\":171951.45000000048,\"time_render\":171939.136,\"time_show\":171955.476,\"time_end\":176268.58500000072,\"time_commit\":176269.82000000044,\"timestamp\":\"2021-04-28T14:11:45.376Z\",\"time_switch\":176286.69},{\"sender\":\"trial_screen\",\"sender_type\":\"canvas.Screen\",\"sender_id\":\"9_31\",\"correct\":false,\"trial_ID\":32,\"word1\":\"Pucker\",\"word2\":\"Keuper\",\"word3\":\"Eucker\",\"word4\":\"Reuspeck\",\"word5\":\"Urkane\",\"response\":\"5\",\"response_action\":\"keypress(5)\",\"correctResponse\":\"2\",\"ended_on\":\"response\",\"duration\":4848.055000000284,\"time_run\":176275.80500000023,\"time_render\":176270.503,\"time_show\":176286.69,\"time_end\":181134.7450000003,\"time_commit\":181136.09500000076,\"timestamp\":\"2021-04-28T14:11:50.242Z\",\"time_switch\":181151.029},{\"sender\":\"trial_screen\",\"sender_type\":\"canvas.Screen\",\"sender_id\":\"9_32\",\"correct\":false,\"trial_ID\":33,\"word1\":\"Sickaber\",\"word2\":\"Bassiker\",\"word3\":\"Kassiber\",\"word4\":\"Sassiker\",\"word5\":\"Askiber\",\"response\":\"1\",\"response_action\":\"keypress(1)\",\"correctResponse\":\"3\",\"ended_on\":\"response\",\"duration\":3494.9510000002338,\"time_run\":181142.05500000025,\"time_render\":181134.783,\"time_show\":181151.029,\"time_end\":184645.98000000024,\"time_commit\":184647.19500000047,\"timestamp\":\"2021-04-28T14:11:53.753Z\",\"time_switch\":184666.05},{\"sender\":\"trial_screen\",\"sender_type\":\"canvas.Screen\",\"sender_id\":\"9_33\",\"correct\":false,\"trial_ID\":34,\"word1\":\"Alquallon\",\"word2\":\"Lisqualien\",\"word3\":\"Talquallen\",\"word4\":\"Quisquilien\",\"word5\":\"Rielquellen\",\"response\":\"2\",\"response_action\":\"keypress(2)\",\"correctResponse\":\"4\",\"ended_on\":\"response\",\"duration\":3716.120000000781,\"time_run\":184652.6700000004,\"time_render\":184649.727,\"time_show\":184666.05,\"time_end\":188382.17000000077,\"time_commit\":188383.5850000005,\"timestamp\":\"2021-04-28T14:11:57.489Z\",\"time_switch\":188397.581},{\"sender\":\"trial_screen\",\"sender_type\":\"canvas.Screen\",\"sender_id\":\"9_34\",\"correct\":false,\"trial_ID\":35,\"word1\":\"Berkiza\",\"word2\":\"Brekzie\",\"word3\":\"Birakzie\",\"word4\":\"Brikazie\",\"word5\":\"Bakiria\",\"response\":\"3\",\"response_action\":\"keypress(3)\",\"correctResponse\":\"2\",\"ended_on\":\"response\",\"duration\":4388.949000000313,\"time_run\":188388.5450000007,\"time_render\":188381.29,\"time_show\":188397.581,\"time_end\":192786.53000000032,\"time_commit\":192787.78500000044,\"timestamp\":\"2021-04-28T14:12:01.894Z\",\"time_switch\":192795.461},{\"sender\":\"loop_trial\",\"sender_type\":\"flow.Loop\",\"sender_id\":\"9\",\"ended_on\":\"completion\",\"duration\":145304.6180000003,\"time_run\":47472.99000000021,\"time_render\":47465.843,\"time_show\":47481.912,\"time_end\":192786.53000000032,\"time_commit\":192792.64000000057,\"timestamp\":\"2021-04-28T14:12:01.898Z\",\"time_switch\":192795.461},{\"sender\":\"end_html\",\"sender_type\":\"html.Screen\",\"sender_id\":\"10\",\"response\":\"anykey\",\"response_action\":\"keypress\",\"ended_on\":\"response\",\"duration\":1582.3940000006114,\"time_run\":192792.96500000055,\"time_render\":192779.168,\"time_show\":192795.461,\"time_end\":194377.85500000062,\"time_commit\":194379.87000000066,\"timestamp\":\"2021-04-28T14:12:03.486Z\",\"time_switch\":194394.661},{\"sender\":\"root\",\"sender_type\":\"flow.Sequence\",\"sender_id\":null,\"ended_on\":\"completion\",\"duration\":193790.08200000064,\"time_run\":567.2350000004371,\"time_render\":571.116,\"time_show\":587.773,\"time_end\":194377.85500000062,\"time_commit\":194381.58500000008,\"timestamp\":\"2021-04-28T14:12:03.487Z\",\"time_switch\":194394.661}]",
    "metadata": "{\"slice\":0,\"id\":\"cfdf2e0b-dd8a-4f8a-90a8-3c7e404116a7\",\"payload\":\"full\"}",
    "url": "https://exp02.zih.tu-dresden.de/experiments/spot_a_word_task/"
}