{
    "data": "[{\"url\":{},\"meta\":{\"labjs_version\":\"20.1.1\",\"labjs_build\":{\"flavor\":\"production\",\"commit\":\"cd5695f774968f50499757c1423bd95d033ea08e\"},\"location\":\"https://exp02.zih.tu-dresden.de/experiments/raven_task/\",\"userAgent\":\"Mozilla/5.0 (Windows NT 10.0; Win64; x64; rv:78.0) Gecko/20100101 Firefox/78.0\",\"platform\":\"Win32\",\"language\":\"de\",\"locale\":\"de\",\"timeZone\":\"Europe/Berlin\",\"timezoneOffset\":-120,\"screen_width\":1920,\"screen_height\":1200,\"scroll_width\":1920,\"scroll_height\":1038,\"window_innerWidth\":1920,\"window_innerHeight\":1086,\"devicePixelRatio\":1},\"sender\":\"welcome\",\"sender_type\":\"canvas.Screen\",\"sender_id\":\"0\",\"ended_on\":\"timeout\",\"duration\":8006.779999999999,\"time_run\":1794,\"time_render\":1800,\"time_show\":1816.68,\"time_end\":9806.78,\"time_commit\":9809,\"timestamp\":\"2021-04-29T10:18:58.155Z\",\"time_switch\":9823.46},{\"sender\":\"instructions\",\"sender_type\":\"html.Page\",\"sender_id\":\"1\",\"response\":\"Space\",\"response_action\":\"keypress(Space)\",\"ended_on\":\"response\",\"duration\":13159.54,\"time_run\":9811,\"time_render\":9806.78,\"time_show\":9823.46,\"time_end\":22983,\"time_commit\":23000,\"timestamp\":\"2021-04-29T10:19:11.345Z\",\"time_switch\":23017.78},{\"sender\":\"example1\",\"sender_type\":\"canvas.Screen\",\"sender_id\":\"2\",\"response\":\"8\",\"response_action\":\"click(0) @8\",\"correctResponse\":\"8\",\"correct\":true,\"ended_on\":\"response\",\"duration\":9043.220000000001,\"time_run\":23002,\"time_render\":23001.64,\"time_show\":23017.78,\"time_end\":32061,\"time_commit\":32078,\"timestamp\":\"2021-04-29T10:19:20.424Z\",\"time_switch\":32108.52},{\"sender\":\"example1_feedback\",\"sender_type\":\"canvas.Screen\",\"sender_id\":\"3\",\"response\":\"space\",\"response_action\":\"keypress(Space)\",\"ended_on\":\"response\",\"duration\":1438.4799999999996,\"time_run\":32083,\"time_render\":32091.84,\"time_show\":32108.52,\"time_end\":33547,\"time_commit\":33558,\"timestamp\":\"2021-04-29T10:19:21.902Z\",\"time_switch\":33559.78},{\"sender\":\"example2\",\"sender_type\":\"canvas.Screen\",\"sender_id\":\"4\",\"response\":\"4\",\"response_action\":\"click(0) @4\",\"correctResponse\":\"4\",\"correct\":true,\"ended_on\":\"response\",\"duration\":4377.220000000001,\"time_run\":33558,\"time_render\":33558.02,\"time_show\":33559.78,\"time_end\":37937,\"time_commit\":37949,\"timestamp\":\"2021-04-29T10:19:26.295Z\",\"time_switch\":37980.12},{\"sender\":\"example2_feedback\",\"sender_type\":\"canvas.Screen\",\"sender_id\":\"5\",\"response\":\"space\",\"response_action\":\"keypress(Space)\",\"ended_on\":\"response\",\"duration\":1347.8799999999974,\"time_run\":37953,\"time_render\":37963.44,\"time_show\":37980.12,\"time_end\":39328,\"time_commit\":39333,\"timestamp\":\"2021-04-29T10:19:27.679Z\",\"time_switch\":39348},{\"sender\":\"get ready\",\"sender_type\":\"canvas.Screen\",\"sender_id\":\"6\",\"response\":\"Space\",\"response_action\":\"keypress(Space)\",\"ended_on\":\"response\",\"duration\":6494,\"time_run\":39335,\"time_render\":39334.4,\"time_show\":39348,\"time_end\":45842,\"time_commit\":45846,\"timestamp\":\"2021-04-29T10:19:34.190Z\",\"time_switch\":45853.3},{\"sender\":\"test01\",\"sender_type\":\"canvas.Screen\",\"sender_id\":\"7_0\",\"response\":\"8\",\"response_action\":\"click(0) @8\",\"correctResponse\":\"7\",\"correct\":false,\"ended_on\":\"response\",\"duration\":20521.699999999997,\"time_run\":45846,\"time_render\":45846.32,\"time_show\":45853.3,\"time_end\":66375,\"time_commit\":66381,\"timestamp\":\"2021-04-29T10:19:54.726Z\",\"time_switch\":66403.72},{\"sender\":\"test02\",\"sender_type\":\"canvas.Screen\",\"sender_id\":\"7_1\",\"response\":\"2\",\"response_action\":\"click(0) @2\",\"correctResponse\":\"4\",\"correct\":false,\"ended_on\":\"response\",\"duration\":13236.279999999999,\"time_run\":66382,\"time_render\":66387.04,\"time_show\":66403.72,\"time_end\":79640,\"time_commit\":79647,\"timestamp\":\"2021-04-29T10:20:07.992Z\",\"time_switch\":79664.66},{\"sender\":\"test03\",\"sender_type\":\"canvas.Screen\",\"sender_id\":\"7_2\",\"response\":\"5\",\"response_action\":\"click(0) @5\",\"correctResponse\":\"6\",\"correct\":false,\"ended_on\":\"response\",\"duration\":24834.339999999997,\"time_run\":79648,\"time_render\":79647.98,\"time_show\":79664.66,\"time_end\":104499,\"time_commit\":104509,\"timestamp\":\"2021-04-29T10:20:32.855Z\",\"time_switch\":104535.38},{\"sender\":\"test04\",\"sender_type\":\"canvas.Screen\",\"sender_id\":\"7_3\",\"response\":\"5\",\"response_action\":\"click(0) @5\",\"correctResponse\":\"2\",\"correct\":false,\"ended_on\":\"response\",\"duration\":25119.619999999995,\"time_run\":104510,\"time_render\":104518.7,\"time_show\":104535.38,\"time_end\":129655,\"time_commit\":129663,\"timestamp\":\"2021-04-29T10:20:58.008Z\",\"time_switch\":129689.48},{\"sender\":\"test05\",\"sender_type\":\"canvas.Screen\",\"sender_id\":\"7_4\",\"response\":\"4\",\"response_action\":\"click(0) @4\",\"correctResponse\":\"4\",\"correct\":true,\"ended_on\":\"response\",\"duration\":25982.520000000004,\"time_run\":129663,\"time_render\":129672.8,\"time_show\":129689.48,\"time_end\":155672,\"time_commit\":155685,\"timestamp\":\"2021-04-29T10:21:24.031Z\",\"time_switch\":155711.18},{\"sender\":\"test06\",\"sender_type\":\"canvas.Screen\",\"sender_id\":\"7_5\",\"response\":\"7\",\"response_action\":\"click(0) @7\",\"correctResponse\":\"7\",\"correct\":true,\"ended_on\":\"response\",\"duration\":25099.820000000007,\"time_run\":155686,\"time_render\":155694.5,\"time_show\":155711.18,\"time_end\":180811,\"time_commit\":180823,\"timestamp\":\"2021-04-29T10:21:49.169Z\",\"time_switch\":180848.72},{\"sender\":\"test07\",\"sender_type\":\"canvas.Screen\",\"sender_id\":\"7_6\",\"response\":\"1\",\"response_action\":\"click(0) @1\",\"correctResponse\":\"8\",\"correct\":false,\"ended_on\":\"response\",\"duration\":14057.279999999999,\"time_run\":180825,\"time_render\":180832.04,\"time_show\":180848.72,\"time_end\":194906,\"time_commit\":194910,\"timestamp\":\"2021-04-29T10:22:03.256Z\",\"time_switch\":194927.02},{\"sender\":\"test08\",\"sender_type\":\"canvas.Screen\",\"sender_id\":\"7_7\",\"response\":\"4\",\"response_action\":\"click(0) @4\",\"correctResponse\":\"7\",\"correct\":false,\"ended_on\":\"response\",\"duration\":33118.98000000001,\"time_run\":194910,\"time_render\":194910.34,\"time_show\":194927.02,\"time_end\":228046,\"time_commit\":228061,\"timestamp\":\"2021-04-29T10:22:36.407Z\",\"time_switch\":228087.94},{\"sender\":\"test09\",\"sender_type\":\"canvas.Screen\",\"sender_id\":\"7_8\",\"response\":\"4\",\"response_action\":\"click(0) @4\",\"correctResponse\":\"5\",\"correct\":false,\"ended_on\":\"response\",\"duration\":19020.059999999998,\"time_run\":228062,\"time_render\":228071.26,\"time_show\":228087.94,\"time_end\":247108,\"time_commit\":247119,\"timestamp\":\"2021-04-29T10:22:55.466Z\",\"time_switch\":247137.02},{\"sender\":\"test10\",\"sender_type\":\"canvas.Screen\",\"sender_id\":\"7_9\",\"response\":\"6\",\"response_action\":\"click(0) @6\",\"correctResponse\":\"5\",\"correct\":false,\"ended_on\":\"response\",\"duration\":16784.98000000001,\"time_run\":247121,\"time_render\":247120.34,\"time_show\":247137.02,\"time_end\":263922,\"time_commit\":263934,\"timestamp\":\"2021-04-29T10:23:12.280Z\",\"time_switch\":263951},{\"sender\":\"test11\",\"sender_type\":\"canvas.Screen\",\"sender_id\":\"7_10\",\"response\":\"7\",\"response_action\":\"click(0) @7\",\"correctResponse\":\"4\",\"correct\":false,\"ended_on\":\"response\",\"duration\":18751,\"time_run\":263934,\"time_render\":263934.32,\"time_show\":263951,\"time_end\":282702,\"time_commit\":282718,\"timestamp\":\"2021-04-29T10:23:31.064Z\",\"time_switch\":282749.88},{\"sender\":\"test12\",\"sender_type\":\"canvas.Screen\",\"sender_id\":\"7_11\",\"response\":\"2\",\"response_action\":\"click(0) @2\",\"correctResponse\":\"1\",\"correct\":false,\"ended_on\":\"response\",\"duration\":10561.119999999995,\"time_run\":282718,\"time_render\":282733.2,\"time_show\":282749.88,\"time_end\":293311,\"time_commit\":293325,\"timestamp\":\"2021-04-29T10:23:41.671Z\",\"time_switch\":293342.04},{\"sender\":\"tests (15min)\",\"sender_type\":\"flow.Sequence\",\"sender_id\":\"7\",\"ended_on\":\"completion\",\"duration\":247457.7,\"time_run\":45846,\"time_render\":45846.32,\"time_show\":45853.3,\"time_end\":293311,\"time_commit\":293326,\"timestamp\":\"2021-04-29T10:23:41.673Z\",\"time_switch\":293342.04},{\"sender\":\"good bye\",\"sender_type\":\"canvas.Screen\",\"sender_id\":\"8\",\"ended_on\":\"timeout\",\"duration\":4003.4000000000233,\"time_run\":293327,\"time_render\":293325.36,\"time_show\":293342.04,\"time_end\":297328.76,\"time_commit\":297329,\"timestamp\":\"2021-04-29T10:23:45.675Z\",\"time_switch\":297345.44},{\"sender\":\"root\",\"sender_type\":\"flow.Sequence\",\"sender_id\":null,\"ended_on\":\"completion\",\"duration\":295512.08,\"time_run\":1794,\"time_render\":1800,\"time_show\":1816.68,\"time_end\":297328.76,\"time_commit\":297330,\"timestamp\":\"2021-04-29T10:23:45.676Z\",\"time_switch\":297345.44}]",
    "metadata": "{\"slice\":0,\"id\":\"3c9702da-adf1-49d7-bcd8-577561321cd7\",\"payload\":\"full\"}",
    "url": "https://exp02.zih.tu-dresden.de/experiments/raven_task/"
}