{
    "data": "[{\"url\":{},\"meta\":{\"labjs_version\":\"20.1.1\",\"labjs_build\":{\"flavor\":\"production\",\"commit\":\"cd5695f774968f50499757c1423bd95d033ea08e\"},\"location\":\"https://exp02.zih.tu-dresden.de/experiments/raven_task/\",\"userAgent\":\"Mozilla/5.0 (Windows NT 10.0; Win64; x64; rv:90.0) Gecko/20100101 Firefox/90.0\",\"platform\":\"Win32\",\"language\":\"de\",\"locale\":\"de-DE\",\"timeZone\":\"Europe/Berlin\",\"timezoneOffset\":-120,\"screen_width\":1280,\"screen_height\":720,\"scroll_width\":1280,\"scroll_height\":595,\"window_innerWidth\":1280,\"window_innerHeight\":595,\"devicePixelRatio\":1.5},\"sender\":\"welcome\",\"sender_type\":\"canvas.Screen\",\"sender_id\":\"0\",\"ended_on\":\"timeout\",\"duration\":7997.26,\"time_run\":1036,\"time_render\":1036.32,\"time_show\":1041.18,\"time_end\":9021.78,\"time_commit\":9032,\"timestamp\":\"2021-08-09T21:45:11.612Z\",\"time_switch\":9038.44},{\"sender\":\"instructions\",\"sender_type\":\"html.Page\",\"sender_id\":\"1\",\"response\":\"Space\",\"response_action\":\"keypress(Space)\",\"ended_on\":\"response\",\"duration\":30340.559999999998,\"time_run\":9036,\"time_render\":9021.78,\"time_show\":9038.44,\"time_end\":39379,\"time_commit\":39386,\"timestamp\":\"2021-08-09T21:45:41.966Z\",\"time_switch\":39394.78},{\"sender\":\"example1\",\"sender_type\":\"canvas.Screen\",\"sender_id\":\"2\",\"response\":\"8\",\"response_action\":\"click(0) @8\",\"correctResponse\":\"8\",\"correct\":true,\"ended_on\":\"response\",\"duration\":8656.220000000001,\"time_run\":39387,\"time_render\":39386.94,\"time_show\":39394.78,\"time_end\":48051,\"time_commit\":48067,\"timestamp\":\"2021-08-09T21:45:50.646Z\",\"time_switch\":48091.82},{\"sender\":\"example1_feedback\",\"sender_type\":\"canvas.Screen\",\"sender_id\":\"3\",\"response\":\"space\",\"response_action\":\"keypress(Space)\",\"ended_on\":\"response\",\"duration\":1990.1800000000003,\"time_run\":48073,\"time_render\":48075.16,\"time_show\":48091.82,\"time_end\":50082,\"time_commit\":50093,\"timestamp\":\"2021-08-09T21:45:52.672Z\",\"time_switch\":50107.8},{\"sender\":\"example2\",\"sender_type\":\"canvas.Screen\",\"sender_id\":\"4\",\"response\":\"4\",\"response_action\":\"click(0) @4\",\"correctResponse\":\"4\",\"correct\":true,\"ended_on\":\"response\",\"duration\":9333.199999999997,\"time_run\":50094,\"time_render\":50094.7,\"time_show\":50107.8,\"time_end\":59441,\"time_commit\":59456,\"timestamp\":\"2021-08-09T21:46:02.035Z\",\"time_switch\":59471.28},{\"sender\":\"example2_feedback\",\"sender_type\":\"canvas.Screen\",\"sender_id\":\"5\",\"response\":\"space\",\"response_action\":\"keypress(Space)\",\"ended_on\":\"response\",\"duration\":1000.7200000000012,\"time_run\":59467,\"time_render\":59467.12,\"time_show\":59471.28,\"time_end\":60472,\"time_commit\":60479,\"timestamp\":\"2021-08-09T21:46:03.057Z\",\"time_switch\":60487.6},{\"sender\":\"get ready\",\"sender_type\":\"canvas.Screen\",\"sender_id\":\"6\",\"response\":\"Space\",\"response_action\":\"keypress(Space)\",\"ended_on\":\"response\",\"duration\":2672.4000000000015,\"time_run\":60479,\"time_render\":60479.14,\"time_show\":60487.6,\"time_end\":63160,\"time_commit\":63171,\"timestamp\":\"2021-08-09T21:46:05.749Z\",\"time_switch\":63186.68},{\"sender\":\"test01\",\"sender_type\":\"canvas.Screen\",\"sender_id\":\"7_0\",\"response\":\"8\",\"response_action\":\"click(0) @8\",\"correctResponse\":\"7\",\"correct\":false,\"ended_on\":\"response\",\"duration\":5989.32,\"time_run\":63171,\"time_render\":63171.14,\"time_show\":63186.68,\"time_end\":69176,\"time_commit\":69194,\"timestamp\":\"2021-08-09T21:46:11.773Z\",\"time_switch\":69201.3},{\"sender\":\"test02\",\"sender_type\":\"canvas.Screen\",\"sender_id\":\"7_1\",\"response\":\"4\",\"response_action\":\"click(0) @4\",\"correctResponse\":\"4\",\"correct\":true,\"ended_on\":\"response\",\"duration\":20520.699999999997,\"time_run\":69195,\"time_render\":69192.16,\"time_show\":69201.3,\"time_end\":89722,\"time_commit\":89729,\"timestamp\":\"2021-08-09T21:46:32.307Z\",\"time_switch\":89744.32},{\"sender\":\"test03\",\"sender_type\":\"canvas.Screen\",\"sender_id\":\"7_2\",\"response\":\"6\",\"response_action\":\"click(0) @6\",\"correctResponse\":\"6\",\"correct\":true,\"ended_on\":\"response\",\"duration\":5993.679999999993,\"time_run\":89729,\"time_render\":89726.62,\"time_show\":89744.32,\"time_end\":95738,\"time_commit\":95751,\"timestamp\":\"2021-08-09T21:46:38.331Z\",\"time_switch\":95758.94},{\"sender\":\"test04\",\"sender_type\":\"canvas.Screen\",\"sender_id\":\"7_3\",\"response\":\"2\",\"response_action\":\"click(0) @2\",\"correctResponse\":\"2\",\"correct\":true,\"ended_on\":\"response\",\"duration\":26854.059999999998,\"time_run\":95752,\"time_render\":95750.42,\"time_show\":95758.94,\"time_end\":122613,\"time_commit\":122632,\"timestamp\":\"2021-08-09T21:47:05.211Z\",\"time_switch\":122649.78},{\"sender\":\"test05\",\"sender_type\":\"canvas.Screen\",\"sender_id\":\"7_4\",\"response\":\"4\",\"response_action\":\"click(0) @4\",\"correctResponse\":\"4\",\"correct\":true,\"ended_on\":\"response\",\"duration\":28744.22,\"time_run\":122633,\"time_render\":122630.38,\"time_show\":122649.78,\"time_end\":151394,\"time_commit\":151400,\"timestamp\":\"2021-08-09T21:47:33.979Z\",\"time_switch\":151406.66},{\"sender\":\"test06\",\"sender_type\":\"canvas.Screen\",\"sender_id\":\"7_5\",\"response\":\"1\",\"response_action\":\"click(0) @1\",\"correctResponse\":\"7\",\"correct\":false,\"ended_on\":\"response\",\"duration\":18940.339999999997,\"time_run\":151401,\"time_render\":151397.96,\"time_show\":151406.66,\"time_end\":170347,\"time_commit\":170351,\"timestamp\":\"2021-08-09T21:47:52.930Z\",\"time_switch\":170351.32},{\"sender\":\"test07\",\"sender_type\":\"canvas.Screen\",\"sender_id\":\"7_6\",\"response\":\"4\",\"response_action\":\"click(0) @4\",\"correctResponse\":\"8\",\"correct\":false,\"ended_on\":\"response\",\"duration\":25761.679999999993,\"time_run\":170351,\"time_render\":170349.82,\"time_show\":170351.32,\"time_end\":196113,\"time_commit\":196127,\"timestamp\":\"2021-08-09T21:48:18.706Z\",\"time_switch\":196142.54},{\"sender\":\"test08\",\"sender_type\":\"canvas.Screen\",\"sender_id\":\"7_7\",\"response\":\"7\",\"response_action\":\"click(0) @7\",\"correctResponse\":\"7\",\"correct\":true,\"ended_on\":\"response\",\"duration\":19408.459999999992,\"time_run\":196128,\"time_render\":196125.98,\"time_show\":196142.54,\"time_end\":215551,\"time_commit\":215568,\"timestamp\":\"2021-08-09T21:48:38.147Z\",\"time_switch\":215585.92},{\"sender\":\"test09\",\"sender_type\":\"canvas.Screen\",\"sender_id\":\"7_8\",\"response\":\"3\",\"response_action\":\"click(0) @3\",\"correctResponse\":\"5\",\"correct\":false,\"ended_on\":\"response\",\"duration\":52543.07999999999,\"time_run\":215568,\"time_render\":215566.34,\"time_show\":215585.92,\"time_end\":268129,\"time_commit\":268143,\"timestamp\":\"2021-08-09T21:49:30.722Z\",\"time_switch\":268151.36},{\"sender\":\"test10\",\"sender_type\":\"canvas.Screen\",\"sender_id\":\"7_9\",\"response\":\"8\",\"response_action\":\"click(0) @8\",\"correctResponse\":\"5\",\"correct\":false,\"ended_on\":\"response\",\"duration\":99008.64000000001,\"time_run\":268143,\"time_render\":268141.94,\"time_show\":268151.36,\"time_end\":367160,\"time_commit\":367176,\"timestamp\":\"2021-08-09T21:51:09.755Z\",\"time_switch\":367184.32},{\"sender\":\"test11\",\"sender_type\":\"canvas.Screen\",\"sender_id\":\"7_10\",\"response\":\"4\",\"response_action\":\"click(0) @4\",\"correctResponse\":\"4\",\"correct\":true,\"ended_on\":\"response\",\"duration\":125444.68,\"time_run\":367177,\"time_render\":367175.08,\"time_show\":367184.32,\"time_end\":492629,\"time_commit\":492634,\"timestamp\":\"2021-08-09T21:53:15.213Z\",\"time_switch\":492641.62},{\"sender\":\"test12\",\"sender_type\":\"canvas.Screen\",\"sender_id\":\"7_11\",\"response\":\"4\",\"response_action\":\"click(0) @4\",\"correctResponse\":\"1\",\"correct\":false,\"ended_on\":\"response\",\"duration\":82752.38,\"time_run\":492635,\"time_render\":492632.98,\"time_show\":492641.62,\"time_end\":575394,\"time_commit\":575408,\"timestamp\":\"2021-08-09T21:54:37.987Z\",\"time_switch\":575413.44},{\"sender\":\"tests (15min)\",\"sender_type\":\"flow.Sequence\",\"sender_id\":\"7\",\"ended_on\":\"completion\",\"duration\":512207.32,\"time_run\":63171,\"time_render\":63171.14,\"time_show\":63186.68,\"time_end\":575394,\"time_commit\":575410,\"timestamp\":\"2021-08-09T21:54:37.989Z\",\"time_switch\":575413.44},{\"sender\":\"good bye\",\"sender_type\":\"canvas.Screen\",\"sender_id\":\"8\",\"ended_on\":\"timeout\",\"duration\":3998.640000000014,\"time_run\":575411,\"time_render\":575406.86,\"time_show\":575413.44,\"time_end\":579395.42,\"time_commit\":579398,\"timestamp\":\"2021-08-09T21:54:41.977Z\",\"time_switch\":579412.08},{\"sender\":\"root\",\"sender_type\":\"flow.Sequence\",\"sender_id\":null,\"ended_on\":\"completion\",\"duration\":578354.24,\"time_run\":1036,\"time_render\":1036.32,\"time_show\":1041.18,\"time_end\":579395.42,\"time_commit\":579403,\"timestamp\":\"2021-08-09T21:54:41.982Z\",\"time_switch\":579412.08}]",
    "metadata": "{\"slice\":0,\"id\":\"41516d57-00d9-4e64-a708-27337f0c2865\",\"payload\":\"full\"}",
    "url": "https://exp02.zih.tu-dresden.de/experiments/raven_task/"
}