{
    "data": "[{\"url\":{},\"meta\":{\"labjs_version\":\"20.1.1\",\"labjs_build\":{\"flavor\":\"production\",\"commit\":\"cd5695f774968f50499757c1423bd95d033ea08e\"},\"location\":\"https://exp02.zih.tu-dresden.de/experiments/spot_a_word_task/\",\"userAgent\":\"Mozilla/5.0 (Windows NT 10.0; Win64; x64; rv:98.0) Gecko/20100101 Firefox/98.0\",\"platform\":\"Win32\",\"language\":\"de\",\"locale\":\"de-DE\",\"timeZone\":\"Europe/Berlin\",\"timezoneOffset\":-60,\"screen_width\":1920,\"screen_height\":1080,\"scroll_width\":1920,\"scroll_height\":879,\"window_innerWidth\":1920,\"window_innerHeight\":927,\"devicePixelRatio\":1},\"sender\":\"start_html\",\"sender_type\":\"html.Screen\",\"sender_id\":\"0\",\"ended_on\":\"timeout\",\"duration\":5999.2,\"time_run\":547,\"time_render\":567.94,\"time_show\":584.6,\"time_end\":6567.14,\"time_commit\":6569,\"timestamp\":\"2022-03-12T17:37:12.542Z\",\"time_switch\":6583.8},{\"sender\":\"manual_html\",\"sender_type\":\"html.Screen\",\"sender_id\":\"1\",\"response\":\"space\",\"response_action\":\"keypress(Space)\",\"ended_on\":\"response\",\"duration\":67805.2,\"time_run\":6570,\"time_render\":6567.14,\"time_show\":6583.8,\"time_end\":74389,\"time_commit\":74399,\"timestamp\":\"2022-03-12T17:38:20.372Z\",\"time_switch\":74424.94},{\"sender\":\"example1_screen\",\"sender_type\":\"canvas.Screen\",\"sender_id\":\"2\",\"response\":\"4\",\"response_action\":\"keypress(4)\",\"correctResponse\":\"4\",\"correct\":true,\"ended_on\":\"response\",\"duration\":4355.059999999998,\"time_run\":74417,\"time_render\":74417.2,\"time_show\":74424.94,\"time_end\":78780,\"time_commit\":78788,\"timestamp\":\"2022-03-12T17:38:24.762Z\",\"time_switch\":78807.7},{\"sender\":\"example1_feedback\",\"sender_type\":\"canvas.Screen\",\"sender_id\":\"3\",\"response\":\"Space\",\"response_action\":\"keypress(Space)\",\"ended_on\":\"response\",\"duration\":2363.300000000003,\"time_run\":78801,\"time_render\":78800.88,\"time_show\":78807.7,\"time_end\":81171,\"time_commit\":81188,\"timestamp\":\"2022-03-12T17:38:27.161Z\",\"time_switch\":81207.38},{\"sender\":\"example2_screen\",\"sender_type\":\"canvas.Screen\",\"sender_id\":\"4\",\"response\":\"5\",\"response_action\":\"keypress(5)\",\"correctResponse\":\"5\",\"correct\":true,\"ended_on\":\"response\",\"duration\":5838.619999999995,\"time_run\":81194,\"time_render\":81194.9,\"time_show\":81207.38,\"time_end\":87046,\"time_commit\":87064,\"timestamp\":\"2022-03-12T17:38:33.038Z\",\"time_switch\":87089.94},{\"sender\":\"example2_feedback\",\"sender_type\":\"canvas.Screen\",\"sender_id\":\"5\",\"response\":\"Space\",\"response_action\":\"keypress(Space)\",\"ended_on\":\"response\",\"duration\":737.0599999999977,\"time_run\":87076,\"time_render\":87076.18,\"time_show\":87089.94,\"time_end\":87827,\"time_commit\":87835,\"timestamp\":\"2022-03-12T17:38:33.808Z\",\"time_switch\":87856.5},{\"sender\":\"example3_screen\",\"sender_type\":\"canvas.Screen\",\"sender_id\":\"6\",\"response\":\"1\",\"response_action\":\"keypress(1)\",\"correctResponse\":\"1\",\"correct\":true,\"ended_on\":\"response\",\"duration\":2907.5,\"time_run\":87847,\"time_render\":87846.76,\"time_show\":87856.5,\"time_end\":90764,\"time_commit\":90783,\"timestamp\":\"2022-03-12T17:38:36.757Z\",\"time_switch\":90806.12},{\"sender\":\"example3_feedback\",\"sender_type\":\"canvas.Screen\",\"sender_id\":\"7\",\"response\":\"Space\",\"response_action\":\"keypress(Space)\",\"ended_on\":\"response\",\"duration\":1442.8800000000047,\"time_run\":90790,\"time_render\":90790.22,\"time_show\":90806.12,\"time_end\":92249,\"time_commit\":92267,\"timestamp\":\"2022-03-12T17:38:38.241Z\",\"time_switch\":92272.6},{\"sender\":\"get_ready_html\",\"sender_type\":\"html.Screen\",\"sender_id\":\"8\",\"response\":\"space\",\"response_action\":\"keypress(Space)\",\"ended_on\":\"response\",\"duration\":18757.399999999994,\"time_run\":92268,\"time_render\":92267.84,\"time_show\":92272.6,\"time_end\":111030,\"time_commit\":111048,\"timestamp\":\"2022-03-12T17:38:57.021Z\",\"time_switch\":111086.8},{\"sender\":\"trial_screen\",\"sender_type\":\"canvas.Screen\",\"sender_id\":\"9_0\",\"correct\":true,\"trial_ID\":1,\"word1\":\"siziol\",\"word2\":\"salzahl\",\"word3\":\"sozihl\",\"word4\":\"sziam\",\"word5\":\"sozial\",\"response\":\"5\",\"response_action\":\"keypress(5)\",\"correctResponse\":\"5\",\"ended_on\":\"response\",\"duration\":3631.199999999997,\"time_run\":111076,\"time_render\":111076.22,\"time_show\":111086.8,\"time_end\":114718,\"time_commit\":114733,\"timestamp\":\"2022-03-12T17:39:00.707Z\",\"time_switch\":114752.98},{\"sender\":\"trial_screen\",\"sender_type\":\"canvas.Screen\",\"sender_id\":\"9_1\",\"correct\":true,\"trial_ID\":2,\"word1\":\"Lamone\",\"word2\":\"Talane\",\"word3\":\"Matrone\",\"word4\":\"Tarone\",\"word5\":\"Malonte\",\"response\":\"3\",\"response_action\":\"keypress(3)\",\"correctResponse\":\"3\",\"ended_on\":\"response\",\"duration\":3200.020000000004,\"time_run\":114743,\"time_render\":114742.34,\"time_show\":114752.98,\"time_end\":117953,\"time_commit\":117969,\"timestamp\":\"2022-03-12T17:39:03.942Z\",\"time_switch\":117985.9},{\"sender\":\"trial_screen\",\"sender_type\":\"canvas.Screen\",\"sender_id\":\"9_2\",\"correct\":true,\"trial_ID\":3,\"word1\":\"kurinesisch\",\"word2\":\"kulinarisch\",\"word3\":\"kumenisch\",\"word4\":\"kulissarisch\",\"word5\":\"kannastrisch\",\"response\":\"2\",\"response_action\":\"keypress(2)\",\"correctResponse\":\"2\",\"ended_on\":\"response\",\"duration\":2637.100000000006,\"time_run\":117984,\"time_render\":117983.62,\"time_show\":117985.9,\"time_end\":120623,\"time_commit\":120638,\"timestamp\":\"2022-03-12T17:39:06.612Z\",\"time_switch\":120652.22},{\"sender\":\"trial_screen\",\"sender_type\":\"canvas.Screen\",\"sender_id\":\"9_3\",\"correct\":true,\"trial_ID\":4,\"word1\":\"Tinxur\",\"word2\":\"Kukutur\",\"word3\":\"Fraktan\",\"word4\":\"Tinktur\",\"word5\":\"Rimsuhr\",\"response\":\"4\",\"response_action\":\"keypress(4)\",\"correctResponse\":\"4\",\"ended_on\":\"response\",\"duration\":3017.779999999999,\"time_run\":120651,\"time_render\":120651.7,\"time_show\":120652.22,\"time_end\":123670,\"time_commit\":123689,\"timestamp\":\"2022-03-12T17:39:09.662Z\",\"time_switch\":123701.82},{\"sender\":\"trial_screen\",\"sender_type\":\"canvas.Screen\",\"sender_id\":\"9_4\",\"correct\":true,\"trial_ID\":5,\"word1\":\"beralen\",\"word2\":\"ger\u00e4ltet\",\"word3\":\"an\u00e4lteren\",\"word4\":\"unt\u00e4ren\",\"word5\":\"verbr\u00e4men\",\"response\":\"5\",\"response_action\":\"keypress(5)\",\"correctResponse\":\"5\",\"ended_on\":\"response\",\"duration\":5469.179999999993,\"time_run\":123695,\"time_render\":123695.28,\"time_show\":123701.82,\"time_end\":129171,\"time_commit\":129182,\"timestamp\":\"2022-03-12T17:39:15.156Z\",\"time_switch\":129201.1},{\"sender\":\"trial_screen\",\"sender_type\":\"canvas.Screen\",\"sender_id\":\"9_5\",\"correct\":true,\"trial_ID\":6,\"word1\":\"Rosto\",\"word2\":\"Torso\",\"word3\":\"Soro\",\"word4\":\"Torgos\",\"word5\":\"Tosor\",\"response\":\"2\",\"response_action\":\"keypress(2)\",\"correctResponse\":\"2\",\"ended_on\":\"response\",\"duration\":2672.899999999994,\"time_run\":129191,\"time_render\":129191.76,\"time_show\":129201.1,\"time_end\":131874,\"time_commit\":131887,\"timestamp\":\"2022-03-12T17:39:17.861Z\",\"time_switch\":131900.74},{\"sender\":\"trial_screen\",\"sender_type\":\"canvas.Screen\",\"sender_id\":\"9_6\",\"correct\":true,\"trial_ID\":7,\"word1\":\"Redor\",\"word2\":\"Radium\",\"word3\":\"Terion\",\"word4\":\"Dramin\",\"word5\":\"Orakium\",\"response\":\"2\",\"response_action\":\"keypress(2)\",\"correctResponse\":\"2\",\"ended_on\":\"response\",\"duration\":2488.2600000000093,\"time_run\":131895,\"time_render\":131894.92,\"time_show\":131900.74,\"time_end\":134389,\"time_commit\":134401,\"timestamp\":\"2022-03-12T17:39:20.375Z\",\"time_switch\":134417.08},{\"sender\":\"trial_screen\",\"sender_type\":\"canvas.Screen\",\"sender_id\":\"9_7\",\"correct\":true,\"trial_ID\":8,\"word1\":\"Nale\",\"word2\":\"Sahe\",\"word3\":\"Nase\",\"word4\":\"Nesa\",\"word5\":\"Sehna\",\"response\":\"3\",\"response_action\":\"keypress(3)\",\"correctResponse\":\"3\",\"ended_on\":\"response\",\"duration\":1816.9200000000128,\"time_run\":134409,\"time_render\":134409.1,\"time_show\":134417.08,\"time_end\":136234,\"time_commit\":136245,\"timestamp\":\"2022-03-12T17:39:22.218Z\",\"time_switch\":136266.84},{\"sender\":\"trial_screen\",\"sender_type\":\"canvas.Screen\",\"sender_id\":\"9_8\",\"correct\":true,\"trial_ID\":9,\"word1\":\"Rilkiase\",\"word2\":\"Kilister\",\"word3\":\"Riliker\",\"word4\":\"Klistier\",\"word5\":\"Linkure\",\"response\":\"4\",\"response_action\":\"keypress(4)\",\"correctResponse\":\"4\",\"ended_on\":\"response\",\"duration\":6606.1600000000035,\"time_run\":136251,\"time_render\":136251.4,\"time_show\":136266.84,\"time_end\":142873,\"time_commit\":142889,\"timestamp\":\"2022-03-12T17:39:28.863Z\",\"time_switch\":142899.76},{\"sender\":\"trial_screen\",\"sender_type\":\"canvas.Screen\",\"sender_id\":\"9_9\",\"correct\":true,\"trial_ID\":10,\"word1\":\"kentern\",\"word2\":\"knerte\",\"word3\":\"kanzen\",\"word4\":\"kretern\",\"word5\":\"trekern\",\"response\":\"1\",\"response_action\":\"keypress(1)\",\"correctResponse\":\"1\",\"ended_on\":\"response\",\"duration\":3833.2399999999907,\"time_run\":142894,\"time_render\":142893.82,\"time_show\":142899.76,\"time_end\":146733,\"time_commit\":146744,\"timestamp\":\"2022-03-12T17:39:32.718Z\",\"time_switch\":146765.92},{\"sender\":\"trial_screen\",\"sender_type\":\"canvas.Screen\",\"sender_id\":\"9_10\",\"correct\":true,\"trial_ID\":11,\"word1\":\"Sorekin\",\"word2\":\"Sarowin\",\"word3\":\"Rosakin\",\"word4\":\"Narosin\",\"word5\":\"Kerosin\",\"response\":\"5\",\"response_action\":\"keypress(5)\",\"correctResponse\":\"5\",\"ended_on\":\"response\",\"duration\":4123.079999999987,\"time_run\":146758,\"time_render\":146758.48,\"time_show\":146765.92,\"time_end\":150889,\"time_commit\":150903,\"timestamp\":\"2022-03-12T17:39:36.877Z\",\"time_switch\":150915.36},{\"sender\":\"trial_screen\",\"sender_type\":\"canvas.Screen\",\"sender_id\":\"9_11\",\"correct\":true,\"trial_ID\":12,\"word1\":\"Ralke\",\"word2\":\"Korre\",\"word3\":\"Ruckse\",\"word4\":\"Recke\",\"word5\":\"Ulte\",\"response\":\"4\",\"response_action\":\"keypress(4)\",\"correctResponse\":\"4\",\"ended_on\":\"response\",\"duration\":4957.640000000014,\"time_run\":150912,\"time_render\":150912.82,\"time_show\":150915.36,\"time_end\":155873,\"time_commit\":155883,\"timestamp\":\"2022-03-12T17:39:41.856Z\",\"time_switch\":155898.04},{\"sender\":\"trial_screen\",\"sender_type\":\"canvas.Screen\",\"sender_id\":\"9_12\",\"correct\":true,\"trial_ID\":13,\"word1\":\"Kapaun\",\"word2\":\"Paukan\",\"word3\":\"Naupack\",\"word4\":\"Aupeck\",\"word5\":\"Ankepran\",\"response\":\"1\",\"response_action\":\"keypress(1)\",\"correctResponse\":\"1\",\"ended_on\":\"response\",\"duration\":2397.959999999992,\"time_run\":155891,\"time_render\":155890.76,\"time_show\":155898.04,\"time_end\":158296,\"time_commit\":158306,\"timestamp\":\"2022-03-12T17:39:44.279Z\",\"time_switch\":158314.4},{\"sender\":\"trial_screen\",\"sender_type\":\"canvas.Screen\",\"sender_id\":\"9_13\",\"correct\":true,\"trial_ID\":14,\"word1\":\"Dissonanz\",\"word2\":\"Diskrisanz\",\"word3\":\"Distranz\",\"word4\":\"Dinotanz\",\"word5\":\"Sidonenz\",\"response\":\"1\",\"response_action\":\"keypress(1)\",\"correctResponse\":\"1\",\"ended_on\":\"response\",\"duration\":10730.600000000006,\"time_run\":158314,\"time_render\":158314.2,\"time_show\":158314.4,\"time_end\":169045,\"time_commit\":169051,\"timestamp\":\"2022-03-12T17:39:55.025Z\",\"time_switch\":169063},{\"sender\":\"trial_screen\",\"sender_type\":\"canvas.Screen\",\"sender_id\":\"9_14\",\"correct\":true,\"trial_ID\":15,\"word1\":\"Kirse\",\"word2\":\"Sirke\",\"word3\":\"Krise\",\"word4\":\"Krospe\",\"word5\":\"Seris\",\"response\":\"3\",\"response_action\":\"keypress(3)\",\"correctResponse\":\"3\",\"ended_on\":\"response\",\"duration\":2765,\"time_run\":169058,\"time_render\":169058.08,\"time_show\":169063,\"time_end\":171828,\"time_commit\":171842,\"timestamp\":\"2022-03-12T17:39:57.815Z\",\"time_switch\":171879.3},{\"sender\":\"trial_screen\",\"sender_type\":\"canvas.Screen\",\"sender_id\":\"9_15\",\"correct\":true,\"trial_ID\":16,\"word1\":\"Tume\",\"word2\":\"Umat\",\"word3\":\"Maut\",\"word4\":\"Taum\",\"word5\":\"Muta\",\"response\":\"3\",\"response_action\":\"keypress(3)\",\"correctResponse\":\"3\",\"ended_on\":\"response\",\"duration\":4681.700000000012,\"time_run\":171863,\"time_render\":171862.96,\"time_show\":171879.3,\"time_end\":176561,\"time_commit\":176570,\"timestamp\":\"2022-03-12T17:40:02.544Z\",\"time_switch\":176595.34},{\"sender\":\"trial_screen\",\"sender_type\":\"canvas.Screen\",\"sender_id\":\"9_16\",\"correct\":true,\"trial_ID\":17,\"word1\":\"Tuhl\",\"word2\":\"Lar\",\"word3\":\"Lest\",\"word4\":\"Dall\",\"word5\":\"Lid\",\"response\":\"5\",\"response_action\":\"keypress(5)\",\"correctResponse\":\"5\",\"ended_on\":\"response\",\"duration\":3715.6600000000035,\"time_run\":176585,\"time_render\":176584.18,\"time_show\":176595.34,\"time_end\":180311,\"time_commit\":180328,\"timestamp\":\"2022-03-12T17:40:06.301Z\",\"time_switch\":180344.84},{\"sender\":\"trial_screen\",\"sender_type\":\"canvas.Screen\",\"sender_id\":\"9_17\",\"correct\":true,\"trial_ID\":18,\"word1\":\"Adept\",\"word2\":\"Padet\",\"word3\":\"Edapt\",\"word4\":\"Epatt\",\"word5\":\"Taped\",\"response\":\"1\",\"response_action\":\"keypress(1)\",\"correctResponse\":\"1\",\"ended_on\":\"response\",\"duration\":5764.1600000000035,\"time_run\":180338,\"time_render\":180337.58,\"time_show\":180344.84,\"time_end\":186109,\"time_commit\":186122,\"timestamp\":\"2022-03-12T17:40:12.096Z\",\"time_switch\":186144.1},{\"sender\":\"trial_screen\",\"sender_type\":\"canvas.Screen\",\"sender_id\":\"9_18\",\"correct\":true,\"trial_ID\":19,\"word1\":\"Spirine\",\"word2\":\"Saprin\",\"word3\":\"Parsin\",\"word4\":\"Purin\",\"word5\":\"Asprint\",\"response\":\"4\",\"response_action\":\"keypress(4)\",\"correctResponse\":\"4\",\"ended_on\":\"response\",\"duration\":12588.899999999994,\"time_run\":186130,\"time_render\":186129.92,\"time_show\":186144.1,\"time_end\":198733,\"time_commit\":198749,\"timestamp\":\"2022-03-12T17:40:24.722Z\",\"time_switch\":198775.78},{\"sender\":\"trial_screen\",\"sender_type\":\"canvas.Screen\",\"sender_id\":\"9_19\",\"correct\":true,\"trial_ID\":20,\"word1\":\"Kulon\",\"word2\":\"Solgun\",\"word3\":\"Koskan\",\"word4\":\"Soran\",\"word5\":\"Klonus\",\"response\":\"5\",\"response_action\":\"keypress(5)\",\"correctResponse\":\"5\",\"ended_on\":\"response\",\"duration\":15394.220000000001,\"time_run\":198764,\"time_render\":198764.16,\"time_show\":198775.78,\"time_end\":214170,\"time_commit\":214185,\"timestamp\":\"2022-03-12T17:40:40.159Z\",\"time_switch\":214207.08},{\"sender\":\"trial_screen\",\"sender_type\":\"canvas.Screen\",\"sender_id\":\"9_20\",\"correct\":true,\"trial_ID\":21,\"word1\":\"Tronke\",\"word2\":\"Nocktherm\",\"word3\":\"Teronk\",\"word4\":\"Komtur\",\"word5\":\"Rocktur\",\"response\":\"4\",\"response_action\":\"keypress(4)\",\"correctResponse\":\"4\",\"ended_on\":\"response\",\"duration\":12854.920000000013,\"time_run\":214191,\"time_render\":214191.14,\"time_show\":214207.08,\"time_end\":227062,\"time_commit\":227076,\"timestamp\":\"2022-03-12T17:40:53.050Z\",\"time_switch\":227105.4},{\"sender\":\"trial_screen\",\"sender_type\":\"canvas.Screen\",\"sender_id\":\"9_21\",\"correct\":true,\"trial_ID\":22,\"word1\":\"Ripat\",\"word2\":\"Patinatte\",\"word3\":\"Tapir\",\"word4\":\"Apitt\",\"word5\":\"Padir\",\"response\":\"3\",\"response_action\":\"keypress(3)\",\"correctResponse\":\"3\",\"ended_on\":\"response\",\"duration\":3377.600000000006,\"time_run\":227097,\"time_render\":227097.5,\"time_show\":227105.4,\"time_end\":230483,\"time_commit\":230501,\"timestamp\":\"2022-03-12T17:40:56.474Z\",\"time_switch\":230521.62},{\"sender\":\"trial_screen\",\"sender_type\":\"canvas.Screen\",\"sender_id\":\"9_22\",\"correct\":true,\"trial_ID\":23,\"word1\":\"Akifer\",\"word2\":\"Fiaker\",\"word3\":\"Kiaffa\",\"word4\":\"Sariffer\",\"word5\":\"Refisker\",\"response\":\"2\",\"response_action\":\"keypress(2)\",\"correctResponse\":\"2\",\"ended_on\":\"response\",\"duration\":2570.3800000000047,\"time_run\":230509,\"time_render\":230509.58,\"time_show\":230521.62,\"time_end\":233092,\"time_commit\":233100,\"timestamp\":\"2022-03-12T17:40:59.074Z\",\"time_switch\":233121.28},{\"sender\":\"trial_screen\",\"sender_type\":\"canvas.Screen\",\"sender_id\":\"9_23\",\"correct\":true,\"trial_ID\":24,\"word1\":\"Kleiber\",\"word2\":\"Beikel\",\"word3\":\"Keibel\",\"word4\":\"Reikler\",\"word5\":\"Biekerl\",\"response\":\"1\",\"response_action\":\"keypress(1)\",\"correctResponse\":\"1\",\"ended_on\":\"response\",\"duration\":8642.720000000001,\"time_run\":233108,\"time_render\":233108.5,\"time_show\":233121.28,\"time_end\":241764,\"time_commit\":241771,\"timestamp\":\"2022-03-12T17:41:07.744Z\",\"time_switch\":241786.8},{\"sender\":\"trial_screen\",\"sender_type\":\"canvas.Screen\",\"sender_id\":\"9_24\",\"correct\":true,\"trial_ID\":25,\"word1\":\"Ig\u00e4de\",\"word2\":\"D\u00e4gie\",\"word3\":\"\u00c4gide\",\"word4\":\"Dig\u00e4de\",\"word5\":\"Giad\",\"response\":\"3\",\"response_action\":\"keypress(3)\",\"correctResponse\":\"3\",\"ended_on\":\"response\",\"duration\":3822.2000000000116,\"time_run\":241779,\"time_render\":241778.84,\"time_show\":241786.8,\"time_end\":245609,\"time_commit\":245612,\"timestamp\":\"2022-03-12T17:41:11.585Z\",\"time_switch\":245619.64},{\"sender\":\"trial_screen\",\"sender_type\":\"canvas.Screen\",\"sender_id\":\"9_25\",\"correct\":true,\"trial_ID\":26,\"word1\":\"Rixal\",\"word2\":\"Irtax\",\"word3\":\"Rackizie\",\"word4\":\"Matrix\",\"word5\":\"Atrige\",\"response\":\"4\",\"response_action\":\"keypress(4)\",\"correctResponse\":\"4\",\"ended_on\":\"response\",\"duration\":3019.359999999986,\"time_run\":245618,\"time_render\":245617.7,\"time_show\":245619.64,\"time_end\":248639,\"time_commit\":248648,\"timestamp\":\"2022-03-12T17:41:14.622Z\",\"time_switch\":248669.24},{\"sender\":\"trial_screen\",\"sender_type\":\"canvas.Screen\",\"sender_id\":\"9_26\",\"correct\":true,\"trial_ID\":27,\"word1\":\"Haskisch\",\"word2\":\"Asmisch\",\"word3\":\"Schisma\",\"word4\":\"Rasthmie\",\"word5\":\"Ilschah\",\"response\":\"3\",\"response_action\":\"keypress(3)\",\"correctResponse\":\"3\",\"ended_on\":\"response\",\"duration\":4953.760000000009,\"time_run\":248657,\"time_render\":248656.78,\"time_show\":248669.24,\"time_end\":253623,\"time_commit\":253639,\"timestamp\":\"2022-03-12T17:41:19.613Z\",\"time_switch\":253651.92},{\"sender\":\"trial_screen\",\"sender_type\":\"canvas.Screen\",\"sender_id\":\"9_27\",\"correct\":true,\"trial_ID\":28,\"word1\":\"Sallose\",\"word2\":\"Lordose\",\"word3\":\"Dormase\",\"word4\":\"Rollase\",\"word5\":\"Ardierole\",\"response\":\"2\",\"response_action\":\"keypress(2)\",\"correctResponse\":\"2\",\"ended_on\":\"response\",\"duration\":3457.079999999987,\"time_run\":253646,\"time_render\":253646.38,\"time_show\":253651.92,\"time_end\":257109,\"time_commit\":257125,\"timestamp\":\"2022-03-12T17:41:23.099Z\",\"time_switch\":257134.8},{\"sender\":\"trial_screen\",\"sender_type\":\"canvas.Screen\",\"sender_id\":\"9_28\",\"correct\":false,\"trial_ID\":29,\"word1\":\"Intranotion\",\"word2\":\"Infranatura\",\"word3\":\"Internodium\",\"word4\":\"Indotalie\",\"word5\":\"Indosta\",\"response\":\"2\",\"response_action\":\"keypress(2)\",\"correctResponse\":\"3\",\"ended_on\":\"response\",\"duration\":26646.20000000001,\"time_run\":257132,\"time_render\":257131.9,\"time_show\":257134.8,\"time_end\":283781,\"time_commit\":283789,\"timestamp\":\"2022-03-12T17:41:49.763Z\",\"time_switch\":283814.64},{\"sender\":\"trial_screen\",\"sender_type\":\"canvas.Screen\",\"sender_id\":\"9_29\",\"correct\":true,\"trial_ID\":30,\"word1\":\"Idaste\",\"word2\":\"Dastrix\",\"word3\":\"Astike\",\"word4\":\"Sadile\",\"word5\":\"Kasside\",\"response\":\"5\",\"response_action\":\"keypress(5)\",\"correctResponse\":\"5\",\"ended_on\":\"response\",\"duration\":12324.359999999986,\"time_run\":283799,\"time_render\":283798.88,\"time_show\":283814.64,\"time_end\":296139,\"time_commit\":296144,\"timestamp\":\"2022-03-12T17:42:02.118Z\",\"time_switch\":296163.02},{\"sender\":\"trial_screen\",\"sender_type\":\"canvas.Screen\",\"sender_id\":\"9_30\",\"correct\":true,\"trial_ID\":31,\"word1\":\"Libration\",\"word2\":\"Bilation\",\"word3\":\"Arlation\",\"word4\":\"Iberation\",\"word5\":\"Tiradon\",\"response\":\"1\",\"response_action\":\"keypress(1)\",\"correctResponse\":\"1\",\"ended_on\":\"response\",\"duration\":9522.979999999981,\"time_run\":296150,\"time_render\":296150.32,\"time_show\":296163.02,\"time_end\":305686,\"time_commit\":305701,\"timestamp\":\"2022-03-12T17:42:11.675Z\",\"time_switch\":305712.2},{\"sender\":\"trial_screen\",\"sender_type\":\"canvas.Screen\",\"sender_id\":\"9_31\",\"correct\":false,\"trial_ID\":32,\"word1\":\"Pucker\",\"word2\":\"Keuper\",\"word3\":\"Eucker\",\"word4\":\"Reuspeck\",\"word5\":\"Urkane\",\"response\":\"3\",\"response_action\":\"keypress(3)\",\"correctResponse\":\"2\",\"ended_on\":\"response\",\"duration\":16926.79999999999,\"time_run\":305710,\"time_render\":305710.52,\"time_show\":305712.2,\"time_end\":322639,\"time_commit\":322654,\"timestamp\":\"2022-03-12T17:42:28.627Z\",\"time_switch\":322676.64},{\"sender\":\"trial_screen\",\"sender_type\":\"canvas.Screen\",\"sender_id\":\"9_32\",\"correct\":true,\"trial_ID\":33,\"word1\":\"Sickaber\",\"word2\":\"Bassiker\",\"word3\":\"Kassiber\",\"word4\":\"Sassiker\",\"word5\":\"Askiber\",\"response\":\"3\",\"response_action\":\"keypress(3)\",\"correctResponse\":\"3\",\"ended_on\":\"response\",\"duration\":5056.359999999986,\"time_run\":322668,\"time_render\":322668.52,\"time_show\":322676.64,\"time_end\":327733,\"time_commit\":327747,\"timestamp\":\"2022-03-12T17:42:33.721Z\",\"time_switch\":327759.32},{\"sender\":\"trial_screen\",\"sender_type\":\"canvas.Screen\",\"sender_id\":\"9_33\",\"correct\":false,\"trial_ID\":34,\"word1\":\"Alquallon\",\"word2\":\"Lisqualien\",\"word3\":\"Talquallen\",\"word4\":\"Quisquilien\",\"word5\":\"Rielquellen\",\"response\":\"5\",\"response_action\":\"keypress(5)\",\"correctResponse\":\"4\",\"ended_on\":\"response\",\"duration\":26410.679999999993,\"time_run\":327755,\"time_render\":327755.3,\"time_show\":327759.32,\"time_end\":354170,\"time_commit\":354175,\"timestamp\":\"2022-03-12T17:43:00.149Z\",\"time_switch\":354189.18},{\"sender\":\"trial_screen\",\"sender_type\":\"canvas.Screen\",\"sender_id\":\"9_34\",\"correct\":false,\"trial_ID\":35,\"word1\":\"Berkiza\",\"word2\":\"Brekzie\",\"word3\":\"Birakzie\",\"word4\":\"Brikazie\",\"word5\":\"Bakiria\",\"response\":\"5\",\"response_action\":\"keypress(5)\",\"correctResponse\":\"2\",\"ended_on\":\"response\",\"duration\":17762.820000000007,\"time_run\":354180,\"time_render\":354180.78,\"time_show\":354189.18,\"time_end\":371952,\"time_commit\":371960,\"timestamp\":\"2022-03-12T17:43:17.934Z\",\"time_switch\":371970.2},{\"sender\":\"loop_trial\",\"sender_type\":\"flow.Loop\",\"sender_id\":\"9\",\"ended_on\":\"completion\",\"duration\":260865.2,\"time_run\":111074,\"time_render\":111076.22,\"time_show\":111086.8,\"time_end\":371952,\"time_commit\":371961,\"timestamp\":\"2022-03-12T17:43:17.935Z\",\"time_switch\":371970.2},{\"sender\":\"end_html\",\"sender_type\":\"html.Screen\",\"sender_id\":\"10\",\"ended_on\":\"timeout\",\"duration\":5999.200000000012,\"time_run\":371962,\"time_render\":371961.78,\"time_show\":371970.2,\"time_end\":377952.74,\"time_commit\":377954,\"timestamp\":\"2022-03-12T17:43:23.928Z\",\"time_switch\":377969.4},{\"sender\":\"root\",\"sender_type\":\"flow.Sequence\",\"sender_id\":null,\"ended_on\":\"completion\",\"duration\":377368.14,\"time_run\":546,\"time_render\":567.94,\"time_show\":584.6,\"time_end\":377952.74,\"time_commit\":377956,\"timestamp\":\"2022-03-12T17:43:23.929Z\",\"time_switch\":377969.4}]",
    "metadata": "{\"slice\":0,\"id\":\"3e5749e9-e13b-45c6-8a85-255d2a77ac83\",\"payload\":\"full\"}",
    "url": "https://exp02.zih.tu-dresden.de/experiments/spot_a_word_task/"
}