{
    "data": "[{\"url\":{},\"meta\":{\"labjs_version\":\"20.1.1\",\"labjs_build\":{\"flavor\":\"production\",\"commit\":\"cd5695f774968f50499757c1423bd95d033ea08e\"},\"location\":\"https://exp01.zih.tu-dresden.de/experiments/spot_a_word_task/\",\"userAgent\":\"Mozilla/5.0 (Windows NT 10.0; Win64; x64; rv:87.0) Gecko/20100101 Firefox/87.0 TO-Browser/TOB7.87.0.105_01\",\"platform\":\"Win32\",\"language\":\"de\",\"locale\":\"de-DE\",\"timeZone\":\"Europe/Berlin\",\"timezoneOffset\":-120,\"screen_width\":1366,\"screen_height\":768,\"scroll_width\":1366,\"scroll_height\":572,\"window_innerWidth\":1366,\"window_innerHeight\":572,\"devicePixelRatio\":1},\"sender\":\"start_html\",\"sender_type\":\"html.Screen\",\"sender_id\":\"0\",\"ended_on\":\"timeout\",\"duration\":6002.24,\"time_run\":627,\"time_render\":650.98,\"time_show\":667.66,\"time_end\":6653.22,\"time_commit\":6657,\"timestamp\":\"2021-07-19T09:47:56.643Z\",\"time_switch\":6669.9},{\"sender\":\"manual_html\",\"sender_type\":\"html.Screen\",\"sender_id\":\"1\",\"response\":\"space\",\"response_action\":\"keypress(Space)\",\"ended_on\":\"response\",\"duration\":25351.1,\"time_run\":6659,\"time_render\":6653.22,\"time_show\":6669.9,\"time_end\":32021,\"time_commit\":32047,\"timestamp\":\"2021-07-19T09:48:22.032Z\",\"time_switch\":32095.84},{\"sender\":\"example1_screen\",\"sender_type\":\"canvas.Screen\",\"sender_id\":\"2\",\"response\":\"4\",\"response_action\":\"keypress(4)\",\"correctResponse\":\"4\",\"correct\":true,\"ended_on\":\"response\",\"duration\":5003.16,\"time_run\":32072,\"time_render\":32079.18,\"time_show\":32095.84,\"time_end\":37099,\"time_commit\":37115,\"timestamp\":\"2021-07-19T09:48:27.100Z\",\"time_switch\":37147.7},{\"sender\":\"example1_feedback\",\"sender_type\":\"canvas.Screen\",\"sender_id\":\"3\",\"response\":\"Space\",\"response_action\":\"keypress(Space)\",\"ended_on\":\"response\",\"duration\":2420.300000000003,\"time_run\":37131,\"time_render\":37131.58,\"time_show\":37147.7,\"time_end\":39568,\"time_commit\":39584,\"timestamp\":\"2021-07-19T09:48:29.569Z\",\"time_switch\":39615.34},{\"sender\":\"example2_screen\",\"sender_type\":\"canvas.Screen\",\"sender_id\":\"4\",\"response\":\"5\",\"response_action\":\"keypress(5)\",\"correctResponse\":\"5\",\"correct\":true,\"ended_on\":\"response\",\"duration\":3514.6600000000035,\"time_run\":39604,\"time_render\":39604.82,\"time_show\":39615.34,\"time_end\":43130,\"time_commit\":43143,\"timestamp\":\"2021-07-19T09:48:33.128Z\",\"time_switch\":43166.58},{\"sender\":\"example2_feedback\",\"sender_type\":\"canvas.Screen\",\"sender_id\":\"5\",\"response\":\"Space\",\"response_action\":\"keypress(Space)\",\"ended_on\":\"response\",\"duration\":1182.4199999999983,\"time_run\":43160,\"time_render\":43159.88,\"time_show\":43166.58,\"time_end\":44349,\"time_commit\":44366,\"timestamp\":\"2021-07-19T09:48:34.351Z\",\"time_switch\":44400.36},{\"sender\":\"example3_screen\",\"sender_type\":\"canvas.Screen\",\"sender_id\":\"6\",\"response\":\"1\",\"response_action\":\"keypress(1)\",\"correctResponse\":\"1\",\"correct\":true,\"ended_on\":\"response\",\"duration\":2292.6399999999994,\"time_run\":44382,\"time_render\":44382.74,\"time_show\":44400.36,\"time_end\":46693,\"time_commit\":46714,\"timestamp\":\"2021-07-19T09:48:36.699Z\",\"time_switch\":46734.6},{\"sender\":\"example3_feedback\",\"sender_type\":\"canvas.Screen\",\"sender_id\":\"7\",\"response\":\"Space\",\"response_action\":\"keypress(Space)\",\"ended_on\":\"response\",\"duration\":1942.4000000000015,\"time_run\":46732,\"time_render\":46732.64,\"time_show\":46734.6,\"time_end\":48677,\"time_commit\":48683,\"timestamp\":\"2021-07-19T09:48:38.669Z\",\"time_switch\":48701.96},{\"sender\":\"get_ready_html\",\"sender_type\":\"html.Screen\",\"sender_id\":\"8\",\"response\":\"space\",\"response_action\":\"keypress(Space)\",\"ended_on\":\"response\",\"duration\":4554.040000000001,\"time_run\":48685,\"time_render\":48685.94,\"time_show\":48701.96,\"time_end\":53256,\"time_commit\":53270,\"timestamp\":\"2021-07-19T09:48:43.255Z\",\"time_switch\":53370.26},{\"sender\":\"trial_screen\",\"sender_type\":\"canvas.Screen\",\"sender_id\":\"9_0\",\"correct\":true,\"trial_ID\":1,\"word1\":\"siziol\",\"word2\":\"salzahl\",\"word3\":\"sozihl\",\"word4\":\"sziam\",\"word5\":\"sozial\",\"response\":\"5\",\"response_action\":\"keypress(5)\",\"correctResponse\":\"5\",\"ended_on\":\"response\",\"duration\":3212.739999999998,\"time_run\":53352,\"time_render\":53352.76,\"time_show\":53370.26,\"time_end\":56583,\"time_commit\":56597,\"timestamp\":\"2021-07-19T09:48:46.583Z\",\"time_switch\":56621.44},{\"sender\":\"trial_screen\",\"sender_type\":\"canvas.Screen\",\"sender_id\":\"9_1\",\"correct\":true,\"trial_ID\":2,\"word1\":\"Lamone\",\"word2\":\"Talane\",\"word3\":\"Matrone\",\"word4\":\"Tarone\",\"word5\":\"Malonte\",\"response\":\"3\",\"response_action\":\"keypress(3)\",\"correctResponse\":\"3\",\"ended_on\":\"response\",\"duration\":2930.5599999999977,\"time_run\":56604,\"time_render\":56603.9,\"time_show\":56621.44,\"time_end\":59552,\"time_commit\":59565,\"timestamp\":\"2021-07-19T09:48:49.550Z\",\"time_switch\":59589.28},{\"sender\":\"trial_screen\",\"sender_type\":\"canvas.Screen\",\"sender_id\":\"9_2\",\"correct\":true,\"trial_ID\":3,\"word1\":\"kurinesisch\",\"word2\":\"kulinarisch\",\"word3\":\"kumenisch\",\"word4\":\"kulissarisch\",\"word5\":\"kannastrisch\",\"response\":\"2\",\"response_action\":\"keypress(2)\",\"correctResponse\":\"2\",\"ended_on\":\"response\",\"duration\":2134.720000000001,\"time_run\":59586,\"time_render\":59586.74,\"time_show\":59589.28,\"time_end\":61724,\"time_commit\":61743,\"timestamp\":\"2021-07-19T09:48:51.728Z\",\"time_switch\":61773.34},{\"sender\":\"trial_screen\",\"sender_type\":\"canvas.Screen\",\"sender_id\":\"9_3\",\"correct\":true,\"trial_ID\":4,\"word1\":\"Tinxur\",\"word2\":\"Kukutur\",\"word3\":\"Fraktan\",\"word4\":\"Tinktur\",\"word5\":\"Rimsuhr\",\"response\":\"4\",\"response_action\":\"keypress(4)\",\"correctResponse\":\"4\",\"ended_on\":\"response\",\"duration\":3231.6600000000035,\"time_run\":61759,\"time_render\":61759.88,\"time_show\":61773.34,\"time_end\":65005,\"time_commit\":65028,\"timestamp\":\"2021-07-19T09:48:55.013Z\",\"time_switch\":65058.06},{\"sender\":\"trial_screen\",\"sender_type\":\"canvas.Screen\",\"sender_id\":\"9_4\",\"correct\":true,\"trial_ID\":5,\"word1\":\"beralen\",\"word2\":\"ger\u00e4ltet\",\"word3\":\"an\u00e4lteren\",\"word4\":\"unt\u00e4ren\",\"word5\":\"verbr\u00e4men\",\"response\":\"5\",\"response_action\":\"keypress(5)\",\"correctResponse\":\"5\",\"ended_on\":\"response\",\"duration\":4665.940000000002,\"time_run\":65048,\"time_render\":65048.72,\"time_show\":65058.06,\"time_end\":69724,\"time_commit\":69738,\"timestamp\":\"2021-07-19T09:48:59.723Z\",\"time_switch\":69759.74},{\"sender\":\"trial_screen\",\"sender_type\":\"canvas.Screen\",\"sender_id\":\"9_5\",\"correct\":true,\"trial_ID\":6,\"word1\":\"Rosto\",\"word2\":\"Torso\",\"word3\":\"Soro\",\"word4\":\"Torgos\",\"word5\":\"Tosor\",\"response\":\"2\",\"response_action\":\"keypress(2)\",\"correctResponse\":\"2\",\"ended_on\":\"response\",\"duration\":2808.2599999999948,\"time_run\":69755,\"time_render\":69756,\"time_show\":69759.74,\"time_end\":72568,\"time_commit\":72583,\"timestamp\":\"2021-07-19T09:49:02.568Z\",\"time_switch\":72610.76},{\"sender\":\"trial_screen\",\"sender_type\":\"canvas.Screen\",\"sender_id\":\"9_6\",\"correct\":true,\"trial_ID\":7,\"word1\":\"Redor\",\"word2\":\"Radium\",\"word3\":\"Terion\",\"word4\":\"Dramin\",\"word5\":\"Orakium\",\"response\":\"2\",\"response_action\":\"keypress(2)\",\"correctResponse\":\"2\",\"ended_on\":\"response\",\"duration\":1832.2400000000052,\"time_run\":72599,\"time_render\":72600.12,\"time_show\":72610.76,\"time_end\":74443,\"time_commit\":74454,\"timestamp\":\"2021-07-19T09:49:04.439Z\",\"time_switch\":74478},{\"sender\":\"trial_screen\",\"sender_type\":\"canvas.Screen\",\"sender_id\":\"9_7\",\"correct\":true,\"trial_ID\":8,\"word1\":\"Nale\",\"word2\":\"Sahe\",\"word3\":\"Nase\",\"word4\":\"Nesa\",\"word5\":\"Sehna\",\"response\":\"3\",\"response_action\":\"keypress(3)\",\"correctResponse\":\"3\",\"ended_on\":\"response\",\"duration\":1559,\"time_run\":74471,\"time_render\":74471.42,\"time_show\":74478,\"time_end\":76037,\"time_commit\":76051,\"timestamp\":\"2021-07-19T09:49:06.036Z\",\"time_switch\":76078.6},{\"sender\":\"trial_screen\",\"sender_type\":\"canvas.Screen\",\"sender_id\":\"9_8\",\"correct\":true,\"trial_ID\":9,\"word1\":\"Rilkiase\",\"word2\":\"Kilister\",\"word3\":\"Riliker\",\"word4\":\"Klistier\",\"word5\":\"Linkure\",\"response\":\"4\",\"response_action\":\"keypress(4)\",\"correctResponse\":\"4\",\"ended_on\":\"response\",\"duration\":2552.399999999994,\"time_run\":76067,\"time_render\":76068.34,\"time_show\":76078.6,\"time_end\":78631,\"time_commit\":78639,\"timestamp\":\"2021-07-19T09:49:08.624Z\",\"time_switch\":78662.9},{\"sender\":\"trial_screen\",\"sender_type\":\"canvas.Screen\",\"sender_id\":\"9_9\",\"correct\":true,\"trial_ID\":10,\"word1\":\"kentern\",\"word2\":\"knerte\",\"word3\":\"kanzen\",\"word4\":\"kretern\",\"word5\":\"trekern\",\"response\":\"1\",\"response_action\":\"keypress(1)\",\"correctResponse\":\"1\",\"ended_on\":\"response\",\"duration\":2827.100000000006,\"time_run\":78656,\"time_render\":78656.5,\"time_show\":78662.9,\"time_end\":81490,\"time_commit\":81501,\"timestamp\":\"2021-07-19T09:49:11.487Z\",\"time_switch\":81530.56},{\"sender\":\"trial_screen\",\"sender_type\":\"canvas.Screen\",\"sender_id\":\"9_10\",\"correct\":true,\"trial_ID\":11,\"word1\":\"Sorekin\",\"word2\":\"Sarowin\",\"word3\":\"Rosakin\",\"word4\":\"Narosin\",\"word5\":\"Kerosin\",\"response\":\"5\",\"response_action\":\"keypress(5)\",\"correctResponse\":\"5\",\"ended_on\":\"response\",\"duration\":3474.4400000000023,\"time_run\":81519,\"time_render\":81519.6,\"time_show\":81530.56,\"time_end\":85005,\"time_commit\":85017,\"timestamp\":\"2021-07-19T09:49:15.002Z\",\"time_switch\":85048.52},{\"sender\":\"trial_screen\",\"sender_type\":\"canvas.Screen\",\"sender_id\":\"9_11\",\"correct\":true,\"trial_ID\":12,\"word1\":\"Ralke\",\"word2\":\"Korre\",\"word3\":\"Ruckse\",\"word4\":\"Recke\",\"word5\":\"Ulte\",\"response\":\"4\",\"response_action\":\"keypress(4)\",\"correctResponse\":\"4\",\"ended_on\":\"response\",\"duration\":6425.479999999996,\"time_run\":85034,\"time_render\":85034.88,\"time_show\":85048.52,\"time_end\":91474,\"time_commit\":91500,\"timestamp\":\"2021-07-19T09:49:21.485Z\",\"time_switch\":91534.34},{\"sender\":\"trial_screen\",\"sender_type\":\"canvas.Screen\",\"sender_id\":\"9_12\",\"correct\":true,\"trial_ID\":13,\"word1\":\"Kapaun\",\"word2\":\"Paukan\",\"word3\":\"Naupack\",\"word4\":\"Aupeck\",\"word5\":\"Ankepran\",\"response\":\"1\",\"response_action\":\"keypress(1)\",\"correctResponse\":\"1\",\"ended_on\":\"response\",\"duration\":2658.6600000000035,\"time_run\":91521,\"time_render\":91521.56,\"time_show\":91534.34,\"time_end\":94193,\"time_commit\":94210,\"timestamp\":\"2021-07-19T09:49:24.195Z\",\"time_switch\":94235.28},{\"sender\":\"trial_screen\",\"sender_type\":\"canvas.Screen\",\"sender_id\":\"9_13\",\"correct\":true,\"trial_ID\":14,\"word1\":\"Dissonanz\",\"word2\":\"Diskrisanz\",\"word3\":\"Distranz\",\"word4\":\"Dinotanz\",\"word5\":\"Sidonenz\",\"response\":\"1\",\"response_action\":\"keypress(1)\",\"correctResponse\":\"1\",\"ended_on\":\"response\",\"duration\":2082.720000000001,\"time_run\":94229,\"time_render\":94228.86,\"time_show\":94235.28,\"time_end\":96318,\"time_commit\":96324,\"timestamp\":\"2021-07-19T09:49:26.309Z\",\"time_switch\":96352.66},{\"sender\":\"trial_screen\",\"sender_type\":\"canvas.Screen\",\"sender_id\":\"9_14\",\"correct\":true,\"trial_ID\":15,\"word1\":\"Kirse\",\"word2\":\"Sirke\",\"word3\":\"Krise\",\"word4\":\"Krospe\",\"word5\":\"Seris\",\"response\":\"3\",\"response_action\":\"keypress(3)\",\"correctResponse\":\"3\",\"ended_on\":\"response\",\"duration\":2434.3399999999965,\"time_run\":96342,\"time_render\":96341.98,\"time_show\":96352.66,\"time_end\":98787,\"time_commit\":98811,\"timestamp\":\"2021-07-19T09:49:28.796Z\",\"time_switch\":98836.96},{\"sender\":\"trial_screen\",\"sender_type\":\"canvas.Screen\",\"sender_id\":\"9_15\",\"correct\":true,\"trial_ID\":16,\"word1\":\"Tume\",\"word2\":\"Umat\",\"word3\":\"Maut\",\"word4\":\"Taum\",\"word5\":\"Muta\",\"response\":\"3\",\"response_action\":\"keypress(3)\",\"correctResponse\":\"3\",\"ended_on\":\"response\",\"duration\":2325.0399999999936,\"time_run\":98828,\"time_render\":98828.64,\"time_show\":98836.96,\"time_end\":101162,\"time_commit\":101181,\"timestamp\":\"2021-07-19T09:49:31.167Z\",\"time_switch\":101204.5},{\"sender\":\"trial_screen\",\"sender_type\":\"canvas.Screen\",\"sender_id\":\"9_16\",\"correct\":true,\"trial_ID\":17,\"word1\":\"Tuhl\",\"word2\":\"Lar\",\"word3\":\"Lest\",\"word4\":\"Dall\",\"word5\":\"Lid\",\"response\":\"5\",\"response_action\":\"keypress(5)\",\"correctResponse\":\"5\",\"ended_on\":\"response\",\"duration\":5395.5,\"time_run\":101199,\"time_render\":101199.54,\"time_show\":101204.5,\"time_end\":106600,\"time_commit\":106618,\"timestamp\":\"2021-07-19T09:49:36.604Z\",\"time_switch\":106656.44},{\"sender\":\"trial_screen\",\"sender_type\":\"canvas.Screen\",\"sender_id\":\"9_17\",\"correct\":false,\"trial_ID\":18,\"word1\":\"Adept\",\"word2\":\"Padet\",\"word3\":\"Edapt\",\"word4\":\"Epatt\",\"word5\":\"Taped\",\"response\":\"5\",\"response_action\":\"keypress(5)\",\"correctResponse\":\"1\",\"ended_on\":\"response\",\"duration\":3676.5599999999977,\"time_run\":106638,\"time_render\":106639.78,\"time_show\":106656.44,\"time_end\":110333,\"time_commit\":110354,\"timestamp\":\"2021-07-19T09:49:40.339Z\",\"time_switch\":110374.5},{\"sender\":\"trial_screen\",\"sender_type\":\"canvas.Screen\",\"sender_id\":\"9_18\",\"correct\":true,\"trial_ID\":19,\"word1\":\"Spirine\",\"word2\":\"Saprin\",\"word3\":\"Parsin\",\"word4\":\"Purin\",\"word5\":\"Asprint\",\"response\":\"4\",\"response_action\":\"keypress(4)\",\"correctResponse\":\"4\",\"ended_on\":\"response\",\"duration\":4818.5,\"time_run\":110371,\"time_render\":110371.62,\"time_show\":110374.5,\"time_end\":115193,\"time_commit\":115209,\"timestamp\":\"2021-07-19T09:49:45.195Z\",\"time_switch\":115242.94},{\"sender\":\"trial_screen\",\"sender_type\":\"canvas.Screen\",\"sender_id\":\"9_19\",\"correct\":false,\"trial_ID\":20,\"word1\":\"Kulon\",\"word2\":\"Solgun\",\"word3\":\"Koskan\",\"word4\":\"Soran\",\"word5\":\"Klonus\",\"response\":\"4\",\"response_action\":\"keypress(4)\",\"correctResponse\":\"5\",\"ended_on\":\"response\",\"duration\":3997.0599999999977,\"time_run\":115227,\"time_render\":115227.5,\"time_show\":115242.94,\"time_end\":119240,\"time_commit\":119252,\"timestamp\":\"2021-07-19T09:49:49.238Z\",\"time_switch\":119277.74},{\"sender\":\"trial_screen\",\"sender_type\":\"canvas.Screen\",\"sender_id\":\"9_20\",\"correct\":false,\"trial_ID\":21,\"word1\":\"Tronke\",\"word2\":\"Nocktherm\",\"word3\":\"Teronk\",\"word4\":\"Komtur\",\"word5\":\"Rocktur\",\"response\":\"2\",\"response_action\":\"keypress(2)\",\"correctResponse\":\"4\",\"ended_on\":\"response\",\"duration\":8368.259999999995,\"time_run\":119270,\"time_render\":119271.12,\"time_show\":119277.74,\"time_end\":127646,\"time_commit\":127662,\"timestamp\":\"2021-07-19T09:49:57.647Z\",\"time_switch\":127697.44},{\"sender\":\"trial_screen\",\"sender_type\":\"canvas.Screen\",\"sender_id\":\"9_21\",\"correct\":true,\"trial_ID\":22,\"word1\":\"Ripat\",\"word2\":\"Patinatte\",\"word3\":\"Tapir\",\"word4\":\"Apitt\",\"word5\":\"Padir\",\"response\":\"3\",\"response_action\":\"keypress(3)\",\"correctResponse\":\"3\",\"ended_on\":\"response\",\"duration\":2917.5599999999977,\"time_run\":127679,\"time_render\":127680.82,\"time_show\":127697.44,\"time_end\":130615,\"time_commit\":130634,\"timestamp\":\"2021-07-19T09:50:00.619Z\",\"time_switch\":130648.5},{\"sender\":\"trial_screen\",\"sender_type\":\"canvas.Screen\",\"sender_id\":\"9_22\",\"correct\":true,\"trial_ID\":23,\"word1\":\"Akifer\",\"word2\":\"Fiaker\",\"word3\":\"Kiaffa\",\"word4\":\"Sariffer\",\"word5\":\"Refisker\",\"response\":\"2\",\"response_action\":\"keypress(2)\",\"correctResponse\":\"2\",\"ended_on\":\"response\",\"duration\":2434.5,\"time_run\":130646,\"time_render\":130645.56,\"time_show\":130648.5,\"time_end\":133083,\"time_commit\":133104,\"timestamp\":\"2021-07-19T09:50:03.089Z\",\"time_switch\":133132.76},{\"sender\":\"trial_screen\",\"sender_type\":\"canvas.Screen\",\"sender_id\":\"9_23\",\"correct\":true,\"trial_ID\":24,\"word1\":\"Kleiber\",\"word2\":\"Beikel\",\"word3\":\"Keibel\",\"word4\":\"Reikler\",\"word5\":\"Biekerl\",\"response\":\"1\",\"response_action\":\"keypress(1)\",\"correctResponse\":\"1\",\"ended_on\":\"response\",\"duration\":1919.2399999999907,\"time_run\":133121,\"time_render\":133121.54,\"time_show\":133132.76,\"time_end\":135052,\"time_commit\":135062,\"timestamp\":\"2021-07-19T09:50:05.047Z\",\"time_switch\":135083.48},{\"sender\":\"trial_screen\",\"sender_type\":\"canvas.Screen\",\"sender_id\":\"9_24\",\"correct\":true,\"trial_ID\":25,\"word1\":\"Ig\u00e4de\",\"word2\":\"D\u00e4gie\",\"word3\":\"\u00c4gide\",\"word4\":\"Dig\u00e4de\",\"word5\":\"Giad\",\"response\":\"3\",\"response_action\":\"keypress(3)\",\"correctResponse\":\"3\",\"ended_on\":\"response\",\"duration\":2828.5199999999895,\"time_run\":135078,\"time_render\":135078.04,\"time_show\":135083.48,\"time_end\":137912,\"time_commit\":137927,\"timestamp\":\"2021-07-19T09:50:07.912Z\",\"time_switch\":137951.22},{\"sender\":\"trial_screen\",\"sender_type\":\"canvas.Screen\",\"sender_id\":\"9_25\",\"correct\":true,\"trial_ID\":26,\"word1\":\"Rixal\",\"word2\":\"Irtax\",\"word3\":\"Rackizie\",\"word4\":\"Matrix\",\"word5\":\"Atrige\",\"response\":\"4\",\"response_action\":\"keypress(4)\",\"correctResponse\":\"4\",\"ended_on\":\"response\",\"duration\":1913.7799999999988,\"time_run\":137944,\"time_render\":137944.7,\"time_show\":137951.22,\"time_end\":139865,\"time_commit\":139872,\"timestamp\":\"2021-07-19T09:50:09.857Z\",\"time_switch\":139901.98},{\"sender\":\"trial_screen\",\"sender_type\":\"canvas.Screen\",\"sender_id\":\"9_26\",\"correct\":false,\"trial_ID\":27,\"word1\":\"Haskisch\",\"word2\":\"Asmisch\",\"word3\":\"Schisma\",\"word4\":\"Rasthmie\",\"word5\":\"Ilschah\",\"response\":\"5\",\"response_action\":\"keypress(5)\",\"correctResponse\":\"3\",\"ended_on\":\"response\",\"duration\":7931.0199999999895,\"time_run\":139888,\"time_render\":139888.6,\"time_show\":139901.98,\"time_end\":147833,\"time_commit\":147860,\"timestamp\":\"2021-07-19T09:50:17.846Z\",\"time_switch\":147888.14},{\"sender\":\"trial_screen\",\"sender_type\":\"canvas.Screen\",\"sender_id\":\"9_27\",\"correct\":true,\"trial_ID\":28,\"word1\":\"Sallose\",\"word2\":\"Lordose\",\"word3\":\"Dormase\",\"word4\":\"Rollase\",\"word5\":\"Ardierole\",\"response\":\"2\",\"response_action\":\"keypress(2)\",\"correctResponse\":\"2\",\"ended_on\":\"response\",\"duration\":2804.859999999986,\"time_run\":147878,\"time_render\":147878.7,\"time_show\":147888.14,\"time_end\":150693,\"time_commit\":150708,\"timestamp\":\"2021-07-19T09:50:20.694Z\",\"time_switch\":150739.28},{\"sender\":\"trial_screen\",\"sender_type\":\"canvas.Screen\",\"sender_id\":\"9_28\",\"correct\":false,\"trial_ID\":29,\"word1\":\"Intranotion\",\"word2\":\"Infranatura\",\"word3\":\"Internodium\",\"word4\":\"Indotalie\",\"word5\":\"Indosta\",\"response\":\"1\",\"response_action\":\"keypress(1)\",\"correctResponse\":\"3\",\"ended_on\":\"response\",\"duration\":5890.720000000001,\"time_run\":150725,\"time_render\":150726.36,\"time_show\":150739.28,\"time_end\":156630,\"time_commit\":156645,\"timestamp\":\"2021-07-19T09:50:26.630Z\",\"time_switch\":156674.72},{\"sender\":\"trial_screen\",\"sender_type\":\"canvas.Screen\",\"sender_id\":\"9_29\",\"correct\":false,\"trial_ID\":30,\"word1\":\"Idaste\",\"word2\":\"Dastrix\",\"word3\":\"Astike\",\"word4\":\"Sadile\",\"word5\":\"Kasside\",\"response\":\"2\",\"response_action\":\"keypress(2)\",\"correctResponse\":\"5\",\"ended_on\":\"response\",\"duration\":6862.279999999999,\"time_run\":156662,\"time_render\":156662.46,\"time_show\":156674.72,\"time_end\":163537,\"time_commit\":163552,\"timestamp\":\"2021-07-19T09:50:33.537Z\",\"time_switch\":163577.3},{\"sender\":\"trial_screen\",\"sender_type\":\"canvas.Screen\",\"sender_id\":\"9_30\",\"correct\":true,\"trial_ID\":31,\"word1\":\"Libration\",\"word2\":\"Bilation\",\"word3\":\"Arlation\",\"word4\":\"Iberation\",\"word5\":\"Tiradon\",\"response\":\"1\",\"response_action\":\"keypress(1)\",\"correctResponse\":\"1\",\"ended_on\":\"response\",\"duration\":4210.700000000012,\"time_run\":163567,\"time_render\":163568.04,\"time_show\":163577.3,\"time_end\":167788,\"time_commit\":167793,\"timestamp\":\"2021-07-19T09:50:37.778Z\",\"time_switch\":167828.68},{\"sender\":\"trial_screen\",\"sender_type\":\"canvas.Screen\",\"sender_id\":\"9_31\",\"correct\":false,\"trial_ID\":32,\"word1\":\"Pucker\",\"word2\":\"Keuper\",\"word3\":\"Eucker\",\"word4\":\"Reuspeck\",\"word5\":\"Urkane\",\"response\":\"1\",\"response_action\":\"keypress(1)\",\"correctResponse\":\"2\",\"ended_on\":\"response\",\"duration\":4364.320000000007,\"time_run\":167811,\"time_render\":167811.46,\"time_show\":167828.68,\"time_end\":172193,\"time_commit\":172206,\"timestamp\":\"2021-07-19T09:50:42.191Z\",\"time_switch\":172230.38},{\"sender\":\"trial_screen\",\"sender_type\":\"canvas.Screen\",\"sender_id\":\"9_32\",\"correct\":true,\"trial_ID\":33,\"word1\":\"Sickaber\",\"word2\":\"Bassiker\",\"word3\":\"Kassiber\",\"word4\":\"Sassiker\",\"word5\":\"Askiber\",\"response\":\"3\",\"response_action\":\"keypress(3)\",\"correctResponse\":\"3\",\"ended_on\":\"response\",\"duration\":3244.6199999999953,\"time_run\":172221,\"time_render\":172220.84,\"time_show\":172230.38,\"time_end\":175475,\"time_commit\":175483,\"timestamp\":\"2021-07-19T09:50:45.467Z\",\"time_switch\":175515.02},{\"sender\":\"trial_screen\",\"sender_type\":\"canvas.Screen\",\"sender_id\":\"9_33\",\"correct\":true,\"trial_ID\":34,\"word1\":\"Alquallon\",\"word2\":\"Lisqualien\",\"word3\":\"Talquallen\",\"word4\":\"Quisquilien\",\"word5\":\"Rielquellen\",\"response\":\"4\",\"response_action\":\"keypress(4)\",\"correctResponse\":\"4\",\"ended_on\":\"response\",\"duration\":6364.9800000000105,\"time_run\":175503,\"time_render\":175503.56,\"time_show\":175515.02,\"time_end\":181880,\"time_commit\":181893,\"timestamp\":\"2021-07-19T09:50:51.878Z\",\"time_switch\":181933.9},{\"sender\":\"trial_screen\",\"sender_type\":\"canvas.Screen\",\"sender_id\":\"9_34\",\"correct\":false,\"trial_ID\":35,\"word1\":\"Berkiza\",\"word2\":\"Brekzie\",\"word3\":\"Birakzie\",\"word4\":\"Brikazie\",\"word5\":\"Bakiria\",\"response\":\"5\",\"response_action\":\"keypress(5)\",\"correctResponse\":\"2\",\"ended_on\":\"response\",\"duration\":3353.100000000006,\"time_run\":181914,\"time_render\":181917.36,\"time_show\":181933.9,\"time_end\":185287,\"time_commit\":185310,\"timestamp\":\"2021-07-19T09:50:55.296Z\",\"time_switch\":185319.14},{\"sender\":\"loop_trial\",\"sender_type\":\"flow.Loop\",\"sender_id\":\"9\",\"ended_on\":\"completion\",\"duration\":131916.74,\"time_run\":53347,\"time_render\":53352.76,\"time_show\":53370.26,\"time_end\":185287,\"time_commit\":185314,\"timestamp\":\"2021-07-19T09:50:55.299Z\",\"time_switch\":185319.14},{\"sender\":\"end_html\",\"sender_type\":\"html.Screen\",\"sender_id\":\"10\",\"ended_on\":\"timeout\",\"duration\":6001.619999999995,\"time_run\":185315,\"time_render\":185315.34,\"time_show\":185319.14,\"time_end\":191304.08,\"time_commit\":191306,\"timestamp\":\"2021-07-19T09:51:01.291Z\",\"time_switch\":191320.76},{\"sender\":\"root\",\"sender_type\":\"flow.Sequence\",\"sender_id\":null,\"ended_on\":\"completion\",\"duration\":190636.41999999998,\"time_run\":627,\"time_render\":650.98,\"time_show\":667.66,\"time_end\":191304.08,\"time_commit\":191307,\"timestamp\":\"2021-07-19T09:51:01.292Z\",\"time_switch\":191320.76}]",
    "metadata": "{\"slice\":0,\"id\":\"295835c4-edcc-4aa1-b58b-dfb938f1ff6b\",\"payload\":\"full\"}",
    "url": "https://exp01.zih.tu-dresden.de/experiments/spot_a_word_task/"
}