{
    "data": "[{\"url\":{},\"meta\":{\"labjs_version\":\"20.1.1\",\"labjs_build\":{\"flavor\":\"production\",\"commit\":\"cd5695f774968f50499757c1423bd95d033ea08e\"},\"location\":\"https://exp02.zih.tu-dresden.de/experiments/raven_task/\",\"userAgent\":\"Mozilla/5.0 (Windows NT 10.0; Win64; x64) AppleWebKit/537.36 (KHTML, like Gecko) Chrome/90.0.4430.93 Safari/537.36\",\"platform\":\"Win32\",\"language\":\"de-DE\",\"locale\":\"de\",\"timeZone\":\"Europe/Berlin\",\"timezoneOffset\":-120,\"screen_width\":1280,\"screen_height\":720,\"scroll_width\":1280,\"scroll_height\":578,\"window_innerWidth\":1280,\"window_innerHeight\":578,\"devicePixelRatio\":1.5},\"sender\":\"welcome\",\"sender_type\":\"canvas.Screen\",\"sender_id\":\"0\",\"ended_on\":\"timeout\",\"duration\":7998.97,\"time_run\":2241.775000002235,\"time_render\":2169.482,\"time_show\":2236.175,\"time_end\":10218.646,\"time_commit\":10225.169999990612,\"timestamp\":\"2021-04-29T10:44:59.052Z\",\"time_switch\":10235.145},{\"sender\":\"instructions\",\"sender_type\":\"html.Page\",\"sender_id\":\"1\",\"response\":\"Space\",\"response_action\":\"keypress(Space)\",\"ended_on\":\"response\",\"duration\":24244.679999929405,\"time_run\":10225.819999934174,\"time_render\":10218.646,\"time_show\":10235.145,\"time_end\":34479.824999929406,\"time_commit\":34487.05500003416,\"timestamp\":\"2021-04-29T10:45:23.314Z\",\"time_switch\":34531.974},{\"sender\":\"example1\",\"sender_type\":\"canvas.Screen\",\"sender_id\":\"2\",\"response\":\"8\",\"response_action\":\"click(0) @8\",\"correctResponse\":\"8\",\"correct\":true,\"ended_on\":\"response\",\"duration\":7084.700999939276,\"time_run\":34487.98999993596,\"time_render\":34465.575,\"time_show\":34531.974,\"time_end\":41616.67499993928,\"time_commit\":41622.354999999516,\"timestamp\":\"2021-04-29T10:45:30.450Z\",\"time_switch\":41725.834},{\"sender\":\"example1_feedback\",\"sender_type\":\"canvas.Screen\",\"sender_id\":\"3\",\"response\":\"space\",\"response_action\":\"keypress(Space)\",\"ended_on\":\"response\",\"duration\":2134.8459999251936,\"time_run\":41696.86000002548,\"time_render\":41681.257,\"time_show\":41725.834,\"time_end\":43860.679999925196,\"time_commit\":43861.24999995809,\"timestamp\":\"2021-04-29T10:45:32.688Z\",\"time_switch\":43864.103},{\"sender\":\"example2\",\"sender_type\":\"canvas.Screen\",\"sender_id\":\"4\",\"response\":\"4\",\"response_action\":\"click(0) @4\",\"correctResponse\":\"4\",\"correct\":true,\"ended_on\":\"response\",\"duration\":9081.721999944304,\"time_run\":43861.38000001665,\"time_render\":43847.439,\"time_show\":43864.103,\"time_end\":52945.82499994431,\"time_commit\":52947.174999979325,\"timestamp\":\"2021-04-29T10:45:41.774Z\",\"time_switch\":53012.915},{\"sender\":\"example2_feedback\",\"sender_type\":\"canvas.Screen\",\"sender_id\":\"5\",\"response\":\"space\",\"response_action\":\"keypress(Space)\",\"ended_on\":\"response\",\"duration\":1635.2999999355889,\"time_run\":53007.86999997217,\"time_render\":52996.511,\"time_show\":53012.915,\"time_end\":54648.21499993559,\"time_commit\":54649.29500001017,\"timestamp\":\"2021-04-29T10:45:43.477Z\",\"time_switch\":54679.424},{\"sender\":\"get ready\",\"sender_type\":\"canvas.Screen\",\"sender_id\":\"6\",\"response\":\"Space\",\"response_action\":\"keypress(Space)\",\"ended_on\":\"response\",\"duration\":1464.4709999865154,\"time_run\":54649.64499999769,\"time_render\":54646.092,\"time_show\":54679.424,\"time_end\":56143.894999986514,\"time_commit\":56144.925000029616,\"timestamp\":\"2021-04-29T10:45:44.972Z\",\"time_switch\":56179.546},{\"sender\":\"test01\",\"sender_type\":\"canvas.Screen\",\"sender_id\":\"7_0\",\"response\":\"7\",\"response_action\":\"click(0) @7\",\"correctResponse\":\"7\",\"correct\":true,\"ended_on\":\"response\",\"duration\":10746.648999949073,\"time_run\":56145.38499992341,\"time_render\":56163.281,\"time_show\":56179.546,\"time_end\":66926.19499994908,\"time_commit\":66928.19499992765,\"timestamp\":\"2021-04-29T10:45:55.755Z\",\"time_switch\":66944.683},{\"sender\":\"test02\",\"sender_type\":\"canvas.Screen\",\"sender_id\":\"7_1\",\"response\":\"4\",\"response_action\":\"click(0) @4\",\"correctResponse\":\"4\",\"correct\":true,\"ended_on\":\"response\",\"duration\":31878.322000012922,\"time_run\":66928.8200000301,\"time_render\":66928.006,\"time_show\":66944.683,\"time_end\":98823.00500001293,\"time_commit\":98824.9599999981,\"timestamp\":\"2021-04-29T10:46:27.652Z\",\"time_switch\":98840.433},{\"sender\":\"test03\",\"sender_type\":\"canvas.Screen\",\"sender_id\":\"7_2\",\"response\":\"6\",\"response_action\":\"click(0) @6\",\"correctResponse\":\"6\",\"correct\":true,\"ended_on\":\"response\",\"duration\":19146.7219999807,\"time_run\":98825.30000002589,\"time_render\":98823.889,\"time_show\":98840.433,\"time_end\":117987.1549999807,\"time_commit\":117989.13499992341,\"timestamp\":\"2021-04-29T10:46:46.816Z\",\"time_switch\":118004.773},{\"sender\":\"test04\",\"sender_type\":\"canvas.Screen\",\"sender_id\":\"7_3\",\"response\":\"1\",\"response_action\":\"click(0) @1\",\"correctResponse\":\"2\",\"correct\":false,\"ended_on\":\"response\",\"duration\":12381.261999974071,\"time_run\":117989.52499998268,\"time_render\":117988.097,\"time_show\":118004.773,\"time_end\":130386.03499997407,\"time_commit\":130388.03499995265,\"timestamp\":\"2021-04-29T10:46:59.215Z\",\"time_switch\":130402.997},{\"sender\":\"test05\",\"sender_type\":\"canvas.Screen\",\"sender_id\":\"7_4\",\"response\":\"4\",\"response_action\":\"click(0) @4\",\"correctResponse\":\"4\",\"correct\":true,\"ended_on\":\"response\",\"duration\":12574.802999993291,\"time_run\":130388.44499993138,\"time_render\":130386.536,\"time_show\":130402.997,\"time_end\":142977.7999999933,\"time_commit\":142979.80500000995,\"timestamp\":\"2021-04-29T10:47:11.807Z\",\"time_switch\":143001.408},{\"sender\":\"test06\",\"sender_type\":\"canvas.Screen\",\"sender_id\":\"7_5\",\"response\":\"7\",\"response_action\":\"click(0) @7\",\"correctResponse\":\"7\",\"correct\":true,\"ended_on\":\"response\",\"duration\":26564.947000017215,\"time_run\":142980.8399999747,\"time_render\":142968.251,\"time_show\":143001.408,\"time_end\":169566.3550000172,\"time_commit\":169567.9849999724,\"timestamp\":\"2021-04-29T10:47:38.395Z\",\"time_switch\":169581.281},{\"sender\":\"test07\",\"sender_type\":\"canvas.Screen\",\"sender_id\":\"7_6\",\"response\":\"4\",\"response_action\":\"click(0) @4\",\"correctResponse\":\"8\",\"correct\":false,\"ended_on\":\"response\",\"duration\":21884.23899996883,\"time_run\":169568.29999992624,\"time_render\":169564.589,\"time_show\":169581.281,\"time_end\":191465.51999996882,\"time_commit\":191467.48500003014,\"timestamp\":\"2021-04-29T10:48:00.294Z\",\"time_switch\":191478.511},{\"sender\":\"test08\",\"sender_type\":\"canvas.Screen\",\"sender_id\":\"7_7\",\"response\":\"7\",\"response_action\":\"click(0) @7\",\"correctResponse\":\"7\",\"correct\":true,\"ended_on\":\"response\",\"duration\":37287.34899992676,\"time_run\":191467.9199999664,\"time_render\":191461.895,\"time_show\":191478.511,\"time_end\":228765.85999992676,\"time_commit\":228767.47999992222,\"timestamp\":\"2021-04-29T10:48:37.595Z\",\"time_switch\":228773.651},{\"sender\":\"test09\",\"sender_type\":\"canvas.Screen\",\"sender_id\":\"7_8\",\"response\":\"3\",\"response_action\":\"click(0) @3\",\"correctResponse\":\"5\",\"correct\":false,\"ended_on\":\"response\",\"duration\":29281.148999925295,\"time_run\":228767.79499999247,\"time_render\":228757.133,\"time_show\":228773.651,\"time_end\":258054.7999999253,\"time_commit\":258056.12999992445,\"timestamp\":\"2021-04-29T10:49:06.883Z\",\"time_switch\":258069.897},{\"sender\":\"test10\",\"sender_type\":\"canvas.Screen\",\"sender_id\":\"7_9\",\"response\":\"2\",\"response_action\":\"click(0) @2\",\"correctResponse\":\"5\",\"correct\":false,\"ended_on\":\"response\",\"duration\":23243.607999969157,\"time_run\":258056.42499995884,\"time_render\":258053.413,\"time_show\":258069.897,\"time_end\":281313.50499996915,\"time_commit\":281315.2550000232,\"timestamp\":\"2021-04-29T10:49:30.143Z\",\"time_switch\":281341.796},{\"sender\":\"test11\",\"sender_type\":\"canvas.Screen\",\"sender_id\":\"7_10\",\"response\":\"6\",\"response_action\":\"click(0) @6\",\"correctResponse\":\"4\",\"correct\":false,\"ended_on\":\"response\",\"duration\":12633.52399996866,\"time_run\":281315.66999992356,\"time_render\":281300.378,\"time_show\":281341.796,\"time_end\":293975.31999996863,\"time_commit\":293976.68500000145,\"timestamp\":\"2021-04-29T10:49:42.803Z\",\"time_switch\":293981.935},{\"sender\":\"test12\",\"sender_type\":\"canvas.Screen\",\"sender_id\":\"7_11\",\"response\":\"5\",\"response_action\":\"click(0) @5\",\"correctResponse\":\"1\",\"correct\":false,\"ended_on\":\"response\",\"duration\":40233.414999954926,\"time_run\":293976.95999999996,\"time_render\":293965.45,\"time_show\":293981.935,\"time_end\":334215.3499999549,\"time_commit\":334216.88500000164,\"timestamp\":\"2021-04-29T10:50:23.044Z\",\"time_switch\":334226.792},{\"sender\":\"tests (15min)\",\"sender_type\":\"flow.Sequence\",\"sender_id\":\"7\",\"ended_on\":\"completion\",\"duration\":278035.80399995495,\"time_run\":56145.24999994319,\"time_render\":56163.281,\"time_show\":56179.546,\"time_end\":334215.3499999549,\"time_commit\":334221.6849999968,\"timestamp\":\"2021-04-29T10:50:23.048Z\",\"time_switch\":334226.792},{\"sender\":\"good bye\",\"sender_type\":\"canvas.Screen\",\"sender_id\":\"8\",\"ended_on\":\"timeout\",\"duration\":3999.662000000011,\"time_run\":334222.02999994624,\"time_render\":334210.227,\"time_show\":334226.792,\"time_end\":338209.611,\"time_commit\":338210.8999999473,\"timestamp\":\"2021-04-29T10:50:27.038Z\",\"time_switch\":338226.454},{\"sender\":\"root\",\"sender_type\":\"flow.Sequence\",\"sender_id\":null,\"ended_on\":\"completion\",\"duration\":335973.436,\"time_run\":2241.5299999993294,\"time_render\":2169.482,\"time_show\":2236.175,\"time_end\":338209.611,\"time_commit\":338211.7749999743,\"timestamp\":\"2021-04-29T10:50:27.039Z\",\"time_switch\":338226.454}]",
    "metadata": "{\"slice\":0,\"id\":\"27939a94-cf25-4c76-94d8-8fefc55e6381\",\"payload\":\"full\"}",
    "url": "https://exp02.zih.tu-dresden.de/experiments/raven_task/"
}