{
    "data": "[{\"url\":{},\"meta\":{\"labjs_version\":\"20.1.1\",\"labjs_build\":{\"flavor\":\"production\",\"commit\":\"cd5695f774968f50499757c1423bd95d033ea08e\"},\"location\":\"https://exp02.zih.tu-dresden.de/experiments/spot_a_word_task/\",\"userAgent\":\"Mozilla/5.0 (Windows NT 10.0; Win64; x64) AppleWebKit/537.36 (KHTML, like Gecko) Chrome/90.0.4430.93 Safari/537.36\",\"platform\":\"Win32\",\"language\":\"de-DE\",\"locale\":\"de\",\"timeZone\":\"Europe/Berlin\",\"timezoneOffset\":-120,\"screen_width\":1280,\"screen_height\":720,\"scroll_width\":1280,\"scroll_height\":578,\"window_innerWidth\":1280,\"window_innerHeight\":578,\"devicePixelRatio\":1.5},\"sender\":\"start_html\",\"sender_type\":\"html.Screen\",\"sender_id\":\"0\",\"ended_on\":\"timeout\",\"duration\":5999.291,\"time_run\":701.8699999898672,\"time_render\":695.286,\"time_show\":711.918,\"time_end\":6694.744,\"time_commit\":6701.780000003055,\"timestamp\":\"2021-04-29T10:38:08.822Z\",\"time_switch\":6711.209},{\"sender\":\"manual_html\",\"sender_type\":\"html.Screen\",\"sender_id\":\"1\",\"response\":\"space\",\"response_action\":\"keypress(Space)\",\"ended_on\":\"response\",\"duration\":41234.915999900346,\"time_run\":6702.489999937825,\"time_render\":6694.744,\"time_show\":6711.209,\"time_end\":47946.12499990035,\"time_commit\":47953.164999955334,\"timestamp\":\"2021-04-29T10:38:50.074Z\",\"time_switch\":47972.572},{\"sender\":\"example1_screen\",\"sender_type\":\"canvas.Screen\",\"sender_id\":\"2\",\"response\":\"5\",\"response_action\":\"keypress(5)\",\"correctResponse\":\"4\",\"correct\":false,\"ended_on\":\"response\",\"duration\":1552.9079999529495,\"time_run\":47963.40999996755,\"time_render\":47937.925,\"time_show\":47972.572,\"time_end\":49525.47999995295,\"time_commit\":49526.81999991182,\"timestamp\":\"2021-04-29T10:38:51.647Z\",\"time_switch\":49539.056},{\"sender\":\"example1_feedback\",\"sender_type\":\"canvas.Screen\",\"sender_id\":\"3\",\"response\":\"Space\",\"response_action\":\"keypress(Space)\",\"ended_on\":\"response\",\"duration\":1473.5189999424474,\"time_run\":49532.50999993179,\"time_render\":49522.509,\"time_show\":49539.056,\"time_end\":51012.574999942444,\"time_commit\":51013.32499994896,\"timestamp\":\"2021-04-29T10:38:53.134Z\",\"time_switch\":51022.163},{\"sender\":\"example2_screen\",\"sender_type\":\"canvas.Screen\",\"sender_id\":\"4\",\"response\":\"2\",\"response_action\":\"keypress(2)\",\"correctResponse\":\"5\",\"correct\":false,\"ended_on\":\"response\",\"duration\":2075.822000000335,\"time_run\":51016.98499999475,\"time_render\":51005.677,\"time_show\":51022.163,\"time_end\":53097.985000000335,\"time_commit\":53099.119999911636,\"timestamp\":\"2021-04-29T10:38:55.220Z\",\"time_switch\":53123.868},{\"sender\":\"example2_feedback\",\"sender_type\":\"canvas.Screen\",\"sender_id\":\"5\",\"response\":\"Space\",\"response_action\":\"keypress(Space)\",\"ended_on\":\"response\",\"duration\":3236.7669999317877,\"time_run\":53104.33000000194,\"time_render\":53088.691,\"time_show\":53123.868,\"time_end\":56360.63499993179,\"time_commit\":56361.9099999778,\"timestamp\":\"2021-04-29T10:38:58.482Z\",\"time_switch\":56371.508},{\"sender\":\"example3_screen\",\"sender_type\":\"canvas.Screen\",\"sender_id\":\"6\",\"response\":\"1\",\"response_action\":\"keypress(1)\",\"correctResponse\":\"1\",\"correct\":true,\"ended_on\":\"response\",\"duration\":1595.7219999510853,\"time_run\":56367.46499990113,\"time_render\":56354.697,\"time_show\":56371.508,\"time_end\":57967.22999995109,\"time_commit\":57968.48499996122,\"timestamp\":\"2021-04-29T10:39:00.089Z\",\"time_switch\":57987.975},{\"sender\":\"example3_feedback\",\"sender_type\":\"canvas.Screen\",\"sender_id\":\"7\",\"response\":\"Space\",\"response_action\":\"keypress(Space)\",\"ended_on\":\"response\",\"duration\":1113.9499999662876,\"time_run\":57973.39999990072,\"time_render\":57971.456,\"time_show\":57987.975,\"time_end\":59101.924999966286,\"time_commit\":59103.00999996252,\"timestamp\":\"2021-04-29T10:39:01.223Z\",\"time_switch\":59127.13},{\"sender\":\"get_ready_html\",\"sender_type\":\"html.Screen\",\"sender_id\":\"8\",\"response\":\"space\",\"response_action\":\"keypress(Space)\",\"ended_on\":\"response\",\"duration\":5222.20499991894,\"time_run\":59103.364999988116,\"time_render\":59087.979,\"time_show\":59127.13,\"time_end\":64349.33499991894,\"time_commit\":64350.384999997914,\"timestamp\":\"2021-04-29T10:39:06.471Z\",\"time_switch\":64420.551},{\"sender\":\"trial_screen\",\"sender_type\":\"canvas.Screen\",\"sender_id\":\"9_0\",\"correct\":true,\"trial_ID\":1,\"word1\":\"siziol\",\"word2\":\"salzahl\",\"word3\":\"sozihl\",\"word4\":\"sziam\",\"word5\":\"sozial\",\"response\":\"5\",\"response_action\":\"keypress(5)\",\"correctResponse\":\"5\",\"ended_on\":\"response\",\"duration\":2326.4039999805173,\"time_run\":64410.3499999037,\"time_render\":64403.759,\"time_show\":64420.551,\"time_end\":66746.95499998052,\"time_commit\":66748.24499990791,\"timestamp\":\"2021-04-29T10:39:08.868Z\",\"time_switch\":66770.178},{\"sender\":\"trial_screen\",\"sender_type\":\"canvas.Screen\",\"sender_id\":\"9_1\",\"correct\":true,\"trial_ID\":2,\"word1\":\"Lamone\",\"word2\":\"Talane\",\"word3\":\"Matrone\",\"word4\":\"Tarone\",\"word5\":\"Malonte\",\"response\":\"3\",\"response_action\":\"keypress(3)\",\"correctResponse\":\"3\",\"ended_on\":\"response\",\"duration\":3769.326999993369,\"time_run\":66755.55000000168,\"time_render\":66753.42,\"time_show\":66770.178,\"time_end\":70539.50499999337,\"time_commit\":70540.30499991495,\"timestamp\":\"2021-04-29T10:39:12.660Z\",\"time_switch\":70552.96},{\"sender\":\"trial_screen\",\"sender_type\":\"canvas.Screen\",\"sender_id\":\"9_2\",\"correct\":true,\"trial_ID\":3,\"word1\":\"kurinesisch\",\"word2\":\"kulinarisch\",\"word3\":\"kumenisch\",\"word4\":\"kulissarisch\",\"word5\":\"kannastrisch\",\"response\":\"2\",\"response_action\":\"keypress(2)\",\"correctResponse\":\"2\",\"ended_on\":\"response\",\"duration\":2607.984999894121,\"time_run\":70544.02999999002,\"time_render\":70536.353,\"time_show\":70552.96,\"time_end\":73160.94499989413,\"time_commit\":73162.18999994453,\"timestamp\":\"2021-04-29T10:39:15.282Z\",\"time_switch\":73169.343},{\"sender\":\"trial_screen\",\"sender_type\":\"canvas.Screen\",\"sender_id\":\"9_3\",\"correct\":true,\"trial_ID\":4,\"word1\":\"Tinxur\",\"word2\":\"Kukutur\",\"word3\":\"Fraktan\",\"word4\":\"Tinktur\",\"word5\":\"Rimsuhr\",\"response\":\"4\",\"response_action\":\"keypress(4)\",\"correctResponse\":\"4\",\"ended_on\":\"response\",\"duration\":2867.946999891079,\"time_run\":73167.25999990012,\"time_render\":73152.596,\"time_show\":73169.343,\"time_end\":76037.28999989107,\"time_commit\":76037.90499991737,\"timestamp\":\"2021-04-29T10:39:18.158Z\",\"time_switch\":76052.365},{\"sender\":\"trial_screen\",\"sender_type\":\"canvas.Screen\",\"sender_id\":\"9_4\",\"correct\":false,\"trial_ID\":5,\"word1\":\"beralen\",\"word2\":\"ger\u00e4ltet\",\"word3\":\"an\u00e4lteren\",\"word4\":\"unt\u00e4ren\",\"word5\":\"verbr\u00e4men\",\"response\":\"3\",\"response_action\":\"keypress(3)\",\"correctResponse\":\"5\",\"ended_on\":\"response\",\"duration\":8402.10499999694,\"time_run\":76040.04999995232,\"time_render\":76035.744,\"time_show\":76052.365,\"time_end\":84454.46999999695,\"time_commit\":84455.64499998,\"timestamp\":\"2021-04-29T10:39:26.576Z\",\"time_switch\":84467.861},{\"sender\":\"trial_screen\",\"sender_type\":\"canvas.Screen\",\"sender_id\":\"9_5\",\"correct\":true,\"trial_ID\":6,\"word1\":\"Rosto\",\"word2\":\"Torso\",\"word3\":\"Soro\",\"word4\":\"Torgos\",\"word5\":\"Tosor\",\"response\":\"2\",\"response_action\":\"keypress(2)\",\"correctResponse\":\"2\",\"ended_on\":\"response\",\"duration\":3034.798999998282,\"time_run\":84460.30999999493,\"time_render\":84450.897,\"time_show\":84467.861,\"time_end\":87502.65999999829,\"time_commit\":87503.87999997474,\"timestamp\":\"2021-04-29T10:39:29.624Z\",\"time_switch\":87517.472},{\"sender\":\"trial_screen\",\"sender_type\":\"canvas.Screen\",\"sender_id\":\"9_6\",\"correct\":true,\"trial_ID\":7,\"word1\":\"Redor\",\"word2\":\"Radium\",\"word3\":\"Terion\",\"word4\":\"Dramin\",\"word5\":\"Orakium\",\"response\":\"2\",\"response_action\":\"keypress(2)\",\"correctResponse\":\"2\",\"ended_on\":\"response\",\"duration\":2964.1479999768344,\"time_run\":87509.00499999989,\"time_render\":87500.686,\"time_show\":87517.472,\"time_end\":90481.61999997683,\"time_commit\":90483.02499996498,\"timestamp\":\"2021-04-29T10:39:32.603Z\",\"time_switch\":90500.572},{\"sender\":\"trial_screen\",\"sender_type\":\"canvas.Screen\",\"sender_id\":\"9_7\",\"correct\":true,\"trial_ID\":8,\"word1\":\"Nale\",\"word2\":\"Sahe\",\"word3\":\"Nase\",\"word4\":\"Nesa\",\"word5\":\"Sehna\",\"response\":\"3\",\"response_action\":\"keypress(3)\",\"correctResponse\":\"3\",\"ended_on\":\"response\",\"duration\":2759.5579999514594,\"time_run\":90487.40999994334,\"time_render\":90483.799,\"time_show\":90500.572,\"time_end\":93260.12999995146,\"time_commit\":93261.34499988984,\"timestamp\":\"2021-04-29T10:39:35.381Z\",\"time_switch\":93300.128},{\"sender\":\"trial_screen\",\"sender_type\":\"canvas.Screen\",\"sender_id\":\"9_8\",\"correct\":false,\"trial_ID\":9,\"word1\":\"Rilkiase\",\"word2\":\"Kilister\",\"word3\":\"Riliker\",\"word4\":\"Klistier\",\"word5\":\"Linkure\",\"response\":\"2\",\"response_action\":\"keypress(2)\",\"correctResponse\":\"4\",\"ended_on\":\"response\",\"duration\":8067.551999908435,\"time_run\":93266.3749998901,\"time_render\":93283.581,\"time_show\":93300.128,\"time_end\":101367.67999990843,\"time_commit\":101368.19999990985,\"timestamp\":\"2021-04-29T10:39:43.488Z\",\"time_switch\":101382.48},{\"sender\":\"trial_screen\",\"sender_type\":\"canvas.Screen\",\"sender_id\":\"9_9\",\"correct\":true,\"trial_ID\":10,\"word1\":\"kentern\",\"word2\":\"knerte\",\"word3\":\"kanzen\",\"word4\":\"kretern\",\"word5\":\"trekern\",\"response\":\"1\",\"response_action\":\"keypress(1)\",\"correctResponse\":\"1\",\"ended_on\":\"response\",\"duration\":9317.264999990803,\"time_run\":101370.01499999315,\"time_render\":101365.631,\"time_show\":101382.48,\"time_end\":110699.7449999908,\"time_commit\":110701.06999995187,\"timestamp\":\"2021-04-29T10:39:52.821Z\",\"time_switch\":110714.469},{\"sender\":\"trial_screen\",\"sender_type\":\"canvas.Screen\",\"sender_id\":\"9_10\",\"correct\":true,\"trial_ID\":11,\"word1\":\"Sorekin\",\"word2\":\"Sarowin\",\"word3\":\"Rosakin\",\"word4\":\"Narosin\",\"word5\":\"Kerosin\",\"response\":\"5\",\"response_action\":\"keypress(5)\",\"correctResponse\":\"5\",\"ended_on\":\"response\",\"duration\":6101.81599994986,\"time_run\":110706.119999988,\"time_render\":110697.694,\"time_show\":110714.469,\"time_end\":116816.28499994986,\"time_commit\":116817.49499996658,\"timestamp\":\"2021-04-29T10:39:58.938Z\",\"time_switch\":116830.368},{\"sender\":\"trial_screen\",\"sender_type\":\"canvas.Screen\",\"sender_id\":\"9_11\",\"correct\":true,\"trial_ID\":12,\"word1\":\"Ralke\",\"word2\":\"Korre\",\"word3\":\"Ruckse\",\"word4\":\"Recke\",\"word5\":\"Ulte\",\"response\":\"4\",\"response_action\":\"keypress(4)\",\"correctResponse\":\"4\",\"ended_on\":\"response\",\"duration\":5343.736999983681,\"time_run\":116822.4849998951,\"time_render\":116813.74,\"time_show\":116830.368,\"time_end\":122174.10499998368,\"time_commit\":122175.24999997113,\"timestamp\":\"2021-04-29T10:40:04.295Z\",\"time_switch\":122196.335},{\"sender\":\"trial_screen\",\"sender_type\":\"canvas.Screen\",\"sender_id\":\"9_12\",\"correct\":true,\"trial_ID\":13,\"word1\":\"Kapaun\",\"word2\":\"Paukan\",\"word3\":\"Naupack\",\"word4\":\"Aupeck\",\"word5\":\"Ankepran\",\"response\":\"1\",\"response_action\":\"keypress(1)\",\"correctResponse\":\"1\",\"ended_on\":\"response\",\"duration\":8514.779999954582,\"time_run\":122180.70499994792,\"time_render\":122179.723,\"time_show\":122196.335,\"time_end\":130711.11499995459,\"time_commit\":130712.76999998372,\"timestamp\":\"2021-04-29T10:40:12.833Z\",\"time_switch\":130728.562},{\"sender\":\"trial_screen\",\"sender_type\":\"canvas.Screen\",\"sender_id\":\"9_13\",\"correct\":true,\"trial_ID\":14,\"word1\":\"Dissonanz\",\"word2\":\"Diskrisanz\",\"word3\":\"Distranz\",\"word4\":\"Dinotanz\",\"word5\":\"Sidonenz\",\"response\":\"1\",\"response_action\":\"keypress(1)\",\"correctResponse\":\"1\",\"ended_on\":\"response\",\"duration\":1070.9430000026769,\"time_run\":130719.94499990251,\"time_render\":130711.777,\"time_show\":130728.562,\"time_end\":131799.50500000268,\"time_commit\":131800.5149998935,\"timestamp\":\"2021-04-29T10:40:13.920Z\",\"time_switch\":131811.809},{\"sender\":\"trial_screen\",\"sender_type\":\"canvas.Screen\",\"sender_id\":\"9_14\",\"correct\":true,\"trial_ID\":15,\"word1\":\"Kirse\",\"word2\":\"Sirke\",\"word3\":\"Krise\",\"word4\":\"Krospe\",\"word5\":\"Seris\",\"response\":\"3\",\"response_action\":\"keypress(3)\",\"correctResponse\":\"3\",\"ended_on\":\"response\",\"duration\":2228.1809999610996,\"time_run\":131803.68499993347,\"time_render\":131795.218,\"time_show\":131811.809,\"time_end\":134039.9899999611,\"time_commit\":134040.76999996323,\"timestamp\":\"2021-04-29T10:40:16.161Z\",\"time_switch\":134067.806},{\"sender\":\"trial_screen\",\"sender_type\":\"canvas.Screen\",\"sender_id\":\"9_15\",\"correct\":true,\"trial_ID\":16,\"word1\":\"Tume\",\"word2\":\"Umat\",\"word3\":\"Maut\",\"word4\":\"Taum\",\"word5\":\"Muta\",\"response\":\"3\",\"response_action\":\"keypress(3)\",\"correctResponse\":\"3\",\"ended_on\":\"response\",\"duration\":3779.6139998890867,\"time_run\":134043.554999982,\"time_render\":134028.25,\"time_show\":134067.806,\"time_end\":137847.4199998891,\"time_commit\":137848.52999995928,\"timestamp\":\"2021-04-29T10:40:19.968Z\",\"time_switch\":137860.992},{\"sender\":\"trial_screen\",\"sender_type\":\"canvas.Screen\",\"sender_id\":\"9_16\",\"correct\":true,\"trial_ID\":17,\"word1\":\"Tuhl\",\"word2\":\"Lar\",\"word3\":\"Lest\",\"word4\":\"Dall\",\"word5\":\"Lid\",\"response\":\"5\",\"response_action\":\"keypress(5)\",\"correctResponse\":\"5\",\"ended_on\":\"response\",\"duration\":2943.3529999531747,\"time_run\":137852.74999996182,\"time_render\":137844.377,\"time_show\":137860.992,\"time_end\":140804.34499995317,\"time_commit\":140806.17999995593,\"timestamp\":\"2021-04-29T10:40:22.926Z\",\"time_switch\":140827.275},{\"sender\":\"trial_screen\",\"sender_type\":\"canvas.Screen\",\"sender_id\":\"9_17\",\"correct\":false,\"trial_ID\":18,\"word1\":\"Adept\",\"word2\":\"Padet\",\"word3\":\"Edapt\",\"word4\":\"Epatt\",\"word5\":\"Taped\",\"response\":\"2\",\"response_action\":\"keypress(2)\",\"correctResponse\":\"1\",\"ended_on\":\"response\",\"duration\":9114.11999997255,\"time_run\":140810.2999998955,\"time_render\":140810.738,\"time_show\":140827.275,\"time_end\":149941.39499997254,\"time_commit\":149943.16499994602,\"timestamp\":\"2021-04-29T10:40:32.063Z\",\"time_switch\":149959.65},{\"sender\":\"trial_screen\",\"sender_type\":\"canvas.Screen\",\"sender_id\":\"9_18\",\"correct\":true,\"trial_ID\":19,\"word1\":\"Spirine\",\"word2\":\"Saprin\",\"word3\":\"Parsin\",\"word4\":\"Purin\",\"word5\":\"Asprint\",\"response\":\"4\",\"response_action\":\"keypress(4)\",\"correctResponse\":\"4\",\"ended_on\":\"response\",\"duration\":6409.534999959549,\"time_run\":149947.7599998936,\"time_render\":149942.501,\"time_show\":149959.65,\"time_end\":156369.18499995954,\"time_commit\":156370.4499999294,\"timestamp\":\"2021-04-29T10:40:38.490Z\",\"time_switch\":156408.737},{\"sender\":\"trial_screen\",\"sender_type\":\"canvas.Screen\",\"sender_id\":\"9_19\",\"correct\":false,\"trial_ID\":20,\"word1\":\"Kulon\",\"word2\":\"Solgun\",\"word3\":\"Koskan\",\"word4\":\"Soran\",\"word5\":\"Klonus\",\"response\":\"3\",\"response_action\":\"keypress(3)\",\"correctResponse\":\"5\",\"ended_on\":\"response\",\"duration\":6984.432999937533,\"time_run\":156374.71499992535,\"time_render\":156395.274,\"time_show\":156408.737,\"time_end\":163393.16999993753,\"time_commit\":163394.2949998891,\"timestamp\":\"2021-04-29T10:40:45.514Z\",\"time_switch\":163407.709},{\"sender\":\"trial_screen\",\"sender_type\":\"canvas.Screen\",\"sender_id\":\"9_20\",\"correct\":false,\"trial_ID\":21,\"word1\":\"Tronke\",\"word2\":\"Nocktherm\",\"word3\":\"Teronk\",\"word4\":\"Komtur\",\"word5\":\"Rocktur\",\"response\":\"5\",\"response_action\":\"keypress(5)\",\"correctResponse\":\"4\",\"ended_on\":\"response\",\"duration\":7566.92099995332,\"time_run\":163399.45499994792,\"time_render\":163390.854,\"time_show\":163407.709,\"time_end\":170974.62999995332,\"time_commit\":170975.80999997444,\"timestamp\":\"2021-04-29T10:40:53.096Z\",\"time_switch\":170990.03},{\"sender\":\"trial_screen\",\"sender_type\":\"canvas.Screen\",\"sender_id\":\"9_21\",\"correct\":true,\"trial_ID\":22,\"word1\":\"Ripat\",\"word2\":\"Patinatte\",\"word3\":\"Tapir\",\"word4\":\"Apitt\",\"word5\":\"Padir\",\"response\":\"3\",\"response_action\":\"keypress(3)\",\"correctResponse\":\"3\",\"ended_on\":\"response\",\"duration\":2912.4799999271345,\"time_run\":170980.21499998868,\"time_render\":170973.345,\"time_show\":170990.03,\"time_end\":173902.50999992713,\"time_commit\":173903.774999897,\"timestamp\":\"2021-04-29T10:40:56.024Z\",\"time_switch\":173923.036},{\"sender\":\"trial_screen\",\"sender_type\":\"canvas.Screen\",\"sender_id\":\"9_22\",\"correct\":false,\"trial_ID\":23,\"word1\":\"Akifer\",\"word2\":\"Fiaker\",\"word3\":\"Kiaffa\",\"word4\":\"Sariffer\",\"word5\":\"Refisker\",\"response\":\"4\",\"response_action\":\"keypress(4)\",\"correctResponse\":\"2\",\"ended_on\":\"response\",\"duration\":6383.278999936156,\"time_run\":173908.60499988776,\"time_render\":173906.405,\"time_show\":173923.036,\"time_end\":180306.31499993615,\"time_commit\":180307.36999993678,\"timestamp\":\"2021-04-29T10:41:02.427Z\",\"time_switch\":180322.466},{\"sender\":\"trial_screen\",\"sender_type\":\"canvas.Screen\",\"sender_id\":\"9_23\",\"correct\":false,\"trial_ID\":24,\"word1\":\"Kleiber\",\"word2\":\"Beikel\",\"word3\":\"Keibel\",\"word4\":\"Reikler\",\"word5\":\"Biekerl\",\"response\":\"3\",\"response_action\":\"keypress(3)\",\"correctResponse\":\"1\",\"ended_on\":\"response\",\"duration\":3392.034000001877,\"time_run\":180311.56999990344,\"time_render\":180305.469,\"time_show\":180322.466,\"time_end\":183714.50000000186,\"time_commit\":183715.68499994464,\"timestamp\":\"2021-04-29T10:41:05.836Z\",\"time_switch\":183721.788},{\"sender\":\"trial_screen\",\"sender_type\":\"canvas.Screen\",\"sender_id\":\"9_24\",\"correct\":true,\"trial_ID\":25,\"word1\":\"Ig\u00e4de\",\"word2\":\"D\u00e4gie\",\"word3\":\"\u00c4gide\",\"word4\":\"Dig\u00e4de\",\"word5\":\"Giad\",\"response\":\"3\",\"response_action\":\"keypress(3)\",\"correctResponse\":\"3\",\"ended_on\":\"response\",\"duration\":4633.891999920539,\"time_run\":183719.7749998886,\"time_render\":183705.195,\"time_show\":183721.788,\"time_end\":188355.67999992054,\"time_commit\":188356.81499994826,\"timestamp\":\"2021-04-29T10:41:10.477Z\",\"time_switch\":188371.138},{\"sender\":\"trial_screen\",\"sender_type\":\"canvas.Screen\",\"sender_id\":\"9_25\",\"correct\":true,\"trial_ID\":26,\"word1\":\"Rixal\",\"word2\":\"Irtax\",\"word3\":\"Rackizie\",\"word4\":\"Matrix\",\"word5\":\"Atrige\",\"response\":\"4\",\"response_action\":\"keypress(4)\",\"correctResponse\":\"4\",\"ended_on\":\"response\",\"duration\":3629.5519998988893,\"time_run\":188361.63999990094,\"time_render\":188354.559,\"time_show\":188371.138,\"time_end\":192000.6899998989,\"time_commit\":192001.3649999164,\"timestamp\":\"2021-04-29T10:41:14.122Z\",\"time_switch\":192020.807},{\"sender\":\"trial_screen\",\"sender_type\":\"canvas.Screen\",\"sender_id\":\"9_26\",\"correct\":false,\"trial_ID\":27,\"word1\":\"Haskisch\",\"word2\":\"Asmisch\",\"word3\":\"Schisma\",\"word4\":\"Rasthmie\",\"word5\":\"Ilschah\",\"response\":\"5\",\"response_action\":\"keypress(5)\",\"correctResponse\":\"3\",\"ended_on\":\"response\",\"duration\":3887.732999974891,\"time_run\":192003.70499992277,\"time_render\":192003.864,\"time_show\":192020.807,\"time_end\":195908.5399999749,\"time_commit\":195910.0449999096,\"timestamp\":\"2021-04-29T10:41:18.031Z\",\"time_switch\":195984.276},{\"sender\":\"trial_screen\",\"sender_type\":\"canvas.Screen\",\"sender_id\":\"9_27\",\"correct\":false,\"trial_ID\":28,\"word1\":\"Sallose\",\"word2\":\"Lordose\",\"word3\":\"Dormase\",\"word4\":\"Rollase\",\"word5\":\"Ardierole\",\"response\":\"3\",\"response_action\":\"keypress(3)\",\"correctResponse\":\"2\",\"ended_on\":\"response\",\"duration\":5323.788999990153,\"time_run\":195919.46999996435,\"time_render\":195952.963,\"time_show\":195984.276,\"time_end\":201308.06499999017,\"time_commit\":201309.3499999959,\"timestamp\":\"2021-04-29T10:41:23.430Z\",\"time_switch\":201319.455},{\"sender\":\"trial_screen\",\"sender_type\":\"canvas.Screen\",\"sender_id\":\"9_28\",\"correct\":true,\"trial_ID\":29,\"word1\":\"Intranotion\",\"word2\":\"Infranatura\",\"word3\":\"Internodium\",\"word4\":\"Indotalie\",\"word5\":\"Indosta\",\"response\":\"3\",\"response_action\":\"keypress(3)\",\"correctResponse\":\"3\",\"ended_on\":\"response\",\"duration\":7855.469999941153,\"time_run\":201313.5749999201,\"time_render\":201302.855,\"time_show\":201319.455,\"time_end\":209174.92499994114,\"time_commit\":209176.114999922,\"timestamp\":\"2021-04-29T10:41:31.297Z\",\"time_switch\":209185.136},{\"sender\":\"trial_screen\",\"sender_type\":\"canvas.Screen\",\"sender_id\":\"9_29\",\"correct\":false,\"trial_ID\":30,\"word1\":\"Idaste\",\"word2\":\"Dastrix\",\"word3\":\"Astike\",\"word4\":\"Sadile\",\"word5\":\"Kasside\",\"response\":\"3\",\"response_action\":\"keypress(3)\",\"correctResponse\":\"5\",\"ended_on\":\"response\",\"duration\":4944.3590000010445,\"time_run\":209180.28999993112,\"time_render\":209168.439,\"time_show\":209185.136,\"time_end\":214129.49500000104,\"time_commit\":214130.77999989036,\"timestamp\":\"2021-04-29T10:41:36.251Z\",\"time_switch\":214151.192},{\"sender\":\"trial_screen\",\"sender_type\":\"canvas.Screen\",\"sender_id\":\"9_30\",\"correct\":false,\"trial_ID\":31,\"word1\":\"Libration\",\"word2\":\"Bilation\",\"word3\":\"Arlation\",\"word4\":\"Iberation\",\"word5\":\"Tiradon\",\"response\":\"2\",\"response_action\":\"keypress(2)\",\"correctResponse\":\"1\",\"ended_on\":\"response\",\"duration\":6259.577999958565,\"time_run\":214135.88499999605,\"time_render\":214134.468,\"time_show\":214151.192,\"time_end\":220410.76999995857,\"time_commit\":220411.7799999658,\"timestamp\":\"2021-04-29T10:41:42.532Z\",\"time_switch\":220433.887},{\"sender\":\"trial_screen\",\"sender_type\":\"canvas.Screen\",\"sender_id\":\"9_31\",\"correct\":true,\"trial_ID\":32,\"word1\":\"Pucker\",\"word2\":\"Keuper\",\"word3\":\"Eucker\",\"word4\":\"Reuspeck\",\"word5\":\"Urkane\",\"response\":\"2\",\"response_action\":\"keypress(2)\",\"correctResponse\":\"2\",\"ended_on\":\"response\",\"duration\":3815.602999958326,\"time_run\":220416.99499997776,\"time_render\":220417.002,\"time_show\":220433.887,\"time_end\":224249.4899999583,\"time_commit\":224250.8899999084,\"timestamp\":\"2021-04-29T10:41:46.371Z\",\"time_switch\":224266.789},{\"sender\":\"trial_screen\",\"sender_type\":\"canvas.Screen\",\"sender_id\":\"9_32\",\"correct\":false,\"trial_ID\":33,\"word1\":\"Sickaber\",\"word2\":\"Bassiker\",\"word3\":\"Kassiber\",\"word4\":\"Sassiker\",\"word5\":\"Askiber\",\"response\":\"2\",\"response_action\":\"keypress(2)\",\"correctResponse\":\"3\",\"ended_on\":\"response\",\"duration\":2757.1809999801917,\"time_run\":224255.11999998707,\"time_render\":224249.941,\"time_show\":224266.789,\"time_end\":227023.96999998018,\"time_commit\":227024.54499993473,\"timestamp\":\"2021-04-29T10:41:49.145Z\",\"time_switch\":227032.807},{\"sender\":\"trial_screen\",\"sender_type\":\"canvas.Screen\",\"sender_id\":\"9_33\",\"correct\":false,\"trial_ID\":34,\"word1\":\"Alquallon\",\"word2\":\"Lisqualien\",\"word3\":\"Talquallen\",\"word4\":\"Quisquilien\",\"word5\":\"Rielquellen\",\"response\":\"5\",\"response_action\":\"keypress(5)\",\"correctResponse\":\"4\",\"ended_on\":\"response\",\"duration\":7568.8179998938285,\"time_run\":227026.55999991111,\"time_render\":227016.137,\"time_show\":227032.807,\"time_end\":234601.62499989383,\"time_commit\":234602.87999990396,\"timestamp\":\"2021-04-29T10:41:56.723Z\",\"time_switch\":234615.355},{\"sender\":\"trial_screen\",\"sender_type\":\"canvas.Screen\",\"sender_id\":\"9_34\",\"correct\":false,\"trial_ID\":35,\"word1\":\"Berkiza\",\"word2\":\"Brekzie\",\"word3\":\"Birakzie\",\"word4\":\"Brikazie\",\"word5\":\"Bakiria\",\"response\":\"4\",\"response_action\":\"keypress(4)\",\"correctResponse\":\"2\",\"ended_on\":\"response\",\"duration\":7387.644999909651,\"time_run\":234608.73999993782,\"time_render\":234598.426,\"time_show\":234615.355,\"time_end\":242002.99999990966,\"time_commit\":242004.24499996006,\"timestamp\":\"2021-04-29T10:42:04.125Z\",\"time_switch\":242014.243},{\"sender\":\"loop_trial\",\"sender_type\":\"flow.Loop\",\"sender_id\":\"9\",\"ended_on\":\"completion\",\"duration\":177582.44899990965,\"time_run\":64408.40499999467,\"time_render\":64403.759,\"time_show\":64420.551,\"time_end\":242002.99999990966,\"time_commit\":242008.909999975,\"timestamp\":\"2021-04-29T10:42:04.129Z\",\"time_switch\":242014.243},{\"sender\":\"end_html\",\"sender_type\":\"html.Screen\",\"sender_id\":\"10\",\"response\":\"anykey\",\"response_action\":\"keypress\",\"ended_on\":\"response\",\"duration\":1977.3669999100093,\"time_run\":242009.20999993104,\"time_render\":241997.568,\"time_show\":242014.243,\"time_end\":243991.60999991,\"time_commit\":243992.85999999847,\"timestamp\":\"2021-04-29T10:42:06.113Z\",\"time_switch\":243997.459},{\"sender\":\"root\",\"sender_type\":\"flow.Sequence\",\"sender_id\":null,\"ended_on\":\"completion\",\"duration\":243279.69199991,\"time_run\":701.619999948889,\"time_render\":695.286,\"time_show\":711.918,\"time_end\":243991.60999991,\"time_commit\":243993.9449999947,\"timestamp\":\"2021-04-29T10:42:06.115Z\",\"time_switch\":243997.459}]",
    "metadata": "{\"slice\":0,\"id\":\"dc659bac-d485-497f-a815-1ec4674ffd6f\",\"payload\":\"full\"}",
    "url": "https://exp02.zih.tu-dresden.de/experiments/spot_a_word_task/"
}