{
    "data": "[{\"url\":{},\"meta\":{\"labjs_version\":\"20.1.1\",\"labjs_build\":{\"flavor\":\"production\",\"commit\":\"cd5695f774968f50499757c1423bd95d033ea08e\"},\"location\":\"https://exp02.zih.tu-dresden.de/experiments/raven_task/\",\"userAgent\":\"Mozilla/5.0 (Windows NT 10.0; Win64; x64) AppleWebKit/537.36 (KHTML, like Gecko) Chrome/90.0.4430.212 Safari/537.36\",\"platform\":\"Win32\",\"language\":\"de-PL\",\"locale\":\"de\",\"timeZone\":\"Europe/Berlin\",\"timezoneOffset\":-120,\"screen_width\":1536,\"screen_height\":864,\"scroll_width\":1536,\"scroll_height\":712,\"window_innerWidth\":1536,\"window_innerHeight\":760,\"devicePixelRatio\":1.25},\"sender\":\"welcome\",\"sender_type\":\"canvas.Screen\",\"sender_id\":\"0\",\"ended_on\":\"timeout\",\"duration\":7999.3189999999995,\"time_run\":1397.9700000490993,\"time_render\":1322.626,\"time_show\":1389.302,\"time_end\":9372.423,\"time_commit\":9373.97499999497,\"timestamp\":\"2021-05-30T23:45:03.174Z\",\"time_switch\":9388.621},{\"sender\":\"instructions\",\"sender_type\":\"html.Page\",\"sender_id\":\"1\",\"response\":\"Space\",\"response_action\":\"keypress(Space)\",\"ended_on\":\"response\",\"duration\":25200.99899998428,\"time_run\":9374.150000046939,\"time_render\":9372.423,\"time_show\":9388.621,\"time_end\":34589.61999998428,\"time_commit\":34591.155000030994,\"timestamp\":\"2021-05-30T23:45:28.392Z\",\"time_switch\":34603.209},{\"sender\":\"example1\",\"sender_type\":\"canvas.Screen\",\"sender_id\":\"2\",\"response\":\"8\",\"response_action\":\"click(0) @8\",\"correctResponse\":\"8\",\"correct\":true,\"ended_on\":\"response\",\"duration\":5703.101000014489,\"time_run\":34591.295000049286,\"time_render\":34586.846,\"time_show\":34603.209,\"time_end\":40306.31000001449,\"time_commit\":40307.680000085384,\"timestamp\":\"2021-05-30T23:45:34.109Z\",\"time_switch\":40352.782},{\"sender\":\"example1_feedback\",\"sender_type\":\"canvas.Screen\",\"sender_id\":\"3\",\"response\":\"space\",\"response_action\":\"keypress(Space)\",\"ended_on\":\"response\",\"duration\":1571.8930000165783,\"time_run\":40338.480000034906,\"time_render\":40336.092,\"time_show\":40352.782,\"time_end\":41924.67500001658,\"time_commit\":41925.0400000019,\"timestamp\":\"2021-05-30T23:45:35.726Z\",\"time_switch\":41935.974},{\"sender\":\"example2\",\"sender_type\":\"canvas.Screen\",\"sender_id\":\"4\",\"response\":\"5\",\"response_action\":\"click(0) @5\",\"correctResponse\":\"4\",\"correct\":false,\"ended_on\":\"response\",\"duration\":10501.681000016091,\"time_run\":41925.12999998871,\"time_render\":41919.318,\"time_show\":41935.974,\"time_end\":52437.65500001609,\"time_commit\":52438.23000008706,\"timestamp\":\"2021-05-30T23:45:46.239Z\",\"time_switch\":52494.473},{\"sender\":\"example2_feedback\",\"sender_type\":\"canvas.Screen\",\"sender_id\":\"5\",\"response\":\"space\",\"response_action\":\"keypress(Space)\",\"ended_on\":\"response\",\"duration\":8799.842000064673,\"time_run\":52467.605000012554,\"time_render\":52451.807,\"time_show\":52494.473,\"time_end\":61294.31500006467,\"time_commit\":61294.75000000093,\"timestamp\":\"2021-05-30T23:45:55.096Z\",\"time_switch\":61301.048},{\"sender\":\"get ready\",\"sender_type\":\"canvas.Screen\",\"sender_id\":\"6\",\"response\":\"Space\",\"response_action\":\"keypress(Space)\",\"ended_on\":\"response\",\"duration\":4268.086999997911,\"time_run\":61294.85000006389,\"time_render\":61284.424,\"time_show\":61301.048,\"time_end\":65569.13499999791,\"time_commit\":65569.43999999203,\"timestamp\":\"2021-05-30T23:45:59.371Z\",\"time_switch\":65583.993},{\"sender\":\"test01\",\"sender_type\":\"canvas.Screen\",\"sender_id\":\"7_0\",\"response\":\"7\",\"response_action\":\"click(0) @7\",\"correctResponse\":\"7\",\"correct\":true,\"ended_on\":\"response\",\"duration\":23334.03200002086,\"time_run\":65569.57499997225,\"time_render\":65567.356,\"time_show\":65583.993,\"time_end\":88918.02500002086,\"time_commit\":88918.58000005595,\"timestamp\":\"2021-05-30T23:46:22.720Z\",\"time_switch\":88932.776},{\"sender\":\"test02\",\"sender_type\":\"canvas.Screen\",\"sender_id\":\"7_1\",\"response\":\"8\",\"response_action\":\"click(0) @8\",\"correctResponse\":\"4\",\"correct\":false,\"ended_on\":\"response\",\"duration\":19126.444000053758,\"time_run\":88918.67500008084,\"time_render\":88915.478,\"time_show\":88932.776,\"time_end\":108059.22000005376,\"time_commit\":108059.78500004858,\"timestamp\":\"2021-05-30T23:46:41.861Z\",\"time_switch\":108063.869},{\"sender\":\"test03\",\"sender_type\":\"canvas.Screen\",\"sender_id\":\"7_2\",\"response\":\"6\",\"response_action\":\"click(0) @6\",\"correctResponse\":\"6\",\"correct\":true,\"ended_on\":\"response\",\"duration\":26386.090999998094,\"time_run\":108059.86999999732,\"time_render\":108047.704,\"time_show\":108063.869,\"time_end\":134449.9599999981,\"time_commit\":134450.56500006467,\"timestamp\":\"2021-05-30T23:47:08.252Z\",\"time_switch\":134461.716},{\"sender\":\"test04\",\"sender_type\":\"canvas.Screen\",\"sender_id\":\"7_3\",\"response\":\"2\",\"response_action\":\"click(0) @2\",\"correctResponse\":\"2\",\"correct\":true,\"ended_on\":\"response\",\"duration\":18649.28400003354,\"time_run\":134450.6650000112,\"time_render\":134445.526,\"time_show\":134461.716,\"time_end\":153111.00000003353,\"time_commit\":153111.55999999028,\"timestamp\":\"2021-05-30T23:47:26.912Z\",\"time_switch\":153126.835},{\"sender\":\"test05\",\"sender_type\":\"canvas.Screen\",\"sender_id\":\"7_4\",\"response\":\"5\",\"response_action\":\"click(0) @5\",\"correctResponse\":\"4\",\"correct\":false,\"ended_on\":\"response\",\"duration\":20523.189999980823,\"time_run\":153111.6349999793,\"time_render\":153110.26,\"time_show\":153126.835,\"time_end\":173650.02499998081,\"time_commit\":173650.55500005838,\"timestamp\":\"2021-05-30T23:47:47.451Z\",\"time_switch\":173658.515},{\"sender\":\"test06\",\"sender_type\":\"canvas.Screen\",\"sender_id\":\"7_5\",\"response\":\"6\",\"response_action\":\"click(0) @6\",\"correctResponse\":\"7\",\"correct\":false,\"ended_on\":\"response\",\"duration\":32557.570000080043,\"time_run\":173650.63500008546,\"time_render\":173641.92,\"time_show\":173658.515,\"time_end\":206216.08500008006,\"time_commit\":206216.66999999434,\"timestamp\":\"2021-05-30T23:48:20.018Z\",\"time_switch\":206222.494},{\"sender\":\"test07\",\"sender_type\":\"canvas.Screen\",\"sender_id\":\"7_6\",\"response\":\"1\",\"response_action\":\"click(0) @1\",\"correctResponse\":\"8\",\"correct\":false,\"ended_on\":\"response\",\"duration\":35259.91100001702,\"time_run\":206216.76500001922,\"time_render\":206206.24,\"time_show\":206222.494,\"time_end\":241482.40500001702,\"time_commit\":241482.91000002064,\"timestamp\":\"2021-05-30T23:48:55.284Z\",\"time_switch\":241486.264},{\"sender\":\"test08\",\"sender_type\":\"canvas.Screen\",\"sender_id\":\"7_7\",\"response\":\"8\",\"response_action\":\"click(0) @8\",\"correctResponse\":\"7\",\"correct\":false,\"ended_on\":\"response\",\"duration\":18191.280999984097,\"time_run\":241482.99000004772,\"time_render\":241469.609,\"time_show\":241486.264,\"time_end\":259677.5449999841,\"time_commit\":259678.07500006165,\"timestamp\":\"2021-05-30T23:49:13.479Z\",\"time_switch\":259701.477},{\"sender\":\"test09\",\"sender_type\":\"canvas.Screen\",\"sender_id\":\"7_8\",\"response\":\"4\",\"response_action\":\"click(0) @4\",\"correctResponse\":\"5\",\"correct\":false,\"ended_on\":\"response\",\"duration\":28305.868000049086,\"time_run\":259678.15499997232,\"time_render\":259684.829,\"time_show\":259701.477,\"time_end\":288007.3450000491,\"time_commit\":288007.8950000461,\"timestamp\":\"2021-05-30T23:49:41.809Z\",\"time_switch\":288015.772},{\"sender\":\"test10\",\"sender_type\":\"canvas.Screen\",\"sender_id\":\"7_9\",\"response\":\"1\",\"response_action\":\"click(0) @1\",\"correctResponse\":\"5\",\"correct\":false,\"ended_on\":\"response\",\"duration\":17153.958000081475,\"time_run\":288007.99499999266,\"time_render\":288000.091,\"time_show\":288015.772,\"time_end\":305169.7300000815,\"time_commit\":305170.2500000829,\"timestamp\":\"2021-05-30T23:49:58.971Z\",\"time_switch\":305181.522},{\"sender\":\"test11\",\"sender_type\":\"canvas.Screen\",\"sender_id\":\"7_10\",\"response\":\"3\",\"response_action\":\"click(0) @3\",\"correctResponse\":\"4\",\"correct\":false,\"ended_on\":\"response\",\"duration\":13250.758000066387,\"time_run\":305170.32999999356,\"time_render\":305164.545,\"time_show\":305181.522,\"time_end\":318432.2800000664,\"time_commit\":318432.7700000722,\"timestamp\":\"2021-05-30T23:50:12.234Z\",\"time_switch\":318446.969},{\"sender\":\"test12\",\"sender_type\":\"canvas.Screen\",\"sender_id\":\"7_11\",\"response\":\"3\",\"response_action\":\"click(0) @3\",\"correctResponse\":\"1\",\"correct\":false,\"ended_on\":\"response\",\"duration\":10460.986000060628,\"time_run\":318432.84999998286,\"time_render\":318429.976,\"time_show\":318446.969,\"time_end\":328907.9550000606,\"time_commit\":328908.4499999881,\"timestamp\":\"2021-05-30T23:50:22.709Z\",\"time_switch\":328912.468},{\"sender\":\"tests (15min)\",\"sender_type\":\"flow.Sequence\",\"sender_id\":\"7\",\"ended_on\":\"completion\",\"duration\":263323.9620000606,\"time_run\":65569.54499997664,\"time_render\":65567.356,\"time_show\":65583.993,\"time_end\":328907.9550000606,\"time_commit\":328909.4449999975,\"timestamp\":\"2021-05-30T23:50:22.710Z\",\"time_switch\":328912.468},{\"sender\":\"good bye\",\"sender_type\":\"canvas.Screen\",\"sender_id\":\"8\",\"ended_on\":\"timeout\",\"duration\":3999.6809999999823,\"time_run\":328909.51500006486,\"time_render\":328896.204,\"time_show\":328912.468,\"time_end\":332895.5,\"time_commit\":332896.0049999878,\"timestamp\":\"2021-05-30T23:50:26.697Z\",\"time_switch\":332912.149},{\"sender\":\"root\",\"sender_type\":\"flow.Sequence\",\"sender_id\":null,\"ended_on\":\"completion\",\"duration\":331506.198,\"time_run\":1397.8450000286102,\"time_render\":1322.626,\"time_show\":1389.302,\"time_end\":332895.5,\"time_commit\":332896.24000003096,\"timestamp\":\"2021-05-30T23:50:26.697Z\",\"time_switch\":332912.149}]",
    "metadata": "{\"slice\":0,\"id\":\"a7614c7d-30f6-4dee-8dbd-f76a54323dc0\",\"payload\":\"full\"}",
    "url": "https://exp02.zih.tu-dresden.de/experiments/raven_task/"
}