{
    "data": "[{\"url\":{},\"meta\":{\"labjs_version\":\"20.1.1\",\"labjs_build\":{\"flavor\":\"production\",\"commit\":\"cd5695f774968f50499757c1423bd95d033ea08e\"},\"location\":\"https://exp02.zih.tu-dresden.de/experiments/spot_a_word_task/\",\"userAgent\":\"Mozilla/5.0 (Windows NT 10.0; Win64; x64) AppleWebKit/537.36 (KHTML, like Gecko) Chrome/90.0.4430.212 Safari/537.36\",\"platform\":\"Win32\",\"language\":\"de-PL\",\"locale\":\"de\",\"timeZone\":\"Europe/Berlin\",\"timezoneOffset\":-120,\"screen_width\":1536,\"screen_height\":864,\"scroll_width\":1536,\"scroll_height\":712,\"window_innerWidth\":1536,\"window_innerHeight\":760,\"devicePixelRatio\":1.25},\"sender\":\"start_html\",\"sender_type\":\"html.Screen\",\"sender_id\":\"0\",\"ended_on\":\"timeout\",\"duration\":5999.540999999999,\"time_run\":714.839999913238,\"time_render\":702.756,\"time_show\":719.431,\"time_end\":6702.538,\"time_commit\":6704.079999937676,\"timestamp\":\"2021-05-30T23:34:42.009Z\",\"time_switch\":6718.972},{\"sender\":\"manual_html\",\"sender_type\":\"html.Screen\",\"sender_id\":\"1\",\"response\":\"space\",\"response_action\":\"keypress(Space)\",\"ended_on\":\"response\",\"duration\":59784.67799996964,\"time_run\":6704.264999949373,\"time_render\":6702.538,\"time_show\":6718.972,\"time_end\":66503.64999996964,\"time_commit\":66505.07999991532,\"timestamp\":\"2021-05-30T23:35:41.809Z\",\"time_switch\":66514.03},{\"sender\":\"example1_screen\",\"sender_type\":\"canvas.Screen\",\"sender_id\":\"2\",\"response\":\"4\",\"response_action\":\"keypress(4)\",\"correctResponse\":\"4\",\"correct\":true,\"ended_on\":\"response\",\"duration\":4539.204999999405,\"time_run\":66507.48999998905,\"time_render\":66497.895,\"time_show\":66514.03,\"time_end\":71053.2349999994,\"time_commit\":71054.3099999195,\"timestamp\":\"2021-05-30T23:35:46.359Z\",\"time_switch\":71063.784},{\"sender\":\"example1_feedback\",\"sender_type\":\"canvas.Screen\",\"sender_id\":\"3\",\"response\":\"Space\",\"response_action\":\"keypress(Space)\",\"ended_on\":\"response\",\"duration\":14732.775999929741,\"time_run\":71055.87499996182,\"time_render\":71047.263,\"time_show\":71063.784,\"time_end\":85796.55999992974,\"time_commit\":85796.94499995094,\"timestamp\":\"2021-05-30T23:36:01.102Z\",\"time_switch\":85812.502},{\"sender\":\"example2_screen\",\"sender_type\":\"canvas.Screen\",\"sender_id\":\"4\",\"response\":\"5\",\"response_action\":\"keypress(5)\",\"correctResponse\":\"5\",\"correct\":true,\"ended_on\":\"response\",\"duration\":2748.0179999408865,\"time_run\":85798.80499991123,\"time_render\":85796.627,\"time_show\":85812.502,\"time_end\":88560.51999994088,\"time_commit\":88560.95499999356,\"timestamp\":\"2021-05-30T23:36:03.866Z\",\"time_switch\":88578.911},{\"sender\":\"example2_feedback\",\"sender_type\":\"canvas.Screen\",\"sender_id\":\"5\",\"response\":\"Space\",\"response_action\":\"keypress(Space)\",\"ended_on\":\"response\",\"duration\":3275.6839999243093,\"time_run\":88562.5149999978,\"time_render\":88546.168,\"time_show\":88578.911,\"time_end\":91854.5949999243,\"time_commit\":91854.96999998577,\"timestamp\":\"2021-05-30T23:36:07.160Z\",\"time_switch\":91862.45},{\"sender\":\"example3_screen\",\"sender_type\":\"canvas.Screen\",\"sender_id\":\"6\",\"response\":\"1\",\"response_action\":\"keypress(1)\",\"correctResponse\":\"1\",\"correct\":true,\"ended_on\":\"response\",\"duration\":6235.27499999963,\"time_run\":91856.46499996074,\"time_render\":91845.451,\"time_show\":91862.45,\"time_end\":98097.72499999963,\"time_commit\":98098.0949999066,\"timestamp\":\"2021-05-30T23:36:13.403Z\",\"time_switch\":98111.5},{\"sender\":\"example3_feedback\",\"sender_type\":\"canvas.Screen\",\"sender_id\":\"7\",\"response\":\"Space\",\"response_action\":\"keypress(Space)\",\"ended_on\":\"response\",\"duration\":1374.0049999896437,\"time_run\":98099.56499992404,\"time_render\":98095.072,\"time_show\":98111.5,\"time_end\":99485.50499998964,\"time_commit\":99485.88999989443,\"timestamp\":\"2021-05-30T23:36:14.791Z\",\"time_switch\":99494.657},{\"sender\":\"get_ready_html\",\"sender_type\":\"html.Screen\",\"sender_id\":\"8\",\"response\":\"space\",\"response_action\":\"keypress(Space)\",\"ended_on\":\"response\",\"duration\":4169.662999981665,\"time_run\":99485.98999995738,\"time_render\":99478.067,\"time_show\":99494.657,\"time_end\":103664.31999998167,\"time_commit\":103664.66999996919,\"timestamp\":\"2021-05-30T23:36:18.969Z\",\"time_switch\":103694.333},{\"sender\":\"trial_screen\",\"sender_type\":\"canvas.Screen\",\"sender_id\":\"9_0\",\"correct\":true,\"trial_ID\":1,\"word1\":\"siziol\",\"word2\":\"salzahl\",\"word3\":\"sozihl\",\"word4\":\"sziam\",\"word5\":\"sozial\",\"response\":\"5\",\"response_action\":\"keypress(5)\",\"correctResponse\":\"5\",\"ended_on\":\"response\",\"duration\":3277.2019999023614,\"time_run\":103691.25999999233,\"time_render\":103677.834,\"time_show\":103694.333,\"time_end\":106971.53499990236,\"time_commit\":106971.98999999091,\"timestamp\":\"2021-05-30T23:36:22.277Z\",\"time_switch\":106977.526},{\"sender\":\"trial_screen\",\"sender_type\":\"canvas.Screen\",\"sender_id\":\"9_1\",\"correct\":false,\"trial_ID\":2,\"word1\":\"Lamone\",\"word2\":\"Talane\",\"word3\":\"Matrone\",\"word4\":\"Tarone\",\"word5\":\"Malonte\",\"response\":\"1\",\"response_action\":\"keypress(1)\",\"correctResponse\":\"3\",\"ended_on\":\"response\",\"duration\":6487.598999987895,\"time_run\":106973.91999990214,\"time_render\":106961.335,\"time_show\":106977.526,\"time_end\":113465.1249999879,\"time_commit\":113465.52499989048,\"timestamp\":\"2021-05-30T23:36:28.770Z\",\"time_switch\":113477.342},{\"sender\":\"trial_screen\",\"sender_type\":\"canvas.Screen\",\"sender_id\":\"9_2\",\"correct\":false,\"trial_ID\":3,\"word1\":\"kurinesisch\",\"word2\":\"kulinarisch\",\"word3\":\"kumenisch\",\"word4\":\"kulissarisch\",\"word5\":\"kannastrisch\",\"response\":\"1\",\"response_action\":\"keypress(1)\",\"correctResponse\":\"2\",\"ended_on\":\"response\",\"duration\":5858.482999958273,\"time_run\":113467.47499995399,\"time_render\":113460.514,\"time_show\":113477.342,\"time_end\":119335.82499995828,\"time_commit\":119336.30499988794,\"timestamp\":\"2021-05-30T23:36:34.641Z\",\"time_switch\":119343.019},{\"sender\":\"trial_screen\",\"sender_type\":\"canvas.Screen\",\"sender_id\":\"9_3\",\"correct\":true,\"trial_ID\":4,\"word1\":\"Tinxur\",\"word2\":\"Kukutur\",\"word3\":\"Fraktan\",\"word4\":\"Tinktur\",\"word5\":\"Rimsuhr\",\"response\":\"4\",\"response_action\":\"keypress(4)\",\"correctResponse\":\"4\",\"ended_on\":\"response\",\"duration\":9235.61599992527,\"time_run\":119337.78499998152,\"time_render\":119327.121,\"time_show\":119343.019,\"time_end\":128578.63499992527,\"time_commit\":128579.01999994647,\"timestamp\":\"2021-05-30T23:36:43.884Z\",\"time_switch\":128592.328},{\"sender\":\"trial_screen\",\"sender_type\":\"canvas.Screen\",\"sender_id\":\"9_4\",\"correct\":false,\"trial_ID\":5,\"word1\":\"beralen\",\"word2\":\"ger\u00e4ltet\",\"word3\":\"an\u00e4lteren\",\"word4\":\"unt\u00e4ren\",\"word5\":\"verbr\u00e4men\",\"response\":\"4\",\"response_action\":\"keypress(4)\",\"correctResponse\":\"5\",\"ended_on\":\"response\",\"duration\":8875.186999909332,\"time_run\":128580.44999989215,\"time_render\":128576.485,\"time_show\":128592.328,\"time_end\":137467.51499990933,\"time_commit\":137467.9649999598,\"timestamp\":\"2021-05-30T23:36:52.773Z\",\"time_switch\":137474.882},{\"sender\":\"trial_screen\",\"sender_type\":\"canvas.Screen\",\"sender_id\":\"9_5\",\"correct\":true,\"trial_ID\":6,\"word1\":\"Rosto\",\"word2\":\"Torso\",\"word3\":\"Soro\",\"word4\":\"Torgos\",\"word5\":\"Tosor\",\"response\":\"2\",\"response_action\":\"keypress(2)\",\"correctResponse\":\"2\",\"ended_on\":\"response\",\"duration\":7986.89799989594,\"time_run\":137469.53499992378,\"time_render\":137459.089,\"time_show\":137474.882,\"time_end\":145461.77999989595,\"time_commit\":145462.1599999955,\"timestamp\":\"2021-05-30T23:37:00.767Z\",\"time_switch\":145474.229},{\"sender\":\"trial_screen\",\"sender_type\":\"canvas.Screen\",\"sender_id\":\"9_6\",\"correct\":true,\"trial_ID\":7,\"word1\":\"Redor\",\"word2\":\"Radium\",\"word3\":\"Terion\",\"word4\":\"Dramin\",\"word5\":\"Orakium\",\"response\":\"2\",\"response_action\":\"keypress(2)\",\"correctResponse\":\"2\",\"ended_on\":\"response\",\"duration\":2174.4409999077325,\"time_run\":145464.00499995798,\"time_render\":145458.242,\"time_show\":145474.229,\"time_end\":147648.66999990772,\"time_commit\":147649.02499993332,\"timestamp\":\"2021-05-30T23:37:02.954Z\",\"time_switch\":147657.37},{\"sender\":\"trial_screen\",\"sender_type\":\"canvas.Screen\",\"sender_id\":\"9_7\",\"correct\":true,\"trial_ID\":8,\"word1\":\"Nale\",\"word2\":\"Sahe\",\"word3\":\"Nase\",\"word4\":\"Nesa\",\"word5\":\"Sehna\",\"response\":\"3\",\"response_action\":\"keypress(3)\",\"correctResponse\":\"3\",\"ended_on\":\"response\",\"duration\":1281.379999972065,\"time_run\":147650.32999997493,\"time_render\":147640.889,\"time_show\":147657.37,\"time_end\":148938.74999997206,\"time_commit\":148939.1099999193,\"timestamp\":\"2021-05-30T23:37:04.244Z\",\"time_switch\":148957.77},{\"sender\":\"trial_screen\",\"sender_type\":\"canvas.Screen\",\"sender_id\":\"9_8\",\"correct\":false,\"trial_ID\":9,\"word1\":\"Rilkiase\",\"word2\":\"Kilister\",\"word3\":\"Riliker\",\"word4\":\"Klistier\",\"word5\":\"Linkure\",\"response\":\"3\",\"response_action\":\"keypress(3)\",\"correctResponse\":\"4\",\"ended_on\":\"response\",\"duration\":9437.239999978367,\"time_run\":148940.37999992725,\"time_render\":148924.025,\"time_show\":148957.77,\"time_end\":158395.00999997836,\"time_commit\":158395.414999919,\"timestamp\":\"2021-05-30T23:37:13.700Z\",\"time_switch\":158406.587},{\"sender\":\"trial_screen\",\"sender_type\":\"canvas.Screen\",\"sender_id\":\"9_9\",\"correct\":false,\"trial_ID\":10,\"word1\":\"kentern\",\"word2\":\"knerte\",\"word3\":\"kanzen\",\"word4\":\"kretern\",\"word5\":\"trekern\",\"response\":\"5\",\"response_action\":\"keypress(5)\",\"correctResponse\":\"1\",\"ended_on\":\"response\",\"duration\":4936.572999931232,\"time_run\":158396.84999990277,\"time_render\":158390.72,\"time_show\":158406.587,\"time_end\":163343.15999993123,\"time_commit\":163343.54499995243,\"timestamp\":\"2021-05-30T23:37:18.648Z\",\"time_switch\":163356.579},{\"sender\":\"trial_screen\",\"sender_type\":\"canvas.Screen\",\"sender_id\":\"9_10\",\"correct\":true,\"trial_ID\":11,\"word1\":\"Sorekin\",\"word2\":\"Sarowin\",\"word3\":\"Rosakin\",\"word4\":\"Narosin\",\"word5\":\"Kerosin\",\"response\":\"5\",\"response_action\":\"keypress(5)\",\"correctResponse\":\"5\",\"ended_on\":\"response\",\"duration\":4802.400999949226,\"time_run\":163344.8249999201,\"time_render\":163340.027,\"time_show\":163356.579,\"time_end\":168158.97999994922,\"time_commit\":168159.33999989647,\"timestamp\":\"2021-05-30T23:37:23.464Z\",\"time_switch\":168172.448},{\"sender\":\"trial_screen\",\"sender_type\":\"canvas.Screen\",\"sender_id\":\"9_11\",\"correct\":true,\"trial_ID\":12,\"word1\":\"Ralke\",\"word2\":\"Korre\",\"word3\":\"Ruckse\",\"word4\":\"Recke\",\"word5\":\"Ulte\",\"response\":\"4\",\"response_action\":\"keypress(4)\",\"correctResponse\":\"4\",\"ended_on\":\"response\",\"duration\":4286.996999927651,\"time_run\":168160.6399999,\"time_render\":168156.391,\"time_show\":168172.448,\"time_end\":172459.44499992765,\"time_commit\":172459.80499999132,\"timestamp\":\"2021-05-30T23:37:27.764Z\",\"time_switch\":172472.067},{\"sender\":\"trial_screen\",\"sender_type\":\"canvas.Screen\",\"sender_id\":\"9_12\",\"correct\":false,\"trial_ID\":13,\"word1\":\"Kapaun\",\"word2\":\"Paukan\",\"word3\":\"Naupack\",\"word4\":\"Aupeck\",\"word5\":\"Ankepran\",\"response\":\"2\",\"response_action\":\"keypress(2)\",\"correctResponse\":\"1\",\"ended_on\":\"response\",\"duration\":6915.107999923435,\"time_run\":172461.10499999486,\"time_render\":172456.018,\"time_show\":172472.067,\"time_end\":179387.17499992345,\"time_commit\":179387.59499997832,\"timestamp\":\"2021-05-30T23:37:34.692Z\",\"time_switch\":179404.825},{\"sender\":\"trial_screen\",\"sender_type\":\"canvas.Screen\",\"sender_id\":\"9_13\",\"correct\":false,\"trial_ID\":14,\"word1\":\"Dissonanz\",\"word2\":\"Diskrisanz\",\"word3\":\"Distranz\",\"word4\":\"Dinotanz\",\"word5\":\"Sidonenz\",\"response\":\"4\",\"response_action\":\"keypress(4)\",\"correctResponse\":\"1\",\"ended_on\":\"response\",\"duration\":11760.589999937627,\"time_run\":179389.58499999717,\"time_render\":179388.877,\"time_show\":179404.825,\"time_end\":191165.41499993764,\"time_commit\":191165.80999991857,\"timestamp\":\"2021-05-30T23:37:46.470Z\",\"time_switch\":191170.483},{\"sender\":\"trial_screen\",\"sender_type\":\"canvas.Screen\",\"sender_id\":\"9_14\",\"correct\":true,\"trial_ID\":15,\"word1\":\"Kirse\",\"word2\":\"Sirke\",\"word3\":\"Krise\",\"word4\":\"Krospe\",\"word5\":\"Seris\",\"response\":\"3\",\"response_action\":\"keypress(3)\",\"correctResponse\":\"3\",\"ended_on\":\"response\",\"duration\":6926.891999895684,\"time_run\":191167.10500000045,\"time_render\":191154.799,\"time_show\":191170.483,\"time_end\":198097.3749998957,\"time_commit\":198097.78499999084,\"timestamp\":\"2021-05-30T23:37:53.402Z\",\"time_switch\":198103.268},{\"sender\":\"trial_screen\",\"sender_type\":\"canvas.Screen\",\"sender_id\":\"9_15\",\"correct\":true,\"trial_ID\":16,\"word1\":\"Tume\",\"word2\":\"Umat\",\"word3\":\"Maut\",\"word4\":\"Taum\",\"word5\":\"Muta\",\"response\":\"3\",\"response_action\":\"keypress(3)\",\"correctResponse\":\"3\",\"ended_on\":\"response\",\"duration\":4000.616999989521,\"time_run\":198098.9899999695,\"time_render\":198087.345,\"time_show\":198103.268,\"time_end\":202103.88499998953,\"time_commit\":202104.29499996826,\"timestamp\":\"2021-05-30T23:37:57.409Z\",\"time_switch\":202119.672},{\"sender\":\"trial_screen\",\"sender_type\":\"canvas.Screen\",\"sender_id\":\"9_16\",\"correct\":false,\"trial_ID\":17,\"word1\":\"Tuhl\",\"word2\":\"Lar\",\"word3\":\"Lest\",\"word4\":\"Dall\",\"word5\":\"Lid\",\"response\":\"3\",\"response_action\":\"keypress(3)\",\"correctResponse\":\"5\",\"ended_on\":\"response\",\"duration\":6755.442999944353,\"time_run\":202105.5499999784,\"time_render\":202103.571,\"time_show\":202119.672,\"time_end\":208875.11499994434,\"time_commit\":208875.48499996774,\"timestamp\":\"2021-05-30T23:38:04.180Z\",\"time_switch\":208885.779},{\"sender\":\"trial_screen\",\"sender_type\":\"canvas.Screen\",\"sender_id\":\"9_17\",\"correct\":false,\"trial_ID\":18,\"word1\":\"Adept\",\"word2\":\"Padet\",\"word3\":\"Edapt\",\"word4\":\"Epatt\",\"word5\":\"Taped\",\"response\":\"3\",\"response_action\":\"keypress(3)\",\"correctResponse\":\"1\",\"ended_on\":\"response\",\"duration\":8908.615999975329,\"time_run\":208876.719999942,\"time_render\":208869.821,\"time_show\":208885.779,\"time_end\":217794.39499997534,\"time_commit\":217794.7699999204,\"timestamp\":\"2021-05-30T23:38:13.099Z\",\"time_switch\":217802.106},{\"sender\":\"trial_screen\",\"sender_type\":\"canvas.Screen\",\"sender_id\":\"9_18\",\"correct\":false,\"trial_ID\":19,\"word1\":\"Spirine\",\"word2\":\"Saprin\",\"word3\":\"Parsin\",\"word4\":\"Purin\",\"word5\":\"Asprint\",\"response\":\"3\",\"response_action\":\"keypress(3)\",\"correctResponse\":\"4\",\"ended_on\":\"response\",\"duration\":10225.398999889061,\"time_run\":217795.96499993932,\"time_render\":217785.667,\"time_show\":217802.106,\"time_end\":228027.50499988906,\"time_commit\":228027.87999995053,\"timestamp\":\"2021-05-30T23:38:23.332Z\",\"time_switch\":228034.78},{\"sender\":\"trial_screen\",\"sender_type\":\"canvas.Screen\",\"sender_id\":\"9_19\",\"correct\":true,\"trial_ID\":20,\"word1\":\"Kulon\",\"word2\":\"Solgun\",\"word3\":\"Koskan\",\"word4\":\"Soran\",\"word5\":\"Klonus\",\"response\":\"5\",\"response_action\":\"keypress(5)\",\"correctResponse\":\"5\",\"ended_on\":\"response\",\"duration\":4347.794999937789,\"time_run\":228029.11000000313,\"time_render\":228018.386,\"time_show\":228034.78,\"time_end\":232382.5749999378,\"time_commit\":232382.98499991652,\"timestamp\":\"2021-05-30T23:38:27.687Z\",\"time_switch\":232400.455},{\"sender\":\"trial_screen\",\"sender_type\":\"canvas.Screen\",\"sender_id\":\"9_20\",\"correct\":false,\"trial_ID\":21,\"word1\":\"Tronke\",\"word2\":\"Nocktherm\",\"word3\":\"Teronk\",\"word4\":\"Komtur\",\"word5\":\"Rocktur\",\"response\":\"5\",\"response_action\":\"keypress(5)\",\"correctResponse\":\"4\",\"ended_on\":\"response\",\"duration\":2288.0499999691674,\"time_run\":232384.32999991346,\"time_render\":232383.996,\"time_show\":232400.455,\"time_end\":234688.50499996915,\"time_commit\":234688.9249999076,\"timestamp\":\"2021-05-30T23:38:29.993Z\",\"time_switch\":234700.295},{\"sender\":\"trial_screen\",\"sender_type\":\"canvas.Screen\",\"sender_id\":\"9_21\",\"correct\":false,\"trial_ID\":22,\"word1\":\"Ripat\",\"word2\":\"Patinatte\",\"word3\":\"Tapir\",\"word4\":\"Apitt\",\"word5\":\"Padir\",\"response\":\"1\",\"response_action\":\"keypress(1)\",\"correctResponse\":\"3\",\"ended_on\":\"response\",\"duration\":9320.794999936508,\"time_run\":234690.2949999785,\"time_render\":234683.764,\"time_show\":234700.295,\"time_end\":244021.08999993652,\"time_commit\":244021.464999998,\"timestamp\":\"2021-05-30T23:38:39.326Z\",\"time_switch\":244032.955},{\"sender\":\"trial_screen\",\"sender_type\":\"canvas.Screen\",\"sender_id\":\"9_22\",\"correct\":true,\"trial_ID\":23,\"word1\":\"Akifer\",\"word2\":\"Fiaker\",\"word3\":\"Kiaffa\",\"word4\":\"Sariffer\",\"word5\":\"Refisker\",\"response\":\"2\",\"response_action\":\"keypress(2)\",\"correctResponse\":\"2\",\"ended_on\":\"response\",\"duration\":16549.584999973973,\"time_run\":244022.65499997884,\"time_render\":244016.582,\"time_show\":244032.955,\"time_end\":260582.53999997396,\"time_commit\":260582.96999998856,\"timestamp\":\"2021-05-30T23:38:55.887Z\",\"time_switch\":260598.167},{\"sender\":\"trial_screen\",\"sender_type\":\"canvas.Screen\",\"sender_id\":\"9_23\",\"correct\":false,\"trial_ID\":24,\"word1\":\"Kleiber\",\"word2\":\"Beikel\",\"word3\":\"Keibel\",\"word4\":\"Reikler\",\"word5\":\"Biekerl\",\"response\":\"5\",\"response_action\":\"keypress(5)\",\"correctResponse\":\"1\",\"ended_on\":\"response\",\"duration\":10430.827999942383,\"time_run\":260584.1950000031,\"time_render\":260582.248,\"time_show\":260598.167,\"time_end\":271028.99499994237,\"time_commit\":271029.3699998874,\"timestamp\":\"2021-05-30T23:39:06.334Z\",\"time_switch\":271047.579},{\"sender\":\"trial_screen\",\"sender_type\":\"canvas.Screen\",\"sender_id\":\"9_24\",\"correct\":false,\"trial_ID\":25,\"word1\":\"Ig\u00e4de\",\"word2\":\"D\u00e4gie\",\"word3\":\"\u00c4gide\",\"word4\":\"Dig\u00e4de\",\"word5\":\"Giad\",\"response\":\"5\",\"response_action\":\"keypress(5)\",\"correctResponse\":\"3\",\"ended_on\":\"response\",\"duration\":2073.175999923493,\"time_run\":271030.7249999605,\"time_render\":271014.879,\"time_show\":271047.579,\"time_end\":273120.7549999235,\"time_commit\":273121.1249999469,\"timestamp\":\"2021-05-30T23:39:08.426Z\",\"time_switch\":273130.439},{\"sender\":\"trial_screen\",\"sender_type\":\"canvas.Screen\",\"sender_id\":\"9_25\",\"correct\":true,\"trial_ID\":26,\"word1\":\"Rixal\",\"word2\":\"Irtax\",\"word3\":\"Rackizie\",\"word4\":\"Matrix\",\"word5\":\"Atrige\",\"response\":\"4\",\"response_action\":\"keypress(4)\",\"correctResponse\":\"4\",\"ended_on\":\"response\",\"duration\":6255.720999994548,\"time_run\":273122.3549999995,\"time_render\":273114.35,\"time_show\":273130.439,\"time_end\":279386.15999999456,\"time_commit\":279386.54499989934,\"timestamp\":\"2021-05-30T23:39:14.691Z\",\"time_switch\":279396.602},{\"sender\":\"trial_screen\",\"sender_type\":\"canvas.Screen\",\"sender_id\":\"9_26\",\"correct\":false,\"trial_ID\":27,\"word1\":\"Haskisch\",\"word2\":\"Asmisch\",\"word3\":\"Schisma\",\"word4\":\"Rasthmie\",\"word5\":\"Ilschah\",\"response\":\"4\",\"response_action\":\"keypress(4)\",\"correctResponse\":\"3\",\"ended_on\":\"response\",\"duration\":11656.957999912964,\"time_run\":279387.73999991827,\"time_render\":279380.161,\"time_show\":279396.602,\"time_end\":291053.559999913,\"time_commit\":291053.9899999276,\"timestamp\":\"2021-05-30T23:39:26.358Z\",\"time_switch\":291062.273},{\"sender\":\"trial_screen\",\"sender_type\":\"canvas.Screen\",\"sender_id\":\"9_27\",\"correct\":true,\"trial_ID\":28,\"word1\":\"Sallose\",\"word2\":\"Lordose\",\"word3\":\"Dormase\",\"word4\":\"Rollase\",\"word5\":\"Ardierole\",\"response\":\"2\",\"response_action\":\"keypress(2)\",\"correctResponse\":\"2\",\"ended_on\":\"response\",\"duration\":10056.456999987422,\"time_run\":291055.23999989964,\"time_render\":291046.128,\"time_show\":291062.273,\"time_end\":301118.7299999874,\"time_commit\":301119.08999993466,\"timestamp\":\"2021-05-30T23:39:36.423Z\",\"time_switch\":301128.129},{\"sender\":\"trial_screen\",\"sender_type\":\"canvas.Screen\",\"sender_id\":\"9_28\",\"correct\":true,\"trial_ID\":29,\"word1\":\"Intranotion\",\"word2\":\"Infranatura\",\"word3\":\"Internodium\",\"word4\":\"Indotalie\",\"word5\":\"Indosta\",\"response\":\"3\",\"response_action\":\"keypress(3)\",\"correctResponse\":\"3\",\"ended_on\":\"response\",\"duration\":12139.83599988994,\"time_run\":301120.3099999111,\"time_render\":301112.374,\"time_show\":301128.129,\"time_end\":313267.96499988995,\"time_commit\":313268.369999947,\"timestamp\":\"2021-05-30T23:39:48.573Z\",\"time_switch\":313277.628},{\"sender\":\"trial_screen\",\"sender_type\":\"canvas.Screen\",\"sender_id\":\"9_29\",\"correct\":true,\"trial_ID\":30,\"word1\":\"Idaste\",\"word2\":\"Dastrix\",\"word3\":\"Astike\",\"word4\":\"Sadile\",\"word5\":\"Kasside\",\"response\":\"5\",\"response_action\":\"keypress(5)\",\"correctResponse\":\"5\",\"ended_on\":\"response\",\"duration\":5598.566999902483,\"time_run\":313269.5899999235,\"time_render\":313261.043,\"time_show\":313277.628,\"time_end\":318876.1949999025,\"time_commit\":318876.58999999985,\"timestamp\":\"2021-05-30T23:39:54.181Z\",\"time_switch\":318893.825},{\"sender\":\"trial_screen\",\"sender_type\":\"canvas.Screen\",\"sender_id\":\"9_30\",\"correct\":true,\"trial_ID\":31,\"word1\":\"Libration\",\"word2\":\"Bilation\",\"word3\":\"Arlation\",\"word4\":\"Iberation\",\"word5\":\"Tiradon\",\"response\":\"1\",\"response_action\":\"keypress(1)\",\"correctResponse\":\"1\",\"ended_on\":\"response\",\"duration\":4322.339999990712,\"time_run\":318877.83499993384,\"time_render\":318877.418,\"time_show\":318893.825,\"time_end\":323216.1649999907,\"time_commit\":323216.5399999358,\"timestamp\":\"2021-05-30T23:39:58.521Z\",\"time_switch\":323226.802},{\"sender\":\"trial_screen\",\"sender_type\":\"canvas.Screen\",\"sender_id\":\"9_31\",\"correct\":false,\"trial_ID\":32,\"word1\":\"Pucker\",\"word2\":\"Keuper\",\"word3\":\"Eucker\",\"word4\":\"Reuspeck\",\"word5\":\"Urkane\",\"response\":\"1\",\"response_action\":\"keypress(1)\",\"correctResponse\":\"2\",\"ended_on\":\"response\",\"duration\":8366.972999957507,\"time_run\":323217.77499991003,\"time_render\":323210.247,\"time_show\":323226.802,\"time_end\":331593.77499995753,\"time_commit\":331594.15499994066,\"timestamp\":\"2021-05-30T23:40:06.899Z\",\"time_switch\":331609.529},{\"sender\":\"trial_screen\",\"sender_type\":\"canvas.Screen\",\"sender_id\":\"9_32\",\"correct\":false,\"trial_ID\":33,\"word1\":\"Sickaber\",\"word2\":\"Bassiker\",\"word3\":\"Kassiber\",\"word4\":\"Sassiker\",\"word5\":\"Askiber\",\"response\":\"4\",\"response_action\":\"keypress(4)\",\"correctResponse\":\"3\",\"ended_on\":\"response\",\"duration\":7280.82100000151,\"time_run\":331595.3599999193,\"time_render\":331593.134,\"time_show\":331609.529,\"time_end\":338890.3500000015,\"time_commit\":338890.7499999041,\"timestamp\":\"2021-05-30T23:40:14.195Z\",\"time_switch\":338908.381},{\"sender\":\"trial_screen\",\"sender_type\":\"canvas.Screen\",\"sender_id\":\"9_33\",\"correct\":false,\"trial_ID\":34,\"word1\":\"Alquallon\",\"word2\":\"Lisqualien\",\"word3\":\"Talquallen\",\"word4\":\"Quisquilien\",\"word5\":\"Rielquellen\",\"response\":\"5\",\"response_action\":\"keypress(5)\",\"correctResponse\":\"4\",\"ended_on\":\"response\",\"duration\":9875.898999905272,\"time_run\":338892.0249999501,\"time_render\":338875.934,\"time_show\":338908.381,\"time_end\":348784.27999990527,\"time_commit\":348784.6599998884,\"timestamp\":\"2021-05-30T23:40:24.089Z\",\"time_switch\":348791.35},{\"sender\":\"trial_screen\",\"sender_type\":\"canvas.Screen\",\"sender_id\":\"9_34\",\"correct\":false,\"trial_ID\":35,\"word1\":\"Berkiza\",\"word2\":\"Brekzie\",\"word3\":\"Birakzie\",\"word4\":\"Brikazie\",\"word5\":\"Bakiria\",\"response\":\"1\",\"response_action\":\"keypress(1)\",\"correctResponse\":\"2\",\"ended_on\":\"response\",\"duration\":6486.684999966645,\"time_run\":348785.86499998346,\"time_render\":348774.668,\"time_show\":348791.35,\"time_end\":355278.0349999666,\"time_commit\":355278.4099999117,\"timestamp\":\"2021-05-30T23:40:30.583Z\",\"time_switch\":355290.356},{\"sender\":\"loop_trial\",\"sender_type\":\"flow.Loop\",\"sender_id\":\"9\",\"ended_on\":\"completion\",\"duration\":251583.70199996664,\"time_run\":103689.50499990024,\"time_render\":103677.834,\"time_show\":103694.333,\"time_end\":355278.0349999666,\"time_commit\":355279.4649999123,\"timestamp\":\"2021-05-30T23:40:30.584Z\",\"time_switch\":355290.356},{\"sender\":\"end_html\",\"sender_type\":\"html.Screen\",\"sender_id\":\"10\",\"ended_on\":\"timeout\",\"duration\":5999.52899999998,\"time_run\":355279.53499997966,\"time_render\":355274.43,\"time_show\":355290.356,\"time_end\":361273.264,\"time_commit\":361274.5499999728,\"timestamp\":\"2021-05-30T23:40:36.579Z\",\"time_switch\":361289.885},{\"sender\":\"root\",\"sender_type\":\"flow.Sequence\",\"sender_id\":null,\"ended_on\":\"completion\",\"duration\":360553.83300000004,\"time_run\":714.7399999666959,\"time_render\":702.756,\"time_show\":719.431,\"time_end\":361273.264,\"time_commit\":361274.76999990176,\"timestamp\":\"2021-05-30T23:40:36.579Z\",\"time_switch\":361289.885}]",
    "metadata": "{\"slice\":0,\"id\":\"8aa05b67-b9bf-4356-a873-f87aa309b79e\",\"payload\":\"full\"}",
    "url": "https://exp02.zih.tu-dresden.de/experiments/spot_a_word_task/"
}