{
    "data": "[{\"url\":{},\"meta\":{\"labjs_version\":\"20.1.1\",\"labjs_build\":{\"flavor\":\"production\",\"commit\":\"cd5695f774968f50499757c1423bd95d033ea08e\"},\"location\":\"https://exp02.zih.tu-dresden.de/experiments/raven_task/\",\"userAgent\":\"Mozilla/5.0 (X11; Linux x86_64; rv:78.0) Gecko/20100101 Firefox/78.0\",\"platform\":\"Linux x86_64\",\"language\":\"de\",\"locale\":\"de\",\"timeZone\":\"Europe/Berlin\",\"timezoneOffset\":-120,\"screen_width\":1280,\"screen_height\":1024,\"scroll_width\":1280,\"scroll_height\":806,\"window_innerWidth\":1280,\"window_innerHeight\":854,\"devicePixelRatio\":1},\"sender\":\"welcome\",\"sender_type\":\"canvas.Screen\",\"sender_id\":\"0\",\"ended_on\":\"timeout\",\"duration\":8004.08,\"time_run\":5452,\"time_render\":5451.36,\"time_show\":5467.52,\"time_end\":13455.52,\"time_commit\":13459,\"timestamp\":\"2021-05-17T15:13:14.790Z\",\"time_switch\":13471.6},{\"sender\":\"instructions\",\"sender_type\":\"html.Page\",\"sender_id\":\"1\",\"response\":\"Space\",\"response_action\":\"keypress(Space)\",\"ended_on\":\"response\",\"duration\":83702.4,\"time_run\":13462,\"time_render\":13455.52,\"time_show\":13471.6,\"time_end\":97174,\"time_commit\":97180,\"timestamp\":\"2021-05-17T15:14:38.511Z\",\"time_switch\":97216.3},{\"sender\":\"example1\",\"sender_type\":\"canvas.Screen\",\"sender_id\":\"2\",\"response\":\"8\",\"response_action\":\"click(0) @8\",\"correctResponse\":\"8\",\"correct\":true,\"ended_on\":\"response\",\"duration\":20766.699999999997,\"time_run\":97182,\"time_render\":97183.1,\"time_show\":97216.3,\"time_end\":117983,\"time_commit\":117988,\"timestamp\":\"2021-05-17T15:14:59.317Z\",\"time_switch\":118034.06},{\"sender\":\"example1_feedback\",\"sender_type\":\"canvas.Screen\",\"sender_id\":\"3\",\"response\":\"space\",\"response_action\":\"keypress(Space)\",\"ended_on\":\"response\",\"duration\":2629.9400000000023,\"time_run\":117997,\"time_render\":118000.82,\"time_show\":118034.06,\"time_end\":120664,\"time_commit\":120666,\"timestamp\":\"2021-05-17T15:15:01.996Z\",\"time_switch\":120700.44},{\"sender\":\"example2\",\"sender_type\":\"canvas.Screen\",\"sender_id\":\"4\",\"response\":\"5\",\"response_action\":\"click(0) @5\",\"correctResponse\":\"4\",\"correct\":false,\"ended_on\":\"response\",\"duration\":19309.559999999998,\"time_run\":120667,\"time_render\":120667.26,\"time_show\":120700.44,\"time_end\":140010,\"time_commit\":140014,\"timestamp\":\"2021-05-17T15:15:21.345Z\",\"time_switch\":140127.44},{\"sender\":\"example2_feedback\",\"sender_type\":\"canvas.Screen\",\"sender_id\":\"5\",\"response\":\"space\",\"response_action\":\"keypress(Space)\",\"ended_on\":\"response\",\"duration\":19824.559999999998,\"time_run\":140104,\"time_render\":140111.34,\"time_show\":140127.44,\"time_end\":159952,\"time_commit\":159953,\"timestamp\":\"2021-05-17T15:15:41.283Z\",\"time_switch\":159970.36},{\"sender\":\"get ready\",\"sender_type\":\"canvas.Screen\",\"sender_id\":\"6\",\"response\":\"Space\",\"response_action\":\"keypress(Space)\",\"ended_on\":\"response\",\"duration\":9498.640000000014,\"time_run\":159954,\"time_render\":159954.28,\"time_show\":159970.36,\"time_end\":169469,\"time_commit\":169469,\"timestamp\":\"2021-05-17T15:15:50.800Z\",\"time_switch\":169503.98},{\"sender\":\"test01\",\"sender_type\":\"canvas.Screen\",\"sender_id\":\"7_0\",\"response\":\"3\",\"response_action\":\"click(0) @3\",\"correctResponse\":\"7\",\"correct\":false,\"ended_on\":\"response\",\"duration\":18863.01999999999,\"time_run\":169470,\"time_render\":169470.74,\"time_show\":169503.98,\"time_end\":188367,\"time_commit\":188371,\"timestamp\":\"2021-05-17T15:16:09.702Z\",\"time_switch\":188403.06},{\"sender\":\"test02\",\"sender_type\":\"canvas.Screen\",\"sender_id\":\"7_1\",\"response\":\"1\",\"response_action\":\"click(0) @1\",\"correctResponse\":\"4\",\"correct\":false,\"ended_on\":\"response\",\"duration\":24030.940000000002,\"time_run\":188372,\"time_render\":188385.94,\"time_show\":188403.06,\"time_end\":212434,\"time_commit\":212438,\"timestamp\":\"2021-05-17T15:16:33.769Z\",\"time_switch\":212485.94},{\"sender\":\"test03\",\"sender_type\":\"canvas.Screen\",\"sender_id\":\"7_2\",\"response\":\"6\",\"response_action\":\"click(0) @6\",\"correctResponse\":\"6\",\"correct\":true,\"ended_on\":\"response\",\"duration\":46986.06,\"time_run\":212439,\"time_render\":212452.76,\"time_show\":212485.94,\"time_end\":259472,\"time_commit\":259476,\"timestamp\":\"2021-05-17T15:17:20.805Z\",\"time_switch\":259506.58},{\"sender\":\"test04\",\"sender_type\":\"canvas.Screen\",\"sender_id\":\"7_3\",\"response\":\"2\",\"response_action\":\"click(0) @2\",\"correctResponse\":\"2\",\"correct\":true,\"ended_on\":\"response\",\"duration\":44651.42000000001,\"time_run\":259476,\"time_render\":259489.48,\"time_show\":259506.58,\"time_end\":304158,\"time_commit\":304162,\"timestamp\":\"2021-05-17T15:18:05.492Z\",\"time_switch\":304208.74},{\"sender\":\"test05\",\"sender_type\":\"canvas.Screen\",\"sender_id\":\"7_4\",\"response\":\"8\",\"response_action\":\"click(0) @8\",\"correctResponse\":\"4\",\"correct\":false,\"ended_on\":\"response\",\"duration\":52122.26000000001,\"time_run\":304163,\"time_render\":304175.58,\"time_show\":304208.74,\"time_end\":356331,\"time_commit\":356336,\"timestamp\":\"2021-05-17T15:18:57.667Z\",\"time_switch\":356367.2},{\"sender\":\"test06\",\"sender_type\":\"canvas.Screen\",\"sender_id\":\"7_5\",\"response\":\"1\",\"response_action\":\"click(0) @1\",\"correctResponse\":\"7\",\"correct\":false,\"ended_on\":\"response\",\"duration\":34791.79999999999,\"time_run\":356337,\"time_render\":356350.1,\"time_show\":356367.2,\"time_end\":391159,\"time_commit\":391163,\"timestamp\":\"2021-05-17T15:19:32.494Z\",\"time_switch\":391194.88},{\"sender\":\"test07\",\"sender_type\":\"canvas.Screen\",\"sender_id\":\"7_6\",\"response\":\"1\",\"response_action\":\"click(0) @1\",\"correctResponse\":\"8\",\"correct\":false,\"ended_on\":\"response\",\"duration\":54531.119999999995,\"time_run\":391164,\"time_render\":391177.78,\"time_show\":391194.88,\"time_end\":445726,\"time_commit\":445729,\"timestamp\":\"2021-05-17T15:20:27.059Z\",\"time_switch\":445760.82},{\"sender\":\"test08\",\"sender_type\":\"canvas.Screen\",\"sender_id\":\"7_7\",\"response\":\"1\",\"response_action\":\"click(0) @1\",\"correctResponse\":\"7\",\"correct\":false,\"ended_on\":\"response\",\"duration\":58667.17999999999,\"time_run\":445729,\"time_render\":445743.72,\"time_show\":445760.82,\"time_end\":504428,\"time_commit\":504433,\"timestamp\":\"2021-05-17T15:21:25.763Z\",\"time_switch\":504464.22},{\"sender\":\"test09\",\"sender_type\":\"canvas.Screen\",\"sender_id\":\"7_8\",\"response\":\"8\",\"response_action\":\"click(0) @8\",\"correctResponse\":\"5\",\"correct\":false,\"ended_on\":\"response\",\"duration\":29263.780000000028,\"time_run\":504433,\"time_render\":504447.06,\"time_show\":504464.22,\"time_end\":533728,\"time_commit\":533732,\"timestamp\":\"2021-05-17T15:21:55.061Z\",\"time_switch\":533763.26},{\"sender\":\"test10\",\"sender_type\":\"canvas.Screen\",\"sender_id\":\"7_9\",\"response\":\"1\",\"response_action\":\"click(0) @1\",\"correctResponse\":\"5\",\"correct\":false,\"ended_on\":\"response\",\"duration\":126859.73999999999,\"time_run\":533732,\"time_render\":533746.16,\"time_show\":533763.26,\"time_end\":660623,\"time_commit\":660630,\"timestamp\":\"2021-05-17T15:24:01.959Z\",\"time_switch\":660658.36},{\"sender\":\"test11\",\"sender_type\":\"canvas.Screen\",\"sender_id\":\"7_10\",\"response\":\"8\",\"response_action\":\"click(0) @8\",\"correctResponse\":\"4\",\"correct\":false,\"ended_on\":\"response\",\"duration\":17255.640000000014,\"time_run\":660631,\"time_render\":660641.26,\"time_show\":660658.36,\"time_end\":677914,\"time_commit\":677919,\"timestamp\":\"2021-05-17T15:24:19.249Z\",\"time_switch\":677965.08},{\"sender\":\"test12\",\"sender_type\":\"canvas.Screen\",\"sender_id\":\"7_11\",\"response\":\"7\",\"response_action\":\"click(0) @7\",\"correctResponse\":\"1\",\"correct\":false,\"ended_on\":\"response\",\"duration\":22614.920000000042,\"time_run\":677920,\"time_render\":677931.9,\"time_show\":677965.08,\"time_end\":700580,\"time_commit\":700584,\"timestamp\":\"2021-05-17T15:24:41.915Z\",\"time_switch\":700615.06},{\"sender\":\"tests (15min)\",\"sender_type\":\"flow.Sequence\",\"sender_id\":\"7\",\"ended_on\":\"completion\",\"duration\":531076.02,\"time_run\":169470,\"time_render\":169470.74,\"time_show\":169503.98,\"time_end\":700580,\"time_commit\":700586,\"timestamp\":\"2021-05-17T15:24:41.916Z\",\"time_switch\":700615.06},{\"sender\":\"good bye\",\"sender_type\":\"canvas.Screen\",\"sender_id\":\"8\",\"ended_on\":\"timeout\",\"duration\":4006.6999999999534,\"time_run\":700587,\"time_render\":700597.98,\"time_show\":700615.06,\"time_end\":704604.58,\"time_commit\":704606,\"timestamp\":\"2021-05-17T15:24:45.937Z\",\"time_switch\":704621.76},{\"sender\":\"root\",\"sender_type\":\"flow.Sequence\",\"sender_id\":null,\"ended_on\":\"completion\",\"duration\":699137.0599999999,\"time_run\":5451,\"time_render\":5451.36,\"time_show\":5467.52,\"time_end\":704604.58,\"time_commit\":704607,\"timestamp\":\"2021-05-17T15:24:45.937Z\",\"time_switch\":704621.76}]",
    "metadata": "{\"slice\":0,\"id\":\"0c384453-ce6e-4378-8066-0526d29a614d\",\"payload\":\"full\"}",
    "url": "https://exp02.zih.tu-dresden.de/experiments/raven_task/"
}