{
    "data": "[{\"url\":{},\"meta\":{\"labjs_version\":\"20.1.1\",\"labjs_build\":{\"flavor\":\"production\",\"commit\":\"cd5695f774968f50499757c1423bd95d033ea08e\"},\"location\":\"https://exp01.zih.tu-dresden.de/experiments/raven_task/\",\"userAgent\":\"Mozilla/5.0 (Windows NT 10.0; Win64; x64; rv:89.0) Gecko/20100101 Firefox/89.0\",\"platform\":\"Win32\",\"language\":\"de\",\"locale\":\"de-DE\",\"timeZone\":\"Europe/Berlin\",\"timezoneOffset\":-120,\"screen_width\":1920,\"screen_height\":1080,\"scroll_width\":1920,\"scroll_height\":876,\"window_innerWidth\":1920,\"window_innerHeight\":924,\"devicePixelRatio\":1},\"sender\":\"welcome\",\"sender_type\":\"canvas.Screen\",\"sender_id\":\"0\",\"ended_on\":\"timeout\",\"duration\":8006,\"time_run\":1571,\"time_render\":1571.22,\"time_show\":1585.24,\"time_end\":9574.58,\"time_commit\":9579,\"timestamp\":\"2021-07-20T13:35:40.678Z\",\"time_switch\":9591.24},{\"sender\":\"instructions\",\"sender_type\":\"html.Page\",\"sender_id\":\"1\",\"response\":\"Space\",\"response_action\":\"keypress(Space)\",\"ended_on\":\"response\",\"duration\":42746.76,\"time_run\":9582,\"time_render\":9574.58,\"time_show\":9591.24,\"time_end\":52338,\"time_commit\":52360,\"timestamp\":\"2021-07-20T13:36:23.459Z\",\"time_switch\":52363.06},{\"sender\":\"example1\",\"sender_type\":\"canvas.Screen\",\"sender_id\":\"2\",\"response\":\"8\",\"response_action\":\"click(0) @8\",\"correctResponse\":\"8\",\"correct\":true,\"ended_on\":\"response\",\"duration\":7131.940000000002,\"time_run\":52362,\"time_render\":52361.52,\"time_show\":52363.06,\"time_end\":59495,\"time_commit\":59512,\"timestamp\":\"2021-07-20T13:36:30.611Z\",\"time_switch\":59541.66},{\"sender\":\"example1_feedback\",\"sender_type\":\"canvas.Screen\",\"sender_id\":\"3\",\"response\":\"space\",\"response_action\":\"keypress(Space)\",\"ended_on\":\"response\",\"duration\":1687.3399999999965,\"time_run\":59521,\"time_render\":59525,\"time_show\":59541.66,\"time_end\":61229,\"time_commit\":61244,\"timestamp\":\"2021-07-20T13:36:32.343Z\",\"time_switch\":61263.06},{\"sender\":\"example2\",\"sender_type\":\"canvas.Screen\",\"sender_id\":\"4\",\"response\":\"4\",\"response_action\":\"click(0) @4\",\"correctResponse\":\"4\",\"correct\":true,\"ended_on\":\"response\",\"duration\":10168.940000000002,\"time_run\":61244,\"time_render\":61244.64,\"time_show\":61263.06,\"time_end\":71432,\"time_commit\":71442,\"timestamp\":\"2021-07-20T13:36:42.542Z\",\"time_switch\":71472.46},{\"sender\":\"example2_feedback\",\"sender_type\":\"canvas.Screen\",\"sender_id\":\"5\",\"response\":\"space\",\"response_action\":\"keypress(Space)\",\"ended_on\":\"response\",\"duration\":1366.5399999999936,\"time_run\":71448,\"time_render\":71455.82,\"time_show\":71472.46,\"time_end\":72839,\"time_commit\":72843,\"timestamp\":\"2021-07-20T13:36:43.943Z\",\"time_switch\":72845.68},{\"sender\":\"get ready\",\"sender_type\":\"canvas.Screen\",\"sender_id\":\"6\",\"response\":\"Space\",\"response_action\":\"keypress(Space)\",\"ended_on\":\"response\",\"duration\":1321.320000000007,\"time_run\":72843,\"time_render\":72844.02,\"time_show\":72845.68,\"time_end\":74167,\"time_commit\":74179,\"timestamp\":\"2021-07-20T13:36:45.279Z\",\"time_switch\":74198.72},{\"sender\":\"test01\",\"sender_type\":\"canvas.Screen\",\"sender_id\":\"7_0\",\"response\":\"7\",\"response_action\":\"click(0) @7\",\"correctResponse\":\"7\",\"correct\":true,\"ended_on\":\"response\",\"duration\":9140.279999999999,\"time_run\":74180,\"time_render\":74180.34,\"time_show\":74198.72,\"time_end\":83339,\"time_commit\":83348,\"timestamp\":\"2021-07-20T13:36:54.447Z\",\"time_switch\":83360.92},{\"sender\":\"test02\",\"sender_type\":\"canvas.Screen\",\"sender_id\":\"7_1\",\"response\":\"4\",\"response_action\":\"click(0) @4\",\"correctResponse\":\"4\",\"correct\":true,\"ended_on\":\"response\",\"duration\":12852.080000000002,\"time_run\":83349,\"time_render\":83344.86,\"time_show\":83360.92,\"time_end\":96213,\"time_commit\":96229,\"timestamp\":\"2021-07-20T13:37:07.328Z\",\"time_switch\":96241.54},{\"sender\":\"test03\",\"sender_type\":\"canvas.Screen\",\"sender_id\":\"7_2\",\"response\":\"6\",\"response_action\":\"click(0) @6\",\"correctResponse\":\"6\",\"correct\":true,\"ended_on\":\"response\",\"duration\":10050.460000000006,\"time_run\":96229,\"time_render\":96226.16,\"time_show\":96241.54,\"time_end\":106292,\"time_commit\":106301,\"timestamp\":\"2021-07-20T13:37:17.401Z\",\"time_switch\":106314.14},{\"sender\":\"test04\",\"sender_type\":\"canvas.Screen\",\"sender_id\":\"7_3\",\"response\":\"8\",\"response_action\":\"click(0) @8\",\"correctResponse\":\"2\",\"correct\":false,\"ended_on\":\"response\",\"duration\":17508.86,\"time_run\":106302,\"time_render\":106298.9,\"time_show\":106314.14,\"time_end\":123823,\"time_commit\":123836,\"timestamp\":\"2021-07-20T13:37:34.935Z\",\"time_switch\":123849.72},{\"sender\":\"test05\",\"sender_type\":\"canvas.Screen\",\"sender_id\":\"7_4\",\"response\":\"4\",\"response_action\":\"click(0) @4\",\"correctResponse\":\"4\",\"correct\":true,\"ended_on\":\"response\",\"duration\":27238.28,\"time_run\":123837,\"time_render\":123833.58,\"time_show\":123849.72,\"time_end\":151088,\"time_commit\":151104,\"timestamp\":\"2021-07-20T13:38:02.203Z\",\"time_switch\":151117.48},{\"sender\":\"test06\",\"sender_type\":\"canvas.Screen\",\"sender_id\":\"7_5\",\"response\":\"7\",\"response_action\":\"click(0) @7\",\"correctResponse\":\"7\",\"correct\":true,\"ended_on\":\"response\",\"duration\":45470.51999999999,\"time_run\":151104,\"time_render\":151101.52,\"time_show\":151117.48,\"time_end\":196588,\"time_commit\":196597,\"timestamp\":\"2021-07-20T13:38:47.697Z\",\"time_switch\":196609.7},{\"sender\":\"test07\",\"sender_type\":\"canvas.Screen\",\"sender_id\":\"7_6\",\"response\":\"8\",\"response_action\":\"click(0) @8\",\"correctResponse\":\"8\",\"correct\":true,\"ended_on\":\"response\",\"duration\":64401.29999999999,\"time_run\":196598,\"time_render\":196593.62,\"time_show\":196609.7,\"time_end\":261011,\"time_commit\":261016,\"timestamp\":\"2021-07-20T13:39:52.115Z\",\"time_switch\":261029.76},{\"sender\":\"test08\",\"sender_type\":\"canvas.Screen\",\"sender_id\":\"7_7\",\"response\":\"7\",\"response_action\":\"click(0) @7\",\"correctResponse\":\"7\",\"correct\":true,\"ended_on\":\"response\",\"duration\":19808.23999999999,\"time_run\":261016,\"time_render\":261013.8,\"time_show\":261029.76,\"time_end\":280838,\"time_commit\":280845,\"timestamp\":\"2021-07-20T13:40:11.944Z\",\"time_switch\":280858.88},{\"sender\":\"test09\",\"sender_type\":\"canvas.Screen\",\"sender_id\":\"7_8\",\"response\":\"6\",\"response_action\":\"click(0) @6\",\"correctResponse\":\"5\",\"correct\":false,\"ended_on\":\"response\",\"duration\":66557.12,\"time_run\":280845,\"time_render\":280843.06,\"time_show\":280858.88,\"time_end\":347416,\"time_commit\":347426,\"timestamp\":\"2021-07-20T13:41:18.526Z\",\"time_switch\":347440.22},{\"sender\":\"test10\",\"sender_type\":\"canvas.Screen\",\"sender_id\":\"7_9\",\"response\":\"5\",\"response_action\":\"click(0) @5\",\"correctResponse\":\"5\",\"correct\":true,\"ended_on\":\"response\",\"duration\":62335.78000000003,\"time_run\":347427,\"time_render\":347424.28,\"time_show\":347440.22,\"time_end\":409776,\"time_commit\":409790,\"timestamp\":\"2021-07-20T13:42:20.889Z\",\"time_switch\":409802.78},{\"sender\":\"test11\",\"sender_type\":\"canvas.Screen\",\"sender_id\":\"7_10\",\"response\":\"5\",\"response_action\":\"click(0) @5\",\"correctResponse\":\"4\",\"correct\":false,\"ended_on\":\"response\",\"duration\":1457.219999999972,\"time_run\":409790,\"time_render\":409787.14,\"time_show\":409802.78,\"time_end\":411260,\"time_commit\":411278,\"timestamp\":\"2021-07-20T13:42:22.377Z\",\"time_switch\":411290.78},{\"sender\":\"test12\",\"sender_type\":\"canvas.Screen\",\"sender_id\":\"7_11\",\"response\":\"1\",\"response_action\":\"click(0) @1\",\"correctResponse\":\"1\",\"correct\":true,\"ended_on\":\"response\",\"duration\":61157.21999999997,\"time_run\":411278,\"time_render\":411275,\"time_show\":411290.78,\"time_end\":472448,\"time_commit\":472457,\"timestamp\":\"2021-07-20T13:43:23.557Z\",\"time_switch\":472470.2},{\"sender\":\"tests (15min)\",\"sender_type\":\"flow.Sequence\",\"sender_id\":\"7\",\"ended_on\":\"completion\",\"duration\":398249.28,\"time_run\":74180,\"time_render\":74180.34,\"time_show\":74198.72,\"time_end\":472448,\"time_commit\":472459,\"timestamp\":\"2021-07-20T13:43:23.559Z\",\"time_switch\":472470.2},{\"sender\":\"good bye\",\"sender_type\":\"canvas.Screen\",\"sender_id\":\"8\",\"ended_on\":\"timeout\",\"duration\":4007.640000000014,\"time_run\":472460,\"time_render\":472455.02,\"time_show\":472470.2,\"time_end\":476461.32,\"time_commit\":476464,\"timestamp\":\"2021-07-20T13:43:27.564Z\",\"time_switch\":476477.84},{\"sender\":\"root\",\"sender_type\":\"flow.Sequence\",\"sender_id\":null,\"ended_on\":\"completion\",\"duration\":474876.08,\"time_run\":1571,\"time_render\":1571.22,\"time_show\":1585.24,\"time_end\":476461.32,\"time_commit\":476464,\"timestamp\":\"2021-07-20T13:43:27.564Z\",\"time_switch\":476477.84}]",
    "metadata": "{\"slice\":0,\"id\":\"79252f4b-de01-41c9-975b-30b93b4d17cb\",\"payload\":\"full\"}",
    "url": "https://exp01.zih.tu-dresden.de/experiments/raven_task/"
}