{
    "data": "[{\"url\":{},\"meta\":{\"labjs_version\":\"20.1.1\",\"labjs_build\":{\"flavor\":\"production\",\"commit\":\"cd5695f774968f50499757c1423bd95d033ea08e\"},\"location\":\"https://exp01.zih.tu-dresden.de/experiments/spot_a_word_task/\",\"userAgent\":\"Mozilla/5.0 (Windows NT 10.0; Win64; x64; rv:89.0) Gecko/20100101 Firefox/89.0\",\"platform\":\"Win32\",\"language\":\"de\",\"locale\":\"de-DE\",\"timeZone\":\"Europe/Berlin\",\"timezoneOffset\":-120,\"screen_width\":1920,\"screen_height\":1080,\"scroll_width\":1920,\"scroll_height\":876,\"window_innerWidth\":1920,\"window_innerHeight\":924,\"devicePixelRatio\":1},\"sender\":\"start_html\",\"sender_type\":\"html.Screen\",\"sender_id\":\"0\",\"ended_on\":\"timeout\",\"duration\":6001.4400000000005,\"time_run\":562,\"time_render\":552.7,\"time_show\":569.32,\"time_end\":6554.1,\"time_commit\":6556,\"timestamp\":\"2021-07-20T13:29:00.736Z\",\"time_switch\":6570.76},{\"sender\":\"manual_html\",\"sender_type\":\"html.Screen\",\"sender_id\":\"1\",\"response\":\"space\",\"response_action\":\"keypress(Space)\",\"ended_on\":\"response\",\"duration\":48953.24,\"time_run\":6557,\"time_render\":6554.1,\"time_show\":6570.76,\"time_end\":55524,\"time_commit\":55544,\"timestamp\":\"2021-07-20T13:29:49.724Z\",\"time_switch\":55551.54},{\"sender\":\"example1_screen\",\"sender_type\":\"canvas.Screen\",\"sender_id\":\"2\",\"response\":\"4\",\"response_action\":\"keypress(4)\",\"correctResponse\":\"4\",\"correct\":true,\"ended_on\":\"response\",\"duration\":4144.459999999999,\"time_run\":55550,\"time_render\":55550.16,\"time_show\":55551.54,\"time_end\":59696,\"time_commit\":59714,\"timestamp\":\"2021-07-20T13:29:53.894Z\",\"time_switch\":59723.32},{\"sender\":\"example1_feedback\",\"sender_type\":\"canvas.Screen\",\"sender_id\":\"3\",\"response\":\"Space\",\"response_action\":\"keypress(Space)\",\"ended_on\":\"response\",\"duration\":2457.6800000000003,\"time_run\":59723,\"time_render\":59722.98,\"time_show\":59723.32,\"time_end\":62181,\"time_commit\":62185,\"timestamp\":\"2021-07-20T13:29:56.364Z\",\"time_switch\":62196.58},{\"sender\":\"example2_screen\",\"sender_type\":\"canvas.Screen\",\"sender_id\":\"4\",\"response\":\"5\",\"response_action\":\"keypress(5)\",\"correctResponse\":\"5\",\"correct\":true,\"ended_on\":\"response\",\"duration\":2203.4199999999983,\"time_run\":62195,\"time_render\":62195.12,\"time_show\":62196.58,\"time_end\":64400,\"time_commit\":64404,\"timestamp\":\"2021-07-20T13:29:58.584Z\",\"time_switch\":64414.82},{\"sender\":\"example2_feedback\",\"sender_type\":\"canvas.Screen\",\"sender_id\":\"5\",\"response\":\"Space\",\"response_action\":\"keypress(Space)\",\"ended_on\":\"response\",\"duration\":2001.1800000000003,\"time_run\":64414,\"time_render\":64413.28,\"time_show\":64414.82,\"time_end\":66416,\"time_commit\":66429,\"timestamp\":\"2021-07-20T13:30:00.608Z\",\"time_switch\":66439.22},{\"sender\":\"example3_screen\",\"sender_type\":\"canvas.Screen\",\"sender_id\":\"6\",\"response\":\"1\",\"response_action\":\"keypress(1)\",\"correctResponse\":\"1\",\"correct\":true,\"ended_on\":\"response\",\"duration\":3179.779999999999,\"time_run\":66437,\"time_render\":66437.64,\"time_show\":66439.22,\"time_end\":69619,\"time_commit\":69623,\"timestamp\":\"2021-07-20T13:30:03.803Z\",\"time_switch\":69634.14},{\"sender\":\"example3_feedback\",\"sender_type\":\"canvas.Screen\",\"sender_id\":\"7\",\"response\":\"Space\",\"response_action\":\"keypress(Space)\",\"ended_on\":\"response\",\"duration\":1749.8600000000006,\"time_run\":69633,\"time_render\":69632.62,\"time_show\":69634.14,\"time_end\":71384,\"time_commit\":71399,\"timestamp\":\"2021-07-20T13:30:05.579Z\",\"time_switch\":71402.68},{\"sender\":\"get_ready_html\",\"sender_type\":\"html.Screen\",\"sender_id\":\"8\",\"response\":\"space\",\"response_action\":\"keypress(Space)\",\"ended_on\":\"response\",\"duration\":10168.320000000007,\"time_run\":71401,\"time_render\":71400.9,\"time_show\":71402.68,\"time_end\":81571,\"time_commit\":81574,\"timestamp\":\"2021-07-20T13:30:15.754Z\",\"time_switch\":81615.26},{\"sender\":\"trial_screen\",\"sender_type\":\"canvas.Screen\",\"sender_id\":\"9_0\",\"correct\":true,\"trial_ID\":1,\"word1\":\"siziol\",\"word2\":\"salzahl\",\"word3\":\"sozihl\",\"word4\":\"sziam\",\"word5\":\"sozial\",\"response\":\"5\",\"response_action\":\"keypress(5)\",\"correctResponse\":\"5\",\"ended_on\":\"response\",\"duration\":2705.7400000000052,\"time_run\":81614,\"time_render\":81613.76,\"time_show\":81615.26,\"time_end\":84321,\"time_commit\":84328,\"timestamp\":\"2021-07-20T13:30:18.506Z\",\"time_switch\":84337.26},{\"sender\":\"trial_screen\",\"sender_type\":\"canvas.Screen\",\"sender_id\":\"9_1\",\"correct\":true,\"trial_ID\":2,\"word1\":\"Lamone\",\"word2\":\"Talane\",\"word3\":\"Matrone\",\"word4\":\"Tarone\",\"word5\":\"Malonte\",\"response\":\"3\",\"response_action\":\"keypress(3)\",\"correctResponse\":\"3\",\"ended_on\":\"response\",\"duration\":4406.740000000005,\"time_run\":84335,\"time_render\":84335.62,\"time_show\":84337.26,\"time_end\":88744,\"time_commit\":88760,\"timestamp\":\"2021-07-20T13:30:22.939Z\",\"time_switch\":88769.84},{\"sender\":\"trial_screen\",\"sender_type\":\"canvas.Screen\",\"sender_id\":\"9_2\",\"correct\":true,\"trial_ID\":3,\"word1\":\"kurinesisch\",\"word2\":\"kulinarisch\",\"word3\":\"kumenisch\",\"word4\":\"kulissarisch\",\"word5\":\"kannastrisch\",\"response\":\"2\",\"response_action\":\"keypress(2)\",\"correctResponse\":\"2\",\"ended_on\":\"response\",\"duration\":2192.1600000000035,\"time_run\":88769,\"time_render\":88768.34,\"time_show\":88769.84,\"time_end\":90962,\"time_commit\":90973,\"timestamp\":\"2021-07-20T13:30:25.152Z\",\"time_switch\":90982.58},{\"sender\":\"trial_screen\",\"sender_type\":\"canvas.Screen\",\"sender_id\":\"9_3\",\"correct\":true,\"trial_ID\":4,\"word1\":\"Tinxur\",\"word2\":\"Kukutur\",\"word3\":\"Fraktan\",\"word4\":\"Tinktur\",\"word5\":\"Rimsuhr\",\"response\":\"4\",\"response_action\":\"keypress(4)\",\"correctResponse\":\"4\",\"ended_on\":\"response\",\"duration\":2104.4199999999983,\"time_run\":90981,\"time_render\":90981.1,\"time_show\":90982.58,\"time_end\":93087,\"time_commit\":93090,\"timestamp\":\"2021-07-20T13:30:27.269Z\",\"time_switch\":93096.42},{\"sender\":\"trial_screen\",\"sender_type\":\"canvas.Screen\",\"sender_id\":\"9_4\",\"correct\":true,\"trial_ID\":5,\"word1\":\"beralen\",\"word2\":\"ger\u00e4ltet\",\"word3\":\"an\u00e4lteren\",\"word4\":\"unt\u00e4ren\",\"word5\":\"verbr\u00e4men\",\"response\":\"5\",\"response_action\":\"keypress(5)\",\"correctResponse\":\"5\",\"ended_on\":\"response\",\"duration\":2740.5800000000017,\"time_run\":93095,\"time_render\":93095.58,\"time_show\":93096.42,\"time_end\":95837,\"time_commit\":95842,\"timestamp\":\"2021-07-20T13:30:30.020Z\",\"time_switch\":95852.98},{\"sender\":\"trial_screen\",\"sender_type\":\"canvas.Screen\",\"sender_id\":\"9_5\",\"correct\":true,\"trial_ID\":6,\"word1\":\"Rosto\",\"word2\":\"Torso\",\"word3\":\"Soro\",\"word4\":\"Torgos\",\"word5\":\"Tosor\",\"response\":\"2\",\"response_action\":\"keypress(2)\",\"correctResponse\":\"2\",\"ended_on\":\"response\",\"duration\":1671.020000000004,\"time_run\":95851,\"time_render\":95851.52,\"time_show\":95852.98,\"time_end\":97524,\"time_commit\":97529,\"timestamp\":\"2021-07-20T13:30:31.708Z\",\"time_switch\":97539.86},{\"sender\":\"trial_screen\",\"sender_type\":\"canvas.Screen\",\"sender_id\":\"9_6\",\"correct\":true,\"trial_ID\":7,\"word1\":\"Redor\",\"word2\":\"Radium\",\"word3\":\"Terion\",\"word4\":\"Dramin\",\"word5\":\"Orakium\",\"response\":\"2\",\"response_action\":\"keypress(2)\",\"correctResponse\":\"2\",\"ended_on\":\"response\",\"duration\":1657.1399999999994,\"time_run\":97538,\"time_render\":97538.02,\"time_show\":97539.86,\"time_end\":99197,\"time_commit\":99200,\"timestamp\":\"2021-07-20T13:30:33.379Z\",\"time_switch\":99210.52},{\"sender\":\"trial_screen\",\"sender_type\":\"canvas.Screen\",\"sender_id\":\"9_7\",\"correct\":true,\"trial_ID\":8,\"word1\":\"Nale\",\"word2\":\"Sahe\",\"word3\":\"Nase\",\"word4\":\"Nesa\",\"word5\":\"Sehna\",\"response\":\"3\",\"response_action\":\"keypress(3)\",\"correctResponse\":\"3\",\"ended_on\":\"response\",\"duration\":4330.479999999996,\"time_run\":99209,\"time_render\":99209.04,\"time_show\":99210.52,\"time_end\":103541,\"time_commit\":103546,\"timestamp\":\"2021-07-20T13:30:37.726Z\",\"time_switch\":103554.54},{\"sender\":\"trial_screen\",\"sender_type\":\"canvas.Screen\",\"sender_id\":\"9_8\",\"correct\":false,\"trial_ID\":9,\"word1\":\"Rilkiase\",\"word2\":\"Kilister\",\"word3\":\"Riliker\",\"word4\":\"Klistier\",\"word5\":\"Linkure\",\"response\":\"2\",\"response_action\":\"keypress(2)\",\"correctResponse\":\"4\",\"ended_on\":\"response\",\"duration\":5000.460000000006,\"time_run\":103553,\"time_render\":103553.08,\"time_show\":103554.54,\"time_end\":108555,\"time_commit\":108563,\"timestamp\":\"2021-07-20T13:30:42.742Z\",\"time_switch\":108570.06},{\"sender\":\"trial_screen\",\"sender_type\":\"canvas.Screen\",\"sender_id\":\"9_9\",\"correct\":true,\"trial_ID\":10,\"word1\":\"kentern\",\"word2\":\"knerte\",\"word3\":\"kanzen\",\"word4\":\"kretern\",\"word5\":\"trekern\",\"response\":\"1\",\"response_action\":\"keypress(1)\",\"correctResponse\":\"1\",\"ended_on\":\"response\",\"duration\":3845.9400000000023,\"time_run\":108569,\"time_render\":108568.48,\"time_show\":108570.06,\"time_end\":112416,\"time_commit\":112425,\"timestamp\":\"2021-07-20T13:30:46.604Z\",\"time_switch\":112435.5},{\"sender\":\"trial_screen\",\"sender_type\":\"canvas.Screen\",\"sender_id\":\"9_10\",\"correct\":true,\"trial_ID\":11,\"word1\":\"Sorekin\",\"word2\":\"Sarowin\",\"word3\":\"Rosakin\",\"word4\":\"Narosin\",\"word5\":\"Kerosin\",\"response\":\"5\",\"response_action\":\"keypress(5)\",\"correctResponse\":\"5\",\"ended_on\":\"response\",\"duration\":3401.5,\"time_run\":112434,\"time_render\":112433.94,\"time_show\":112435.5,\"time_end\":115837,\"time_commit\":115843,\"timestamp\":\"2021-07-20T13:30:50.023Z\",\"time_switch\":115849.74},{\"sender\":\"trial_screen\",\"sender_type\":\"canvas.Screen\",\"sender_id\":\"9_11\",\"correct\":true,\"trial_ID\":12,\"word1\":\"Ralke\",\"word2\":\"Korre\",\"word3\":\"Ruckse\",\"word4\":\"Recke\",\"word5\":\"Ulte\",\"response\":\"4\",\"response_action\":\"keypress(4)\",\"correctResponse\":\"4\",\"ended_on\":\"response\",\"duration\":4611.259999999995,\"time_run\":115849,\"time_render\":115849.36,\"time_show\":115849.74,\"time_end\":120461,\"time_commit\":120466,\"timestamp\":\"2021-07-20T13:30:54.645Z\",\"time_switch\":120475.94},{\"sender\":\"trial_screen\",\"sender_type\":\"canvas.Screen\",\"sender_id\":\"9_12\",\"correct\":true,\"trial_ID\":13,\"word1\":\"Kapaun\",\"word2\":\"Paukan\",\"word3\":\"Naupack\",\"word4\":\"Aupeck\",\"word5\":\"Ankepran\",\"response\":\"1\",\"response_action\":\"keypress(1)\",\"correctResponse\":\"1\",\"ended_on\":\"response\",\"duration\":9236.059999999998,\"time_run\":120475,\"time_render\":120474.48,\"time_show\":120475.94,\"time_end\":129712,\"time_commit\":129719,\"timestamp\":\"2021-07-20T13:31:03.898Z\",\"time_switch\":129724.94},{\"sender\":\"trial_screen\",\"sender_type\":\"canvas.Screen\",\"sender_id\":\"9_13\",\"correct\":true,\"trial_ID\":14,\"word1\":\"Dissonanz\",\"word2\":\"Diskrisanz\",\"word3\":\"Distranz\",\"word4\":\"Dinotanz\",\"word5\":\"Sidonenz\",\"response\":\"1\",\"response_action\":\"keypress(1)\",\"correctResponse\":\"1\",\"ended_on\":\"response\",\"duration\":1502.0599999999977,\"time_run\":129724,\"time_render\":129724.14,\"time_show\":129724.94,\"time_end\":131227,\"time_commit\":131240,\"timestamp\":\"2021-07-20T13:31:05.420Z\",\"time_switch\":131250.16},{\"sender\":\"trial_screen\",\"sender_type\":\"canvas.Screen\",\"sender_id\":\"9_14\",\"correct\":true,\"trial_ID\":15,\"word1\":\"Kirse\",\"word2\":\"Sirke\",\"word3\":\"Krise\",\"word4\":\"Krospe\",\"word5\":\"Seris\",\"response\":\"3\",\"response_action\":\"keypress(3)\",\"correctResponse\":\"3\",\"ended_on\":\"response\",\"duration\":2352.8399999999965,\"time_run\":131249,\"time_render\":131248.62,\"time_show\":131250.16,\"time_end\":133603,\"time_commit\":133616,\"timestamp\":\"2021-07-20T13:31:07.796Z\",\"time_switch\":133626.18},{\"sender\":\"trial_screen\",\"sender_type\":\"canvas.Screen\",\"sender_id\":\"9_15\",\"correct\":true,\"trial_ID\":16,\"word1\":\"Tume\",\"word2\":\"Umat\",\"word3\":\"Maut\",\"word4\":\"Taum\",\"word5\":\"Muta\",\"response\":\"3\",\"response_action\":\"keypress(3)\",\"correctResponse\":\"3\",\"ended_on\":\"response\",\"duration\":1539.820000000007,\"time_run\":133625,\"time_render\":133624.64,\"time_show\":133626.18,\"time_end\":135166,\"time_commit\":135175,\"timestamp\":\"2021-07-20T13:31:09.354Z\",\"time_switch\":135185.5},{\"sender\":\"trial_screen\",\"sender_type\":\"canvas.Screen\",\"sender_id\":\"9_16\",\"correct\":true,\"trial_ID\":17,\"word1\":\"Tuhl\",\"word2\":\"Lar\",\"word3\":\"Lest\",\"word4\":\"Dall\",\"word5\":\"Lid\",\"response\":\"5\",\"response_action\":\"keypress(5)\",\"correctResponse\":\"5\",\"ended_on\":\"response\",\"duration\":4089.5,\"time_run\":135184,\"time_render\":135184.06,\"time_show\":135185.5,\"time_end\":139275,\"time_commit\":139293,\"timestamp\":\"2021-07-20T13:31:13.472Z\",\"time_switch\":139302.4},{\"sender\":\"trial_screen\",\"sender_type\":\"canvas.Screen\",\"sender_id\":\"9_17\",\"correct\":false,\"trial_ID\":18,\"word1\":\"Adept\",\"word2\":\"Padet\",\"word3\":\"Edapt\",\"word4\":\"Epatt\",\"word5\":\"Taped\",\"response\":\"4\",\"response_action\":\"keypress(4)\",\"correctResponse\":\"1\",\"ended_on\":\"response\",\"duration\":4988.600000000006,\"time_run\":139301,\"time_render\":139300.66,\"time_show\":139302.4,\"time_end\":144291,\"time_commit\":144299,\"timestamp\":\"2021-07-20T13:31:18.478Z\",\"time_switch\":144308.86},{\"sender\":\"trial_screen\",\"sender_type\":\"canvas.Screen\",\"sender_id\":\"9_18\",\"correct\":true,\"trial_ID\":19,\"word1\":\"Spirine\",\"word2\":\"Saprin\",\"word3\":\"Parsin\",\"word4\":\"Purin\",\"word5\":\"Asprint\",\"response\":\"4\",\"response_action\":\"keypress(4)\",\"correctResponse\":\"4\",\"ended_on\":\"response\",\"duration\":4527.140000000014,\"time_run\":144307,\"time_render\":144307.36,\"time_show\":144308.86,\"time_end\":148836,\"time_commit\":148853,\"timestamp\":\"2021-07-20T13:31:23.032Z\",\"time_switch\":148859.56},{\"sender\":\"trial_screen\",\"sender_type\":\"canvas.Screen\",\"sender_id\":\"9_19\",\"correct\":true,\"trial_ID\":20,\"word1\":\"Kulon\",\"word2\":\"Solgun\",\"word3\":\"Koskan\",\"word4\":\"Soran\",\"word5\":\"Klonus\",\"response\":\"5\",\"response_action\":\"keypress(5)\",\"correctResponse\":\"5\",\"ended_on\":\"response\",\"duration\":3931.4400000000023,\"time_run\":148859,\"time_render\":148859.32,\"time_show\":148859.56,\"time_end\":152791,\"time_commit\":152800,\"timestamp\":\"2021-07-20T13:31:26.978Z\",\"time_switch\":152809.38},{\"sender\":\"trial_screen\",\"sender_type\":\"canvas.Screen\",\"sender_id\":\"9_20\",\"correct\":false,\"trial_ID\":21,\"word1\":\"Tronke\",\"word2\":\"Nocktherm\",\"word3\":\"Teronk\",\"word4\":\"Komtur\",\"word5\":\"Rocktur\",\"response\":\"2\",\"response_action\":\"keypress(2)\",\"correctResponse\":\"4\",\"ended_on\":\"response\",\"duration\":5714.619999999995,\"time_run\":152808,\"time_render\":152807.82,\"time_show\":152809.38,\"time_end\":158524,\"time_commit\":158532,\"timestamp\":\"2021-07-20T13:31:32.712Z\",\"time_switch\":158542.18},{\"sender\":\"trial_screen\",\"sender_type\":\"canvas.Screen\",\"sender_id\":\"9_21\",\"correct\":true,\"trial_ID\":22,\"word1\":\"Ripat\",\"word2\":\"Patinatte\",\"word3\":\"Tapir\",\"word4\":\"Apitt\",\"word5\":\"Padir\",\"response\":\"3\",\"response_action\":\"keypress(3)\",\"correctResponse\":\"3\",\"ended_on\":\"response\",\"duration\":3278.820000000007,\"time_run\":158541,\"time_render\":158540.6,\"time_show\":158542.18,\"time_end\":161821,\"time_commit\":161837,\"timestamp\":\"2021-07-20T13:31:36.017Z\",\"time_switch\":161843.78},{\"sender\":\"trial_screen\",\"sender_type\":\"canvas.Screen\",\"sender_id\":\"9_22\",\"correct\":true,\"trial_ID\":23,\"word1\":\"Akifer\",\"word2\":\"Fiaker\",\"word3\":\"Kiaffa\",\"word4\":\"Sariffer\",\"word5\":\"Refisker\",\"response\":\"2\",\"response_action\":\"keypress(2)\",\"correctResponse\":\"2\",\"ended_on\":\"response\",\"duration\":4650.220000000001,\"time_run\":161844,\"time_render\":161843.56,\"time_show\":161843.78,\"time_end\":166494,\"time_commit\":166502,\"timestamp\":\"2021-07-20T13:31:40.681Z\",\"time_switch\":166509.46},{\"sender\":\"trial_screen\",\"sender_type\":\"canvas.Screen\",\"sender_id\":\"9_23\",\"correct\":true,\"trial_ID\":24,\"word1\":\"Kleiber\",\"word2\":\"Beikel\",\"word3\":\"Keibel\",\"word4\":\"Reikler\",\"word5\":\"Biekerl\",\"response\":\"1\",\"response_action\":\"keypress(1)\",\"correctResponse\":\"1\",\"ended_on\":\"response\",\"duration\":1296.5400000000081,\"time_run\":166508,\"time_render\":166507.94,\"time_show\":166509.46,\"time_end\":167806,\"time_commit\":167813,\"timestamp\":\"2021-07-20T13:31:41.992Z\",\"time_switch\":167822.2},{\"sender\":\"trial_screen\",\"sender_type\":\"canvas.Screen\",\"sender_id\":\"9_24\",\"correct\":true,\"trial_ID\":25,\"word1\":\"Ig\u00e4de\",\"word2\":\"D\u00e4gie\",\"word3\":\"\u00c4gide\",\"word4\":\"Dig\u00e4de\",\"word5\":\"Giad\",\"response\":\"3\",\"response_action\":\"keypress(3)\",\"correctResponse\":\"3\",\"ended_on\":\"response\",\"duration\":2124.7999999999884,\"time_run\":167820,\"time_render\":167820.68,\"time_show\":167822.2,\"time_end\":169947,\"time_commit\":169955,\"timestamp\":\"2021-07-20T13:31:44.134Z\",\"time_switch\":169965.4},{\"sender\":\"trial_screen\",\"sender_type\":\"canvas.Screen\",\"sender_id\":\"9_25\",\"correct\":true,\"trial_ID\":26,\"word1\":\"Rixal\",\"word2\":\"Irtax\",\"word3\":\"Rackizie\",\"word4\":\"Matrix\",\"word5\":\"Atrige\",\"response\":\"4\",\"response_action\":\"keypress(4)\",\"correctResponse\":\"4\",\"ended_on\":\"response\",\"duration\":2620.600000000006,\"time_run\":169964,\"time_render\":169963.86,\"time_show\":169965.4,\"time_end\":172586,\"time_commit\":172602,\"timestamp\":\"2021-07-20T13:31:46.781Z\",\"time_switch\":172608.74},{\"sender\":\"trial_screen\",\"sender_type\":\"canvas.Screen\",\"sender_id\":\"9_26\",\"correct\":false,\"trial_ID\":27,\"word1\":\"Haskisch\",\"word2\":\"Asmisch\",\"word3\":\"Schisma\",\"word4\":\"Rasthmie\",\"word5\":\"Ilschah\",\"response\":\"1\",\"response_action\":\"keypress(1)\",\"correctResponse\":\"3\",\"ended_on\":\"response\",\"duration\":4744.260000000009,\"time_run\":172607,\"time_render\":172607,\"time_show\":172608.74,\"time_end\":177353,\"time_commit\":177361,\"timestamp\":\"2021-07-20T13:31:51.539Z\",\"time_switch\":177371.36},{\"sender\":\"trial_screen\",\"sender_type\":\"canvas.Screen\",\"sender_id\":\"9_27\",\"correct\":true,\"trial_ID\":28,\"word1\":\"Sallose\",\"word2\":\"Lordose\",\"word3\":\"Dormase\",\"word4\":\"Rollase\",\"word5\":\"Ardierole\",\"response\":\"2\",\"response_action\":\"keypress(2)\",\"correctResponse\":\"2\",\"ended_on\":\"response\",\"duration\":1919.640000000014,\"time_run\":177370,\"time_render\":177370,\"time_show\":177371.36,\"time_end\":179291,\"time_commit\":179303,\"timestamp\":\"2021-07-20T13:31:53.483Z\",\"time_switch\":179313.3},{\"sender\":\"trial_screen\",\"sender_type\":\"canvas.Screen\",\"sender_id\":\"9_28\",\"correct\":false,\"trial_ID\":29,\"word1\":\"Intranotion\",\"word2\":\"Infranatura\",\"word3\":\"Internodium\",\"word4\":\"Indotalie\",\"word5\":\"Indosta\",\"response\":\"1\",\"response_action\":\"keypress(1)\",\"correctResponse\":\"3\",\"ended_on\":\"response\",\"duration\":3805.7000000000116,\"time_run\":179312,\"time_render\":179311.52,\"time_show\":179313.3,\"time_end\":183119,\"time_commit\":183121,\"timestamp\":\"2021-07-20T13:31:57.300Z\",\"time_switch\":183127.88},{\"sender\":\"trial_screen\",\"sender_type\":\"canvas.Screen\",\"sender_id\":\"9_29\",\"correct\":true,\"trial_ID\":30,\"word1\":\"Idaste\",\"word2\":\"Dastrix\",\"word3\":\"Astike\",\"word4\":\"Sadile\",\"word5\":\"Kasside\",\"response\":\"5\",\"response_action\":\"keypress(5)\",\"correctResponse\":\"5\",\"ended_on\":\"response\",\"duration\":3194.1199999999953,\"time_run\":183126,\"time_render\":183126.24,\"time_show\":183127.88,\"time_end\":186322,\"time_commit\":186334,\"timestamp\":\"2021-07-20T13:32:00.514Z\",\"time_switch\":186342.28},{\"sender\":\"trial_screen\",\"sender_type\":\"canvas.Screen\",\"sender_id\":\"9_30\",\"correct\":false,\"trial_ID\":31,\"word1\":\"Libration\",\"word2\":\"Bilation\",\"word3\":\"Arlation\",\"word4\":\"Iberation\",\"word5\":\"Tiradon\",\"response\":\"4\",\"response_action\":\"keypress(4)\",\"correctResponse\":\"1\",\"ended_on\":\"response\",\"duration\":3275.720000000001,\"time_run\":186341,\"time_render\":186340.84,\"time_show\":186342.28,\"time_end\":189618,\"time_commit\":189630,\"timestamp\":\"2021-07-20T13:32:03.809Z\",\"time_switch\":189639.58},{\"sender\":\"trial_screen\",\"sender_type\":\"canvas.Screen\",\"sender_id\":\"9_31\",\"correct\":true,\"trial_ID\":32,\"word1\":\"Pucker\",\"word2\":\"Keuper\",\"word3\":\"Eucker\",\"word4\":\"Reuspeck\",\"word5\":\"Urkane\",\"response\":\"2\",\"response_action\":\"keypress(2)\",\"correctResponse\":\"2\",\"ended_on\":\"response\",\"duration\":5478.420000000013,\"time_run\":189638,\"time_render\":189638.02,\"time_show\":189639.58,\"time_end\":195118,\"time_commit\":195127,\"timestamp\":\"2021-07-20T13:32:09.305Z\",\"time_switch\":195132.36},{\"sender\":\"trial_screen\",\"sender_type\":\"canvas.Screen\",\"sender_id\":\"9_32\",\"correct\":false,\"trial_ID\":33,\"word1\":\"Sickaber\",\"word2\":\"Bassiker\",\"word3\":\"Kassiber\",\"word4\":\"Sassiker\",\"word5\":\"Askiber\",\"response\":\"5\",\"response_action\":\"keypress(5)\",\"correctResponse\":\"3\",\"ended_on\":\"response\",\"duration\":4486.640000000014,\"time_run\":195132,\"time_render\":195131.9,\"time_show\":195132.36,\"time_end\":199619,\"time_commit\":199633,\"timestamp\":\"2021-07-20T13:32:13.812Z\",\"time_switch\":199642.2},{\"sender\":\"trial_screen\",\"sender_type\":\"canvas.Screen\",\"sender_id\":\"9_33\",\"correct\":true,\"trial_ID\":34,\"word1\":\"Alquallon\",\"word2\":\"Lisqualien\",\"word3\":\"Talquallen\",\"word4\":\"Quisquilien\",\"word5\":\"Rielquellen\",\"response\":\"4\",\"response_action\":\"keypress(4)\",\"correctResponse\":\"4\",\"ended_on\":\"response\",\"duration\":7773.799999999988,\"time_run\":199640,\"time_render\":199640.66,\"time_show\":199642.2,\"time_end\":207416,\"time_commit\":207425,\"timestamp\":\"2021-07-20T13:32:21.604Z\",\"time_switch\":207434.16},{\"sender\":\"trial_screen\",\"sender_type\":\"canvas.Screen\",\"sender_id\":\"9_34\",\"correct\":true,\"trial_ID\":35,\"word1\":\"Berkiza\",\"word2\":\"Brekzie\",\"word3\":\"Birakzie\",\"word4\":\"Brikazie\",\"word5\":\"Bakiria\",\"response\":\"2\",\"response_action\":\"keypress(2)\",\"correctResponse\":\"2\",\"ended_on\":\"response\",\"duration\":5761.8399999999965,\"time_run\":207433,\"time_render\":207432.62,\"time_show\":207434.16,\"time_end\":213196,\"time_commit\":213212,\"timestamp\":\"2021-07-20T13:32:27.391Z\",\"time_switch\":213216.02},{\"sender\":\"loop_trial\",\"sender_type\":\"flow.Loop\",\"sender_id\":\"9\",\"ended_on\":\"completion\",\"duration\":131580.74,\"time_run\":81610,\"time_render\":81613.76,\"time_show\":81615.26,\"time_end\":213196,\"time_commit\":213214,\"timestamp\":\"2021-07-20T13:32:27.393Z\",\"time_switch\":213216.02},{\"sender\":\"end_html\",\"sender_type\":\"html.Screen\",\"sender_id\":\"10\",\"ended_on\":\"timeout\",\"duration\":5993.220000000001,\"time_run\":213214,\"time_render\":213214.32,\"time_show\":213216.02,\"time_end\":219192.58,\"time_commit\":219194,\"timestamp\":\"2021-07-20T13:32:33.373Z\",\"time_switch\":219209.24},{\"sender\":\"root\",\"sender_type\":\"flow.Sequence\",\"sender_id\":null,\"ended_on\":\"completion\",\"duration\":218623.25999999998,\"time_run\":562,\"time_render\":552.7,\"time_show\":569.32,\"time_end\":219192.58,\"time_commit\":219194,\"timestamp\":\"2021-07-20T13:32:33.373Z\",\"time_switch\":219209.24}]",
    "metadata": "{\"slice\":0,\"id\":\"becd31f6-568e-4a9e-9e08-31619ef98839\",\"payload\":\"full\"}",
    "url": "https://exp01.zih.tu-dresden.de/experiments/spot_a_word_task/"
}