{
    "data": "[{\"url\":{},\"meta\":{\"labjs_version\":\"20.1.1\",\"labjs_build\":{\"flavor\":\"production\",\"commit\":\"cd5695f774968f50499757c1423bd95d033ea08e\"},\"location\":\"https://exp01.zih.tu-dresden.de/experiments/raven_task/\",\"userAgent\":\"Mozilla/5.0 (Windows NT 10.0; Win64; x64) AppleWebKit/537.36 (KHTML, like Gecko) Chrome/90.0.4430.212 Safari/537.36 Edg/90.0.818.62\",\"platform\":\"Win32\",\"language\":\"de\",\"locale\":\"de\",\"timeZone\":\"Europe/Berlin\",\"timezoneOffset\":-120,\"screen_width\":1366,\"screen_height\":768,\"scroll_width\":1366,\"scroll_height\":608,\"window_innerWidth\":1366,\"window_innerHeight\":656,\"devicePixelRatio\":1},\"sender\":\"welcome\",\"sender_type\":\"canvas.Screen\",\"sender_id\":\"0\",\"ended_on\":\"timeout\",\"duration\":8032.932999999999,\"time_run\":3654.490000102669,\"time_render\":3556.487,\"time_show\":3656.483,\"time_end\":11639.418,\"time_commit\":11649.449999909848,\"timestamp\":\"2021-05-16T14:02:07.432Z\",\"time_switch\":11689.416},{\"sender\":\"instructions\",\"sender_type\":\"html.Page\",\"sender_id\":\"1\",\"response\":\"Space\",\"response_action\":\"keypress(Space)\",\"ended_on\":\"response\",\"duration\":41047.47399982551,\"time_run\":11651.414999738336,\"time_render\":11639.418,\"time_show\":11689.416,\"time_end\":52736.88999982551,\"time_commit\":52746.32999999449,\"timestamp\":\"2021-05-16T14:02:48.529Z\",\"time_switch\":52810.944},{\"sender\":\"example1\",\"sender_type\":\"canvas.Screen\",\"sender_id\":\"2\",\"response\":\"8\",\"response_action\":\"click(0) @8\",\"correctResponse\":\"8\",\"correct\":true,\"ended_on\":\"response\",\"duration\":6966.406000105795,\"time_run\":52747.01000005007,\"time_render\":52727.614,\"time_show\":52810.944,\"time_end\":59777.3500001058,\"time_commit\":59816.935000009835,\"timestamp\":\"2021-05-16T14:02:55.600Z\",\"time_switch\":59943.059},{\"sender\":\"example1_feedback\",\"sender_type\":\"canvas.Screen\",\"sender_id\":\"3\",\"response\":\"space\",\"response_action\":\"keypress(Space)\",\"ended_on\":\"response\",\"duration\":3203.56099978125,\"time_run\":59904.585000127554,\"time_render\":59893.061,\"time_show\":59943.059,\"time_end\":63146.61999978125,\"time_commit\":63148.67000002414,\"timestamp\":\"2021-05-16T14:02:58.931Z\",\"time_switch\":63157.824},{\"sender\":\"example2\",\"sender_type\":\"canvas.Screen\",\"sender_id\":\"4\",\"response\":\"4\",\"response_action\":\"click(0) @4\",\"correctResponse\":\"4\",\"correct\":true,\"ended_on\":\"response\",\"duration\":6619.975999807029,\"time_run\":63149.17999971658,\"time_render\":63141.158,\"time_show\":63157.824,\"time_end\":69777.79999980703,\"time_commit\":69779.24000006169,\"timestamp\":\"2021-05-16T14:03:05.562Z\",\"time_switch\":69874.197},{\"sender\":\"example2_feedback\",\"sender_type\":\"canvas.Screen\",\"sender_id\":\"5\",\"response\":\"space\",\"response_action\":\"keypress(Space)\",\"ended_on\":\"response\",\"duration\":2623.1230000822543,\"time_run\":69869.94000012055,\"time_render\":69857.531,\"time_show\":69874.197,\"time_end\":72497.32000008225,\"time_commit\":72499.23999980092,\"timestamp\":\"2021-05-16T14:03:08.282Z\",\"time_switch\":72555.157},{\"sender\":\"get ready\",\"sender_type\":\"canvas.Screen\",\"sender_id\":\"6\",\"response\":\"Space\",\"response_action\":\"keypress(Space)\",\"ended_on\":\"response\",\"duration\":6888.622999855899,\"time_run\":72499.9250001274,\"time_render\":72488.493,\"time_show\":72555.157,\"time_end\":79443.7799998559,\"time_commit\":79445.40999969468,\"timestamp\":\"2021-05-16T14:03:15.228Z\",\"time_switch\":79454.553},{\"sender\":\"test01\",\"sender_type\":\"canvas.Screen\",\"sender_id\":\"7_0\",\"response\":\"7\",\"response_action\":\"click(0) @7\",\"correctResponse\":\"7\",\"correct\":true,\"ended_on\":\"response\",\"duration\":7100.441999896735,\"time_run\":79446.11999997869,\"time_render\":79437.887,\"time_show\":79454.553,\"time_end\":86554.99499989673,\"time_commit\":86556.1400000006,\"timestamp\":\"2021-05-16T14:03:22.339Z\",\"time_switch\":86570.687},{\"sender\":\"test02\",\"sender_type\":\"canvas.Screen\",\"sender_id\":\"7_1\",\"response\":\"4\",\"response_action\":\"click(0) @4\",\"correctResponse\":\"4\",\"correct\":true,\"ended_on\":\"response\",\"duration\":10022.622999909247,\"time_run\":86556.36500008404,\"time_render\":86554.021,\"time_show\":86570.687,\"time_end\":96593.30999990925,\"time_commit\":96594.45999981835,\"timestamp\":\"2021-05-16T14:03:32.377Z\",\"time_switch\":96600.37},{\"sender\":\"test03\",\"sender_type\":\"canvas.Screen\",\"sender_id\":\"7_2\",\"response\":\"3\",\"response_action\":\"click(0) @3\",\"correctResponse\":\"6\",\"correct\":false,\"ended_on\":\"response\",\"duration\":8454.194999882136,\"time_run\":96594.67499982566,\"time_render\":96583.704,\"time_show\":96600.37,\"time_end\":105054.56499988213,\"time_commit\":105055.59000000358,\"timestamp\":\"2021-05-16T14:03:40.838Z\",\"time_switch\":105064.412},{\"sender\":\"test04\",\"sender_type\":\"canvas.Screen\",\"sender_id\":\"7_3\",\"response\":\"2\",\"response_action\":\"click(0) @2\",\"correctResponse\":\"2\",\"correct\":true,\"ended_on\":\"response\",\"duration\":7972.083000123981,\"time_run\":105055.79499993473,\"time_render\":105047.746,\"time_show\":105064.412,\"time_end\":113036.49500012398,\"time_commit\":113037.51999977976,\"timestamp\":\"2021-05-16T14:03:48.820Z\",\"time_switch\":113045.482},{\"sender\":\"test05\",\"sender_type\":\"canvas.Screen\",\"sender_id\":\"7_4\",\"response\":\"4\",\"response_action\":\"click(0) @4\",\"correctResponse\":\"4\",\"correct\":true,\"ended_on\":\"response\",\"duration\":6975.163000040528,\"time_run\":113037.70500002429,\"time_render\":113028.816,\"time_show\":113045.482,\"time_end\":120020.64500004053,\"time_commit\":120021.66000008583,\"timestamp\":\"2021-05-16T14:03:55.804Z\",\"time_switch\":120026.735},{\"sender\":\"test06\",\"sender_type\":\"canvas.Screen\",\"sender_id\":\"7_5\",\"response\":\"5\",\"response_action\":\"click(0) @5\",\"correctResponse\":\"7\",\"correct\":false,\"ended_on\":\"response\",\"duration\":8887.004999756216,\"time_run\":120021.8449998647,\"time_render\":120010.069,\"time_show\":120026.735,\"time_end\":128913.73999975622,\"time_commit\":128914.75499980152,\"timestamp\":\"2021-05-16T14:04:04.698Z\",\"time_switch\":128924.758},{\"sender\":\"test07\",\"sender_type\":\"canvas.Screen\",\"sender_id\":\"7_6\",\"response\":\"4\",\"response_action\":\"click(0) @4\",\"correctResponse\":\"8\",\"correct\":false,\"ended_on\":\"response\",\"duration\":11566.601999869017,\"time_run\":128914.95000012219,\"time_render\":128908.092,\"time_show\":128924.758,\"time_end\":140491.35999986902,\"time_commit\":140492.39999987185,\"timestamp\":\"2021-05-16T14:04:16.275Z\",\"time_switch\":140505.571},{\"sender\":\"test08\",\"sender_type\":\"canvas.Screen\",\"sender_id\":\"7_7\",\"response\":\"8\",\"response_action\":\"click(0) @8\",\"correctResponse\":\"7\",\"correct\":false,\"ended_on\":\"response\",\"duration\":8472.859000133816,\"time_run\":140492.58500011638,\"time_render\":140488.905,\"time_show\":140505.571,\"time_end\":148978.4300001338,\"time_commit\":148979.85500004143,\"timestamp\":\"2021-05-16T14:04:24.763Z\",\"time_switch\":148985.909},{\"sender\":\"test09\",\"sender_type\":\"canvas.Screen\",\"sender_id\":\"7_8\",\"response\":\"5\",\"response_action\":\"click(0) @5\",\"correctResponse\":\"5\",\"correct\":true,\"ended_on\":\"response\",\"duration\":11312.065999994025,\"time_run\":148980.13000003994,\"time_render\":148969.243,\"time_show\":148985.909,\"time_end\":160297.97499999404,\"time_commit\":160299.73000008613,\"timestamp\":\"2021-05-16T14:04:36.083Z\",\"time_switch\":160316.865},{\"sender\":\"test10\",\"sender_type\":\"canvas.Screen\",\"sender_id\":\"7_9\",\"response\":\"1\",\"response_action\":\"click(0) @1\",\"correctResponse\":\"5\",\"correct\":false,\"ended_on\":\"response\",\"duration\":8824.190000014612,\"time_run\":160300.03000004217,\"time_render\":160300.199,\"time_show\":160316.865,\"time_end\":169141.0550000146,\"time_commit\":169142.11499970406,\"timestamp\":\"2021-05-16T14:04:44.925Z\",\"time_switch\":169147.232},{\"sender\":\"test11\",\"sender_type\":\"canvas.Screen\",\"sender_id\":\"7_10\",\"response\":\"2\",\"response_action\":\"click(0) @2\",\"correctResponse\":\"4\",\"correct\":false,\"ended_on\":\"response\",\"duration\":8444.518000137847,\"time_run\":169142.2949996777,\"time_render\":169130.566,\"time_show\":169147.232,\"time_end\":177591.75000013784,\"time_commit\":177592.6749999635,\"timestamp\":\"2021-05-16T14:04:53.376Z\",\"time_switch\":177594.881},{\"sender\":\"test12\",\"sender_type\":\"canvas.Screen\",\"sender_id\":\"7_11\",\"response\":\"5\",\"response_action\":\"click(0) @5\",\"correctResponse\":\"1\",\"correct\":false,\"ended_on\":\"response\",\"duration\":12414.363999848312,\"time_run\":177592.85000013188,\"time_render\":177578.215,\"time_show\":177594.881,\"time_end\":190009.2449998483,\"time_commit\":190010.2800000459,\"timestamp\":\"2021-05-16T14:05:05.793Z\",\"time_switch\":190025.762},{\"sender\":\"tests (15min)\",\"sender_type\":\"flow.Sequence\",\"sender_id\":\"7\",\"ended_on\":\"completion\",\"duration\":110554.6919998483,\"time_run\":79445.89999970049,\"time_render\":79437.887,\"time_show\":79454.553,\"time_end\":190009.2449998483,\"time_commit\":190012.91000004858,\"timestamp\":\"2021-05-16T14:05:05.796Z\",\"time_switch\":190025.762},{\"sender\":\"good bye\",\"sender_type\":\"canvas.Screen\",\"sender_id\":\"8\",\"ended_on\":\"timeout\",\"duration\":3997.0230000000156,\"time_run\":190013.10999970883,\"time_render\":190009.096,\"time_show\":190025.762,\"time_end\":194006.119,\"time_commit\":194007.8599997796,\"timestamp\":\"2021-05-16T14:05:09.791Z\",\"time_switch\":194022.785},{\"sender\":\"root\",\"sender_type\":\"flow.Sequence\",\"sender_id\":null,\"ended_on\":\"completion\",\"duration\":190349.636,\"time_run\":3654.199999757111,\"time_render\":3556.487,\"time_show\":3656.483,\"time_end\":194006.119,\"time_commit\":194008.63000005484,\"timestamp\":\"2021-05-16T14:05:09.791Z\",\"time_switch\":194022.785}]",
    "metadata": "{\"slice\":0,\"id\":\"97c4213c-76f9-43d7-8547-cec1a6ead5f4\",\"payload\":\"full\"}",
    "url": "https://exp01.zih.tu-dresden.de/experiments/raven_task/"
}