{
    "data": "[{\"url\":{},\"meta\":{\"labjs_version\":\"20.1.1\",\"labjs_build\":{\"flavor\":\"production\",\"commit\":\"cd5695f774968f50499757c1423bd95d033ea08e\"},\"location\":\"https://exp01.zih.tu-dresden.de/experiments/spot_a_word_task/\",\"userAgent\":\"Mozilla/5.0 (Windows NT 10.0; Win64; x64) AppleWebKit/537.36 (KHTML, like Gecko) Chrome/90.0.4430.212 Safari/537.36 Edg/90.0.818.62\",\"platform\":\"Win32\",\"language\":\"de\",\"locale\":\"de\",\"timeZone\":\"Europe/Berlin\",\"timezoneOffset\":-120,\"screen_width\":1366,\"screen_height\":768,\"scroll_width\":1366,\"scroll_height\":608,\"window_innerWidth\":1366,\"window_innerHeight\":656,\"devicePixelRatio\":1},\"sender\":\"start_html\",\"sender_type\":\"html.Screen\",\"sender_id\":\"0\",\"ended_on\":\"timeout\",\"duration\":6016.382,\"time_run\":729.1399999521673,\"time_render\":583.225,\"time_show\":733.161,\"time_end\":6716.211,\"time_commit\":6724.8749998398125,\"timestamp\":\"2021-05-16T13:54:40.018Z\",\"time_switch\":6749.543},{\"sender\":\"manual_html\",\"sender_type\":\"html.Screen\",\"sender_id\":\"1\",\"response\":\"space\",\"response_action\":\"keypress(Space)\",\"ended_on\":\"response\",\"duration\":49915.4619998425,\"time_run\":6726.150000002235,\"time_render\":6716.211,\"time_show\":6749.543,\"time_end\":56665.004999842495,\"time_commit\":56668.539999984205,\"timestamp\":\"2021-05-16T13:55:29.961Z\",\"time_switch\":56696.787},{\"sender\":\"example1_screen\",\"sender_type\":\"canvas.Screen\",\"sender_id\":\"2\",\"response\":\"4\",\"response_action\":\"keypress(4)\",\"correctResponse\":\"4\",\"correct\":true,\"ended_on\":\"response\",\"duration\":3557.892999779913,\"time_run\":56684.78500004858,\"time_render\":56663.455,\"time_show\":56696.787,\"time_end\":60254.67999977991,\"time_commit\":60256.850000005215,\"timestamp\":\"2021-05-16T13:55:33.550Z\",\"time_switch\":60274.771},{\"sender\":\"example1_feedback\",\"sender_type\":\"canvas.Screen\",\"sender_id\":\"3\",\"response\":\"Space\",\"response_action\":\"keypress(Space)\",\"ended_on\":\"response\",\"duration\":2691.8490000792735,\"time_run\":60267.12499978021,\"time_render\":60258.105,\"time_show\":60274.771,\"time_end\":62966.620000079274,\"time_commit\":62968.189999926835,\"timestamp\":\"2021-05-16T13:55:36.261Z\",\"time_switch\":62984.607},{\"sender\":\"example2_screen\",\"sender_type\":\"canvas.Screen\",\"sender_id\":\"4\",\"response\":\"5\",\"response_action\":\"keypress(5)\",\"correctResponse\":\"5\",\"correct\":true,\"ended_on\":\"response\",\"duration\":3759.1129996784293,\"time_run\":62979.68999994919,\"time_render\":62967.941,\"time_show\":62984.607,\"time_end\":66743.71999967843,\"time_commit\":66745.75500003994,\"timestamp\":\"2021-05-16T13:55:40.038Z\",\"time_switch\":66766.875},{\"sender\":\"example2_feedback\",\"sender_type\":\"canvas.Screen\",\"sender_id\":\"5\",\"response\":\"Space\",\"response_action\":\"keypress(Space)\",\"ended_on\":\"response\",\"duration\":1507.0549996756017,\"time_run\":66756.34999992326,\"time_render\":66750.209,\"time_show\":66766.875,\"time_end\":68273.9299996756,\"time_commit\":68275.54499963298,\"timestamp\":\"2021-05-16T13:55:41.568Z\",\"time_switch\":68299.572},{\"sender\":\"example3_screen\",\"sender_type\":\"canvas.Screen\",\"sender_id\":\"6\",\"response\":\"1\",\"response_action\":\"keypress(1)\",\"correctResponse\":\"1\",\"correct\":true,\"ended_on\":\"response\",\"duration\":4671.332999878257,\"time_run\":68285.32999986783,\"time_render\":68282.906,\"time_show\":68299.572,\"time_end\":72970.90499987826,\"time_commit\":72972.9999997653,\"timestamp\":\"2021-05-16T13:55:46.266Z\",\"time_switch\":72998.488},{\"sender\":\"example3_feedback\",\"sender_type\":\"canvas.Screen\",\"sender_id\":\"7\",\"response\":\"Space\",\"response_action\":\"keypress(Space)\",\"ended_on\":\"response\",\"duration\":1108.3619996326888,\"time_run\":72983.25499985367,\"time_render\":72981.822,\"time_show\":72998.488,\"time_end\":74106.84999963269,\"time_commit\":74108.40500006452,\"timestamp\":\"2021-05-16T13:55:47.401Z\",\"time_switch\":74114.848},{\"sender\":\"get_ready_html\",\"sender_type\":\"html.Screen\",\"sender_id\":\"8\",\"response\":\"space\",\"response_action\":\"keypress(Space)\",\"ended_on\":\"response\",\"duration\":8785.796999928774,\"time_run\":74108.95999986678,\"time_render\":74098.182,\"time_show\":74114.848,\"time_end\":82900.64499992877,\"time_commit\":82902.4049998261,\"timestamp\":\"2021-05-16T13:55:56.195Z\",\"time_switch\":82996.622},{\"sender\":\"trial_screen\",\"sender_type\":\"canvas.Screen\",\"sender_id\":\"9_0\",\"correct\":true,\"trial_ID\":1,\"word1\":\"siziol\",\"word2\":\"salzahl\",\"word3\":\"sozihl\",\"word4\":\"sziam\",\"word5\":\"sozial\",\"response\":\"5\",\"response_action\":\"keypress(5)\",\"correctResponse\":\"5\",\"ended_on\":\"response\",\"duration\":2912.2779996893078,\"time_run\":82989.52499963343,\"time_render\":82979.956,\"time_show\":82996.622,\"time_end\":85908.89999968931,\"time_commit\":85910.87999986485,\"timestamp\":\"2021-05-16T13:55:59.204Z\",\"time_switch\":85929.588},{\"sender\":\"trial_screen\",\"sender_type\":\"canvas.Screen\",\"sender_id\":\"9_1\",\"correct\":true,\"trial_ID\":2,\"word1\":\"Lamone\",\"word2\":\"Talane\",\"word3\":\"Matrone\",\"word4\":\"Tarone\",\"word5\":\"Malonte\",\"response\":\"3\",\"response_action\":\"keypress(3)\",\"correctResponse\":\"3\",\"ended_on\":\"response\",\"duration\":4650.241999711361,\"time_run\":85922.55500005558,\"time_render\":85912.922,\"time_show\":85929.588,\"time_end\":90579.82999971136,\"time_commit\":90581.9449997507,\"timestamp\":\"2021-05-16T13:56:03.875Z\",\"time_switch\":90610.811},{\"sender\":\"trial_screen\",\"sender_type\":\"canvas.Screen\",\"sender_id\":\"9_2\",\"correct\":true,\"trial_ID\":3,\"word1\":\"kurinesisch\",\"word2\":\"kulinarisch\",\"word3\":\"kumenisch\",\"word4\":\"kulissarisch\",\"word5\":\"kannastrisch\",\"response\":\"2\",\"response_action\":\"keypress(2)\",\"correctResponse\":\"2\",\"ended_on\":\"response\",\"duration\":2870.673999880193,\"time_run\":90594.74999969825,\"time_render\":90594.145,\"time_show\":90610.811,\"time_end\":93481.4849998802,\"time_commit\":93483.48499974236,\"timestamp\":\"2021-05-16T13:56:06.776Z\",\"time_switch\":93509.722},{\"sender\":\"trial_screen\",\"sender_type\":\"canvas.Screen\",\"sender_id\":\"9_3\",\"correct\":true,\"trial_ID\":4,\"word1\":\"Tinxur\",\"word2\":\"Kukutur\",\"word3\":\"Fraktan\",\"word4\":\"Tinktur\",\"word5\":\"Rimsuhr\",\"response\":\"4\",\"response_action\":\"keypress(4)\",\"correctResponse\":\"4\",\"ended_on\":\"response\",\"duration\":3211.823000094926,\"time_run\":93493.54999978095,\"time_render\":93493.056,\"time_show\":93509.722,\"time_end\":96721.54500009492,\"time_commit\":96722.74499991909,\"timestamp\":\"2021-05-16T13:56:10.015Z\",\"time_switch\":96742.162},{\"sender\":\"trial_screen\",\"sender_type\":\"canvas.Screen\",\"sender_id\":\"9_4\",\"correct\":true,\"trial_ID\":5,\"word1\":\"beralen\",\"word2\":\"ger\u00e4ltet\",\"word3\":\"an\u00e4lteren\",\"word4\":\"unt\u00e4ren\",\"word5\":\"verbr\u00e4men\",\"response\":\"5\",\"response_action\":\"keypress(5)\",\"correctResponse\":\"5\",\"ended_on\":\"response\",\"duration\":5758.4230000307,\"time_run\":96728.2899999991,\"time_render\":96725.496,\"time_show\":96742.162,\"time_end\":102500.5850000307,\"time_commit\":102502.47499998659,\"timestamp\":\"2021-05-16T13:56:15.795Z\",\"time_switch\":102524.494},{\"sender\":\"trial_screen\",\"sender_type\":\"canvas.Screen\",\"sender_id\":\"9_5\",\"correct\":true,\"trial_ID\":6,\"word1\":\"Rosto\",\"word2\":\"Torso\",\"word3\":\"Soro\",\"word4\":\"Torgos\",\"word5\":\"Tosor\",\"response\":\"2\",\"response_action\":\"keypress(2)\",\"correctResponse\":\"2\",\"ended_on\":\"response\",\"duration\":4939.565999678278,\"time_run\":102514.65500006452,\"time_render\":102507.828,\"time_show\":102524.494,\"time_end\":107464.05999967828,\"time_commit\":107465.95499990508,\"timestamp\":\"2021-05-16T13:56:20.759Z\",\"time_switch\":107490.32},{\"sender\":\"trial_screen\",\"sender_type\":\"canvas.Screen\",\"sender_id\":\"9_6\",\"correct\":true,\"trial_ID\":7,\"word1\":\"Redor\",\"word2\":\"Radium\",\"word3\":\"Terion\",\"word4\":\"Dramin\",\"word5\":\"Orakium\",\"response\":\"2\",\"response_action\":\"keypress(2)\",\"correctResponse\":\"2\",\"ended_on\":\"response\",\"duration\":3458.6149997602333,\"time_run\":107477.40999981761,\"time_render\":107473.654,\"time_show\":107490.32,\"time_end\":110948.93499976024,\"time_commit\":110950.73499996215,\"timestamp\":\"2021-05-16T13:56:24.243Z\",\"time_switch\":110972.169},{\"sender\":\"trial_screen\",\"sender_type\":\"canvas.Screen\",\"sender_id\":\"9_7\",\"correct\":true,\"trial_ID\":8,\"word1\":\"Nale\",\"word2\":\"Sahe\",\"word3\":\"Nase\",\"word4\":\"Nesa\",\"word5\":\"Sehna\",\"response\":\"3\",\"response_action\":\"keypress(3)\",\"correctResponse\":\"3\",\"ended_on\":\"response\",\"duration\":2450.2359998447355,\"time_run\":110959.36500001699,\"time_render\":110955.503,\"time_show\":110972.169,\"time_end\":113422.40499984473,\"time_commit\":113424.73999969661,\"timestamp\":\"2021-05-16T13:56:26.717Z\",\"time_switch\":113437.583},{\"sender\":\"trial_screen\",\"sender_type\":\"canvas.Screen\",\"sender_id\":\"9_8\",\"correct\":false,\"trial_ID\":9,\"word1\":\"Rilkiase\",\"word2\":\"Kilister\",\"word3\":\"Riliker\",\"word4\":\"Klistier\",\"word5\":\"Linkure\",\"response\":\"5\",\"response_action\":\"keypress(5)\",\"correctResponse\":\"4\",\"ended_on\":\"response\",\"duration\":4376.931999743552,\"time_run\":113433.99999989197,\"time_render\":113420.917,\"time_show\":113437.583,\"time_end\":117814.51499974355,\"time_commit\":117816.65499974042,\"timestamp\":\"2021-05-16T13:56:31.109Z\",\"time_switch\":117836.648},{\"sender\":\"trial_screen\",\"sender_type\":\"canvas.Screen\",\"sender_id\":\"9_9\",\"correct\":true,\"trial_ID\":10,\"word1\":\"kentern\",\"word2\":\"knerte\",\"word3\":\"kanzen\",\"word4\":\"kretern\",\"word5\":\"trekern\",\"response\":\"1\",\"response_action\":\"keypress(1)\",\"correctResponse\":\"1\",\"ended_on\":\"response\",\"duration\":2875.9269997794618,\"time_run\":117825.04499983042,\"time_render\":117819.982,\"time_show\":117836.648,\"time_end\":120712.57499977946,\"time_commit\":120714.15499970317,\"timestamp\":\"2021-05-16T13:56:34.007Z\",\"time_switch\":120735.938},{\"sender\":\"trial_screen\",\"sender_type\":\"canvas.Screen\",\"sender_id\":\"9_10\",\"correct\":true,\"trial_ID\":11,\"word1\":\"Sorekin\",\"word2\":\"Sarowin\",\"word3\":\"Rosakin\",\"word4\":\"Narosin\",\"word5\":\"Kerosin\",\"response\":\"5\",\"response_action\":\"keypress(5)\",\"correctResponse\":\"5\",\"ended_on\":\"response\",\"duration\":3928.5069997693354,\"time_run\":120722.62999974191,\"time_render\":120719.272,\"time_show\":120735.938,\"time_end\":124664.44499976933,\"time_commit\":124666.30999976769,\"timestamp\":\"2021-05-16T13:56:37.959Z\",\"time_switch\":124684.795},{\"sender\":\"trial_screen\",\"sender_type\":\"canvas.Screen\",\"sender_id\":\"9_11\",\"correct\":false,\"trial_ID\":12,\"word1\":\"Ralke\",\"word2\":\"Korre\",\"word3\":\"Ruckse\",\"word4\":\"Recke\",\"word5\":\"Ulte\",\"response\":\"3\",\"response_action\":\"keypress(3)\",\"correctResponse\":\"4\",\"ended_on\":\"response\",\"duration\":5156.294999768885,\"time_run\":124675.16499990597,\"time_render\":124668.129,\"time_show\":124684.795,\"time_end\":129841.08999976888,\"time_commit\":129842.84499986097,\"timestamp\":\"2021-05-16T13:56:43.135Z\",\"time_switch\":129867.254},{\"sender\":\"trial_screen\",\"sender_type\":\"canvas.Screen\",\"sender_id\":\"9_12\",\"correct\":true,\"trial_ID\":13,\"word1\":\"Kapaun\",\"word2\":\"Paukan\",\"word3\":\"Naupack\",\"word4\":\"Aupeck\",\"word5\":\"Ankepran\",\"response\":\"1\",\"response_action\":\"keypress(1)\",\"correctResponse\":\"1\",\"ended_on\":\"response\",\"duration\":6164.110999711513,\"time_run\":129852.48999996111,\"time_render\":129850.588,\"time_show\":129867.254,\"time_end\":136031.3649997115,\"time_commit\":136033.044999931,\"timestamp\":\"2021-05-16T13:56:49.326Z\",\"time_switch\":136049.436},{\"sender\":\"trial_screen\",\"sender_type\":\"canvas.Screen\",\"sender_id\":\"9_13\",\"correct\":true,\"trial_ID\":14,\"word1\":\"Dissonanz\",\"word2\":\"Diskrisanz\",\"word3\":\"Distranz\",\"word4\":\"Dinotanz\",\"word5\":\"Sidonenz\",\"response\":\"1\",\"response_action\":\"keypress(1)\",\"correctResponse\":\"1\",\"ended_on\":\"response\",\"duration\":1857.0290000073146,\"time_run\":136045.90500006452,\"time_render\":136032.77,\"time_show\":136049.436,\"time_end\":137906.4650000073,\"time_commit\":137908.1949996762,\"timestamp\":\"2021-05-16T13:56:51.201Z\",\"time_switch\":137931.44},{\"sender\":\"trial_screen\",\"sender_type\":\"canvas.Screen\",\"sender_id\":\"9_14\",\"correct\":true,\"trial_ID\":15,\"word1\":\"Kirse\",\"word2\":\"Sirke\",\"word3\":\"Krise\",\"word4\":\"Krospe\",\"word5\":\"Seris\",\"response\":\"3\",\"response_action\":\"keypress(3)\",\"correctResponse\":\"3\",\"ended_on\":\"response\",\"duration\":2542.510000014154,\"time_run\":137916.6599996388,\"time_render\":137914.774,\"time_show\":137931.44,\"time_end\":140473.95000001416,\"time_commit\":140475.9249999188,\"timestamp\":\"2021-05-16T13:56:53.769Z\",\"time_switch\":140513.273},{\"sender\":\"trial_screen\",\"sender_type\":\"canvas.Screen\",\"sender_id\":\"9_15\",\"correct\":true,\"trial_ID\":16,\"word1\":\"Tume\",\"word2\":\"Umat\",\"word3\":\"Maut\",\"word4\":\"Taum\",\"word5\":\"Muta\",\"response\":\"3\",\"response_action\":\"keypress(3)\",\"correctResponse\":\"3\",\"ended_on\":\"response\",\"duration\":2744.8320000153617,\"time_run\":140484.14999991655,\"time_render\":140479.941,\"time_show\":140513.273,\"time_end\":143258.10500001535,\"time_commit\":143260.1199997589,\"timestamp\":\"2021-05-16T13:56:56.553Z\",\"time_switch\":143279.453},{\"sender\":\"trial_screen\",\"sender_type\":\"canvas.Screen\",\"sender_id\":\"9_16\",\"correct\":true,\"trial_ID\":17,\"word1\":\"Tuhl\",\"word2\":\"Lar\",\"word3\":\"Lest\",\"word4\":\"Dall\",\"word5\":\"Lid\",\"response\":\"5\",\"response_action\":\"keypress(5)\",\"correctResponse\":\"5\",\"ended_on\":\"response\",\"duration\":3780.4569998362276,\"time_run\":143269.48999986053,\"time_render\":143262.787,\"time_show\":143279.453,\"time_end\":147059.90999983624,\"time_commit\":147061.9899998419,\"timestamp\":\"2021-05-16T13:57:00.355Z\",\"time_switch\":147078.663},{\"sender\":\"trial_screen\",\"sender_type\":\"canvas.Screen\",\"sender_id\":\"9_17\",\"correct\":true,\"trial_ID\":18,\"word1\":\"Adept\",\"word2\":\"Padet\",\"word3\":\"Edapt\",\"word4\":\"Epatt\",\"word5\":\"Taped\",\"response\":\"1\",\"response_action\":\"keypress(1)\",\"correctResponse\":\"1\",\"ended_on\":\"response\",\"duration\":5327.072000036656,\"time_run\":147070.13999996707,\"time_render\":147061.997,\"time_show\":147078.663,\"time_end\":152405.73500003666,\"time_commit\":152407.36499987543,\"timestamp\":\"2021-05-16T13:57:05.700Z\",\"time_switch\":152427.812},{\"sender\":\"trial_screen\",\"sender_type\":\"canvas.Screen\",\"sender_id\":\"9_18\",\"correct\":false,\"trial_ID\":19,\"word1\":\"Spirine\",\"word2\":\"Saprin\",\"word3\":\"Parsin\",\"word4\":\"Purin\",\"word5\":\"Asprint\",\"response\":\"2\",\"response_action\":\"keypress(2)\",\"correctResponse\":\"4\",\"ended_on\":\"response\",\"duration\":5552.892999994481,\"time_run\":152415.69999977946,\"time_render\":152411.146,\"time_show\":152427.812,\"time_end\":157980.7049999945,\"time_commit\":157982.37499967217,\"timestamp\":\"2021-05-16T13:57:11.275Z\",\"time_switch\":157993.373},{\"sender\":\"trial_screen\",\"sender_type\":\"canvas.Screen\",\"sender_id\":\"9_19\",\"correct\":false,\"trial_ID\":20,\"word1\":\"Kulon\",\"word2\":\"Solgun\",\"word3\":\"Koskan\",\"word4\":\"Soran\",\"word5\":\"Klonus\",\"response\":\"4\",\"response_action\":\"keypress(4)\",\"correctResponse\":\"5\",\"ended_on\":\"response\",\"duration\":5001.811999890633,\"time_run\":157990.7349999994,\"time_render\":157976.707,\"time_show\":157993.373,\"time_end\":162995.18499989063,\"time_commit\":162996.84499995783,\"timestamp\":\"2021-05-16T13:57:16.289Z\",\"time_switch\":163008.669},{\"sender\":\"trial_screen\",\"sender_type\":\"canvas.Screen\",\"sender_id\":\"9_20\",\"correct\":false,\"trial_ID\":21,\"word1\":\"Tronke\",\"word2\":\"Nocktherm\",\"word3\":\"Teronk\",\"word4\":\"Komtur\",\"word5\":\"Rocktur\",\"response\":\"5\",\"response_action\":\"keypress(5)\",\"correctResponse\":\"4\",\"ended_on\":\"response\",\"duration\":4803.506000086432,\"time_run\":163005.13499975204,\"time_render\":162992.003,\"time_show\":163008.669,\"time_end\":167812.17500008643,\"time_commit\":167813.26999980956,\"timestamp\":\"2021-05-16T13:57:21.106Z\",\"time_switch\":167823.836},{\"sender\":\"trial_screen\",\"sender_type\":\"canvas.Screen\",\"sender_id\":\"9_21\",\"correct\":true,\"trial_ID\":22,\"word1\":\"Ripat\",\"word2\":\"Patinatte\",\"word3\":\"Tapir\",\"word4\":\"Apitt\",\"word5\":\"Padir\",\"response\":\"3\",\"response_action\":\"keypress(3)\",\"correctResponse\":\"3\",\"ended_on\":\"response\",\"duration\":3016.2239998421865,\"time_run\":167817.89000006393,\"time_render\":167807.17,\"time_show\":167823.836,\"time_end\":170840.0599998422,\"time_commit\":170841.78499970585,\"timestamp\":\"2021-05-16T13:57:24.134Z\",\"time_switch\":170855.903},{\"sender\":\"trial_screen\",\"sender_type\":\"canvas.Screen\",\"sender_id\":\"9_22\",\"correct\":true,\"trial_ID\":23,\"word1\":\"Akifer\",\"word2\":\"Fiaker\",\"word3\":\"Kiaffa\",\"word4\":\"Sariffer\",\"word5\":\"Refisker\",\"response\":\"2\",\"response_action\":\"keypress(2)\",\"correctResponse\":\"2\",\"ended_on\":\"response\",\"duration\":4431.0169998676865,\"time_run\":170850.80499993637,\"time_render\":170839.237,\"time_show\":170855.903,\"time_end\":175286.91999986768,\"time_commit\":175288.76999998465,\"timestamp\":\"2021-05-16T13:57:28.581Z\",\"time_switch\":175321.239},{\"sender\":\"trial_screen\",\"sender_type\":\"canvas.Screen\",\"sender_id\":\"9_23\",\"correct\":false,\"trial_ID\":24,\"word1\":\"Kleiber\",\"word2\":\"Beikel\",\"word3\":\"Keibel\",\"word4\":\"Reikler\",\"word5\":\"Biekerl\",\"response\":\"3\",\"response_action\":\"keypress(3)\",\"correctResponse\":\"1\",\"ended_on\":\"response\",\"duration\":6334.891000017582,\"time_run\":175304.23499969766,\"time_render\":175304.573,\"time_show\":175321.239,\"time_end\":181656.13000001758,\"time_commit\":181658.05500000715,\"timestamp\":\"2021-05-16T13:57:34.951Z\",\"time_switch\":181670.361},{\"sender\":\"trial_screen\",\"sender_type\":\"canvas.Screen\",\"sender_id\":\"9_24\",\"correct\":false,\"trial_ID\":25,\"word1\":\"Ig\u00e4de\",\"word2\":\"D\u00e4gie\",\"word3\":\"\u00c4gide\",\"word4\":\"Dig\u00e4de\",\"word5\":\"Giad\",\"response\":\"4\",\"response_action\":\"keypress(4)\",\"correctResponse\":\"3\",\"ended_on\":\"response\",\"duration\":6499.008999784972,\"time_run\":181666.02499969304,\"time_render\":181653.695,\"time_show\":181670.361,\"time_end\":188169.36999978498,\"time_commit\":188171.074999962,\"timestamp\":\"2021-05-16T13:57:41.464Z\",\"time_switch\":188185.697},{\"sender\":\"trial_screen\",\"sender_type\":\"canvas.Screen\",\"sender_id\":\"9_25\",\"correct\":true,\"trial_ID\":26,\"word1\":\"Rixal\",\"word2\":\"Irtax\",\"word3\":\"Rackizie\",\"word4\":\"Matrix\",\"word5\":\"Atrige\",\"response\":\"4\",\"response_action\":\"keypress(4)\",\"correctResponse\":\"4\",\"ended_on\":\"response\",\"duration\":3633.5080000652815,\"time_run\":188179.44000009447,\"time_render\":188169.031,\"time_show\":188185.697,\"time_end\":191819.20500006527,\"time_commit\":191820.56499971077,\"timestamp\":\"2021-05-16T13:57:45.114Z\",\"time_switch\":191834.051},{\"sender\":\"trial_screen\",\"sender_type\":\"canvas.Screen\",\"sender_id\":\"9_26\",\"correct\":false,\"trial_ID\":27,\"word1\":\"Haskisch\",\"word2\":\"Asmisch\",\"word3\":\"Schisma\",\"word4\":\"Rasthmie\",\"word5\":\"Ilschah\",\"response\":\"5\",\"response_action\":\"keypress(5)\",\"correctResponse\":\"3\",\"ended_on\":\"response\",\"duration\":5704.0539998104505,\"time_run\":191827.63999979943,\"time_render\":191817.385,\"time_show\":191834.051,\"time_end\":197538.10499981046,\"time_commit\":197539.08000001684,\"timestamp\":\"2021-05-16T13:57:50.832Z\",\"time_switch\":197549.006},{\"sender\":\"trial_screen\",\"sender_type\":\"canvas.Screen\",\"sender_id\":\"9_27\",\"correct\":false,\"trial_ID\":28,\"word1\":\"Sallose\",\"word2\":\"Lordose\",\"word3\":\"Dormase\",\"word4\":\"Rollase\",\"word5\":\"Ardierole\",\"response\":\"5\",\"response_action\":\"keypress(5)\",\"correctResponse\":\"2\",\"ended_on\":\"response\",\"duration\":5195.358999700344,\"time_run\":197542.86499973387,\"time_render\":197532.34,\"time_show\":197549.006,\"time_end\":202744.36499970034,\"time_commit\":202746.23999977484,\"timestamp\":\"2021-05-16T13:57:56.039Z\",\"time_switch\":202764.687},{\"sender\":\"trial_screen\",\"sender_type\":\"canvas.Screen\",\"sender_id\":\"9_28\",\"correct\":true,\"trial_ID\":29,\"word1\":\"Intranotion\",\"word2\":\"Infranatura\",\"word3\":\"Internodium\",\"word4\":\"Indotalie\",\"word5\":\"Indosta\",\"response\":\"3\",\"response_action\":\"keypress(3)\",\"correctResponse\":\"3\",\"ended_on\":\"response\",\"duration\":8635.643000091339,\"time_run\":202754.5650000684,\"time_render\":202748.021,\"time_show\":202764.687,\"time_end\":211400.33000009134,\"time_commit\":211402.10000006482,\"timestamp\":\"2021-05-16T13:58:04.695Z\",\"time_switch\":211412.976},{\"sender\":\"trial_screen\",\"sender_type\":\"canvas.Screen\",\"sender_id\":\"9_29\",\"correct\":true,\"trial_ID\":30,\"word1\":\"Idaste\",\"word2\":\"Dastrix\",\"word3\":\"Astike\",\"word4\":\"Sadile\",\"word5\":\"Kasside\",\"response\":\"5\",\"response_action\":\"keypress(5)\",\"correctResponse\":\"5\",\"ended_on\":\"response\",\"duration\":4602.943999685143,\"time_run\":211410.3449997492,\"time_render\":211396.31,\"time_show\":211412.976,\"time_end\":216015.91999968514,\"time_commit\":216017.81999971718,\"timestamp\":\"2021-05-16T13:58:09.311Z\",\"time_switch\":216027.301},{\"sender\":\"trial_screen\",\"sender_type\":\"canvas.Screen\",\"sender_id\":\"9_30\",\"correct\":false,\"trial_ID\":31,\"word1\":\"Libration\",\"word2\":\"Bilation\",\"word3\":\"Arlation\",\"word4\":\"Iberation\",\"word5\":\"Tiradon\",\"response\":\"5\",\"response_action\":\"keypress(5)\",\"correctResponse\":\"1\",\"ended_on\":\"response\",\"duration\":5281.57399963864,\"time_run\":216025.77999979258,\"time_render\":216010.635,\"time_show\":216027.301,\"time_end\":221308.87499963865,\"time_commit\":221310.57999981567,\"timestamp\":\"2021-05-16T13:58:14.604Z\",\"time_switch\":221326.154},{\"sender\":\"trial_screen\",\"sender_type\":\"canvas.Screen\",\"sender_id\":\"9_31\",\"correct\":false,\"trial_ID\":32,\"word1\":\"Pucker\",\"word2\":\"Keuper\",\"word3\":\"Eucker\",\"word4\":\"Reuspeck\",\"word5\":\"Urkane\",\"response\":\"4\",\"response_action\":\"keypress(4)\",\"correctResponse\":\"2\",\"ended_on\":\"response\",\"duration\":6799.86100004529,\"time_run\":221319.11000004038,\"time_render\":221309.488,\"time_show\":221326.154,\"time_end\":228126.0150000453,\"time_commit\":228127.8099999763,\"timestamp\":\"2021-05-16T13:58:21.421Z\",\"time_switch\":228141.423},{\"sender\":\"trial_screen\",\"sender_type\":\"canvas.Screen\",\"sender_id\":\"9_32\",\"correct\":false,\"trial_ID\":33,\"word1\":\"Sickaber\",\"word2\":\"Bassiker\",\"word3\":\"Kassiber\",\"word4\":\"Sassiker\",\"word5\":\"Askiber\",\"response\":\"4\",\"response_action\":\"keypress(4)\",\"correctResponse\":\"3\",\"ended_on\":\"response\",\"duration\":5283.621999923547,\"time_run\":228138.25499964878,\"time_render\":228124.757,\"time_show\":228141.423,\"time_end\":233425.04499992356,\"time_commit\":233426.69999971986,\"timestamp\":\"2021-05-16T13:58:26.720Z\",\"time_switch\":233440.046},{\"sender\":\"trial_screen\",\"sender_type\":\"canvas.Screen\",\"sender_id\":\"9_33\",\"correct\":true,\"trial_ID\":34,\"word1\":\"Alquallon\",\"word2\":\"Lisqualien\",\"word3\":\"Talquallen\",\"word4\":\"Quisquilien\",\"word5\":\"Rielquellen\",\"response\":\"4\",\"response_action\":\"keypress(4)\",\"correctResponse\":\"4\",\"ended_on\":\"response\",\"duration\":6468.028999693779,\"time_run\":233435.14499999583,\"time_render\":233423.38,\"time_show\":233440.046,\"time_end\":239908.07499969378,\"time_commit\":239909.96999992058,\"timestamp\":\"2021-05-16T13:58:33.203Z\",\"time_switch\":239921.577},{\"sender\":\"trial_screen\",\"sender_type\":\"canvas.Screen\",\"sender_id\":\"9_34\",\"correct\":false,\"trial_ID\":35,\"word1\":\"Berkiza\",\"word2\":\"Brekzie\",\"word3\":\"Birakzie\",\"word4\":\"Brikazie\",\"word5\":\"Bakiria\",\"response\":\"4\",\"response_action\":\"keypress(4)\",\"correctResponse\":\"2\",\"ended_on\":\"response\",\"duration\":4815.937999695132,\"time_run\":239917.9499996826,\"time_render\":239904.911,\"time_show\":239921.577,\"time_end\":244737.51499969512,\"time_commit\":244739.16499968618,\"timestamp\":\"2021-05-16T13:58:38.032Z\",\"time_switch\":244753.416},{\"sender\":\"loop_trial\",\"sender_type\":\"flow.Loop\",\"sender_id\":\"9\",\"ended_on\":\"completion\",\"duration\":161740.89299969512,\"time_run\":82984.06999977306,\"time_render\":82979.956,\"time_show\":82996.622,\"time_end\":244737.51499969512,\"time_commit\":244745.4949999228,\"timestamp\":\"2021-05-16T13:58:38.038Z\",\"time_switch\":244753.416},{\"sender\":\"end_html\",\"sender_type\":\"html.Screen\",\"sender_id\":\"10\",\"ended_on\":\"timeout\",\"duration\":5998.331999999995,\"time_run\":244745.9599999711,\"time_render\":244736.75,\"time_show\":244753.416,\"time_end\":250735.082,\"time_commit\":250742.7799999714,\"timestamp\":\"2021-05-16T13:58:44.035Z\",\"time_switch\":250751.748},{\"sender\":\"root\",\"sender_type\":\"flow.Sequence\",\"sender_id\":null,\"ended_on\":\"completion\",\"duration\":250001.921,\"time_run\":728.5849996842444,\"time_render\":583.225,\"time_show\":733.161,\"time_end\":250735.082,\"time_commit\":250744.17999992147,\"timestamp\":\"2021-05-16T13:58:44.037Z\",\"time_switch\":250751.748}]",
    "metadata": "{\"slice\":0,\"id\":\"9e95873b-21bd-40e1-9f3a-7cc48eea8ae1\",\"payload\":\"full\"}",
    "url": "https://exp01.zih.tu-dresden.de/experiments/spot_a_word_task/"
}