{
    "data": "[{\"url\":{},\"meta\":{\"labjs_version\":\"20.1.1\",\"labjs_build\":{\"flavor\":\"production\",\"commit\":\"cd5695f774968f50499757c1423bd95d033ea08e\"},\"location\":\"https://exp02.zih.tu-dresden.de/experiments/raven_task/\",\"userAgent\":\"Mozilla/5.0 (Windows NT 6.1; Win64; x64; rv:88.0) Gecko/20100101 Firefox/88.0\",\"platform\":\"Win32\",\"language\":\"de\",\"locale\":\"de-DE\",\"timeZone\":\"Europe/Berlin\",\"timezoneOffset\":-120,\"screen_width\":1366,\"screen_height\":768,\"scroll_width\":1366,\"scroll_height\":578,\"window_innerWidth\":1366,\"window_innerHeight\":626,\"devicePixelRatio\":1},\"sender\":\"welcome\",\"sender_type\":\"canvas.Screen\",\"sender_id\":\"0\",\"ended_on\":\"timeout\",\"duration\":8000.039999999999,\"time_run\":3893,\"time_render\":3895.28,\"time_show\":3911.94,\"time_end\":11895.32,\"time_commit\":11900,\"timestamp\":\"2021-05-12T15:48:04.394Z\",\"time_switch\":11911.98},{\"sender\":\"instructions\",\"sender_type\":\"html.Page\",\"sender_id\":\"1\",\"response\":\"Space\",\"response_action\":\"keypress(Space)\",\"ended_on\":\"response\",\"duration\":33149.020000000004,\"time_run\":11904,\"time_render\":11895.32,\"time_show\":11911.98,\"time_end\":45061,\"time_commit\":45079,\"timestamp\":\"2021-05-12T15:48:37.574Z\",\"time_switch\":45094.14},{\"sender\":\"example1\",\"sender_type\":\"canvas.Screen\",\"sender_id\":\"2\",\"response\":\"8\",\"response_action\":\"click(0) @8\",\"correctResponse\":\"8\",\"correct\":true,\"ended_on\":\"response\",\"duration\":15052.86,\"time_run\":45081,\"time_render\":45081.36,\"time_show\":45094.14,\"time_end\":60147,\"time_commit\":60173,\"timestamp\":\"2021-05-12T15:48:52.666Z\",\"time_switch\":60210.26},{\"sender\":\"example1_feedback\",\"sender_type\":\"canvas.Screen\",\"sender_id\":\"3\",\"response\":\"space\",\"response_action\":\"keypress(Space)\",\"ended_on\":\"response\",\"duration\":3009.739999999998,\"time_run\":60190,\"time_render\":60193.6,\"time_show\":60210.26,\"time_end\":63220,\"time_commit\":63240,\"timestamp\":\"2021-05-12T15:48:55.733Z\",\"time_switch\":63259.98},{\"sender\":\"example2\",\"sender_type\":\"canvas.Screen\",\"sender_id\":\"4\",\"response\":\"1\",\"response_action\":\"click(0) @1\",\"correctResponse\":\"4\",\"correct\":false,\"ended_on\":\"response\",\"duration\":10022.019999999997,\"time_run\":63241,\"time_render\":63243.32,\"time_show\":63259.98,\"time_end\":73282,\"time_commit\":73297,\"timestamp\":\"2021-05-12T15:49:05.791Z\",\"time_switch\":73326.16},{\"sender\":\"example2_feedback\",\"sender_type\":\"canvas.Screen\",\"sender_id\":\"5\",\"response\":\"space\",\"response_action\":\"keypress(Space)\",\"ended_on\":\"response\",\"duration\":3932.8399999999965,\"time_run\":73303,\"time_render\":73309.5,\"time_show\":73326.16,\"time_end\":77259,\"time_commit\":77268,\"timestamp\":\"2021-05-12T15:49:09.762Z\",\"time_switch\":77292.68},{\"sender\":\"get ready\",\"sender_type\":\"canvas.Screen\",\"sender_id\":\"6\",\"response\":\"Space\",\"response_action\":\"keypress(Space)\",\"ended_on\":\"response\",\"duration\":9218.320000000007,\"time_run\":77269,\"time_render\":77269.44,\"time_show\":77292.68,\"time_end\":86511,\"time_commit\":86514,\"timestamp\":\"2021-05-12T15:49:19.007Z\",\"time_switch\":86525.7},{\"sender\":\"test01\",\"sender_type\":\"canvas.Screen\",\"sender_id\":\"7_0\",\"response\":\"3\",\"response_action\":\"click(0) @3\",\"correctResponse\":\"7\",\"correct\":false,\"ended_on\":\"response\",\"duration\":10139.300000000003,\"time_run\":86515,\"time_render\":86515.66,\"time_show\":86525.7,\"time_end\":96665,\"time_commit\":96688,\"timestamp\":\"2021-05-12T15:49:29.181Z\",\"time_switch\":96708.58},{\"sender\":\"test02\",\"sender_type\":\"canvas.Screen\",\"sender_id\":\"7_1\",\"response\":\"2\",\"response_action\":\"click(0) @2\",\"correctResponse\":\"4\",\"correct\":false,\"ended_on\":\"response\",\"duration\":16430.42,\"time_run\":96689,\"time_render\":96691.9,\"time_show\":96708.58,\"time_end\":113139,\"time_commit\":113159,\"timestamp\":\"2021-05-12T15:49:45.653Z\",\"time_switch\":113174.62},{\"sender\":\"test03\",\"sender_type\":\"canvas.Screen\",\"sender_id\":\"7_2\",\"response\":\"8\",\"response_action\":\"click(0) @8\",\"correctResponse\":\"6\",\"correct\":false,\"ended_on\":\"response\",\"duration\":16000.380000000005,\"time_run\":113160,\"time_render\":113157.96,\"time_show\":113174.62,\"time_end\":129175,\"time_commit\":129199,\"timestamp\":\"2021-05-12T15:50:01.692Z\",\"time_switch\":129224.1},{\"sender\":\"test04\",\"sender_type\":\"canvas.Screen\",\"sender_id\":\"7_3\",\"response\":\"6\",\"response_action\":\"click(0) @6\",\"correctResponse\":\"2\",\"correct\":false,\"ended_on\":\"response\",\"duration\":24442.899999999994,\"time_run\":129200,\"time_render\":129207.44,\"time_show\":129224.1,\"time_end\":153667,\"time_commit\":153679,\"timestamp\":\"2021-05-12T15:50:26.173Z\",\"time_switch\":153706.38},{\"sender\":\"test05\",\"sender_type\":\"canvas.Screen\",\"sender_id\":\"7_4\",\"response\":\"1\",\"response_action\":\"click(0) @1\",\"correctResponse\":\"4\",\"correct\":false,\"ended_on\":\"response\",\"duration\":9648.619999999995,\"time_run\":153680,\"time_render\":153689.72,\"time_show\":153706.38,\"time_end\":163355,\"time_commit\":163374,\"timestamp\":\"2021-05-12T15:50:35.868Z\",\"time_switch\":163389.46},{\"sender\":\"test06\",\"sender_type\":\"canvas.Screen\",\"sender_id\":\"7_5\",\"response\":\"3\",\"response_action\":\"click(0) @3\",\"correctResponse\":\"7\",\"correct\":false,\"ended_on\":\"response\",\"duration\":16095.540000000008,\"time_run\":163375,\"time_render\":163372.8,\"time_show\":163389.46,\"time_end\":179485,\"time_commit\":179502,\"timestamp\":\"2021-05-12T15:50:51.996Z\",\"time_switch\":179521.98},{\"sender\":\"test07\",\"sender_type\":\"canvas.Screen\",\"sender_id\":\"7_6\",\"response\":\"7\",\"response_action\":\"click(0) @7\",\"correctResponse\":\"8\",\"correct\":false,\"ended_on\":\"response\",\"duration\":15610.01999999999,\"time_run\":179502,\"time_render\":179505.32,\"time_show\":179521.98,\"time_end\":195132,\"time_commit\":195149,\"timestamp\":\"2021-05-12T15:51:07.643Z\",\"time_switch\":195171.48},{\"sender\":\"test08\",\"sender_type\":\"canvas.Screen\",\"sender_id\":\"7_7\",\"response\":\"1\",\"response_action\":\"click(0) @1\",\"correctResponse\":\"7\",\"correct\":false,\"ended_on\":\"response\",\"duration\":15715.51999999999,\"time_run\":195150,\"time_render\":195154.82,\"time_show\":195171.48,\"time_end\":210887,\"time_commit\":210893,\"timestamp\":\"2021-05-12T15:51:23.387Z\",\"time_switch\":210921},{\"sender\":\"test09\",\"sender_type\":\"canvas.Screen\",\"sender_id\":\"7_8\",\"response\":\"8\",\"response_action\":\"click(0) @8\",\"correctResponse\":\"5\",\"correct\":false,\"ended_on\":\"response\",\"duration\":13039,\"time_run\":210894,\"time_render\":210904.34,\"time_show\":210921,\"time_end\":223960,\"time_commit\":223973,\"timestamp\":\"2021-05-12T15:51:36.466Z\",\"time_switch\":224003.08},{\"sender\":\"test10\",\"sender_type\":\"canvas.Screen\",\"sender_id\":\"7_9\",\"response\":\"8\",\"response_action\":\"click(0) @8\",\"correctResponse\":\"5\",\"correct\":false,\"ended_on\":\"response\",\"duration\":22296.920000000013,\"time_run\":223973,\"time_render\":223986.42,\"time_show\":224003.08,\"time_end\":246300,\"time_commit\":246325,\"timestamp\":\"2021-05-12T15:51:58.819Z\",\"time_switch\":246352.72},{\"sender\":\"test11\",\"sender_type\":\"canvas.Screen\",\"sender_id\":\"7_10\",\"response\":\"3\",\"response_action\":\"click(0) @3\",\"correctResponse\":\"4\",\"correct\":false,\"ended_on\":\"response\",\"duration\":11834.279999999999,\"time_run\":246326,\"time_render\":246336.04,\"time_show\":246352.72,\"time_end\":258187,\"time_commit\":258204,\"timestamp\":\"2021-05-12T15:52:10.699Z\",\"time_switch\":258235.36},{\"sender\":\"test12\",\"sender_type\":\"canvas.Screen\",\"sender_id\":\"7_11\",\"response\":\"3\",\"response_action\":\"click(0) @3\",\"correctResponse\":\"1\",\"correct\":false,\"ended_on\":\"response\",\"duration\":14334.640000000014,\"time_run\":258205,\"time_render\":258218.7,\"time_show\":258235.36,\"time_end\":272570,\"time_commit\":272596,\"timestamp\":\"2021-05-12T15:52:25.090Z\",\"time_switch\":272618.54},{\"sender\":\"tests (15min)\",\"sender_type\":\"flow.Sequence\",\"sender_id\":\"7\",\"ended_on\":\"completion\",\"duration\":186044.3,\"time_run\":86515,\"time_render\":86515.66,\"time_show\":86525.7,\"time_end\":272570,\"time_commit\":272599,\"timestamp\":\"2021-05-12T15:52:25.093Z\",\"time_switch\":272618.54},{\"sender\":\"good bye\",\"sender_type\":\"canvas.Screen\",\"sender_id\":\"8\",\"ended_on\":\"timeout\",\"duration\":3999.820000000007,\"time_run\":272600,\"time_render\":272601.86,\"time_show\":272618.54,\"time_end\":276601.7,\"time_commit\":276603,\"timestamp\":\"2021-05-12T15:52:29.096Z\",\"time_switch\":276618.36},{\"sender\":\"root\",\"sender_type\":\"flow.Sequence\",\"sender_id\":null,\"ended_on\":\"completion\",\"duration\":272689.76,\"time_run\":3893,\"time_render\":3895.28,\"time_show\":3911.94,\"time_end\":276601.7,\"time_commit\":276604,\"timestamp\":\"2021-05-12T15:52:29.097Z\",\"time_switch\":276618.36}]",
    "metadata": "{\"slice\":0,\"id\":\"5b65028d-af18-4595-b3c5-8c0d3a501371\",\"payload\":\"full\"}",
    "url": "https://exp02.zih.tu-dresden.de/experiments/raven_task/"
}