{
    "data": "[{\"url\":{},\"meta\":{\"labjs_version\":\"20.1.1\",\"labjs_build\":{\"flavor\":\"production\",\"commit\":\"cd5695f774968f50499757c1423bd95d033ea08e\"},\"location\":\"https://exp02.zih.tu-dresden.de/experiments/spot_a_word_task/\",\"userAgent\":\"Mozilla/5.0 (Windows NT 6.1; Win64; x64; rv:88.0) Gecko/20100101 Firefox/88.0\",\"platform\":\"Win32\",\"language\":\"de\",\"locale\":\"de-DE\",\"timeZone\":\"Europe/Berlin\",\"timezoneOffset\":-120,\"screen_width\":1366,\"screen_height\":768,\"scroll_width\":1366,\"scroll_height\":578,\"window_innerWidth\":1366,\"window_innerHeight\":626,\"devicePixelRatio\":1},\"sender\":\"start_html\",\"sender_type\":\"html.Screen\",\"sender_id\":\"0\",\"ended_on\":\"timeout\",\"duration\":5999.8,\"time_run\":580,\"time_render\":597.7,\"time_show\":614.36,\"time_end\":6597.5,\"time_commit\":6600,\"timestamp\":\"2021-05-12T15:40:19.043Z\",\"time_switch\":6614.16},{\"sender\":\"manual_html\",\"sender_type\":\"html.Screen\",\"sender_id\":\"1\",\"response\":\"space\",\"response_action\":\"keypress(Space)\",\"ended_on\":\"response\",\"duration\":60033.84,\"time_run\":6601,\"time_render\":6597.5,\"time_show\":6614.16,\"time_end\":66648,\"time_commit\":66672,\"timestamp\":\"2021-05-12T15:41:19.115Z\",\"time_switch\":66711.9},{\"sender\":\"example1_screen\",\"sender_type\":\"canvas.Screen\",\"sender_id\":\"2\",\"response\":\"3\",\"response_action\":\"keypress(3)\",\"correctResponse\":\"4\",\"correct\":false,\"ended_on\":\"response\",\"duration\":3477.100000000006,\"time_run\":66699,\"time_render\":66702.28,\"time_show\":66711.9,\"time_end\":70189,\"time_commit\":70209,\"timestamp\":\"2021-05-12T15:41:22.652Z\",\"time_switch\":70228.26},{\"sender\":\"example1_feedback\",\"sender_type\":\"canvas.Screen\",\"sender_id\":\"3\",\"response\":\"Space\",\"response_action\":\"keypress(Space)\",\"ended_on\":\"response\",\"duration\":5358.740000000005,\"time_run\":70223,\"time_render\":70223.66,\"time_show\":70228.26,\"time_end\":75587,\"time_commit\":75594,\"timestamp\":\"2021-05-12T15:41:28.036Z\",\"time_switch\":75628.02},{\"sender\":\"example2_screen\",\"sender_type\":\"canvas.Screen\",\"sender_id\":\"4\",\"response\":\"5\",\"response_action\":\"keypress(5)\",\"correctResponse\":\"5\",\"correct\":true,\"ended_on\":\"response\",\"duration\":2080.979999999996,\"time_run\":75611,\"time_render\":75611.38,\"time_show\":75628.02,\"time_end\":77709,\"time_commit\":77717,\"timestamp\":\"2021-05-12T15:41:30.159Z\",\"time_switch\":77744.62},{\"sender\":\"example2_feedback\",\"sender_type\":\"canvas.Screen\",\"sender_id\":\"5\",\"response\":\"Space\",\"response_action\":\"keypress(Space)\",\"ended_on\":\"response\",\"duration\":3801.3800000000047,\"time_run\":77731,\"time_render\":77731.84,\"time_show\":77744.62,\"time_end\":81546,\"time_commit\":81555,\"timestamp\":\"2021-05-12T15:41:33.997Z\",\"time_switch\":81577.76},{\"sender\":\"example3_screen\",\"sender_type\":\"canvas.Screen\",\"sender_id\":\"6\",\"response\":\"1\",\"response_action\":\"keypress(1)\",\"correctResponse\":\"1\",\"correct\":true,\"ended_on\":\"response\",\"duration\":2167.2400000000052,\"time_run\":81570,\"time_render\":81569.96,\"time_show\":81577.76,\"time_end\":83745,\"time_commit\":83762,\"timestamp\":\"2021-05-12T15:41:36.205Z\",\"time_switch\":83777.8},{\"sender\":\"example3_feedback\",\"sender_type\":\"canvas.Screen\",\"sender_id\":\"7\",\"response\":\"Space\",\"response_action\":\"keypress(Space)\",\"ended_on\":\"response\",\"duration\":1231.199999999997,\"time_run\":83775,\"time_render\":83775.56,\"time_show\":83777.8,\"time_end\":85009,\"time_commit\":85015,\"timestamp\":\"2021-05-12T15:41:37.459Z\",\"time_switch\":85027.76},{\"sender\":\"get_ready_html\",\"sender_type\":\"html.Screen\",\"sender_id\":\"8\",\"response\":\"space\",\"response_action\":\"keypress(Space)\",\"ended_on\":\"response\",\"duration\":7578.240000000005,\"time_run\":85017,\"time_render\":85017.4,\"time_show\":85027.76,\"time_end\":92606,\"time_commit\":92616,\"timestamp\":\"2021-05-12T15:41:45.059Z\",\"time_switch\":92743.4},{\"sender\":\"trial_screen\",\"sender_type\":\"canvas.Screen\",\"sender_id\":\"9_0\",\"correct\":true,\"trial_ID\":1,\"word1\":\"siziol\",\"word2\":\"salzahl\",\"word3\":\"sozihl\",\"word4\":\"sziam\",\"word5\":\"sozial\",\"response\":\"5\",\"response_action\":\"keypress(5)\",\"correctResponse\":\"5\",\"ended_on\":\"response\",\"duration\":2265.600000000006,\"time_run\":92732,\"time_render\":92733.46,\"time_show\":92743.4,\"time_end\":95009,\"time_commit\":95018,\"timestamp\":\"2021-05-12T15:41:47.461Z\",\"time_switch\":95044},{\"sender\":\"trial_screen\",\"sender_type\":\"canvas.Screen\",\"sender_id\":\"9_1\",\"correct\":true,\"trial_ID\":2,\"word1\":\"Lamone\",\"word2\":\"Talane\",\"word3\":\"Matrone\",\"word4\":\"Tarone\",\"word5\":\"Malonte\",\"response\":\"3\",\"response_action\":\"keypress(3)\",\"correctResponse\":\"3\",\"ended_on\":\"response\",\"duration\":2804,\"time_run\":95035,\"time_render\":95035.6,\"time_show\":95044,\"time_end\":97848,\"time_commit\":97852,\"timestamp\":\"2021-05-12T15:41:50.295Z\",\"time_switch\":97877.26},{\"sender\":\"trial_screen\",\"sender_type\":\"canvas.Screen\",\"sender_id\":\"9_2\",\"correct\":true,\"trial_ID\":3,\"word1\":\"kurinesisch\",\"word2\":\"kulinarisch\",\"word3\":\"kumenisch\",\"word4\":\"kulissarisch\",\"word5\":\"kannastrisch\",\"response\":\"2\",\"response_action\":\"keypress(2)\",\"correctResponse\":\"2\",\"ended_on\":\"response\",\"duration\":3044.7400000000052,\"time_run\":97868,\"time_render\":97869.12,\"time_show\":97877.26,\"time_end\":100922,\"time_commit\":100937,\"timestamp\":\"2021-05-12T15:41:53.380Z\",\"time_switch\":100960.44},{\"sender\":\"trial_screen\",\"sender_type\":\"canvas.Screen\",\"sender_id\":\"9_3\",\"correct\":true,\"trial_ID\":4,\"word1\":\"Tinxur\",\"word2\":\"Kukutur\",\"word3\":\"Fraktan\",\"word4\":\"Tinktur\",\"word5\":\"Rimsuhr\",\"response\":\"4\",\"response_action\":\"keypress(4)\",\"correctResponse\":\"4\",\"ended_on\":\"response\",\"duration\":4437.559999999998,\"time_run\":100953,\"time_render\":100953.02,\"time_show\":100960.44,\"time_end\":105398,\"time_commit\":105410,\"timestamp\":\"2021-05-12T15:41:57.853Z\",\"time_switch\":105443.62},{\"sender\":\"trial_screen\",\"sender_type\":\"canvas.Screen\",\"sender_id\":\"9_4\",\"correct\":true,\"trial_ID\":5,\"word1\":\"beralen\",\"word2\":\"ger\u00e4ltet\",\"word3\":\"an\u00e4lteren\",\"word4\":\"unt\u00e4ren\",\"word5\":\"verbr\u00e4men\",\"response\":\"5\",\"response_action\":\"keypress(5)\",\"correctResponse\":\"5\",\"ended_on\":\"response\",\"duration\":3995.3800000000047,\"time_run\":105426,\"time_render\":105426.94,\"time_show\":105443.62,\"time_end\":109439,\"time_commit\":109453,\"timestamp\":\"2021-05-12T15:42:01.897Z\",\"time_switch\":109476.82},{\"sender\":\"trial_screen\",\"sender_type\":\"canvas.Screen\",\"sender_id\":\"9_5\",\"correct\":true,\"trial_ID\":6,\"word1\":\"Rosto\",\"word2\":\"Torso\",\"word3\":\"Soro\",\"word4\":\"Torgos\",\"word5\":\"Tosor\",\"response\":\"2\",\"response_action\":\"keypress(2)\",\"correctResponse\":\"2\",\"ended_on\":\"response\",\"duration\":2131.179999999993,\"time_run\":109466,\"time_render\":109466.36,\"time_show\":109476.82,\"time_end\":111608,\"time_commit\":111618,\"timestamp\":\"2021-05-12T15:42:04.061Z\",\"time_switch\":111643.34},{\"sender\":\"trial_screen\",\"sender_type\":\"canvas.Screen\",\"sender_id\":\"9_6\",\"correct\":true,\"trial_ID\":7,\"word1\":\"Redor\",\"word2\":\"Radium\",\"word3\":\"Terion\",\"word4\":\"Dramin\",\"word5\":\"Orakium\",\"response\":\"2\",\"response_action\":\"keypress(2)\",\"correctResponse\":\"2\",\"ended_on\":\"response\",\"duration\":2100.6600000000035,\"time_run\":111634,\"time_render\":111641.54,\"time_show\":111643.34,\"time_end\":113744,\"time_commit\":113752,\"timestamp\":\"2021-05-12T15:42:06.195Z\",\"time_switch\":113776.64},{\"sender\":\"trial_screen\",\"sender_type\":\"canvas.Screen\",\"sender_id\":\"9_7\",\"correct\":true,\"trial_ID\":8,\"word1\":\"Nale\",\"word2\":\"Sahe\",\"word3\":\"Nase\",\"word4\":\"Nesa\",\"word5\":\"Sehna\",\"response\":\"3\",\"response_action\":\"keypress(3)\",\"correctResponse\":\"3\",\"ended_on\":\"response\",\"duration\":2168.3600000000006,\"time_run\":113766,\"time_render\":113766.88,\"time_show\":113776.64,\"time_end\":115945,\"time_commit\":115957,\"timestamp\":\"2021-05-12T15:42:08.400Z\",\"time_switch\":115976.56},{\"sender\":\"trial_screen\",\"sender_type\":\"canvas.Screen\",\"sender_id\":\"9_8\",\"correct\":true,\"trial_ID\":9,\"word1\":\"Rilkiase\",\"word2\":\"Kilister\",\"word3\":\"Riliker\",\"word4\":\"Klistier\",\"word5\":\"Linkure\",\"response\":\"4\",\"response_action\":\"keypress(4)\",\"correctResponse\":\"4\",\"ended_on\":\"response\",\"duration\":2370.4400000000023,\"time_run\":115972,\"time_render\":115971.68,\"time_show\":115976.56,\"time_end\":118347,\"time_commit\":118356,\"timestamp\":\"2021-05-12T15:42:10.799Z\",\"time_switch\":118376.42},{\"sender\":\"trial_screen\",\"sender_type\":\"canvas.Screen\",\"sender_id\":\"9_9\",\"correct\":true,\"trial_ID\":10,\"word1\":\"kentern\",\"word2\":\"knerte\",\"word3\":\"kanzen\",\"word4\":\"kretern\",\"word5\":\"trekern\",\"response\":\"1\",\"response_action\":\"keypress(1)\",\"correctResponse\":\"1\",\"ended_on\":\"response\",\"duration\":2185.5800000000017,\"time_run\":118370,\"time_render\":118370.8,\"time_show\":118376.42,\"time_end\":120562,\"time_commit\":120575,\"timestamp\":\"2021-05-12T15:42:13.018Z\",\"time_switch\":120593.02},{\"sender\":\"trial_screen\",\"sender_type\":\"canvas.Screen\",\"sender_id\":\"9_10\",\"correct\":true,\"trial_ID\":11,\"word1\":\"Sorekin\",\"word2\":\"Sarowin\",\"word3\":\"Rosakin\",\"word4\":\"Narosin\",\"word5\":\"Kerosin\",\"response\":\"5\",\"response_action\":\"keypress(5)\",\"correctResponse\":\"5\",\"ended_on\":\"response\",\"duration\":2527.979999999996,\"time_run\":120590,\"time_render\":120589.84,\"time_show\":120593.02,\"time_end\":123121,\"time_commit\":123139,\"timestamp\":\"2021-05-12T15:42:15.582Z\",\"time_switch\":123159.6},{\"sender\":\"trial_screen\",\"sender_type\":\"canvas.Screen\",\"sender_id\":\"9_11\",\"correct\":true,\"trial_ID\":12,\"word1\":\"Ralke\",\"word2\":\"Korre\",\"word3\":\"Ruckse\",\"word4\":\"Recke\",\"word5\":\"Ulte\",\"response\":\"4\",\"response_action\":\"keypress(4)\",\"correctResponse\":\"4\",\"ended_on\":\"response\",\"duration\":4328.399999999994,\"time_run\":123155,\"time_render\":123154.64,\"time_show\":123159.6,\"time_end\":127488,\"time_commit\":127494,\"timestamp\":\"2021-05-12T15:42:19.937Z\",\"time_switch\":127526.08},{\"sender\":\"trial_screen\",\"sender_type\":\"canvas.Screen\",\"sender_id\":\"9_12\",\"correct\":false,\"trial_ID\":13,\"word1\":\"Kapaun\",\"word2\":\"Paukan\",\"word3\":\"Naupack\",\"word4\":\"Aupeck\",\"word5\":\"Ankepran\",\"response\":\"2\",\"response_action\":\"keypress(2)\",\"correctResponse\":\"1\",\"ended_on\":\"response\",\"duration\":5109.919999999998,\"time_run\":127509,\"time_render\":127509.42,\"time_show\":127526.08,\"time_end\":132636,\"time_commit\":132657,\"timestamp\":\"2021-05-12T15:42:25.099Z\",\"time_switch\":132675.88},{\"sender\":\"trial_screen\",\"sender_type\":\"canvas.Screen\",\"sender_id\":\"9_13\",\"correct\":true,\"trial_ID\":14,\"word1\":\"Dissonanz\",\"word2\":\"Diskrisanz\",\"word3\":\"Distranz\",\"word4\":\"Dinotanz\",\"word5\":\"Sidonenz\",\"response\":\"1\",\"response_action\":\"keypress(1)\",\"correctResponse\":\"1\",\"ended_on\":\"response\",\"duration\":2783.1199999999953,\"time_run\":132665,\"time_render\":132665.8,\"time_show\":132675.88,\"time_end\":135459,\"time_commit\":135471,\"timestamp\":\"2021-05-12T15:42:27.914Z\",\"time_switch\":135492.32},{\"sender\":\"trial_screen\",\"sender_type\":\"canvas.Screen\",\"sender_id\":\"9_14\",\"correct\":true,\"trial_ID\":15,\"word1\":\"Kirse\",\"word2\":\"Sirke\",\"word3\":\"Krise\",\"word4\":\"Krospe\",\"word5\":\"Seris\",\"response\":\"3\",\"response_action\":\"keypress(3)\",\"correctResponse\":\"3\",\"ended_on\":\"response\",\"duration\":2913.679999999993,\"time_run\":135487,\"time_render\":135488,\"time_show\":135492.32,\"time_end\":138406,\"time_commit\":138421,\"timestamp\":\"2021-05-12T15:42:30.864Z\",\"time_switch\":138442.36},{\"sender\":\"trial_screen\",\"sender_type\":\"canvas.Screen\",\"sender_id\":\"9_15\",\"correct\":true,\"trial_ID\":16,\"word1\":\"Tume\",\"word2\":\"Umat\",\"word3\":\"Maut\",\"word4\":\"Taum\",\"word5\":\"Muta\",\"response\":\"3\",\"response_action\":\"keypress(3)\",\"correctResponse\":\"3\",\"ended_on\":\"response\",\"duration\":2443.640000000014,\"time_run\":138436,\"time_render\":138436.42,\"time_show\":138442.36,\"time_end\":140886,\"time_commit\":140899,\"timestamp\":\"2021-05-12T15:42:33.342Z\",\"time_switch\":140925.56},{\"sender\":\"trial_screen\",\"sender_type\":\"canvas.Screen\",\"sender_id\":\"9_16\",\"correct\":true,\"trial_ID\":17,\"word1\":\"Tuhl\",\"word2\":\"Lar\",\"word3\":\"Lest\",\"word4\":\"Dall\",\"word5\":\"Lid\",\"response\":\"5\",\"response_action\":\"keypress(5)\",\"correctResponse\":\"5\",\"ended_on\":\"response\",\"duration\":2442.4400000000023,\"time_run\":140915,\"time_render\":140915.02,\"time_show\":140925.56,\"time_end\":143368,\"time_commit\":143379,\"timestamp\":\"2021-05-12T15:42:35.822Z\",\"time_switch\":143408.7},{\"sender\":\"trial_screen\",\"sender_type\":\"canvas.Screen\",\"sender_id\":\"9_17\",\"correct\":false,\"trial_ID\":18,\"word1\":\"Adept\",\"word2\":\"Padet\",\"word3\":\"Edapt\",\"word4\":\"Epatt\",\"word5\":\"Taped\",\"response\":\"5\",\"response_action\":\"keypress(5)\",\"correctResponse\":\"1\",\"ended_on\":\"response\",\"duration\":3141.2999999999884,\"time_run\":143393,\"time_render\":143393.7,\"time_show\":143408.7,\"time_end\":146550,\"time_commit\":146569,\"timestamp\":\"2021-05-12T15:42:39.012Z\",\"time_switch\":146592},{\"sender\":\"trial_screen\",\"sender_type\":\"canvas.Screen\",\"sender_id\":\"9_18\",\"correct\":true,\"trial_ID\":19,\"word1\":\"Spirine\",\"word2\":\"Saprin\",\"word3\":\"Parsin\",\"word4\":\"Purin\",\"word5\":\"Asprint\",\"response\":\"4\",\"response_action\":\"keypress(4)\",\"correctResponse\":\"4\",\"ended_on\":\"response\",\"duration\":2500,\"time_run\":146584,\"time_render\":146584.2,\"time_show\":146592,\"time_end\":149092,\"time_commit\":149108,\"timestamp\":\"2021-05-12T15:42:41.552Z\",\"time_switch\":149125.26},{\"sender\":\"trial_screen\",\"sender_type\":\"canvas.Screen\",\"sender_id\":\"9_19\",\"correct\":false,\"trial_ID\":20,\"word1\":\"Kulon\",\"word2\":\"Solgun\",\"word3\":\"Koskan\",\"word4\":\"Soran\",\"word5\":\"Klonus\",\"response\":\"4\",\"response_action\":\"keypress(4)\",\"correctResponse\":\"5\",\"ended_on\":\"response\",\"duration\":4552.739999999991,\"time_run\":149123,\"time_render\":149122.86,\"time_show\":149125.26,\"time_end\":153678,\"time_commit\":153694,\"timestamp\":\"2021-05-12T15:42:46.136Z\",\"time_switch\":153724.82},{\"sender\":\"trial_screen\",\"sender_type\":\"canvas.Screen\",\"sender_id\":\"9_20\",\"correct\":false,\"trial_ID\":21,\"word1\":\"Tronke\",\"word2\":\"Nocktherm\",\"word3\":\"Teronk\",\"word4\":\"Komtur\",\"word5\":\"Rocktur\",\"response\":\"1\",\"response_action\":\"keypress(1)\",\"correctResponse\":\"4\",\"ended_on\":\"response\",\"duration\":3885.179999999993,\"time_run\":153709,\"time_render\":153708.88,\"time_show\":153724.82,\"time_end\":157610,\"time_commit\":157623,\"timestamp\":\"2021-05-12T15:42:50.066Z\",\"time_switch\":157641.58},{\"sender\":\"trial_screen\",\"sender_type\":\"canvas.Screen\",\"sender_id\":\"9_21\",\"correct\":true,\"trial_ID\":22,\"word1\":\"Ripat\",\"word2\":\"Patinatte\",\"word3\":\"Tapir\",\"word4\":\"Apitt\",\"word5\":\"Padir\",\"response\":\"3\",\"response_action\":\"keypress(3)\",\"correctResponse\":\"3\",\"ended_on\":\"response\",\"duration\":3103.420000000013,\"time_run\":157631,\"time_render\":157630.78,\"time_show\":157641.58,\"time_end\":160745,\"time_commit\":160769,\"timestamp\":\"2021-05-12T15:42:53.212Z\",\"time_switch\":160791.34},{\"sender\":\"trial_screen\",\"sender_type\":\"canvas.Screen\",\"sender_id\":\"9_22\",\"correct\":true,\"trial_ID\":23,\"word1\":\"Akifer\",\"word2\":\"Fiaker\",\"word3\":\"Kiaffa\",\"word4\":\"Sariffer\",\"word5\":\"Refisker\",\"response\":\"2\",\"response_action\":\"keypress(2)\",\"correctResponse\":\"2\",\"ended_on\":\"response\",\"duration\":4712.6600000000035,\"time_run\":160783,\"time_render\":160784.12,\"time_show\":160791.34,\"time_end\":165504,\"time_commit\":165510,\"timestamp\":\"2021-05-12T15:42:57.953Z\",\"time_switch\":165524.56},{\"sender\":\"trial_screen\",\"sender_type\":\"canvas.Screen\",\"sender_id\":\"9_23\",\"correct\":true,\"trial_ID\":24,\"word1\":\"Kleiber\",\"word2\":\"Beikel\",\"word3\":\"Keibel\",\"word4\":\"Reikler\",\"word5\":\"Biekerl\",\"response\":\"1\",\"response_action\":\"keypress(1)\",\"correctResponse\":\"1\",\"ended_on\":\"response\",\"duration\":1897.4400000000023,\"time_run\":165522,\"time_render\":165522.3,\"time_show\":165524.56,\"time_end\":167422,\"time_commit\":167438,\"timestamp\":\"2021-05-12T15:42:59.882Z\",\"time_switch\":167457.78},{\"sender\":\"trial_screen\",\"sender_type\":\"canvas.Screen\",\"sender_id\":\"9_24\",\"correct\":true,\"trial_ID\":25,\"word1\":\"Ig\u00e4de\",\"word2\":\"D\u00e4gie\",\"word3\":\"\u00c4gide\",\"word4\":\"Dig\u00e4de\",\"word5\":\"Giad\",\"response\":\"3\",\"response_action\":\"keypress(3)\",\"correctResponse\":\"3\",\"ended_on\":\"response\",\"duration\":3100.220000000001,\"time_run\":167452,\"time_render\":167452.46,\"time_show\":167457.78,\"time_end\":170558,\"time_commit\":170561,\"timestamp\":\"2021-05-12T15:43:03.004Z\",\"time_switch\":170574.44},{\"sender\":\"trial_screen\",\"sender_type\":\"canvas.Screen\",\"sender_id\":\"9_25\",\"correct\":true,\"trial_ID\":26,\"word1\":\"Rixal\",\"word2\":\"Irtax\",\"word3\":\"Rackizie\",\"word4\":\"Matrix\",\"word5\":\"Atrige\",\"response\":\"4\",\"response_action\":\"keypress(4)\",\"correctResponse\":\"4\",\"ended_on\":\"response\",\"duration\":2229.5599999999977,\"time_run\":170570,\"time_render\":170570.84,\"time_show\":170574.44,\"time_end\":172804,\"time_commit\":172819,\"timestamp\":\"2021-05-12T15:43:05.261Z\",\"time_switch\":172840.92},{\"sender\":\"trial_screen\",\"sender_type\":\"canvas.Screen\",\"sender_id\":\"9_26\",\"correct\":false,\"trial_ID\":27,\"word1\":\"Haskisch\",\"word2\":\"Asmisch\",\"word3\":\"Schisma\",\"word4\":\"Rasthmie\",\"word5\":\"Ilschah\",\"response\":\"1\",\"response_action\":\"keypress(1)\",\"correctResponse\":\"3\",\"ended_on\":\"response\",\"duration\":4409.079999999987,\"time_run\":172834,\"time_render\":172834.04,\"time_show\":172840.92,\"time_end\":177250,\"time_commit\":177266,\"timestamp\":\"2021-05-12T15:43:09.708Z\",\"time_switch\":177290.7},{\"sender\":\"trial_screen\",\"sender_type\":\"canvas.Screen\",\"sender_id\":\"9_27\",\"correct\":false,\"trial_ID\":28,\"word1\":\"Sallose\",\"word2\":\"Lordose\",\"word3\":\"Dormase\",\"word4\":\"Rollase\",\"word5\":\"Ardierole\",\"response\":\"4\",\"response_action\":\"keypress(4)\",\"correctResponse\":\"2\",\"ended_on\":\"response\",\"duration\":5636.299999999988,\"time_run\":177281,\"time_render\":177280.86,\"time_show\":177290.7,\"time_end\":182927,\"time_commit\":182940,\"timestamp\":\"2021-05-12T15:43:15.383Z\",\"time_switch\":182973.94},{\"sender\":\"trial_screen\",\"sender_type\":\"canvas.Screen\",\"sender_id\":\"9_28\",\"correct\":false,\"trial_ID\":29,\"word1\":\"Intranotion\",\"word2\":\"Infranatura\",\"word3\":\"Internodium\",\"word4\":\"Indotalie\",\"word5\":\"Indosta\",\"response\":\"2\",\"response_action\":\"keypress(2)\",\"correctResponse\":\"3\",\"ended_on\":\"response\",\"duration\":6115.059999999998,\"time_run\":182957,\"time_render\":182957.28,\"time_show\":182973.94,\"time_end\":189089,\"time_commit\":189108,\"timestamp\":\"2021-05-12T15:43:21.550Z\",\"time_switch\":189140.26},{\"sender\":\"trial_screen\",\"sender_type\":\"canvas.Screen\",\"sender_id\":\"9_29\",\"correct\":true,\"trial_ID\":30,\"word1\":\"Idaste\",\"word2\":\"Dastrix\",\"word3\":\"Astike\",\"word4\":\"Sadile\",\"word5\":\"Kasside\",\"response\":\"5\",\"response_action\":\"keypress(5)\",\"correctResponse\":\"5\",\"ended_on\":\"response\",\"duration\":4317.739999999991,\"time_run\":189123,\"time_render\":189123.84,\"time_show\":189140.26,\"time_end\":193458,\"time_commit\":193468,\"timestamp\":\"2021-05-12T15:43:25.911Z\",\"time_switch\":193506.86},{\"sender\":\"trial_screen\",\"sender_type\":\"canvas.Screen\",\"sender_id\":\"9_30\",\"correct\":true,\"trial_ID\":31,\"word1\":\"Libration\",\"word2\":\"Bilation\",\"word3\":\"Arlation\",\"word4\":\"Iberation\",\"word5\":\"Tiradon\",\"response\":\"1\",\"response_action\":\"keypress(1)\",\"correctResponse\":\"1\",\"ended_on\":\"response\",\"duration\":4600.140000000014,\"time_run\":193493,\"time_render\":193493.46,\"time_show\":193506.86,\"time_end\":198107,\"time_commit\":198112,\"timestamp\":\"2021-05-12T15:43:30.555Z\",\"time_switch\":198140.02},{\"sender\":\"trial_screen\",\"sender_type\":\"canvas.Screen\",\"sender_id\":\"9_31\",\"correct\":false,\"trial_ID\":32,\"word1\":\"Pucker\",\"word2\":\"Keuper\",\"word3\":\"Eucker\",\"word4\":\"Reuspeck\",\"word5\":\"Urkane\",\"response\":\"5\",\"response_action\":\"keypress(5)\",\"correctResponse\":\"2\",\"ended_on\":\"response\",\"duration\":4084.9800000000105,\"time_run\":198132,\"time_render\":198132.6,\"time_show\":198140.02,\"time_end\":202225,\"time_commit\":202231,\"timestamp\":\"2021-05-12T15:43:34.674Z\",\"time_switch\":202256.52},{\"sender\":\"trial_screen\",\"sender_type\":\"canvas.Screen\",\"sender_id\":\"9_32\",\"correct\":false,\"trial_ID\":33,\"word1\":\"Sickaber\",\"word2\":\"Bassiker\",\"word3\":\"Kassiber\",\"word4\":\"Sassiker\",\"word5\":\"Askiber\",\"response\":\"2\",\"response_action\":\"keypress(2)\",\"correctResponse\":\"3\",\"ended_on\":\"response\",\"duration\":3649.4800000000105,\"time_run\":202251,\"time_render\":202251.72,\"time_show\":202256.52,\"time_end\":205906,\"time_commit\":205912,\"timestamp\":\"2021-05-12T15:43:38.355Z\",\"time_switch\":205939.76},{\"sender\":\"trial_screen\",\"sender_type\":\"canvas.Screen\",\"sender_id\":\"9_33\",\"correct\":false,\"trial_ID\":34,\"word1\":\"Alquallon\",\"word2\":\"Lisqualien\",\"word3\":\"Talquallen\",\"word4\":\"Quisquilien\",\"word5\":\"Rielquellen\",\"response\":\"3\",\"response_action\":\"keypress(3)\",\"correctResponse\":\"4\",\"ended_on\":\"response\",\"duration\":3710.2399999999907,\"time_run\":205930,\"time_render\":205930.86,\"time_show\":205939.76,\"time_end\":209650,\"time_commit\":209664,\"timestamp\":\"2021-05-12T15:43:42.106Z\",\"time_switch\":209689.56},{\"sender\":\"trial_screen\",\"sender_type\":\"canvas.Screen\",\"sender_id\":\"9_34\",\"correct\":false,\"trial_ID\":35,\"word1\":\"Berkiza\",\"word2\":\"Brekzie\",\"word3\":\"Birakzie\",\"word4\":\"Brikazie\",\"word5\":\"Bakiria\",\"response\":\"5\",\"response_action\":\"keypress(5)\",\"correctResponse\":\"2\",\"ended_on\":\"response\",\"duration\":7075.440000000002,\"time_run\":209681,\"time_render\":209682,\"time_show\":209689.56,\"time_end\":216765,\"time_commit\":216778,\"timestamp\":\"2021-05-12T15:43:49.220Z\",\"time_switch\":216789.28},{\"sender\":\"loop_trial\",\"sender_type\":\"flow.Loop\",\"sender_id\":\"9\",\"ended_on\":\"completion\",\"duration\":124021.6,\"time_run\":92722,\"time_render\":92733.46,\"time_show\":92743.4,\"time_end\":216765,\"time_commit\":216780,\"timestamp\":\"2021-05-12T15:43:49.224Z\",\"time_switch\":216789.28},{\"sender\":\"end_html\",\"sender_type\":\"html.Screen\",\"sender_id\":\"10\",\"ended_on\":\"timeout\",\"duration\":5999.679999999993,\"time_run\":216781,\"time_render\":216781.52,\"time_show\":216789.28,\"time_end\":222772.3,\"time_commit\":222774,\"timestamp\":\"2021-05-12T15:43:55.217Z\",\"time_switch\":222788.96},{\"sender\":\"root\",\"sender_type\":\"flow.Sequence\",\"sender_id\":null,\"ended_on\":\"completion\",\"duration\":222157.94,\"time_run\":579,\"time_render\":597.7,\"time_show\":614.36,\"time_end\":222772.3,\"time_commit\":222775,\"timestamp\":\"2021-05-12T15:43:55.218Z\",\"time_switch\":222788.96}]",
    "metadata": "{\"slice\":0,\"id\":\"354061f1-1105-4c1f-806c-388a3d31864c\",\"payload\":\"full\"}",
    "url": "https://exp02.zih.tu-dresden.de/experiments/spot_a_word_task/"
}