{
    "data": "[{\"url\":{},\"meta\":{\"labjs_version\":\"20.1.1\",\"labjs_build\":{\"flavor\":\"production\",\"commit\":\"cd5695f774968f50499757c1423bd95d033ea08e\"},\"location\":\"https://exp01.zih.tu-dresden.de/experiments/raven_task/\",\"userAgent\":\"Mozilla/5.0 (Windows NT 10.0; Win64; x64) AppleWebKit/537.36 (KHTML, like Gecko) Chrome/90.0.4430.93 Safari/537.36\",\"platform\":\"Win32\",\"language\":\"de-DE\",\"locale\":\"de\",\"timeZone\":\"Europe/Berlin\",\"timezoneOffset\":-120,\"screen_width\":1920,\"screen_height\":1080,\"scroll_width\":1920,\"scroll_height\":889,\"window_innerWidth\":1920,\"window_innerHeight\":937,\"devicePixelRatio\":1},\"sender\":\"welcome\",\"sender_type\":\"canvas.Screen\",\"sender_id\":\"0\",\"ended_on\":\"timeout\",\"duration\":7999.546,\"time_run\":3113.7199999939185,\"time_render\":3053.096,\"time_show\":3102.975,\"time_end\":11086.165,\"time_commit\":11090.380000008736,\"timestamp\":\"2021-05-02T18:05:22.098Z\",\"time_switch\":11102.521},{\"sender\":\"instructions\",\"sender_type\":\"html.Page\",\"sender_id\":\"1\",\"response\":\"Space\",\"response_action\":\"keypress(Space)\",\"ended_on\":\"response\",\"duration\":39666.038999996796,\"time_run\":11091.019999992568,\"time_render\":11086.165,\"time_show\":11102.521,\"time_end\":50768.559999996796,\"time_commit\":50772.28999999352,\"timestamp\":\"2021-05-02T18:06:01.779Z\",\"time_switch\":50801.311},{\"sender\":\"example1\",\"sender_type\":\"canvas.Screen\",\"sender_id\":\"2\",\"response\":\"8\",\"response_action\":\"click(0) @8\",\"correctResponse\":\"8\",\"correct\":true,\"ended_on\":\"response\",\"duration\":9743.838999990825,\"time_run\":50772.529999987455,\"time_render\":50768.472,\"time_show\":50801.311,\"time_end\":60545.14999999083,\"time_commit\":60548.89499998535,\"timestamp\":\"2021-05-02T18:06:11.556Z\",\"time_switch\":60597.252},{\"sender\":\"example1_feedback\",\"sender_type\":\"canvas.Screen\",\"sender_id\":\"3\",\"response\":\"space\",\"response_action\":\"keypress(Space)\",\"ended_on\":\"response\",\"duration\":2621.9679999990403,\"time_run\":60585.98500001244,\"time_render\":60580.96,\"time_show\":60597.252,\"time_end\":63219.21999999904,\"time_commit\":63220.04499999457,\"timestamp\":\"2021-05-02T18:06:14.227Z\",\"time_switch\":63224.89},{\"sender\":\"example2\",\"sender_type\":\"canvas.Screen\",\"sender_id\":\"4\",\"response\":\"4\",\"response_action\":\"click(0) @4\",\"correctResponse\":\"4\",\"correct\":true,\"ended_on\":\"response\",\"duration\":10916.294999985854,\"time_run\":63220.23499998613,\"time_render\":63208.399,\"time_show\":63224.89,\"time_end\":74141.18499998585,\"time_commit\":74142.33500001137,\"timestamp\":\"2021-05-02T18:06:25.149Z\",\"time_switch\":74184.903},{\"sender\":\"example2_feedback\",\"sender_type\":\"canvas.Screen\",\"sender_id\":\"5\",\"response\":\"space\",\"response_action\":\"keypress(Space)\",\"ended_on\":\"response\",\"duration\":966.0920000035985,\"time_run\":74178.47499999334,\"time_render\":74168.695,\"time_show\":74184.903,\"time_end\":75150.9950000036,\"time_commit\":75151.76499998779,\"timestamp\":\"2021-05-02T18:06:26.159Z\",\"time_switch\":75166.195},{\"sender\":\"get ready\",\"sender_type\":\"canvas.Screen\",\"sender_id\":\"6\",\"response\":\"Space\",\"response_action\":\"keypress(Space)\",\"ended_on\":\"response\",\"duration\":3938.51000000519,\"time_run\":75151.98999998393,\"time_render\":75149.812,\"time_show\":75166.195,\"time_end\":79104.7050000052,\"time_commit\":79105.45000000275,\"timestamp\":\"2021-05-02T18:06:30.112Z\",\"time_switch\":79107.698},{\"sender\":\"test01\",\"sender_type\":\"canvas.Screen\",\"sender_id\":\"7_0\",\"response\":\"7\",\"response_action\":\"click(0) @7\",\"correctResponse\":\"7\",\"correct\":true,\"ended_on\":\"response\",\"duration\":23381.251999999018,\"time_run\":79105.73999999906,\"time_render\":79091.302,\"time_show\":79107.698,\"time_end\":102488.94999999902,\"time_commit\":102490.12500001118,\"timestamp\":\"2021-05-02T18:06:53.497Z\",\"time_switch\":102524.645},{\"sender\":\"test02\",\"sender_type\":\"canvas.Screen\",\"sender_id\":\"7_1\",\"response\":\"4\",\"response_action\":\"click(0) @4\",\"correctResponse\":\"4\",\"correct\":true,\"ended_on\":\"response\",\"duration\":36202.5849999895,\"time_run\":102490.36500000511,\"time_render\":102474.955,\"time_show\":102524.645,\"time_end\":138727.2299999895,\"time_commit\":138728.3199999947,\"timestamp\":\"2021-05-02T18:07:29.735Z\",\"time_switch\":138730.758},{\"sender\":\"test03\",\"sender_type\":\"canvas.Screen\",\"sender_id\":\"7_2\",\"response\":\"6\",\"response_action\":\"click(0) @6\",\"correctResponse\":\"6\",\"correct\":true,\"ended_on\":\"response\",\"duration\":35164.22699999172,\"time_run\":138728.5200000042,\"time_render\":138714.394,\"time_show\":138730.758,\"time_end\":173894.98499999172,\"time_commit\":173895.99499999895,\"timestamp\":\"2021-05-02T18:08:04.903Z\",\"time_switch\":173905.893},{\"sender\":\"test04\",\"sender_type\":\"canvas.Screen\",\"sender_id\":\"7_3\",\"response\":\"2\",\"response_action\":\"click(0) @2\",\"correctResponse\":\"2\",\"correct\":true,\"ended_on\":\"response\",\"duration\":60873.38699998791,\"time_run\":173896.18000001065,\"time_render\":173889.63,\"time_show\":173905.893,\"time_end\":234779.27999998792,\"time_commit\":234780.42500000447,\"timestamp\":\"2021-05-02T18:09:05.788Z\",\"time_switch\":234792.915},{\"sender\":\"test05\",\"sender_type\":\"canvas.Screen\",\"sender_id\":\"7_4\",\"response\":\"4\",\"response_action\":\"click(0) @4\",\"correctResponse\":\"4\",\"correct\":true,\"ended_on\":\"response\",\"duration\":11464.47499998429,\"time_run\":234780.6350000028,\"time_render\":234776.365,\"time_show\":234792.915,\"time_end\":246257.3899999843,\"time_commit\":246258.45500000287,\"timestamp\":\"2021-05-02T18:09:17.266Z\",\"time_switch\":246268.539},{\"sender\":\"test06\",\"sender_type\":\"canvas.Screen\",\"sender_id\":\"7_5\",\"response\":\"7\",\"response_action\":\"click(0) @7\",\"correctResponse\":\"7\",\"correct\":true,\"ended_on\":\"response\",\"duration\":60940.46100000257,\"time_run\":246258.6350000056,\"time_render\":246252.037,\"time_show\":246268.539,\"time_end\":307209.00000000256,\"time_commit\":307210.0050000008,\"timestamp\":\"2021-05-02T18:10:18.217Z\",\"time_switch\":307221.963},{\"sender\":\"test07\",\"sender_type\":\"canvas.Screen\",\"sender_id\":\"7_6\",\"response\":\"8\",\"response_action\":\"click(0) @8\",\"correctResponse\":\"8\",\"correct\":true,\"ended_on\":\"response\",\"duration\":123923.60199998436,\"time_run\":307210.07999998983,\"time_render\":307205.704,\"time_show\":307221.963,\"time_end\":431145.56499998434,\"time_commit\":431146.7199999897,\"timestamp\":\"2021-05-02T18:12:22.154Z\",\"time_switch\":431158.013},{\"sender\":\"test08\",\"sender_type\":\"canvas.Screen\",\"sender_id\":\"7_7\",\"response\":\"2\",\"response_action\":\"click(0) @2\",\"correctResponse\":\"7\",\"correct\":false,\"ended_on\":\"response\",\"duration\":73745.62700000411,\"time_run\":431146.934999997,\"time_render\":431141.397,\"time_show\":431158.013,\"time_end\":504903.6400000041,\"time_commit\":504904.669999989,\"timestamp\":\"2021-05-02T18:13:35.912Z\",\"time_switch\":504917.602},{\"sender\":\"test09\",\"sender_type\":\"canvas.Screen\",\"sender_id\":\"7_8\",\"response\":\"4\",\"response_action\":\"click(0) @4\",\"correctResponse\":\"5\",\"correct\":false,\"ended_on\":\"response\",\"duration\":115706.212999999,\"time_run\":504904.86000000965,\"time_render\":504901.202,\"time_show\":504917.602,\"time_end\":620623.814999999,\"time_commit\":620624.9749999843,\"timestamp\":\"2021-05-02T18:15:31.632Z\",\"time_switch\":620637.863},{\"sender\":\"test10\",\"sender_type\":\"canvas.Screen\",\"sender_id\":\"7_9\",\"response\":\"2\",\"response_action\":\"click(0) @2\",\"correctResponse\":\"5\",\"correct\":false,\"ended_on\":\"response\",\"duration\":272468.1920000111,\"time_run\":620625.1899999916,\"time_render\":620621.528,\"time_show\":620637.863,\"time_end\":893106.0550000111,\"time_commit\":893107.2149999964,\"timestamp\":\"2021-05-02T18:20:04.114Z\",\"time_switch\":893124.164},{\"sender\":\"test11\",\"sender_type\":\"canvas.Screen\",\"sender_id\":\"7_10\",\"ended_on\":\"abort by sequence\",\"duration\":85968.09099999594,\"time_run\":893107.4249999947,\"time_render\":893107.181,\"time_show\":893124.164,\"time_end\":979092.2549999959,\"time_commit\":979092.6249999902,\"timestamp\":\"2021-05-02T18:21:30.100Z\",\"time_switch\":979124.684},{\"sender\":\"tests (15min)\",\"sender_type\":\"flow.Sequence\",\"sender_id\":\"7\",\"ended_on\":\"timeout\",\"duration\":900000.072,\"time_run\":79105.66500001005,\"time_render\":79091.302,\"time_show\":79107.698,\"time_end\":979091.249,\"time_commit\":979092.8300000087,\"timestamp\":\"2021-05-02T18:21:30.100Z\",\"time_switch\":979107.77},{\"sender\":\"good bye\",\"sender_type\":\"canvas.Screen\",\"sender_id\":\"8\",\"ended_on\":\"timeout\",\"duration\":3991.454000000027,\"time_run\":979092.9649999889,\"time_render\":979091.249,\"time_show\":979107.77,\"time_end\":983082.78,\"time_commit\":983083.5899999947,\"timestamp\":\"2021-05-02T18:21:34.091Z\",\"time_switch\":983099.224},{\"sender\":\"root\",\"sender_type\":\"flow.Sequence\",\"sender_id\":null,\"ended_on\":\"completion\",\"duration\":979979.805,\"time_run\":3113.6249999981374,\"time_render\":3053.096,\"time_show\":3102.975,\"time_end\":983082.78,\"time_commit\":983086.2900000066,\"timestamp\":\"2021-05-02T18:21:34.093Z\",\"time_switch\":983099.224}]",
    "metadata": "{\"slice\":0,\"id\":\"c3556390-b22a-4cb7-a499-afbb6b4ebd7e\",\"payload\":\"full\"}",
    "url": "https://exp01.zih.tu-dresden.de/experiments/raven_task/"
}