{
    "data": "[{\"url\":{},\"meta\":{\"labjs_version\":\"20.1.1\",\"labjs_build\":{\"flavor\":\"production\",\"commit\":\"cd5695f774968f50499757c1423bd95d033ea08e\"},\"location\":\"https://exp01.zih.tu-dresden.de/experiments/raven_task/\",\"userAgent\":\"Mozilla/5.0 (Windows NT 6.1; Win64; x64; rv:92.0) Gecko/20100101 Firefox/92.0\",\"platform\":\"Win32\",\"language\":\"de\",\"locale\":\"de-DE\",\"timeZone\":\"Europe/Berlin\",\"timezoneOffset\":-120,\"screen_width\":1138,\"screen_height\":640,\"scroll_width\":1138,\"scroll_height\":513,\"window_innerWidth\":1138,\"window_innerHeight\":513,\"devicePixelRatio\":1.2},\"sender\":\"welcome\",\"sender_type\":\"canvas.Screen\",\"sender_id\":\"0\",\"ended_on\":\"timeout\",\"duration\":8013.3,\"time_run\":5532,\"time_render\":5532.44,\"time_show\":5542.28,\"time_end\":13522.56,\"time_commit\":13535,\"timestamp\":\"2021-09-19T08:53:19.099Z\",\"time_switch\":13555.58},{\"sender\":\"instructions\",\"sender_type\":\"html.Page\",\"sender_id\":\"1\",\"response\":\"Space\",\"response_action\":\"keypress(Space)\",\"ended_on\":\"response\",\"duration\":30516.42,\"time_run\":13547,\"time_render\":13522.56,\"time_show\":13555.58,\"time_end\":44072,\"time_commit\":44092,\"timestamp\":\"2021-09-19T08:53:49.655Z\",\"time_switch\":44151.26},{\"sender\":\"example1\",\"sender_type\":\"canvas.Screen\",\"sender_id\":\"2\",\"response\":\"8\",\"response_action\":\"click(0) @8\",\"correctResponse\":\"8\",\"correct\":true,\"ended_on\":\"response\",\"duration\":4770.739999999998,\"time_run\":44094,\"time_render\":44094.2,\"time_show\":44151.26,\"time_end\":48922,\"time_commit\":48954,\"timestamp\":\"2021-09-19T08:53:54.516Z\",\"time_switch\":48974.4},{\"sender\":\"example1_feedback\",\"sender_type\":\"canvas.Screen\",\"sender_id\":\"3\",\"response\":\"space\",\"response_action\":\"keypress(Space)\",\"ended_on\":\"response\",\"duration\":2164.5999999999985,\"time_run\":48974,\"time_render\":48974.16,\"time_show\":48974.4,\"time_end\":51139,\"time_commit\":51158,\"timestamp\":\"2021-09-19T08:53:56.721Z\",\"time_switch\":51218.14},{\"sender\":\"example2\",\"sender_type\":\"canvas.Screen\",\"sender_id\":\"4\",\"response\":\"4\",\"response_action\":\"click(0) @4\",\"correctResponse\":\"4\",\"correct\":true,\"ended_on\":\"response\",\"duration\":5910.860000000001,\"time_run\":51160,\"time_render\":51159.54,\"time_show\":51218.14,\"time_end\":57129,\"time_commit\":57151,\"timestamp\":\"2021-09-19T08:54:02.714Z\",\"time_switch\":57172.18},{\"sender\":\"example2_feedback\",\"sender_type\":\"canvas.Screen\",\"sender_id\":\"5\",\"response\":\"space\",\"response_action\":\"keypress(Space)\",\"ended_on\":\"response\",\"duration\":3591.8199999999997,\"time_run\":57171,\"time_render\":57171.8,\"time_show\":57172.18,\"time_end\":60764,\"time_commit\":60770,\"timestamp\":\"2021-09-19T08:54:06.333Z\",\"time_switch\":60779.14},{\"sender\":\"get ready\",\"sender_type\":\"canvas.Screen\",\"sender_id\":\"6\",\"response\":\"Space\",\"response_action\":\"keypress(Space)\",\"ended_on\":\"response\",\"duration\":3962.8600000000006,\"time_run\":60772,\"time_render\":60771.9,\"time_show\":60779.14,\"time_end\":64742,\"time_commit\":64755,\"timestamp\":\"2021-09-19T08:54:10.318Z\",\"time_switch\":64803.22},{\"sender\":\"test01\",\"sender_type\":\"canvas.Screen\",\"sender_id\":\"7_0\",\"response\":\"8\",\"response_action\":\"click(0) @8\",\"correctResponse\":\"7\",\"correct\":false,\"ended_on\":\"response\",\"duration\":17862.78,\"time_run\":64760,\"time_render\":64753.22,\"time_show\":64803.22,\"time_end\":82666,\"time_commit\":82701,\"timestamp\":\"2021-09-19T08:54:28.263Z\",\"time_switch\":82744.58},{\"sender\":\"test02\",\"sender_type\":\"canvas.Screen\",\"sender_id\":\"7_1\",\"response\":\"8\",\"response_action\":\"click(0) @8\",\"correctResponse\":\"4\",\"correct\":false,\"ended_on\":\"response\",\"duration\":10919.419999999998,\"time_run\":82706,\"time_render\":82687.66,\"time_show\":82744.58,\"time_end\":93664,\"time_commit\":93677,\"timestamp\":\"2021-09-19T08:54:39.240Z\",\"time_switch\":93719.42},{\"sender\":\"test03\",\"sender_type\":\"canvas.Screen\",\"sender_id\":\"7_2\",\"response\":\"7\",\"response_action\":\"click(0) @7\",\"correctResponse\":\"6\",\"correct\":false,\"ended_on\":\"response\",\"duration\":8212.580000000002,\"time_run\":93679,\"time_render\":93670.9,\"time_show\":93719.42,\"time_end\":101932,\"time_commit\":101951,\"timestamp\":\"2021-09-19T08:54:47.514Z\",\"time_switch\":102000.06},{\"sender\":\"test04\",\"sender_type\":\"canvas.Screen\",\"sender_id\":\"7_3\",\"response\":\"6\",\"response_action\":\"click(0) @6\",\"correctResponse\":\"2\",\"correct\":false,\"ended_on\":\"response\",\"duration\":23346.940000000002,\"time_run\":101956,\"time_render\":101942.9,\"time_show\":102000.06,\"time_end\":125347,\"time_commit\":125371,\"timestamp\":\"2021-09-19T08:55:10.935Z\",\"time_switch\":125429.1},{\"sender\":\"test05\",\"sender_type\":\"canvas.Screen\",\"sender_id\":\"7_4\",\"response\":\"5\",\"response_action\":\"click(0) @5\",\"correctResponse\":\"4\",\"correct\":false,\"ended_on\":\"response\",\"duration\":20728.899999999994,\"time_run\":125376,\"time_render\":125367.02,\"time_show\":125429.1,\"time_end\":146158,\"time_commit\":146178,\"timestamp\":\"2021-09-19T08:55:31.741Z\",\"time_switch\":146230.44},{\"sender\":\"test06\",\"sender_type\":\"canvas.Screen\",\"sender_id\":\"7_5\",\"response\":\"7\",\"response_action\":\"click(0) @7\",\"correctResponse\":\"7\",\"correct\":true,\"ended_on\":\"response\",\"duration\":7601.559999999998,\"time_run\":146179,\"time_render\":146174.38,\"time_show\":146230.44,\"time_end\":153832,\"time_commit\":153841,\"timestamp\":\"2021-09-19T08:55:39.404Z\",\"time_switch\":153896.2},{\"sender\":\"test07\",\"sender_type\":\"canvas.Screen\",\"sender_id\":\"7_6\",\"response\":\"4\",\"response_action\":\"click(0) @4\",\"correctResponse\":\"8\",\"correct\":false,\"ended_on\":\"response\",\"duration\":7362.799999999988,\"time_run\":153842,\"time_render\":153838.28,\"time_show\":153896.2,\"time_end\":161259,\"time_commit\":161270,\"timestamp\":\"2021-09-19T08:55:46.833Z\",\"time_switch\":161312.46},{\"sender\":\"test08\",\"sender_type\":\"canvas.Screen\",\"sender_id\":\"7_7\",\"response\":\"5\",\"response_action\":\"click(0) @5\",\"correctResponse\":\"7\",\"correct\":false,\"ended_on\":\"response\",\"duration\":11879.540000000008,\"time_run\":161270,\"time_render\":161268.2,\"time_show\":161312.46,\"time_end\":173192,\"time_commit\":173199,\"timestamp\":\"2021-09-19T08:55:58.762Z\",\"time_switch\":173234.64},{\"sender\":\"test09\",\"sender_type\":\"canvas.Screen\",\"sender_id\":\"7_8\",\"response\":\"8\",\"response_action\":\"click(0) @8\",\"correctResponse\":\"5\",\"correct\":false,\"ended_on\":\"response\",\"duration\":2953.359999999986,\"time_run\":173200,\"time_render\":173196.86,\"time_show\":173234.64,\"time_end\":176188,\"time_commit\":176208,\"timestamp\":\"2021-09-19T08:56:01.771Z\",\"time_switch\":176277.98},{\"sender\":\"test10\",\"sender_type\":\"canvas.Screen\",\"sender_id\":\"7_9\",\"response\":\"8\",\"response_action\":\"click(0) @8\",\"correctResponse\":\"5\",\"correct\":false,\"ended_on\":\"response\",\"duration\":10377.01999999999,\"time_run\":176209,\"time_render\":176205.38,\"time_show\":176277.98,\"time_end\":186655,\"time_commit\":186673,\"timestamp\":\"2021-09-19T08:56:12.236Z\",\"time_switch\":186720.1},{\"sender\":\"test11\",\"sender_type\":\"canvas.Screen\",\"sender_id\":\"7_10\",\"response\":\"1\",\"response_action\":\"click(0) @1\",\"correctResponse\":\"4\",\"correct\":false,\"ended_on\":\"response\",\"duration\":13536.899999999994,\"time_run\":186677,\"time_render\":186669.02,\"time_show\":186720.1,\"time_end\":200257,\"time_commit\":200270,\"timestamp\":\"2021-09-19T08:56:25.834Z\",\"time_switch\":200338.34},{\"sender\":\"test12\",\"sender_type\":\"canvas.Screen\",\"sender_id\":\"7_11\",\"response\":\"4\",\"response_action\":\"click(0) @4\",\"correctResponse\":\"1\",\"correct\":false,\"ended_on\":\"response\",\"duration\":26391.660000000003,\"time_run\":200271,\"time_render\":200268.7,\"time_show\":200338.34,\"time_end\":226730,\"time_commit\":226745,\"timestamp\":\"2021-09-19T08:56:52.351Z\",\"time_switch\":226766.62},{\"sender\":\"tests (15min)\",\"sender_type\":\"flow.Sequence\",\"sender_id\":\"7\",\"ended_on\":\"completion\",\"duration\":161926.78,\"time_run\":64757,\"time_render\":64753.22,\"time_show\":64803.22,\"time_end\":226730,\"time_commit\":226760,\"timestamp\":\"2021-09-19T08:56:52.357Z\",\"time_switch\":226766.62},{\"sender\":\"good bye\",\"sender_type\":\"canvas.Screen\",\"sender_id\":\"8\",\"ended_on\":\"timeout\",\"duration\":4001.3399999999965,\"time_run\":226762,\"time_render\":226739.9,\"time_show\":226766.62,\"time_end\":230751.3,\"time_commit\":230754,\"timestamp\":\"2021-09-19T08:56:56.351Z\",\"time_switch\":230767.96},{\"sender\":\"root\",\"sender_type\":\"flow.Sequence\",\"sender_id\":null,\"ended_on\":\"completion\",\"duration\":225209.02,\"time_run\":5531,\"time_render\":5532.44,\"time_show\":5542.28,\"time_end\":230751.3,\"time_commit\":230756,\"timestamp\":\"2021-09-19T08:56:56.353Z\",\"time_switch\":230767.96}]",
    "metadata": "{\"slice\":0,\"id\":\"920fa0e1-a946-4ac4-8507-c78e02de0f0f\",\"payload\":\"full\"}",
    "url": "https://exp01.zih.tu-dresden.de/experiments/raven_task/"
}