{
    "data": "[{\"url\":{},\"meta\":{\"labjs_version\":\"20.1.1\",\"labjs_build\":{\"flavor\":\"production\",\"commit\":\"cd5695f774968f50499757c1423bd95d033ea08e\"},\"location\":\"https://exp01.zih.tu-dresden.de/experiments/spot_a_word_task/\",\"userAgent\":\"Mozilla/5.0 (Windows NT 6.1; Win64; x64; rv:92.0) Gecko/20100101 Firefox/92.0\",\"platform\":\"Win32\",\"language\":\"de\",\"locale\":\"de-DE\",\"timeZone\":\"Europe/Berlin\",\"timezoneOffset\":-120,\"screen_width\":1138,\"screen_height\":640,\"scroll_width\":1138,\"scroll_height\":513,\"window_innerWidth\":1138,\"window_innerHeight\":513,\"devicePixelRatio\":1.2},\"sender\":\"start_html\",\"sender_type\":\"html.Screen\",\"sender_id\":\"0\",\"ended_on\":\"timeout\",\"duration\":6003.16,\"time_run\":764,\"time_render\":786.14,\"time_show\":802.54,\"time_end\":6789.02,\"time_commit\":6793,\"timestamp\":\"2021-09-19T08:44:02.049Z\",\"time_switch\":6805.7},{\"sender\":\"manual_html\",\"sender_type\":\"html.Screen\",\"sender_id\":\"1\",\"response\":\"space\",\"response_action\":\"keypress(Space)\",\"ended_on\":\"response\",\"duration\":65219.3,\"time_run\":6794,\"time_render\":6789.02,\"time_show\":6805.7,\"time_end\":72025,\"time_commit\":72039,\"timestamp\":\"2021-09-19T08:45:07.296Z\",\"time_switch\":72092.36},{\"sender\":\"example1_screen\",\"sender_type\":\"canvas.Screen\",\"sender_id\":\"2\",\"response\":\"4\",\"response_action\":\"keypress(4)\",\"correctResponse\":\"4\",\"correct\":true,\"ended_on\":\"response\",\"duration\":3083.6399999999994,\"time_run\":72070,\"time_render\":72070.62,\"time_show\":72092.36,\"time_end\":75176,\"time_commit\":75181,\"timestamp\":\"2021-09-19T08:45:10.437Z\",\"time_switch\":75203.38},{\"sender\":\"example1_feedback\",\"sender_type\":\"canvas.Screen\",\"sender_id\":\"3\",\"response\":\"Space\",\"response_action\":\"keypress(Space)\",\"ended_on\":\"response\",\"duration\":2733.6199999999953,\"time_run\":75202,\"time_render\":75202.96,\"time_show\":75203.38,\"time_end\":77937,\"time_commit\":77951,\"timestamp\":\"2021-09-19T08:45:13.208Z\",\"time_switch\":77985.04},{\"sender\":\"example2_screen\",\"sender_type\":\"canvas.Screen\",\"sender_id\":\"4\",\"response\":\"5\",\"response_action\":\"keypress(5)\",\"correctResponse\":\"5\",\"correct\":true,\"ended_on\":\"response\",\"duration\":2944.9600000000064,\"time_run\":77972,\"time_render\":77972.08,\"time_show\":77985.04,\"time_end\":80930,\"time_commit\":80942,\"timestamp\":\"2021-09-19T08:45:16.199Z\",\"time_switch\":80966.44},{\"sender\":\"example2_feedback\",\"sender_type\":\"canvas.Screen\",\"sender_id\":\"5\",\"response\":\"Space\",\"response_action\":\"keypress(Space)\",\"ended_on\":\"response\",\"duration\":1178.5599999999977,\"time_run\":80965,\"time_render\":80964.9,\"time_show\":80966.44,\"time_end\":82145,\"time_commit\":82149,\"timestamp\":\"2021-09-19T08:45:17.404Z\",\"time_switch\":82166.72},{\"sender\":\"example3_screen\",\"sender_type\":\"canvas.Screen\",\"sender_id\":\"6\",\"response\":\"1\",\"response_action\":\"keypress(1)\",\"correctResponse\":\"1\",\"correct\":true,\"ended_on\":\"response\",\"duration\":2630.279999999999,\"time_run\":82166,\"time_render\":82166.48,\"time_show\":82166.72,\"time_end\":84797,\"time_commit\":84801,\"timestamp\":\"2021-09-19T08:45:20.057Z\",\"time_switch\":84824.14},{\"sender\":\"example3_feedback\",\"sender_type\":\"canvas.Screen\",\"sender_id\":\"7\",\"response\":\"Space\",\"response_action\":\"keypress(Space)\",\"ended_on\":\"response\",\"duration\":1017.8600000000006,\"time_run\":84822,\"time_render\":84822.56,\"time_show\":84824.14,\"time_end\":85842,\"time_commit\":85851,\"timestamp\":\"2021-09-19T08:45:21.107Z\",\"time_switch\":85855.14},{\"sender\":\"get_ready_html\",\"sender_type\":\"html.Screen\",\"sender_id\":\"8\",\"response\":\"space\",\"response_action\":\"keypress(Space)\",\"ended_on\":\"response\",\"duration\":7410.860000000001,\"time_run\":85852,\"time_render\":85852.54,\"time_show\":85855.14,\"time_end\":93266,\"time_commit\":93270,\"timestamp\":\"2021-09-19T08:45:28.527Z\",\"time_switch\":93381.52},{\"sender\":\"trial_screen\",\"sender_type\":\"canvas.Screen\",\"sender_id\":\"9_0\",\"correct\":true,\"trial_ID\":1,\"word1\":\"siziol\",\"word2\":\"salzahl\",\"word3\":\"sozihl\",\"word4\":\"sziam\",\"word5\":\"sozial\",\"response\":\"5\",\"response_action\":\"keypress(5)\",\"correctResponse\":\"5\",\"ended_on\":\"response\",\"duration\":2848.479999999996,\"time_run\":93381,\"time_render\":93381.28,\"time_show\":93381.52,\"time_end\":96230,\"time_commit\":96244,\"timestamp\":\"2021-09-19T08:45:31.500Z\",\"time_switch\":96269.68},{\"sender\":\"trial_screen\",\"sender_type\":\"canvas.Screen\",\"sender_id\":\"9_1\",\"correct\":true,\"trial_ID\":2,\"word1\":\"Lamone\",\"word2\":\"Talane\",\"word3\":\"Matrone\",\"word4\":\"Tarone\",\"word5\":\"Malonte\",\"response\":\"3\",\"response_action\":\"keypress(3)\",\"correctResponse\":\"3\",\"ended_on\":\"response\",\"duration\":2908.320000000007,\"time_run\":96270,\"time_render\":96269.42,\"time_show\":96269.68,\"time_end\":99178,\"time_commit\":99199,\"timestamp\":\"2021-09-19T08:45:34.455Z\",\"time_switch\":99218.56},{\"sender\":\"trial_screen\",\"sender_type\":\"canvas.Screen\",\"sender_id\":\"9_2\",\"correct\":true,\"trial_ID\":3,\"word1\":\"kurinesisch\",\"word2\":\"kulinarisch\",\"word3\":\"kumenisch\",\"word4\":\"kulissarisch\",\"word5\":\"kannastrisch\",\"response\":\"2\",\"response_action\":\"keypress(2)\",\"correctResponse\":\"2\",\"ended_on\":\"response\",\"duration\":2533.4400000000023,\"time_run\":99217,\"time_render\":99217.7,\"time_show\":99218.56,\"time_end\":101752,\"time_commit\":101772,\"timestamp\":\"2021-09-19T08:45:37.028Z\",\"time_switch\":101799.08},{\"sender\":\"trial_screen\",\"sender_type\":\"canvas.Screen\",\"sender_id\":\"9_3\",\"correct\":true,\"trial_ID\":4,\"word1\":\"Tinxur\",\"word2\":\"Kukutur\",\"word3\":\"Fraktan\",\"word4\":\"Tinktur\",\"word5\":\"Rimsuhr\",\"response\":\"4\",\"response_action\":\"keypress(4)\",\"correctResponse\":\"4\",\"ended_on\":\"response\",\"duration\":3181.9199999999983,\"time_run\":101792,\"time_render\":101792.2,\"time_show\":101799.08,\"time_end\":104981,\"time_commit\":104989,\"timestamp\":\"2021-09-19T08:45:40.246Z\",\"time_switch\":105019.5},{\"sender\":\"trial_screen\",\"sender_type\":\"canvas.Screen\",\"sender_id\":\"9_4\",\"correct\":true,\"trial_ID\":5,\"word1\":\"beralen\",\"word2\":\"ger\u00e4ltet\",\"word3\":\"an\u00e4lteren\",\"word4\":\"unt\u00e4ren\",\"word5\":\"verbr\u00e4men\",\"response\":\"5\",\"response_action\":\"keypress(5)\",\"correctResponse\":\"5\",\"ended_on\":\"response\",\"duration\":10008.5,\"time_run\":105019,\"time_render\":105019.14,\"time_show\":105019.5,\"time_end\":115028,\"time_commit\":115044,\"timestamp\":\"2021-09-19T08:45:50.300Z\",\"time_switch\":115077.62},{\"sender\":\"trial_screen\",\"sender_type\":\"canvas.Screen\",\"sender_id\":\"9_5\",\"correct\":true,\"trial_ID\":6,\"word1\":\"Rosto\",\"word2\":\"Torso\",\"word3\":\"Soro\",\"word4\":\"Torgos\",\"word5\":\"Tosor\",\"response\":\"2\",\"response_action\":\"keypress(2)\",\"correctResponse\":\"2\",\"ended_on\":\"response\",\"duration\":3241.3800000000047,\"time_run\":115078,\"time_render\":115077.36,\"time_show\":115077.62,\"time_end\":118319,\"time_commit\":118331,\"timestamp\":\"2021-09-19T08:45:53.587Z\",\"time_switch\":118355.62},{\"sender\":\"trial_screen\",\"sender_type\":\"canvas.Screen\",\"sender_id\":\"9_6\",\"correct\":true,\"trial_ID\":7,\"word1\":\"Redor\",\"word2\":\"Radium\",\"word3\":\"Terion\",\"word4\":\"Dramin\",\"word5\":\"Orakium\",\"response\":\"2\",\"response_action\":\"keypress(2)\",\"correctResponse\":\"2\",\"ended_on\":\"response\",\"duration\":1695.3800000000047,\"time_run\":118355,\"time_render\":118355.06,\"time_show\":118355.62,\"time_end\":120051,\"time_commit\":120070,\"timestamp\":\"2021-09-19T08:45:55.326Z\",\"time_switch\":120095.3},{\"sender\":\"trial_screen\",\"sender_type\":\"canvas.Screen\",\"sender_id\":\"9_7\",\"correct\":true,\"trial_ID\":8,\"word1\":\"Nale\",\"word2\":\"Sahe\",\"word3\":\"Nase\",\"word4\":\"Nesa\",\"word5\":\"Sehna\",\"response\":\"3\",\"response_action\":\"keypress(3)\",\"correctResponse\":\"3\",\"ended_on\":\"response\",\"duration\":1640.699999999997,\"time_run\":120095,\"time_render\":120095.1,\"time_show\":120095.3,\"time_end\":121736,\"time_commit\":121746,\"timestamp\":\"2021-09-19T08:45:57.002Z\",\"time_switch\":121775.12},{\"sender\":\"trial_screen\",\"sender_type\":\"canvas.Screen\",\"sender_id\":\"9_8\",\"correct\":true,\"trial_ID\":9,\"word1\":\"Rilkiase\",\"word2\":\"Kilister\",\"word3\":\"Riliker\",\"word4\":\"Klistier\",\"word5\":\"Linkure\",\"response\":\"4\",\"response_action\":\"keypress(4)\",\"correctResponse\":\"4\",\"ended_on\":\"response\",\"duration\":4406.880000000005,\"time_run\":121775,\"time_render\":121774.86,\"time_show\":121775.12,\"time_end\":126182,\"time_commit\":126193,\"timestamp\":\"2021-09-19T08:46:01.449Z\",\"time_switch\":126217.24},{\"sender\":\"trial_screen\",\"sender_type\":\"canvas.Screen\",\"sender_id\":\"9_9\",\"correct\":true,\"trial_ID\":10,\"word1\":\"kentern\",\"word2\":\"knerte\",\"word3\":\"kanzen\",\"word4\":\"kretern\",\"word5\":\"trekern\",\"response\":\"1\",\"response_action\":\"keypress(1)\",\"correctResponse\":\"1\",\"ended_on\":\"response\",\"duration\":2477.7599999999948,\"time_run\":126216,\"time_render\":126216.54,\"time_show\":126217.24,\"time_end\":128695,\"time_commit\":128717,\"timestamp\":\"2021-09-19T08:46:03.973Z\",\"time_switch\":128755.34},{\"sender\":\"trial_screen\",\"sender_type\":\"canvas.Screen\",\"sender_id\":\"9_10\",\"correct\":true,\"trial_ID\":11,\"word1\":\"Sorekin\",\"word2\":\"Sarowin\",\"word3\":\"Rosakin\",\"word4\":\"Narosin\",\"word5\":\"Kerosin\",\"response\":\"5\",\"response_action\":\"keypress(5)\",\"correctResponse\":\"5\",\"ended_on\":\"response\",\"duration\":3090.6600000000035,\"time_run\":128753,\"time_render\":128752.8,\"time_show\":128755.34,\"time_end\":131846,\"time_commit\":131858,\"timestamp\":\"2021-09-19T08:46:07.114Z\",\"time_switch\":131880.26},{\"sender\":\"trial_screen\",\"sender_type\":\"canvas.Screen\",\"sender_id\":\"9_11\",\"correct\":true,\"trial_ID\":12,\"word1\":\"Ralke\",\"word2\":\"Korre\",\"word3\":\"Ruckse\",\"word4\":\"Recke\",\"word5\":\"Ulte\",\"response\":\"4\",\"response_action\":\"keypress(4)\",\"correctResponse\":\"4\",\"ended_on\":\"response\",\"duration\":6002.739999999991,\"time_run\":131880,\"time_render\":131879.98,\"time_show\":131880.26,\"time_end\":137883,\"time_commit\":137900,\"timestamp\":\"2021-09-19T08:46:13.156Z\",\"time_switch\":137934.1},{\"sender\":\"trial_screen\",\"sender_type\":\"canvas.Screen\",\"sender_id\":\"9_12\",\"correct\":true,\"trial_ID\":13,\"word1\":\"Kapaun\",\"word2\":\"Paukan\",\"word3\":\"Naupack\",\"word4\":\"Aupeck\",\"word5\":\"Ankepran\",\"response\":\"1\",\"response_action\":\"keypress(1)\",\"correctResponse\":\"1\",\"ended_on\":\"response\",\"duration\":1928.8999999999942,\"time_run\":137933,\"time_render\":137932.44,\"time_show\":137934.1,\"time_end\":139863,\"time_commit\":139870,\"timestamp\":\"2021-09-19T08:46:15.126Z\",\"time_switch\":139889.4},{\"sender\":\"trial_screen\",\"sender_type\":\"canvas.Screen\",\"sender_id\":\"9_13\",\"correct\":true,\"trial_ID\":14,\"word1\":\"Dissonanz\",\"word2\":\"Diskrisanz\",\"word3\":\"Distranz\",\"word4\":\"Dinotanz\",\"word5\":\"Sidonenz\",\"response\":\"1\",\"response_action\":\"keypress(1)\",\"correctResponse\":\"1\",\"ended_on\":\"response\",\"duration\":4575.600000000006,\"time_run\":139889,\"time_render\":139889.14,\"time_show\":139889.4,\"time_end\":144465,\"time_commit\":144471,\"timestamp\":\"2021-09-19T08:46:19.727Z\",\"time_switch\":144502.24},{\"sender\":\"trial_screen\",\"sender_type\":\"canvas.Screen\",\"sender_id\":\"9_14\",\"correct\":true,\"trial_ID\":15,\"word1\":\"Kirse\",\"word2\":\"Sirke\",\"word3\":\"Krise\",\"word4\":\"Krospe\",\"word5\":\"Seris\",\"response\":\"3\",\"response_action\":\"keypress(3)\",\"correctResponse\":\"3\",\"ended_on\":\"response\",\"duration\":2849.7600000000093,\"time_run\":144497,\"time_render\":144497.42,\"time_show\":144502.24,\"time_end\":147352,\"time_commit\":147369,\"timestamp\":\"2021-09-19T08:46:22.626Z\",\"time_switch\":147388.52},{\"sender\":\"trial_screen\",\"sender_type\":\"canvas.Screen\",\"sender_id\":\"9_15\",\"correct\":true,\"trial_ID\":16,\"word1\":\"Tume\",\"word2\":\"Umat\",\"word3\":\"Maut\",\"word4\":\"Taum\",\"word5\":\"Muta\",\"response\":\"3\",\"response_action\":\"keypress(3)\",\"correctResponse\":\"3\",\"ended_on\":\"response\",\"duration\":2302.4800000000105,\"time_run\":147388,\"time_render\":147388.24,\"time_show\":147388.52,\"time_end\":149691,\"time_commit\":149706,\"timestamp\":\"2021-09-19T08:46:24.962Z\",\"time_switch\":149728.24},{\"sender\":\"trial_screen\",\"sender_type\":\"canvas.Screen\",\"sender_id\":\"9_16\",\"correct\":true,\"trial_ID\":17,\"word1\":\"Tuhl\",\"word2\":\"Lar\",\"word3\":\"Lest\",\"word4\":\"Dall\",\"word5\":\"Lid\",\"response\":\"5\",\"response_action\":\"keypress(5)\",\"correctResponse\":\"5\",\"ended_on\":\"response\",\"duration\":2661.7600000000093,\"time_run\":149728,\"time_render\":149728.02,\"time_show\":149728.24,\"time_end\":152390,\"time_commit\":152399,\"timestamp\":\"2021-09-19T08:46:27.656Z\",\"time_switch\":152423.06},{\"sender\":\"trial_screen\",\"sender_type\":\"canvas.Screen\",\"sender_id\":\"9_17\",\"correct\":false,\"trial_ID\":18,\"word1\":\"Adept\",\"word2\":\"Padet\",\"word3\":\"Edapt\",\"word4\":\"Epatt\",\"word5\":\"Taped\",\"response\":\"5\",\"response_action\":\"keypress(5)\",\"correctResponse\":\"1\",\"ended_on\":\"response\",\"duration\":7002.940000000002,\"time_run\":152423,\"time_render\":152422.62,\"time_show\":152423.06,\"time_end\":159426,\"time_commit\":159429,\"timestamp\":\"2021-09-19T08:46:34.685Z\",\"time_switch\":159450.8},{\"sender\":\"trial_screen\",\"sender_type\":\"canvas.Screen\",\"sender_id\":\"9_18\",\"correct\":true,\"trial_ID\":19,\"word1\":\"Spirine\",\"word2\":\"Saprin\",\"word3\":\"Parsin\",\"word4\":\"Purin\",\"word5\":\"Asprint\",\"response\":\"4\",\"response_action\":\"keypress(4)\",\"correctResponse\":\"4\",\"ended_on\":\"response\",\"duration\":3938.2000000000116,\"time_run\":159438,\"time_render\":159438.2,\"time_show\":159450.8,\"time_end\":163389,\"time_commit\":163399,\"timestamp\":\"2021-09-19T08:46:38.655Z\",\"time_switch\":163408.36},{\"sender\":\"trial_screen\",\"sender_type\":\"canvas.Screen\",\"sender_id\":\"9_19\",\"correct\":true,\"trial_ID\":20,\"word1\":\"Kulon\",\"word2\":\"Solgun\",\"word3\":\"Koskan\",\"word4\":\"Soran\",\"word5\":\"Klonus\",\"response\":\"5\",\"response_action\":\"keypress(5)\",\"correctResponse\":\"5\",\"ended_on\":\"response\",\"duration\":5361.640000000014,\"time_run\":163408,\"time_render\":163407.64,\"time_show\":163408.36,\"time_end\":168770,\"time_commit\":168779,\"timestamp\":\"2021-09-19T08:46:44.035Z\",\"time_switch\":168804.82},{\"sender\":\"trial_screen\",\"sender_type\":\"canvas.Screen\",\"sender_id\":\"9_20\",\"correct\":true,\"trial_ID\":21,\"word1\":\"Tronke\",\"word2\":\"Nocktherm\",\"word3\":\"Teronk\",\"word4\":\"Komtur\",\"word5\":\"Rocktur\",\"response\":\"4\",\"response_action\":\"keypress(4)\",\"correctResponse\":\"4\",\"ended_on\":\"response\",\"duration\":6626.179999999993,\"time_run\":168804,\"time_render\":168804.56,\"time_show\":168804.82,\"time_end\":175431,\"time_commit\":175445,\"timestamp\":\"2021-09-19T08:46:50.701Z\",\"time_switch\":175466.24},{\"sender\":\"trial_screen\",\"sender_type\":\"canvas.Screen\",\"sender_id\":\"9_21\",\"correct\":true,\"trial_ID\":22,\"word1\":\"Ripat\",\"word2\":\"Patinatte\",\"word3\":\"Tapir\",\"word4\":\"Apitt\",\"word5\":\"Padir\",\"response\":\"3\",\"response_action\":\"keypress(3)\",\"correctResponse\":\"3\",\"ended_on\":\"response\",\"duration\":1431.7600000000093,\"time_run\":175466,\"time_render\":175466,\"time_show\":175466.24,\"time_end\":176898,\"time_commit\":176915,\"timestamp\":\"2021-09-19T08:46:52.171Z\",\"time_switch\":176935.9},{\"sender\":\"trial_screen\",\"sender_type\":\"canvas.Screen\",\"sender_id\":\"9_22\",\"correct\":true,\"trial_ID\":23,\"word1\":\"Akifer\",\"word2\":\"Fiaker\",\"word3\":\"Kiaffa\",\"word4\":\"Sariffer\",\"word5\":\"Refisker\",\"response\":\"2\",\"response_action\":\"keypress(2)\",\"correctResponse\":\"2\",\"ended_on\":\"response\",\"duration\":1882.1000000000058,\"time_run\":176935,\"time_render\":176934.98,\"time_show\":176935.9,\"time_end\":178818,\"time_commit\":178833,\"timestamp\":\"2021-09-19T08:46:54.090Z\",\"time_switch\":178855.9},{\"sender\":\"trial_screen\",\"sender_type\":\"canvas.Screen\",\"sender_id\":\"9_23\",\"correct\":true,\"trial_ID\":24,\"word1\":\"Kleiber\",\"word2\":\"Beikel\",\"word3\":\"Keibel\",\"word4\":\"Reikler\",\"word5\":\"Biekerl\",\"response\":\"1\",\"response_action\":\"keypress(1)\",\"correctResponse\":\"1\",\"ended_on\":\"response\",\"duration\":1848.1000000000058,\"time_run\":178855,\"time_render\":178854.46,\"time_show\":178855.9,\"time_end\":180704,\"time_commit\":180710,\"timestamp\":\"2021-09-19T08:46:55.966Z\",\"time_switch\":180740.62},{\"sender\":\"trial_screen\",\"sender_type\":\"canvas.Screen\",\"sender_id\":\"9_24\",\"correct\":true,\"trial_ID\":25,\"word1\":\"Ig\u00e4de\",\"word2\":\"D\u00e4gie\",\"word3\":\"\u00c4gide\",\"word4\":\"Dig\u00e4de\",\"word5\":\"Giad\",\"response\":\"3\",\"response_action\":\"keypress(3)\",\"correctResponse\":\"3\",\"ended_on\":\"response\",\"duration\":2413.3800000000047,\"time_run\":180729,\"time_render\":180729.64,\"time_show\":180740.62,\"time_end\":183154,\"time_commit\":183166,\"timestamp\":\"2021-09-19T08:46:58.422Z\",\"time_switch\":183183.48},{\"sender\":\"trial_screen\",\"sender_type\":\"canvas.Screen\",\"sender_id\":\"9_25\",\"correct\":true,\"trial_ID\":26,\"word1\":\"Rixal\",\"word2\":\"Irtax\",\"word3\":\"Rackizie\",\"word4\":\"Matrix\",\"word5\":\"Atrige\",\"response\":\"4\",\"response_action\":\"keypress(4)\",\"correctResponse\":\"4\",\"ended_on\":\"response\",\"duration\":2294.5199999999895,\"time_run\":183181,\"time_render\":183181.36,\"time_show\":183183.48,\"time_end\":185478,\"time_commit\":185493,\"timestamp\":\"2021-09-19T08:47:00.750Z\",\"time_switch\":185504.44},{\"sender\":\"trial_screen\",\"sender_type\":\"canvas.Screen\",\"sender_id\":\"9_26\",\"correct\":false,\"trial_ID\":27,\"word1\":\"Haskisch\",\"word2\":\"Asmisch\",\"word3\":\"Schisma\",\"word4\":\"Rasthmie\",\"word5\":\"Ilschah\",\"response\":\"4\",\"response_action\":\"keypress(4)\",\"correctResponse\":\"3\",\"ended_on\":\"response\",\"duration\":10597.559999999998,\"time_run\":185504,\"time_render\":185504.2,\"time_show\":185504.44,\"time_end\":196102,\"time_commit\":196120,\"timestamp\":\"2021-09-19T08:47:11.375Z\",\"time_switch\":196149.56},{\"sender\":\"trial_screen\",\"sender_type\":\"canvas.Screen\",\"sender_id\":\"9_27\",\"correct\":false,\"trial_ID\":28,\"word1\":\"Sallose\",\"word2\":\"Lordose\",\"word3\":\"Dormase\",\"word4\":\"Rollase\",\"word5\":\"Ardierole\",\"response\":\"3\",\"response_action\":\"keypress(3)\",\"correctResponse\":\"2\",\"ended_on\":\"response\",\"duration\":9873.440000000002,\"time_run\":196149,\"time_render\":196149.34,\"time_show\":196149.56,\"time_end\":206023,\"time_commit\":206029,\"timestamp\":\"2021-09-19T08:47:21.285Z\",\"time_switch\":206059.26},{\"sender\":\"trial_screen\",\"sender_type\":\"canvas.Screen\",\"sender_id\":\"9_28\",\"correct\":false,\"trial_ID\":29,\"word1\":\"Intranotion\",\"word2\":\"Infranatura\",\"word3\":\"Internodium\",\"word4\":\"Indotalie\",\"word5\":\"Indosta\",\"response\":\"2\",\"response_action\":\"keypress(2)\",\"correctResponse\":\"3\",\"ended_on\":\"response\",\"duration\":7514.739999999991,\"time_run\":206057,\"time_render\":206057.22,\"time_show\":206059.26,\"time_end\":213574,\"time_commit\":213593,\"timestamp\":\"2021-09-19T08:47:28.849Z\",\"time_switch\":213625.12},{\"sender\":\"trial_screen\",\"sender_type\":\"canvas.Screen\",\"sender_id\":\"9_29\",\"correct\":true,\"trial_ID\":30,\"word1\":\"Idaste\",\"word2\":\"Dastrix\",\"word3\":\"Astike\",\"word4\":\"Sadile\",\"word5\":\"Kasside\",\"response\":\"5\",\"response_action\":\"keypress(5)\",\"correctResponse\":\"5\",\"ended_on\":\"response\",\"duration\":5002.880000000005,\"time_run\":213624,\"time_render\":213623.7,\"time_show\":213625.12,\"time_end\":218628,\"time_commit\":218639,\"timestamp\":\"2021-09-19T08:47:33.895Z\",\"time_switch\":218664.9},{\"sender\":\"trial_screen\",\"sender_type\":\"canvas.Screen\",\"sender_id\":\"9_30\",\"correct\":true,\"trial_ID\":31,\"word1\":\"Libration\",\"word2\":\"Bilation\",\"word3\":\"Arlation\",\"word4\":\"Iberation\",\"word5\":\"Tiradon\",\"response\":\"1\",\"response_action\":\"keypress(1)\",\"correctResponse\":\"1\",\"ended_on\":\"response\",\"duration\":5798.100000000006,\"time_run\":218664,\"time_render\":218663.9,\"time_show\":218664.9,\"time_end\":224463,\"time_commit\":224471,\"timestamp\":\"2021-09-19T08:47:39.728Z\",\"time_switch\":224501.82},{\"sender\":\"trial_screen\",\"sender_type\":\"canvas.Screen\",\"sender_id\":\"9_31\",\"correct\":true,\"trial_ID\":32,\"word1\":\"Pucker\",\"word2\":\"Keuper\",\"word3\":\"Eucker\",\"word4\":\"Reuspeck\",\"word5\":\"Urkane\",\"response\":\"2\",\"response_action\":\"keypress(2)\",\"correctResponse\":\"2\",\"ended_on\":\"response\",\"duration\":4687.179999999993,\"time_run\":224502,\"time_render\":224501.44,\"time_show\":224501.82,\"time_end\":229189,\"time_commit\":229201,\"timestamp\":\"2021-09-19T08:47:44.457Z\",\"time_switch\":229222.26},{\"sender\":\"trial_screen\",\"sender_type\":\"canvas.Screen\",\"sender_id\":\"9_32\",\"correct\":false,\"trial_ID\":33,\"word1\":\"Sickaber\",\"word2\":\"Bassiker\",\"word3\":\"Kassiber\",\"word4\":\"Sassiker\",\"word5\":\"Askiber\",\"response\":\"5\",\"response_action\":\"keypress(5)\",\"correctResponse\":\"3\",\"ended_on\":\"response\",\"duration\":4537.739999999991,\"time_run\":229212,\"time_render\":229212.4,\"time_show\":229222.26,\"time_end\":233760,\"time_commit\":233766,\"timestamp\":\"2021-09-19T08:47:49.022Z\",\"time_switch\":233781.46},{\"sender\":\"trial_screen\",\"sender_type\":\"canvas.Screen\",\"sender_id\":\"9_33\",\"correct\":false,\"trial_ID\":34,\"word1\":\"Alquallon\",\"word2\":\"Lisqualien\",\"word3\":\"Talquallen\",\"word4\":\"Quisquilien\",\"word5\":\"Rielquellen\",\"response\":\"5\",\"response_action\":\"keypress(5)\",\"correctResponse\":\"4\",\"ended_on\":\"response\",\"duration\":6249.540000000008,\"time_run\":233781,\"time_render\":233781.26,\"time_show\":233781.46,\"time_end\":240031,\"time_commit\":240043,\"timestamp\":\"2021-09-19T08:47:55.299Z\",\"time_switch\":240085.14},{\"sender\":\"trial_screen\",\"sender_type\":\"canvas.Screen\",\"sender_id\":\"9_34\",\"correct\":false,\"trial_ID\":35,\"word1\":\"Berkiza\",\"word2\":\"Brekzie\",\"word3\":\"Birakzie\",\"word4\":\"Brikazie\",\"word5\":\"Bakiria\",\"response\":\"5\",\"response_action\":\"keypress(5)\",\"correctResponse\":\"2\",\"ended_on\":\"response\",\"duration\":5624.859999999986,\"time_run\":240072,\"time_render\":240072.34,\"time_show\":240085.14,\"time_end\":245710,\"time_commit\":245717,\"timestamp\":\"2021-09-19T08:48:00.974Z\",\"time_switch\":245721.48},{\"sender\":\"loop_trial\",\"sender_type\":\"flow.Loop\",\"sender_id\":\"9\",\"ended_on\":\"completion\",\"duration\":152328.47999999998,\"time_run\":93369,\"time_render\":93381.28,\"time_show\":93381.52,\"time_end\":245710,\"time_commit\":245720,\"timestamp\":\"2021-09-19T08:48:00.977Z\",\"time_switch\":245721.48},{\"sender\":\"end_html\",\"sender_type\":\"html.Screen\",\"sender_id\":\"10\",\"ended_on\":\"timeout\",\"duration\":5997.779999999999,\"time_run\":245721,\"time_render\":245720.94,\"time_show\":245721.48,\"time_end\":251702.6,\"time_commit\":251707,\"timestamp\":\"2021-09-19T08:48:06.964Z\",\"time_switch\":251719.26},{\"sender\":\"root\",\"sender_type\":\"flow.Sequence\",\"sender_id\":null,\"ended_on\":\"completion\",\"duration\":250900.06,\"time_run\":763,\"time_render\":786.14,\"time_show\":802.54,\"time_end\":251702.6,\"time_commit\":251709,\"timestamp\":\"2021-09-19T08:48:06.966Z\",\"time_switch\":251719.26}]",
    "metadata": "{\"slice\":0,\"id\":\"41e042a8-3d30-4854-86a3-f5e6e376ff26\",\"payload\":\"full\"}",
    "url": "https://exp01.zih.tu-dresden.de/experiments/spot_a_word_task/"
}