{
    "data": "[{\"url\":{},\"meta\":{\"labjs_version\":\"20.1.1\",\"labjs_build\":{\"flavor\":\"production\",\"commit\":\"cd5695f774968f50499757c1423bd95d033ea08e\"},\"location\":\"https://exp02.zih.tu-dresden.de/experiments/spot_a_word_task/\",\"userAgent\":\"Mozilla/5.0 (Windows NT 10.0; Win64; x64) AppleWebKit/537.36 (KHTML, like Gecko) Chrome/90.0.4430.212 Safari/537.36\",\"platform\":\"Win32\",\"language\":\"de-DE\",\"locale\":\"de\",\"timeZone\":\"Europe/Berlin\",\"timezoneOffset\":-120,\"screen_width\":1920,\"screen_height\":1080,\"scroll_width\":1920,\"scroll_height\":889,\"window_innerWidth\":1920,\"window_innerHeight\":937,\"devicePixelRatio\":1},\"sender\":\"start_html\",\"sender_type\":\"html.Screen\",\"sender_id\":\"0\",\"ended_on\":\"timeout\",\"duration\":6000.34,\"time_run\":731.6650000284426,\"time_render\":719.193,\"time_show\":735.869,\"time_end\":6719.55,\"time_commit\":6725.72000004584,\"timestamp\":\"2021-05-31T10:38:54.756Z\",\"time_switch\":6736.209},{\"sender\":\"manual_html\",\"sender_type\":\"html.Screen\",\"sender_id\":\"1\",\"response\":\"space\",\"response_action\":\"keypress(Space)\",\"ended_on\":\"response\",\"duration\":15880.69600000259,\"time_run\":6726.550000021234,\"time_render\":6719.55,\"time_show\":6736.209,\"time_end\":22616.90500000259,\"time_commit\":22621.145000040997,\"timestamp\":\"2021-05-31T10:39:10.652Z\",\"time_switch\":22636.949},{\"sender\":\"example1_screen\",\"sender_type\":\"canvas.Screen\",\"sender_id\":\"2\",\"response\":\"4\",\"response_action\":\"keypress(4)\",\"correctResponse\":\"4\",\"correct\":true,\"ended_on\":\"response\",\"duration\":2419.241000032074,\"time_run\":22627.850000048056,\"time_render\":22602.956,\"time_show\":22636.949,\"time_end\":25056.190000032075,\"time_commit\":25057.6449999935,\"timestamp\":\"2021-05-31T10:39:13.088Z\",\"time_switch\":25070.425},{\"sender\":\"example1_feedback\",\"sender_type\":\"canvas.Screen\",\"sender_id\":\"3\",\"response\":\"Space\",\"response_action\":\"keypress(Space)\",\"ended_on\":\"response\",\"duration\":1113.8500000068925,\"time_run\":25064.14000003133,\"time_render\":25053.536,\"time_show\":25070.425,\"time_end\":26184.27500000689,\"time_commit\":26185.36000000313,\"timestamp\":\"2021-05-31T10:39:14.216Z\",\"time_switch\":26203.786},{\"sender\":\"example2_screen\",\"sender_type\":\"canvas.Screen\",\"sender_id\":\"4\",\"response\":\"5\",\"response_action\":\"keypress(5)\",\"correctResponse\":\"5\",\"correct\":true,\"ended_on\":\"response\",\"duration\":2532.564000021048,\"time_run\":26192.610000027344,\"time_render\":26187.025,\"time_show\":26203.786,\"time_end\":28736.350000021048,\"time_commit\":28737.560000037774,\"timestamp\":\"2021-05-31T10:39:16.768Z\",\"time_switch\":28753.896},{\"sender\":\"example2_feedback\",\"sender_type\":\"canvas.Screen\",\"sender_id\":\"5\",\"response\":\"Space\",\"response_action\":\"keypress(Space)\",\"ended_on\":\"response\",\"duration\":798.5439999994778,\"time_run\":28744.165000040084,\"time_render\":28737.012,\"time_show\":28753.896,\"time_end\":29552.43999999948,\"time_commit\":29553.700000047684,\"timestamp\":\"2021-05-31T10:39:17.584Z\",\"time_switch\":29570.623},{\"sender\":\"example3_screen\",\"sender_type\":\"canvas.Screen\",\"sender_id\":\"6\",\"response\":\"1\",\"response_action\":\"keypress(1)\",\"correctResponse\":\"1\",\"correct\":true,\"ended_on\":\"response\",\"duration\":2045.6919999920283,\"time_run\":29560.630000021774,\"time_render\":29553.874,\"time_show\":29570.623,\"time_end\":31616.314999992028,\"time_commit\":31617.435000021942,\"timestamp\":\"2021-05-31T10:39:19.648Z\",\"time_switch\":31637.367},{\"sender\":\"example3_feedback\",\"sender_type\":\"canvas.Screen\",\"sender_id\":\"7\",\"response\":\"Space\",\"response_action\":\"keypress(Space)\",\"ended_on\":\"response\",\"duration\":978.9380000322999,\"time_run\":31622.895000036806,\"time_render\":31620.7,\"time_show\":31637.367,\"time_end\":32616.3050000323,\"time_commit\":32617.35499999486,\"timestamp\":\"2021-05-31T10:39:20.648Z\",\"time_switch\":32637.426},{\"sender\":\"get_ready_html\",\"sender_type\":\"html.Screen\",\"sender_id\":\"8\",\"response\":\"space\",\"response_action\":\"keypress(Space)\",\"ended_on\":\"response\",\"duration\":1190280.8040000102,\"time_run\":32617.774999991525,\"time_render\":32620.649,\"time_show\":32637.426,\"time_end\":1222918.2300000102,\"time_commit\":1222920.700000017,\"timestamp\":\"2021-05-31T10:59:14.573Z\",\"time_switch\":1222993.374},{\"sender\":\"trial_screen\",\"sender_type\":\"canvas.Screen\",\"sender_id\":\"9_0\",\"correct\":true,\"trial_ID\":1,\"word1\":\"siziol\",\"word2\":\"salzahl\",\"word3\":\"sozihl\",\"word4\":\"sziam\",\"word5\":\"sozial\",\"response\":\"5\",\"response_action\":\"keypress(5)\",\"correctResponse\":\"5\",\"ended_on\":\"response\",\"duration\":2420.551000000676,\"time_run\":1222981.2450000318,\"time_render\":1222976.681,\"time_show\":1222993.374,\"time_end\":1225413.9250000007,\"time_commit\":1225415.2950000134,\"timestamp\":\"2021-05-31T10:59:17.067Z\",\"time_switch\":1225443.587},{\"sender\":\"trial_screen\",\"sender_type\":\"canvas.Screen\",\"sender_id\":\"9_1\",\"correct\":false,\"trial_ID\":2,\"word1\":\"Lamone\",\"word2\":\"Talane\",\"word3\":\"Matrone\",\"word4\":\"Tarone\",\"word5\":\"Malonte\",\"response\":\"4\",\"response_action\":\"keypress(4)\",\"correctResponse\":\"3\",\"ended_on\":\"response\",\"duration\":7954.763000032166,\"time_run\":1225422.6600000402,\"time_render\":1225410.029,\"time_show\":1225443.587,\"time_end\":1233398.3500000322,\"time_commit\":1233399.870000023,\"timestamp\":\"2021-05-31T10:59:25.052Z\",\"time_switch\":1233410.59},{\"sender\":\"trial_screen\",\"sender_type\":\"canvas.Screen\",\"sender_id\":\"9_2\",\"correct\":true,\"trial_ID\":3,\"word1\":\"kurinesisch\",\"word2\":\"kulinarisch\",\"word3\":\"kumenisch\",\"word4\":\"kulissarisch\",\"word5\":\"kannastrisch\",\"response\":\"2\",\"response_action\":\"keypress(2)\",\"correctResponse\":\"2\",\"ended_on\":\"response\",\"duration\":3039.420000029495,\"time_run\":1233408.5100000375,\"time_render\":1233393.86,\"time_show\":1233410.59,\"time_end\":1236450.0100000296,\"time_commit\":1236451.2100000284,\"timestamp\":\"2021-05-31T10:59:28.103Z\",\"time_switch\":1236460.738},{\"sender\":\"trial_screen\",\"sender_type\":\"canvas.Screen\",\"sender_id\":\"9_3\",\"correct\":true,\"trial_ID\":4,\"word1\":\"Tinxur\",\"word2\":\"Kukutur\",\"word3\":\"Fraktan\",\"word4\":\"Tinktur\",\"word5\":\"Rimsuhr\",\"response\":\"4\",\"response_action\":\"keypress(4)\",\"correctResponse\":\"4\",\"ended_on\":\"response\",\"duration\":3899.7920000054874,\"time_run\":1236456.9050000282,\"time_render\":1236443.856,\"time_show\":1236460.738,\"time_end\":1240360.5300000054,\"time_commit\":1240361.7899999954,\"timestamp\":\"2021-05-31T10:59:32.014Z\",\"time_switch\":1240377.567},{\"sender\":\"trial_screen\",\"sender_type\":\"canvas.Screen\",\"sender_id\":\"9_4\",\"correct\":false,\"trial_ID\":5,\"word1\":\"beralen\",\"word2\":\"ger\u00e4ltet\",\"word3\":\"an\u00e4lteren\",\"word4\":\"unt\u00e4ren\",\"word5\":\"verbr\u00e4men\",\"response\":\"4\",\"response_action\":\"keypress(4)\",\"correctResponse\":\"5\",\"ended_on\":\"response\",\"duration\":10137.058000010671,\"time_run\":1240367.5999999978,\"time_render\":1240360.584,\"time_show\":1240377.567,\"time_end\":1250514.6250000107,\"time_commit\":1250515.8500000252,\"timestamp\":\"2021-05-31T10:59:42.168Z\",\"time_switch\":1250528.069},{\"sender\":\"trial_screen\",\"sender_type\":\"canvas.Screen\",\"sender_id\":\"9_5\",\"correct\":true,\"trial_ID\":6,\"word1\":\"Rosto\",\"word2\":\"Torso\",\"word3\":\"Soro\",\"word4\":\"Torgos\",\"word5\":\"Tosor\",\"response\":\"2\",\"response_action\":\"keypress(2)\",\"correctResponse\":\"2\",\"ended_on\":\"response\",\"duration\":2328.541000017198,\"time_run\":1250521.945000044,\"time_render\":1250511.203,\"time_show\":1250528.069,\"time_end\":1252856.610000017,\"time_commit\":1252857.8650000272,\"timestamp\":\"2021-05-31T10:59:44.510Z\",\"time_switch\":1252878.169},{\"sender\":\"trial_screen\",\"sender_type\":\"canvas.Screen\",\"sender_id\":\"9_6\",\"correct\":true,\"trial_ID\":7,\"word1\":\"Redor\",\"word2\":\"Radium\",\"word3\":\"Terion\",\"word4\":\"Dramin\",\"word5\":\"Orakium\",\"response\":\"2\",\"response_action\":\"keypress(2)\",\"correctResponse\":\"2\",\"ended_on\":\"response\",\"duration\":1266.2510000260081,\"time_run\":1252866.260000039,\"time_render\":1252861.239,\"time_show\":1252878.169,\"time_end\":1254144.420000026,\"time_commit\":1254145.5050000222,\"timestamp\":\"2021-05-31T10:59:45.797Z\",\"time_switch\":1254161.533},{\"sender\":\"trial_screen\",\"sender_type\":\"canvas.Screen\",\"sender_id\":\"9_7\",\"correct\":true,\"trial_ID\":8,\"word1\":\"Nale\",\"word2\":\"Sahe\",\"word3\":\"Nase\",\"word4\":\"Nesa\",\"word5\":\"Sehna\",\"response\":\"3\",\"response_action\":\"keypress(3)\",\"correctResponse\":\"3\",\"ended_on\":\"response\",\"duration\":1790.817000035895,\"time_run\":1254151.6300000367,\"time_render\":1254144.778,\"time_show\":1254161.533,\"time_end\":1255952.350000036,\"time_commit\":1255953.4900000435,\"timestamp\":\"2021-05-31T10:59:47.605Z\",\"time_switch\":1255961.652},{\"sender\":\"trial_screen\",\"sender_type\":\"canvas.Screen\",\"sender_id\":\"9_8\",\"correct\":false,\"trial_ID\":9,\"word1\":\"Rilkiase\",\"word2\":\"Kilister\",\"word3\":\"Riliker\",\"word4\":\"Klistier\",\"word5\":\"Linkure\",\"response\":\"2\",\"response_action\":\"keypress(2)\",\"correctResponse\":\"4\",\"ended_on\":\"response\",\"duration\":8940.193000043975,\"time_run\":1255958.81000004,\"time_render\":1255944.823,\"time_show\":1255961.652,\"time_end\":1264901.845000044,\"time_commit\":1264902.9300000402,\"timestamp\":\"2021-05-31T10:59:56.555Z\",\"time_switch\":1264912.077},{\"sender\":\"trial_screen\",\"sender_type\":\"canvas.Screen\",\"sender_id\":\"9_9\",\"correct\":true,\"trial_ID\":10,\"word1\":\"kentern\",\"word2\":\"knerte\",\"word3\":\"kanzen\",\"word4\":\"kretern\",\"word5\":\"trekern\",\"response\":\"1\",\"response_action\":\"keypress(1)\",\"correctResponse\":\"1\",\"ended_on\":\"response\",\"duration\":2244.362999991514,\"time_run\":1264908.230000001,\"time_render\":1264894.979,\"time_show\":1264912.077,\"time_end\":1267156.4399999916,\"time_commit\":1267157.6600000262,\"timestamp\":\"2021-05-31T10:59:58.810Z\",\"time_switch\":1267178.829},{\"sender\":\"trial_screen\",\"sender_type\":\"canvas.Screen\",\"sender_id\":\"9_10\",\"correct\":true,\"trial_ID\":11,\"word1\":\"Sorekin\",\"word2\":\"Sarowin\",\"word3\":\"Rosakin\",\"word4\":\"Narosin\",\"word5\":\"Kerosin\",\"response\":\"5\",\"response_action\":\"keypress(5)\",\"correctResponse\":\"5\",\"ended_on\":\"response\",\"duration\":3601.8060000319965,\"time_run\":1267163.910000003,\"time_render\":1267161.969,\"time_show\":1267178.829,\"time_end\":1270780.635000032,\"time_commit\":1270781.7849999992,\"timestamp\":\"2021-05-31T11:00:02.434Z\",\"time_switch\":1270795.673},{\"sender\":\"trial_screen\",\"sender_type\":\"canvas.Screen\",\"sender_id\":\"9_11\",\"correct\":true,\"trial_ID\":12,\"word1\":\"Ralke\",\"word2\":\"Korre\",\"word3\":\"Ruckse\",\"word4\":\"Recke\",\"word5\":\"Ulte\",\"response\":\"4\",\"response_action\":\"keypress(4)\",\"correctResponse\":\"4\",\"ended_on\":\"response\",\"duration\":6053.417000032496,\"time_run\":1270787.394999992,\"time_render\":1270778.689,\"time_show\":1270795.673,\"time_end\":1276849.0900000324,\"time_commit\":1276850.3200000268,\"timestamp\":\"2021-05-31T11:00:08.502Z\",\"time_switch\":1276862.643},{\"sender\":\"trial_screen\",\"sender_type\":\"canvas.Screen\",\"sender_id\":\"9_12\",\"correct\":false,\"trial_ID\":13,\"word1\":\"Kapaun\",\"word2\":\"Paukan\",\"word3\":\"Naupack\",\"word4\":\"Aupeck\",\"word5\":\"Ankepran\",\"response\":\"2\",\"response_action\":\"keypress(2)\",\"correctResponse\":\"1\",\"ended_on\":\"response\",\"duration\":11113.882000005571,\"time_run\":1276855.6550000212,\"time_render\":1276845.431,\"time_show\":1276862.643,\"time_end\":1287976.5250000055,\"time_commit\":1287977.595000004,\"timestamp\":\"2021-05-31T11:00:19.630Z\",\"time_switch\":1287996.485},{\"sender\":\"trial_screen\",\"sender_type\":\"canvas.Screen\",\"sender_id\":\"9_13\",\"correct\":true,\"trial_ID\":14,\"word1\":\"Dissonanz\",\"word2\":\"Diskrisanz\",\"word3\":\"Distranz\",\"word4\":\"Dinotanz\",\"word5\":\"Sidonenz\",\"response\":\"1\",\"response_action\":\"keypress(1)\",\"correctResponse\":\"1\",\"ended_on\":\"response\",\"duration\":2123.925000032177,\"time_run\":1287988.7900000322,\"time_render\":1287978.959,\"time_show\":1287996.485,\"time_end\":1290120.4100000323,\"time_commit\":1290121.6700000223,\"timestamp\":\"2021-05-31T11:00:21.774Z\",\"time_switch\":1290129.895},{\"sender\":\"trial_screen\",\"sender_type\":\"canvas.Screen\",\"sender_id\":\"9_14\",\"correct\":true,\"trial_ID\":15,\"word1\":\"Kirse\",\"word2\":\"Sirke\",\"word3\":\"Krise\",\"word4\":\"Krospe\",\"word5\":\"Seris\",\"response\":\"3\",\"response_action\":\"keypress(3)\",\"correctResponse\":\"3\",\"ended_on\":\"response\",\"duration\":5214.480000044219,\"time_run\":1290126.9700000412,\"time_render\":1290113.244,\"time_show\":1290129.895,\"time_end\":1295344.3750000442,\"time_commit\":1295345.4600000405,\"timestamp\":\"2021-05-31T11:00:26.997Z\",\"time_switch\":1295363.493},{\"sender\":\"trial_screen\",\"sender_type\":\"canvas.Screen\",\"sender_id\":\"9_15\",\"correct\":true,\"trial_ID\":16,\"word1\":\"Tume\",\"word2\":\"Umat\",\"word3\":\"Maut\",\"word4\":\"Taum\",\"word5\":\"Muta\",\"response\":\"3\",\"response_action\":\"keypress(3)\",\"correctResponse\":\"3\",\"ended_on\":\"response\",\"duration\":2428.922000032617,\"time_run\":1295350.4500000272,\"time_render\":1295346.39,\"time_show\":1295363.493,\"time_end\":1297792.4150000326,\"time_commit\":1297793.565,\"timestamp\":\"2021-05-31T11:00:29.446Z\",\"time_switch\":1297813.606},{\"sender\":\"trial_screen\",\"sender_type\":\"canvas.Screen\",\"sender_id\":\"9_16\",\"correct\":true,\"trial_ID\":17,\"word1\":\"Tuhl\",\"word2\":\"Lar\",\"word3\":\"Lest\",\"word4\":\"Dall\",\"word5\":\"Lid\",\"response\":\"5\",\"response_action\":\"keypress(5)\",\"correctResponse\":\"5\",\"ended_on\":\"response\",\"duration\":3052.134000037564,\"time_run\":1297798.5300000291,\"time_render\":1297796.76,\"time_show\":1297813.606,\"time_end\":1300865.7400000375,\"time_commit\":1300866.8199999956,\"timestamp\":\"2021-05-31T11:00:32.519Z\",\"time_switch\":1300880.439},{\"sender\":\"trial_screen\",\"sender_type\":\"canvas.Screen\",\"sender_id\":\"9_17\",\"correct\":true,\"trial_ID\":18,\"word1\":\"Adept\",\"word2\":\"Padet\",\"word3\":\"Edapt\",\"word4\":\"Epatt\",\"word5\":\"Taped\",\"response\":\"1\",\"response_action\":\"keypress(1)\",\"correctResponse\":\"1\",\"ended_on\":\"response\",\"duration\":6208.696000016527,\"time_run\":1300871.8649999937,\"time_render\":1300863.49,\"time_show\":1300880.439,\"time_end\":1307089.1350000165,\"time_commit\":1307090.3050000197,\"timestamp\":\"2021-05-31T11:00:38.742Z\",\"time_switch\":1307115.997},{\"sender\":\"trial_screen\",\"sender_type\":\"canvas.Screen\",\"sender_id\":\"9_18\",\"correct\":true,\"trial_ID\":19,\"word1\":\"Spirine\",\"word2\":\"Saprin\",\"word3\":\"Parsin\",\"word4\":\"Purin\",\"word5\":\"Asprint\",\"response\":\"4\",\"response_action\":\"keypress(4)\",\"correctResponse\":\"4\",\"ended_on\":\"response\",\"duration\":9185.88800002262,\"time_run\":1307096.0649999906,\"time_render\":1307080.156,\"time_show\":1307115.997,\"time_end\":1316301.8850000226,\"time_commit\":1316303.0100000324,\"timestamp\":\"2021-05-31T11:00:47.955Z\",\"time_switch\":1316314.485},{\"sender\":\"trial_screen\",\"sender_type\":\"canvas.Screen\",\"sender_id\":\"9_19\",\"correct\":false,\"trial_ID\":20,\"word1\":\"Kulon\",\"word2\":\"Solgun\",\"word3\":\"Koskan\",\"word4\":\"Soran\",\"word5\":\"Klonus\",\"response\":\"4\",\"response_action\":\"keypress(4)\",\"correctResponse\":\"5\",\"ended_on\":\"response\",\"duration\":8625.704999993788,\"time_run\":1316311.9650000008,\"time_render\":1316297.042,\"time_show\":1316314.485,\"time_end\":1324940.189999994,\"time_commit\":1324941.455000022,\"timestamp\":\"2021-05-31T11:00:56.593Z\",\"time_switch\":1324948.227},{\"sender\":\"trial_screen\",\"sender_type\":\"canvas.Screen\",\"sender_id\":\"9_20\",\"correct\":false,\"trial_ID\":21,\"word1\":\"Tronke\",\"word2\":\"Nocktherm\",\"word3\":\"Teronk\",\"word4\":\"Komtur\",\"word5\":\"Rocktur\",\"response\":\"5\",\"response_action\":\"keypress(5)\",\"correctResponse\":\"4\",\"ended_on\":\"response\",\"duration\":6178.643000036478,\"time_run\":1324946.5900000068,\"time_render\":1324931.16,\"time_show\":1324948.227,\"time_end\":1331126.8700000364,\"time_commit\":1331128.0450000195,\"timestamp\":\"2021-05-31T11:01:02.780Z\",\"time_switch\":1331148.507},{\"sender\":\"trial_screen\",\"sender_type\":\"canvas.Screen\",\"sender_id\":\"9_21\",\"correct\":true,\"trial_ID\":22,\"word1\":\"Ripat\",\"word2\":\"Patinatte\",\"word3\":\"Tapir\",\"word4\":\"Apitt\",\"word5\":\"Padir\",\"response\":\"3\",\"response_action\":\"keypress(3)\",\"correctResponse\":\"3\",\"ended_on\":\"response\",\"duration\":2239.8380000430625,\"time_run\":1331133.1399999908,\"time_render\":1331131.296,\"time_show\":1331148.507,\"time_end\":1333388.345000043,\"time_commit\":1333389.5100000082,\"timestamp\":\"2021-05-31T11:01:05.042Z\",\"time_switch\":1333398.628},{\"sender\":\"trial_screen\",\"sender_type\":\"canvas.Screen\",\"sender_id\":\"9_22\",\"correct\":true,\"trial_ID\":23,\"word1\":\"Akifer\",\"word2\":\"Fiaker\",\"word3\":\"Kiaffa\",\"word4\":\"Sariffer\",\"word5\":\"Refisker\",\"response\":\"2\",\"response_action\":\"keypress(2)\",\"correctResponse\":\"2\",\"ended_on\":\"response\",\"duration\":3477.7319999947213,\"time_run\":1333394.5250000106,\"time_render\":1333381.744,\"time_show\":1333398.628,\"time_end\":1336876.3599999947,\"time_commit\":1336877.5449999957,\"timestamp\":\"2021-05-31T11:01:08.530Z\",\"time_switch\":1336898.772},{\"sender\":\"trial_screen\",\"sender_type\":\"canvas.Screen\",\"sender_id\":\"9_23\",\"correct\":false,\"trial_ID\":24,\"word1\":\"Kleiber\",\"word2\":\"Beikel\",\"word3\":\"Keibel\",\"word4\":\"Reikler\",\"word5\":\"Biekerl\",\"response\":\"3\",\"response_action\":\"keypress(3)\",\"correctResponse\":\"1\",\"ended_on\":\"response\",\"duration\":1649.6830000400078,\"time_run\":1336883.6449999944,\"time_render\":1336881.873,\"time_show\":1336898.772,\"time_end\":1338548.4550000401,\"time_commit\":1338550.3599999938,\"timestamp\":\"2021-05-31T11:01:10.202Z\",\"time_switch\":1338565.542},{\"sender\":\"trial_screen\",\"sender_type\":\"canvas.Screen\",\"sender_id\":\"9_24\",\"correct\":false,\"trial_ID\":25,\"word1\":\"Ig\u00e4de\",\"word2\":\"D\u00e4gie\",\"word3\":\"\u00c4gide\",\"word4\":\"Dig\u00e4de\",\"word5\":\"Giad\",\"response\":\"5\",\"response_action\":\"keypress(5)\",\"correctResponse\":\"3\",\"ended_on\":\"response\",\"duration\":5132.703000036068,\"time_run\":1338558.4650000092,\"time_render\":1338548.711,\"time_show\":1338565.542,\"time_end\":1343698.245000036,\"time_commit\":1343699.900000007,\"timestamp\":\"2021-05-31T11:01:15.352Z\",\"time_switch\":1343715.781},{\"sender\":\"trial_screen\",\"sender_type\":\"canvas.Screen\",\"sender_id\":\"9_25\",\"correct\":true,\"trial_ID\":26,\"word1\":\"Rixal\",\"word2\":\"Irtax\",\"word3\":\"Rackizie\",\"word4\":\"Matrix\",\"word5\":\"Atrige\",\"response\":\"4\",\"response_action\":\"keypress(4)\",\"correctResponse\":\"4\",\"ended_on\":\"response\",\"duration\":3348.674000043422,\"time_run\":1343705.1450000145,\"time_render\":1343699.021,\"time_show\":1343715.781,\"time_end\":1347064.4550000434,\"time_commit\":1347065.575000015,\"timestamp\":\"2021-05-31T11:01:18.718Z\",\"time_switch\":1347082.591},{\"sender\":\"trial_screen\",\"sender_type\":\"canvas.Screen\",\"sender_id\":\"9_26\",\"correct\":false,\"trial_ID\":27,\"word1\":\"Haskisch\",\"word2\":\"Asmisch\",\"word3\":\"Schisma\",\"word4\":\"Rasthmie\",\"word5\":\"Ilschah\",\"response\":\"1\",\"response_action\":\"keypress(1)\",\"correctResponse\":\"3\",\"ended_on\":\"response\",\"duration\":5837.674000022467,\"time_run\":1347074.7200000333,\"time_render\":1347065.61,\"time_show\":1347082.591,\"time_end\":1352920.2650000225,\"time_commit\":1352921.490000037,\"timestamp\":\"2021-05-31T11:01:24.574Z\",\"time_switch\":1352932.861},{\"sender\":\"trial_screen\",\"sender_type\":\"canvas.Screen\",\"sender_id\":\"9_27\",\"correct\":false,\"trial_ID\":28,\"word1\":\"Sallose\",\"word2\":\"Lordose\",\"word3\":\"Dormase\",\"word4\":\"Rollase\",\"word5\":\"Ardierole\",\"response\":\"4\",\"response_action\":\"keypress(4)\",\"correctResponse\":\"2\",\"ended_on\":\"response\",\"duration\":4069.0790000455454,\"time_run\":1352926.9050000003,\"time_render\":1352916.16,\"time_show\":1352932.861,\"time_end\":1357001.9400000456,\"time_commit\":1357003.3249999979,\"timestamp\":\"2021-05-31T11:01:28.656Z\",\"time_switch\":1357016.386},{\"sender\":\"trial_screen\",\"sender_type\":\"canvas.Screen\",\"sender_id\":\"9_28\",\"correct\":true,\"trial_ID\":29,\"word1\":\"Intranotion\",\"word2\":\"Infranatura\",\"word3\":\"Internodium\",\"word4\":\"Indotalie\",\"word5\":\"Indosta\",\"response\":\"3\",\"response_action\":\"keypress(3)\",\"correctResponse\":\"3\",\"ended_on\":\"response\",\"duration\":4665.8640000126325,\"time_run\":1357011.5600000136,\"time_render\":1356999.367,\"time_show\":1357016.386,\"time_end\":1361682.2500000126,\"time_commit\":1361683.5100000026,\"timestamp\":\"2021-05-31T11:01:33.336Z\",\"time_switch\":1361699.936},{\"sender\":\"trial_screen\",\"sender_type\":\"canvas.Screen\",\"sender_id\":\"9_29\",\"correct\":false,\"trial_ID\":30,\"word1\":\"Idaste\",\"word2\":\"Dastrix\",\"word3\":\"Astike\",\"word4\":\"Sadile\",\"word5\":\"Kasside\",\"response\":\"2\",\"response_action\":\"keypress(2)\",\"correctResponse\":\"5\",\"ended_on\":\"response\",\"duration\":5127.434000013629,\"time_run\":1361689.4350000075,\"time_render\":1361682.799,\"time_show\":1361699.936,\"time_end\":1366827.3700000136,\"time_commit\":1366828.535000037,\"timestamp\":\"2021-05-31T11:01:38.481Z\",\"time_switch\":1366850.119},{\"sender\":\"trial_screen\",\"sender_type\":\"canvas.Screen\",\"sender_id\":\"9_30\",\"correct\":true,\"trial_ID\":31,\"word1\":\"Libration\",\"word2\":\"Bilation\",\"word3\":\"Arlation\",\"word4\":\"Iberation\",\"word5\":\"Tiradon\",\"response\":\"1\",\"response_action\":\"keypress(1)\",\"correctResponse\":\"1\",\"ended_on\":\"response\",\"duration\":1467.6110000098124,\"time_run\":1366837.4550000299,\"time_render\":1366833.06,\"time_show\":1366850.119,\"time_end\":1368317.7300000098,\"time_commit\":1368318.9150000107,\"timestamp\":\"2021-05-31T11:01:39.972Z\",\"time_switch\":1368333.66},{\"sender\":\"trial_screen\",\"sender_type\":\"canvas.Screen\",\"sender_id\":\"9_31\",\"correct\":false,\"trial_ID\":32,\"word1\":\"Pucker\",\"word2\":\"Keuper\",\"word3\":\"Eucker\",\"word4\":\"Reuspeck\",\"word5\":\"Urkane\",\"response\":\"5\",\"response_action\":\"keypress(5)\",\"correctResponse\":\"2\",\"ended_on\":\"response\",\"duration\":5598.500000025844,\"time_run\":1368324.0950000472,\"time_render\":1368316.788,\"time_show\":1368333.66,\"time_end\":1373932.1600000258,\"time_commit\":1373933.3150000311,\"timestamp\":\"2021-05-31T11:01:45.586Z\",\"time_switch\":1373950.538},{\"sender\":\"trial_screen\",\"sender_type\":\"canvas.Screen\",\"sender_id\":\"9_32\",\"correct\":false,\"trial_ID\":33,\"word1\":\"Sickaber\",\"word2\":\"Bassiker\",\"word3\":\"Kassiber\",\"word4\":\"Sassiker\",\"word5\":\"Askiber\",\"response\":\"5\",\"response_action\":\"keypress(5)\",\"correctResponse\":\"3\",\"ended_on\":\"response\",\"duration\":5534.791999995941,\"time_run\":1373942.6650000387,\"time_render\":1373933.459,\"time_show\":1373950.538,\"time_end\":1379485.3299999959,\"time_commit\":1379486.7300000042,\"timestamp\":\"2021-05-31T11:01:51.139Z\",\"time_switch\":1379500.801},{\"sender\":\"trial_screen\",\"sender_type\":\"canvas.Screen\",\"sender_id\":\"9_33\",\"correct\":false,\"trial_ID\":34,\"word1\":\"Alquallon\",\"word2\":\"Lisqualien\",\"word3\":\"Talquallen\",\"word4\":\"Quisquilien\",\"word5\":\"Rielquellen\",\"response\":\"3\",\"response_action\":\"keypress(3)\",\"correctResponse\":\"4\",\"ended_on\":\"response\",\"duration\":4655.719000018667,\"time_run\":1379492.2150000348,\"time_render\":1379483.632,\"time_show\":1379500.801,\"time_end\":1384156.5200000186,\"time_commit\":1384157.6550000464,\"timestamp\":\"2021-05-31T11:01:55.810Z\",\"time_switch\":1384167.681},{\"sender\":\"trial_screen\",\"sender_type\":\"canvas.Screen\",\"sender_id\":\"9_34\",\"correct\":false,\"trial_ID\":35,\"word1\":\"Berkiza\",\"word2\":\"Brekzie\",\"word3\":\"Birakzie\",\"word4\":\"Brikazie\",\"word5\":\"Bakiria\",\"response\":\"1\",\"response_action\":\"keypress(1)\",\"correctResponse\":\"2\",\"ended_on\":\"response\",\"duration\":6248.11400003708,\"time_run\":1384162.6850000466,\"time_render\":1384150.643,\"time_show\":1384167.681,\"time_end\":1390415.7950000372,\"time_commit\":1390416.8550000177,\"timestamp\":\"2021-05-31T11:02:02.070Z\",\"time_switch\":1390434.639},{\"sender\":\"loop_trial\",\"sender_type\":\"flow.Loop\",\"sender_id\":\"9\",\"ended_on\":\"completion\",\"duration\":167422.4210000371,\"time_run\":1222978.925000003,\"time_render\":1222976.681,\"time_show\":1222993.374,\"time_end\":1390415.7950000372,\"time_commit\":1390421.875,\"timestamp\":\"2021-05-31T11:02:02.075Z\",\"time_switch\":1390434.639},{\"sender\":\"end_html\",\"sender_type\":\"html.Screen\",\"sender_id\":\"10\",\"ended_on\":\"timeout\",\"duration\":6000.277000000002,\"time_run\":1390422.2300000256,\"time_render\":1390417.411,\"time_show\":1390434.639,\"time_end\":1396418.246,\"time_commit\":1396423.2450000127,\"timestamp\":\"2021-05-31T11:02:08.076Z\",\"time_switch\":1396434.916},{\"sender\":\"root\",\"sender_type\":\"flow.Sequence\",\"sender_id\":null,\"ended_on\":\"completion\",\"duration\":1395682.377,\"time_run\":731.5250000101514,\"time_render\":719.193,\"time_show\":735.869,\"time_end\":1396418.246,\"time_commit\":1396424.2350000422,\"timestamp\":\"2021-05-31T11:02:08.077Z\",\"time_switch\":1396434.916}]",
    "metadata": "{\"slice\":0,\"id\":\"6c78cc68-6556-45fc-84fd-f87d6180904c\",\"payload\":\"full\"}",
    "url": "https://exp02.zih.tu-dresden.de/experiments/spot_a_word_task/"
}