{
    "data": "[{\"url\":{},\"meta\":{\"labjs_version\":\"20.1.1\",\"labjs_build\":{\"flavor\":\"production\",\"commit\":\"cd5695f774968f50499757c1423bd95d033ea08e\"},\"location\":\"https://exp01.zih.tu-dresden.de/experiments/raven_task/\",\"userAgent\":\"Mozilla/5.0 (Windows NT 10.0; Win64; x64) AppleWebKit/537.36 (KHTML, like Gecko) Chrome/90.0.4430.93 Safari/537.36 Edg/90.0.818.51\",\"platform\":\"Win32\",\"language\":\"de\",\"locale\":\"de\",\"timeZone\":\"Europe/Berlin\",\"timezoneOffset\":-120,\"screen_width\":1366,\"screen_height\":768,\"scroll_width\":1318,\"scroll_height\":577,\"window_innerWidth\":1318,\"window_innerHeight\":625,\"devicePixelRatio\":1},\"sender\":\"welcome\",\"sender_type\":\"canvas.Screen\",\"sender_id\":\"0\",\"ended_on\":\"timeout\",\"duration\":7997.822,\"time_run\":7673.895000014454,\"time_render\":7575.253,\"time_show\":7675.341,\"time_end\":15656.407,\"time_commit\":15660.254999995232,\"timestamp\":\"2021-05-28T15:49:09.914Z\",\"time_switch\":15673.163},{\"sender\":\"instructions\",\"sender_type\":\"html.Page\",\"sender_id\":\"1\",\"response\":\"Space\",\"response_action\":\"keypress(Space)\",\"ended_on\":\"response\",\"duration\":51488.59199977544,\"time_run\":15660.914999898523,\"time_render\":15656.407,\"time_show\":15673.163,\"time_end\":67161.75499977544,\"time_commit\":67165.41499970481,\"timestamp\":\"2021-05-28T15:50:01.419Z\",\"time_switch\":67249.088},{\"sender\":\"example1\",\"sender_type\":\"canvas.Screen\",\"sender_id\":\"2\",\"response\":\"8\",\"response_action\":\"click(0) @8\",\"correctResponse\":\"8\",\"correct\":true,\"ended_on\":\"response\",\"duration\":4515.576999675002,\"time_run\":67165.68999970332,\"time_render\":67146.994,\"time_show\":67249.088,\"time_end\":71764.664999675,\"time_commit\":71785.72000004351,\"timestamp\":\"2021-05-28T15:50:06.040Z\",\"time_switch\":71907.444},{\"sender\":\"example1_feedback\",\"sender_type\":\"canvas.Screen\",\"sender_id\":\"3\",\"response\":\"space\",\"response_action\":\"keypress(Space)\",\"ended_on\":\"response\",\"duration\":4814.270999992397,\"time_run\":71881.2799998559,\"time_render\":71872.631,\"time_show\":71907.444,\"time_end\":76721.7149999924,\"time_commit\":76722.59999997914,\"timestamp\":\"2021-05-28T15:50:10.977Z\",\"time_switch\":76732.809},{\"sender\":\"example2\",\"sender_type\":\"canvas.Screen\",\"sender_id\":\"4\",\"response\":\"4\",\"response_action\":\"click(0) @4\",\"correctResponse\":\"4\",\"correct\":true,\"ended_on\":\"response\",\"duration\":8078.775999784833,\"time_run\":76722.79499983415,\"time_render\":76710.237,\"time_show\":76732.809,\"time_end\":84811.58499978483,\"time_commit\":84813.03499964997,\"timestamp\":\"2021-05-28T15:50:19.067Z\",\"time_switch\":84914.104},{\"sender\":\"example2_feedback\",\"sender_type\":\"canvas.Screen\",\"sender_id\":\"5\",\"response\":\"space\",\"response_action\":\"keypress(Space)\",\"ended_on\":\"response\",\"duration\":4277.0060000142985,\"time_run\":84892.66999997199,\"time_render\":84876.936,\"time_show\":84914.104,\"time_end\":89191.1100000143,\"time_commit\":89191.92999973893,\"timestamp\":\"2021-05-28T15:50:23.446Z\",\"time_switch\":89205.177},{\"sender\":\"get ready\",\"sender_type\":\"canvas.Screen\",\"sender_id\":\"6\",\"response\":\"Space\",\"response_action\":\"keypress(Space)\",\"ended_on\":\"response\",\"duration\":8255.317999773804,\"time_run\":89192.13999994099,\"time_render\":89187.44,\"time_show\":89205.177,\"time_end\":97460.4949997738,\"time_commit\":97461.39499964193,\"timestamp\":\"2021-05-28T15:50:31.715Z\",\"time_switch\":97486.794},{\"sender\":\"test01\",\"sender_type\":\"canvas.Screen\",\"sender_id\":\"7_0\",\"response\":\"7\",\"response_action\":\"click(0) @7\",\"correctResponse\":\"7\",\"correct\":true,\"ended_on\":\"response\",\"duration\":18390.985999747878,\"time_run\":97461.66000002995,\"time_render\":97450.698,\"time_show\":97486.794,\"time_end\":115877.77999974787,\"time_commit\":115879.45499969646,\"timestamp\":\"2021-05-28T15:50:50.133Z\",\"time_switch\":115903.24},{\"sender\":\"test02\",\"sender_type\":\"canvas.Screen\",\"sender_id\":\"7_1\",\"response\":\"4\",\"response_action\":\"click(0) @4\",\"correctResponse\":\"4\",\"correct\":true,\"ended_on\":\"response\",\"duration\":60242.77499959826,\"time_run\":115879.71000000834,\"time_render\":115864.713,\"time_show\":115903.24,\"time_end\":176146.01499959826,\"time_commit\":176147.45499985293,\"timestamp\":\"2021-05-28T15:51:50.401Z\",\"time_switch\":176178.049},{\"sender\":\"test03\",\"sender_type\":\"canvas.Screen\",\"sender_id\":\"7_2\",\"response\":\"6\",\"response_action\":\"click(0) @6\",\"correctResponse\":\"6\",\"correct\":true,\"ended_on\":\"response\",\"duration\":19502.670999596477,\"time_run\":176147.76999969035,\"time_render\":176144.7,\"time_show\":176178.049,\"time_end\":195680.71999959648,\"time_commit\":195682.04499967396,\"timestamp\":\"2021-05-28T15:52:09.936Z\",\"time_switch\":195713.31},{\"sender\":\"test04\",\"sender_type\":\"canvas.Screen\",\"sender_id\":\"7_3\",\"response\":\"2\",\"response_action\":\"click(0) @2\",\"correctResponse\":\"2\",\"correct\":true,\"ended_on\":\"response\",\"duration\":49560.60499979422,\"time_run\":195682.2150000371,\"time_render\":195679.841,\"time_show\":195713.31,\"time_end\":245273.91499979421,\"time_commit\":245275.20000003278,\"timestamp\":\"2021-05-28T15:52:59.529Z\",\"time_switch\":245302.297},{\"sender\":\"test05\",\"sender_type\":\"canvas.Screen\",\"sender_id\":\"7_4\",\"response\":\"4\",\"response_action\":\"click(0) @4\",\"correctResponse\":\"4\",\"correct\":true,\"ended_on\":\"response\",\"duration\":28158.11799963031,\"time_run\":245275.38499981165,\"time_render\":245268.899,\"time_show\":245302.297,\"time_end\":273460.4149996303,\"time_commit\":273461.66999964043,\"timestamp\":\"2021-05-28T15:53:27.716Z\",\"time_switch\":273486.251},{\"sender\":\"test06\",\"sender_type\":\"canvas.Screen\",\"sender_id\":\"7_5\",\"response\":\"7\",\"response_action\":\"click(0) @7\",\"correctResponse\":\"7\",\"correct\":true,\"ended_on\":\"response\",\"duration\":24290.883999632846,\"time_run\":273461.8449998088,\"time_render\":273452.86,\"time_show\":273486.251,\"time_end\":297777.13499963284,\"time_commit\":297778.5899997689,\"timestamp\":\"2021-05-28T15:53:52.032Z\",\"time_switch\":297796.643},{\"sender\":\"test07\",\"sender_type\":\"canvas.Screen\",\"sender_id\":\"7_6\",\"response\":\"8\",\"response_action\":\"click(0) @8\",\"correctResponse\":\"8\",\"correct\":true,\"ended_on\":\"response\",\"duration\":72215.9519997455,\"time_run\":297778.9699998684,\"time_render\":297763.263,\"time_show\":297796.643,\"time_end\":370012.5949997455,\"time_commit\":370014.10499960184,\"timestamp\":\"2021-05-28T15:55:04.268Z\",\"time_switch\":370043.083},{\"sender\":\"test08\",\"sender_type\":\"canvas.Screen\",\"sender_id\":\"7_7\",\"response\":\"7\",\"response_action\":\"click(0) @7\",\"correctResponse\":\"7\",\"correct\":true,\"ended_on\":\"response\",\"duration\":34092.0519996403,\"time_run\":370014.2850000411,\"time_render\":370009.751,\"time_show\":370043.083,\"time_end\":404135.1349996403,\"time_commit\":404136.35499961674,\"timestamp\":\"2021-05-28T15:55:38.390Z\",\"time_switch\":404154.434},{\"sender\":\"test09\",\"sender_type\":\"canvas.Screen\",\"sender_id\":\"7_8\",\"response\":\"5\",\"response_action\":\"click(0) @5\",\"correctResponse\":\"5\",\"correct\":true,\"ended_on\":\"response\",\"duration\":61687.331000019214,\"time_run\":404136.519999709,\"time_render\":404121.024,\"time_show\":404154.434,\"time_end\":465841.7650000192,\"time_commit\":465843.039999716,\"timestamp\":\"2021-05-28T15:56:40.097Z\",\"time_switch\":465865.318},{\"sender\":\"test10\",\"sender_type\":\"canvas.Screen\",\"sender_id\":\"7_9\",\"response\":\"7\",\"response_action\":\"click(0) @7\",\"correctResponse\":\"5\",\"correct\":false,\"ended_on\":\"response\",\"duration\":44765.67199997598,\"time_run\":465843.2249999605,\"time_render\":465831.904,\"time_show\":465865.318,\"time_end\":510630.989999976,\"time_commit\":510632.6449997723,\"timestamp\":\"2021-05-28T15:57:24.886Z\",\"time_switch\":510662.365},{\"sender\":\"test11\",\"sender_type\":\"canvas.Screen\",\"sender_id\":\"7_10\",\"response\":\"4\",\"response_action\":\"click(0) @4\",\"correctResponse\":\"4\",\"correct\":true,\"ended_on\":\"response\",\"duration\":111301.49500001804,\"time_run\":510633.04500002414,\"time_render\":510629.041,\"time_show\":510662.365,\"time_end\":621963.860000018,\"time_commit\":621965.5249998905,\"timestamp\":\"2021-05-28T15:59:16.219Z\",\"time_switch\":621995.816},{\"sender\":\"test12\",\"sender_type\":\"canvas.Screen\",\"sender_id\":\"7_11\",\"response\":\"6\",\"response_action\":\"click(0) @6\",\"correctResponse\":\"1\",\"correct\":false,\"ended_on\":\"response\",\"duration\":49207.853999726125,\"time_run\":621965.744999703,\"time_render\":621962.401,\"time_show\":621995.816,\"time_end\":671203.6699997261,\"time_commit\":671204.9650000408,\"timestamp\":\"2021-05-28T16:00:05.458Z\",\"time_switch\":671217.563},{\"sender\":\"tests (15min)\",\"sender_type\":\"flow.Sequence\",\"sender_id\":\"7\",\"ended_on\":\"completion\",\"duration\":573716.8759997261,\"time_run\":97461.5849996917,\"time_render\":97450.698,\"time_show\":97486.794,\"time_end\":671203.6699997261,\"time_commit\":671207.5600000098,\"timestamp\":\"2021-05-28T16:00:05.461Z\",\"time_switch\":671217.563},{\"sender\":\"good bye\",\"sender_type\":\"canvas.Screen\",\"sender_id\":\"8\",\"ended_on\":\"timeout\",\"duration\":4007.2669999999925,\"time_run\":671207.7199998312,\"time_render\":671200.92,\"time_show\":671217.563,\"time_end\":675208.158,\"time_commit\":675209.2399997637,\"timestamp\":\"2021-05-28T16:00:09.463Z\",\"time_switch\":675224.83},{\"sender\":\"root\",\"sender_type\":\"flow.Sequence\",\"sender_id\":null,\"ended_on\":\"completion\",\"duration\":667532.817,\"time_run\":7673.595000058413,\"time_render\":7575.253,\"time_show\":7675.341,\"time_end\":675208.158,\"time_commit\":675209.7899997607,\"timestamp\":\"2021-05-28T16:00:09.463Z\",\"time_switch\":675224.83}]",
    "metadata": "{\"slice\":0,\"id\":\"140f3bd7-2ca2-4849-b530-9a023acc28fe\",\"payload\":\"full\"}",
    "url": "https://exp01.zih.tu-dresden.de/experiments/raven_task/"
}