{
    "data": "[{\"url\":{},\"meta\":{\"labjs_version\":\"20.1.1\",\"labjs_build\":{\"flavor\":\"production\",\"commit\":\"cd5695f774968f50499757c1423bd95d033ea08e\"},\"location\":\"https://exp01.zih.tu-dresden.de/experiments/raven_task/\",\"userAgent\":\"Mozilla/5.0 (Windows NT 6.1; Win64; x64; rv:89.0) Gecko/20100101 Firefox/89.0\",\"platform\":\"Win32\",\"language\":\"de\",\"locale\":\"de-DE\",\"timeZone\":\"Europe/Berlin\",\"timezoneOffset\":-120,\"screen_width\":1920,\"screen_height\":1200,\"scroll_width\":1920,\"scroll_height\":1023,\"window_innerWidth\":1920,\"window_innerHeight\":1071,\"devicePixelRatio\":1},\"sender\":\"welcome\",\"sender_type\":\"canvas.Screen\",\"sender_id\":\"0\",\"ended_on\":\"timeout\",\"duration\":8000.5,\"time_run\":1870,\"time_render\":1870.78,\"time_show\":1885.1,\"time_end\":9868.94,\"time_commit\":9878,\"timestamp\":\"2021-06-12T22:39:04.901Z\",\"time_switch\":9885.6},{\"sender\":\"instructions\",\"sender_type\":\"html.Page\",\"sender_id\":\"1\",\"response\":\"Space\",\"response_action\":\"keypress(Space)\",\"ended_on\":\"response\",\"duration\":23103.4,\"time_run\":9880,\"time_render\":9868.94,\"time_show\":9885.6,\"time_end\":32989,\"time_commit\":33009,\"timestamp\":\"2021-06-12T22:39:28.032Z\",\"time_switch\":33025.98},{\"sender\":\"example1\",\"sender_type\":\"canvas.Screen\",\"sender_id\":\"2\",\"response\":\"8\",\"response_action\":\"click(0) @8\",\"correctResponse\":\"8\",\"correct\":true,\"ended_on\":\"response\",\"duration\":9587.019999999997,\"time_run\":33011,\"time_render\":33011.14,\"time_show\":33025.98,\"time_end\":42613,\"time_commit\":42627,\"timestamp\":\"2021-06-12T22:39:37.650Z\",\"time_switch\":42636.6},{\"sender\":\"example1_feedback\",\"sender_type\":\"canvas.Screen\",\"sender_id\":\"3\",\"response\":\"space\",\"response_action\":\"keypress(Space)\",\"ended_on\":\"response\",\"duration\":1597.4000000000015,\"time_run\":42636,\"time_render\":42636.44,\"time_show\":42636.6,\"time_end\":44234,\"time_commit\":44253,\"timestamp\":\"2021-06-12T22:39:39.276Z\",\"time_switch\":44266.72},{\"sender\":\"example2\",\"sender_type\":\"canvas.Screen\",\"sender_id\":\"4\",\"response\":\"4\",\"response_action\":\"click(0) @4\",\"correctResponse\":\"4\",\"correct\":true,\"ended_on\":\"response\",\"duration\":4398.279999999999,\"time_run\":44254,\"time_render\":44253.66,\"time_show\":44266.72,\"time_end\":48665,\"time_commit\":48683,\"timestamp\":\"2021-06-12T22:39:43.705Z\",\"time_switch\":48688.66},{\"sender\":\"example2_feedback\",\"sender_type\":\"canvas.Screen\",\"sender_id\":\"5\",\"response\":\"space\",\"response_action\":\"keypress(Space)\",\"ended_on\":\"response\",\"duration\":756.3399999999965,\"time_run\":48689,\"time_render\":48688.58,\"time_show\":48688.66,\"time_end\":49445,\"time_commit\":49461,\"timestamp\":\"2021-06-12T22:39:44.483Z\",\"time_switch\":49477.68},{\"sender\":\"get ready\",\"sender_type\":\"canvas.Screen\",\"sender_id\":\"6\",\"response\":\"Space\",\"response_action\":\"keypress(Space)\",\"ended_on\":\"response\",\"duration\":2587.3199999999997,\"time_run\":49462,\"time_render\":49461.26,\"time_show\":49477.68,\"time_end\":52065,\"time_commit\":52076,\"timestamp\":\"2021-06-12T22:39:47.100Z\",\"time_switch\":52077.6},{\"sender\":\"test01\",\"sender_type\":\"canvas.Screen\",\"sender_id\":\"7_0\",\"response\":\"7\",\"response_action\":\"click(0) @7\",\"correctResponse\":\"7\",\"correct\":true,\"ended_on\":\"response\",\"duration\":16025.400000000001,\"time_run\":52077,\"time_render\":52077.36,\"time_show\":52077.6,\"time_end\":68103,\"time_commit\":68113,\"timestamp\":\"2021-06-12T22:40:03.136Z\",\"time_switch\":68128.6},{\"sender\":\"test02\",\"sender_type\":\"canvas.Screen\",\"sender_id\":\"7_1\",\"response\":\"4\",\"response_action\":\"click(0) @4\",\"correctResponse\":\"4\",\"correct\":true,\"ended_on\":\"response\",\"duration\":12576.399999999994,\"time_run\":68114,\"time_render\":68111.52,\"time_show\":68128.6,\"time_end\":80705,\"time_commit\":80713,\"timestamp\":\"2021-06-12T22:40:15.735Z\",\"time_switch\":80727.98},{\"sender\":\"test03\",\"sender_type\":\"canvas.Screen\",\"sender_id\":\"7_2\",\"response\":\"8\",\"response_action\":\"click(0) @8\",\"correctResponse\":\"6\",\"correct\":false,\"ended_on\":\"response\",\"duration\":15469.020000000004,\"time_run\":80713,\"time_render\":80710.9,\"time_show\":80727.98,\"time_end\":96197,\"time_commit\":96216,\"timestamp\":\"2021-06-12T22:40:31.239Z\",\"time_switch\":96231.56},{\"sender\":\"test04\",\"sender_type\":\"canvas.Screen\",\"sender_id\":\"7_3\",\"response\":\"8\",\"response_action\":\"click(0) @8\",\"correctResponse\":\"2\",\"correct\":false,\"ended_on\":\"response\",\"duration\":18637.440000000002,\"time_run\":96217,\"time_render\":96214.54,\"time_show\":96231.56,\"time_end\":114869,\"time_commit\":114896,\"timestamp\":\"2021-06-12T22:40:49.919Z\",\"time_switch\":114911.4},{\"sender\":\"test05\",\"sender_type\":\"canvas.Screen\",\"sender_id\":\"7_4\",\"response\":\"4\",\"response_action\":\"click(0) @4\",\"correctResponse\":\"4\",\"correct\":true,\"ended_on\":\"response\",\"duration\":6416.600000000006,\"time_run\":114897,\"time_render\":114894.14,\"time_show\":114911.4,\"time_end\":121328,\"time_commit\":121343,\"timestamp\":\"2021-06-12T22:40:56.400Z\",\"time_switch\":121354},{\"sender\":\"test06\",\"sender_type\":\"canvas.Screen\",\"sender_id\":\"7_5\",\"response\":\"7\",\"response_action\":\"click(0) @7\",\"correctResponse\":\"7\",\"correct\":true,\"ended_on\":\"response\",\"duration\":76522,\"time_run\":121344,\"time_render\":121341.86,\"time_show\":121354,\"time_end\":197876,\"time_commit\":197888,\"timestamp\":\"2021-06-12T22:42:12.944Z\",\"time_switch\":197900.26},{\"sender\":\"test07\",\"sender_type\":\"canvas.Screen\",\"sender_id\":\"7_6\",\"response\":\"8\",\"response_action\":\"click(0) @8\",\"correctResponse\":\"8\",\"correct\":true,\"ended_on\":\"response\",\"duration\":49832.73999999999,\"time_run\":197889,\"time_render\":197883.68,\"time_show\":197900.26,\"time_end\":247733,\"time_commit\":247740,\"timestamp\":\"2021-06-12T22:43:02.797Z\",\"time_switch\":247754.14},{\"sender\":\"test08\",\"sender_type\":\"canvas.Screen\",\"sender_id\":\"7_7\",\"response\":\"7\",\"response_action\":\"click(0) @7\",\"correctResponse\":\"7\",\"correct\":true,\"ended_on\":\"response\",\"duration\":13082.859999999986,\"time_run\":247741,\"time_render\":247737.9,\"time_show\":247754.14,\"time_end\":260837,\"time_commit\":260843,\"timestamp\":\"2021-06-12T22:43:15.900Z\",\"time_switch\":260855.86},{\"sender\":\"test09\",\"sender_type\":\"canvas.Screen\",\"sender_id\":\"7_8\",\"response\":\"2\",\"response_action\":\"click(0) @2\",\"correctResponse\":\"5\",\"correct\":false,\"ended_on\":\"response\",\"duration\":110645.14000000001,\"time_run\":260844,\"time_render\":260841.62,\"time_show\":260855.86,\"time_end\":371501,\"time_commit\":371520,\"timestamp\":\"2021-06-12T22:45:06.576Z\",\"time_switch\":371534.38},{\"sender\":\"test10\",\"sender_type\":\"canvas.Screen\",\"sender_id\":\"7_9\",\"response\":\"2\",\"response_action\":\"click(0) @2\",\"correctResponse\":\"5\",\"correct\":false,\"ended_on\":\"response\",\"duration\":27250.619999999995,\"time_run\":371521,\"time_render\":371518.06,\"time_show\":371534.38,\"time_end\":398785,\"time_commit\":398807,\"timestamp\":\"2021-06-12T22:45:33.863Z\",\"time_switch\":398816.74},{\"sender\":\"test11\",\"sender_type\":\"canvas.Screen\",\"sender_id\":\"7_10\",\"response\":\"5\",\"response_action\":\"click(0) @5\",\"correctResponse\":\"4\",\"correct\":false,\"ended_on\":\"response\",\"duration\":50076.26000000001,\"time_run\":398808,\"time_render\":398805.32,\"time_show\":398816.74,\"time_end\":448893,\"time_commit\":448901,\"timestamp\":\"2021-06-12T22:46:23.958Z\",\"time_switch\":448910.6},{\"sender\":\"test12\",\"sender_type\":\"canvas.Screen\",\"sender_id\":\"7_11\",\"response\":\"1\",\"response_action\":\"click(0) @1\",\"correctResponse\":\"1\",\"correct\":true,\"ended_on\":\"response\",\"duration\":52333.40000000002,\"time_run\":448902,\"time_render\":448899.78,\"time_show\":448910.6,\"time_end\":501244,\"time_commit\":501268,\"timestamp\":\"2021-06-12T22:47:16.324Z\",\"time_switch\":501266.26},{\"sender\":\"tests (15min)\",\"sender_type\":\"flow.Sequence\",\"sender_id\":\"7\",\"ended_on\":\"completion\",\"duration\":449166.4,\"time_run\":52077,\"time_render\":52077.36,\"time_show\":52077.6,\"time_end\":501244,\"time_commit\":501269,\"timestamp\":\"2021-06-12T22:47:16.325Z\",\"time_switch\":501266.26},{\"sender\":\"good bye\",\"sender_type\":\"canvas.Screen\",\"sender_id\":\"8\",\"ended_on\":\"timeout\",\"duration\":4007.399999999965,\"time_run\":501270,\"time_render\":501265.88,\"time_show\":501266.26,\"time_end\":505256.42,\"time_commit\":505257,\"timestamp\":\"2021-06-12T22:47:20.313Z\",\"time_switch\":505273.66},{\"sender\":\"root\",\"sender_type\":\"flow.Sequence\",\"sender_id\":null,\"ended_on\":\"completion\",\"duration\":503371.32,\"time_run\":1870,\"time_render\":1870.78,\"time_show\":1885.1,\"time_end\":505256.42,\"time_commit\":505258,\"timestamp\":\"2021-06-12T22:47:20.314Z\",\"time_switch\":505273.66}]",
    "metadata": "{\"slice\":0,\"id\":\"a3607dda-1d5b-434a-b708-6725c015f267\",\"payload\":\"full\"}",
    "url": "https://exp01.zih.tu-dresden.de/experiments/raven_task/"
}