{
    "data": "[{\"url\":{},\"meta\":{\"labjs_version\":\"20.1.1\",\"labjs_build\":{\"flavor\":\"production\",\"commit\":\"cd5695f774968f50499757c1423bd95d033ea08e\"},\"location\":\"https://exp01.zih.tu-dresden.de/experiments/spot_a_word_task/\",\"userAgent\":\"Mozilla/5.0 (Windows NT 6.1; Win64; x64; rv:89.0) Gecko/20100101 Firefox/89.0\",\"platform\":\"Win32\",\"language\":\"de\",\"locale\":\"de-DE\",\"timeZone\":\"Europe/Berlin\",\"timezoneOffset\":-120,\"screen_width\":1920,\"screen_height\":1200,\"scroll_width\":1920,\"scroll_height\":1023,\"window_innerWidth\":1920,\"window_innerHeight\":1071,\"devicePixelRatio\":1},\"sender\":\"start_html\",\"sender_type\":\"html.Screen\",\"sender_id\":\"0\",\"ended_on\":\"timeout\",\"duration\":5996.0599999999995,\"time_run\":429,\"time_render\":452.04,\"time_show\":468.72,\"time_end\":6448.12,\"time_commit\":6453,\"timestamp\":\"2021-06-12T22:31:39.814Z\",\"time_switch\":6464.78},{\"sender\":\"manual_html\",\"sender_type\":\"html.Screen\",\"sender_id\":\"1\",\"response\":\"space\",\"response_action\":\"keypress(Space)\",\"ended_on\":\"response\",\"duration\":34218.22,\"time_run\":6454,\"time_render\":6448.12,\"time_show\":6464.78,\"time_end\":40683,\"time_commit\":40706,\"timestamp\":\"2021-06-12T22:32:14.068Z\",\"time_switch\":40731.88},{\"sender\":\"example1_screen\",\"sender_type\":\"canvas.Screen\",\"sender_id\":\"2\",\"response\":\"4\",\"response_action\":\"keypress(4)\",\"correctResponse\":\"4\",\"correct\":true,\"ended_on\":\"response\",\"duration\":5333.120000000003,\"time_run\":40724,\"time_render\":40724.24,\"time_show\":40731.88,\"time_end\":46065,\"time_commit\":46081,\"timestamp\":\"2021-06-12T22:32:19.442Z\",\"time_switch\":46090.02},{\"sender\":\"example1_feedback\",\"sender_type\":\"canvas.Screen\",\"sender_id\":\"3\",\"response\":\"Space\",\"response_action\":\"keypress(Space)\",\"ended_on\":\"response\",\"duration\":2235.980000000003,\"time_run\":46090,\"time_render\":46089.82,\"time_show\":46090.02,\"time_end\":48326,\"time_commit\":48328,\"timestamp\":\"2021-06-12T22:32:21.690Z\",\"time_switch\":48338.76},{\"sender\":\"example2_screen\",\"sender_type\":\"canvas.Screen\",\"sender_id\":\"4\",\"response\":\"5\",\"response_action\":\"keypress(5)\",\"correctResponse\":\"5\",\"correct\":true,\"ended_on\":\"response\",\"duration\":2609.239999999998,\"time_run\":48338,\"time_render\":48338.54,\"time_show\":48338.76,\"time_end\":50948,\"time_commit\":50953,\"timestamp\":\"2021-06-12T22:32:24.314Z\",\"time_switch\":50961.46},{\"sender\":\"example2_feedback\",\"sender_type\":\"canvas.Screen\",\"sender_id\":\"5\",\"response\":\"Space\",\"response_action\":\"keypress(Space)\",\"ended_on\":\"response\",\"duration\":189.54000000000087,\"time_run\":50961,\"time_render\":50961.26,\"time_show\":50961.46,\"time_end\":51151,\"time_commit\":51159,\"timestamp\":\"2021-06-12T22:32:24.521Z\",\"time_switch\":51168.98},{\"sender\":\"example3_screen\",\"sender_type\":\"canvas.Screen\",\"sender_id\":\"6\",\"response\":\"1\",\"response_action\":\"keypress(1)\",\"correctResponse\":\"1\",\"correct\":true,\"ended_on\":\"response\",\"duration\":1993.0199999999968,\"time_run\":51169,\"time_render\":51168.82,\"time_show\":51168.98,\"time_end\":53162,\"time_commit\":53176,\"timestamp\":\"2021-06-12T22:32:26.538Z\",\"time_switch\":53184.26},{\"sender\":\"example3_feedback\",\"sender_type\":\"canvas.Screen\",\"sender_id\":\"7\",\"response\":\"Space\",\"response_action\":\"keypress(Space)\",\"ended_on\":\"response\",\"duration\":258.73999999999796,\"time_run\":53184,\"time_render\":53184.1,\"time_show\":53184.26,\"time_end\":53443,\"time_commit\":53456,\"timestamp\":\"2021-06-12T22:32:26.817Z\",\"time_switch\":53456.6},{\"sender\":\"get_ready_html\",\"sender_type\":\"html.Screen\",\"sender_id\":\"8\",\"response\":\"space\",\"response_action\":\"keypress(Space)\",\"ended_on\":\"response\",\"duration\":3730.4000000000015,\"time_run\":53457,\"time_render\":53456.4,\"time_show\":53456.6,\"time_end\":57187,\"time_commit\":57192,\"timestamp\":\"2021-06-12T22:32:30.553Z\",\"time_switch\":57250.14},{\"sender\":\"trial_screen\",\"sender_type\":\"canvas.Screen\",\"sender_id\":\"9_0\",\"correct\":true,\"trial_ID\":1,\"word1\":\"siziol\",\"word2\":\"salzahl\",\"word3\":\"sozihl\",\"word4\":\"sziam\",\"word5\":\"sozial\",\"response\":\"5\",\"response_action\":\"keypress(5)\",\"correctResponse\":\"5\",\"ended_on\":\"response\",\"duration\":2619.8600000000006,\"time_run\":57250,\"time_render\":57250,\"time_show\":57250.14,\"time_end\":59870,\"time_commit\":59880,\"timestamp\":\"2021-06-12T22:32:33.241Z\",\"time_switch\":59890.38},{\"sender\":\"trial_screen\",\"sender_type\":\"canvas.Screen\",\"sender_id\":\"9_1\",\"correct\":false,\"trial_ID\":2,\"word1\":\"Lamone\",\"word2\":\"Talane\",\"word3\":\"Matrone\",\"word4\":\"Tarone\",\"word5\":\"Malonte\",\"response\":\"2\",\"response_action\":\"keypress(2)\",\"correctResponse\":\"3\",\"ended_on\":\"response\",\"duration\":8138.620000000003,\"time_run\":59890,\"time_render\":59890.2,\"time_show\":59890.38,\"time_end\":68029,\"time_commit\":68048,\"timestamp\":\"2021-06-12T22:32:41.409Z\",\"time_switch\":68058.78},{\"sender\":\"trial_screen\",\"sender_type\":\"canvas.Screen\",\"sender_id\":\"9_2\",\"correct\":true,\"trial_ID\":3,\"word1\":\"kurinesisch\",\"word2\":\"kulinarisch\",\"word3\":\"kumenisch\",\"word4\":\"kulissarisch\",\"word5\":\"kannastrisch\",\"response\":\"2\",\"response_action\":\"keypress(2)\",\"correctResponse\":\"2\",\"ended_on\":\"response\",\"duration\":2248.220000000001,\"time_run\":68059,\"time_render\":68058.6,\"time_show\":68058.78,\"time_end\":70307,\"time_commit\":70311,\"timestamp\":\"2021-06-12T22:32:43.673Z\",\"time_switch\":70320.24},{\"sender\":\"trial_screen\",\"sender_type\":\"canvas.Screen\",\"sender_id\":\"9_3\",\"correct\":true,\"trial_ID\":4,\"word1\":\"Tinxur\",\"word2\":\"Kukutur\",\"word3\":\"Fraktan\",\"word4\":\"Tinktur\",\"word5\":\"Rimsuhr\",\"response\":\"4\",\"response_action\":\"keypress(4)\",\"correctResponse\":\"4\",\"ended_on\":\"response\",\"duration\":2248.7599999999948,\"time_run\":70320,\"time_render\":70320.06,\"time_show\":70320.24,\"time_end\":72569,\"time_commit\":72575,\"timestamp\":\"2021-06-12T22:32:45.936Z\",\"time_switch\":72584.72},{\"sender\":\"trial_screen\",\"sender_type\":\"canvas.Screen\",\"sender_id\":\"9_4\",\"correct\":true,\"trial_ID\":5,\"word1\":\"beralen\",\"word2\":\"ger\u00e4ltet\",\"word3\":\"an\u00e4lteren\",\"word4\":\"unt\u00e4ren\",\"word5\":\"verbr\u00e4men\",\"response\":\"5\",\"response_action\":\"keypress(5)\",\"correctResponse\":\"5\",\"ended_on\":\"response\",\"duration\":3275.279999999999,\"time_run\":72585,\"time_render\":72584.54,\"time_show\":72584.72,\"time_end\":75860,\"time_commit\":75863,\"timestamp\":\"2021-06-12T22:32:49.225Z\",\"time_switch\":75871.62},{\"sender\":\"trial_screen\",\"sender_type\":\"canvas.Screen\",\"sender_id\":\"9_5\",\"correct\":true,\"trial_ID\":6,\"word1\":\"Rosto\",\"word2\":\"Torso\",\"word3\":\"Soro\",\"word4\":\"Torgos\",\"word5\":\"Tosor\",\"response\":\"2\",\"response_action\":\"keypress(2)\",\"correctResponse\":\"2\",\"ended_on\":\"response\",\"duration\":1720.3800000000047,\"time_run\":75872,\"time_render\":75871.42,\"time_show\":75871.62,\"time_end\":77592,\"time_commit\":77607,\"timestamp\":\"2021-06-12T22:32:50.968Z\",\"time_switch\":77615.9},{\"sender\":\"trial_screen\",\"sender_type\":\"canvas.Screen\",\"sender_id\":\"9_6\",\"correct\":true,\"trial_ID\":7,\"word1\":\"Redor\",\"word2\":\"Radium\",\"word3\":\"Terion\",\"word4\":\"Dramin\",\"word5\":\"Orakium\",\"response\":\"2\",\"response_action\":\"keypress(2)\",\"correctResponse\":\"2\",\"ended_on\":\"response\",\"duration\":2504.100000000006,\"time_run\":77616,\"time_render\":77615.74,\"time_show\":77615.9,\"time_end\":80120,\"time_commit\":80135,\"timestamp\":\"2021-06-12T22:32:53.496Z\",\"time_switch\":80143.64},{\"sender\":\"trial_screen\",\"sender_type\":\"canvas.Screen\",\"sender_id\":\"9_7\",\"correct\":true,\"trial_ID\":8,\"word1\":\"Nale\",\"word2\":\"Sahe\",\"word3\":\"Nase\",\"word4\":\"Nesa\",\"word5\":\"Sehna\",\"response\":\"3\",\"response_action\":\"keypress(3)\",\"correctResponse\":\"3\",\"ended_on\":\"response\",\"duration\":2581.3600000000006,\"time_run\":80143,\"time_render\":80143.46,\"time_show\":80143.64,\"time_end\":82725,\"time_commit\":82735,\"timestamp\":\"2021-06-12T22:32:56.096Z\",\"time_switch\":82744.3},{\"sender\":\"trial_screen\",\"sender_type\":\"canvas.Screen\",\"sender_id\":\"9_8\",\"correct\":true,\"trial_ID\":9,\"word1\":\"Rilkiase\",\"word2\":\"Kilister\",\"word3\":\"Riliker\",\"word4\":\"Klistier\",\"word5\":\"Linkure\",\"response\":\"4\",\"response_action\":\"keypress(4)\",\"correctResponse\":\"4\",\"ended_on\":\"response\",\"duration\":4176.699999999997,\"time_run\":82744,\"time_render\":82744.1,\"time_show\":82744.3,\"time_end\":86921,\"time_commit\":86935,\"timestamp\":\"2021-06-12T22:33:00.296Z\",\"time_switch\":86943.3},{\"sender\":\"trial_screen\",\"sender_type\":\"canvas.Screen\",\"sender_id\":\"9_9\",\"correct\":true,\"trial_ID\":10,\"word1\":\"kentern\",\"word2\":\"knerte\",\"word3\":\"kanzen\",\"word4\":\"kretern\",\"word5\":\"trekern\",\"response\":\"1\",\"response_action\":\"keypress(1)\",\"correctResponse\":\"1\",\"ended_on\":\"response\",\"duration\":2396.699999999997,\"time_run\":86943,\"time_render\":86943.12,\"time_show\":86943.3,\"time_end\":89340,\"time_commit\":89360,\"timestamp\":\"2021-06-12T22:33:02.722Z\",\"time_switch\":89371.86},{\"sender\":\"trial_screen\",\"sender_type\":\"canvas.Screen\",\"sender_id\":\"9_10\",\"correct\":true,\"trial_ID\":11,\"word1\":\"Sorekin\",\"word2\":\"Sarowin\",\"word3\":\"Rosakin\",\"word4\":\"Narosin\",\"word5\":\"Kerosin\",\"response\":\"5\",\"response_action\":\"keypress(5)\",\"correctResponse\":\"5\",\"ended_on\":\"response\",\"duration\":2932.1399999999994,\"time_run\":89371,\"time_render\":89371.28,\"time_show\":89371.86,\"time_end\":92304,\"time_commit\":92311,\"timestamp\":\"2021-06-12T22:33:05.672Z\",\"time_switch\":92323.08},{\"sender\":\"trial_screen\",\"sender_type\":\"canvas.Screen\",\"sender_id\":\"9_11\",\"correct\":true,\"trial_ID\":12,\"word1\":\"Ralke\",\"word2\":\"Korre\",\"word3\":\"Ruckse\",\"word4\":\"Recke\",\"word5\":\"Ulte\",\"response\":\"4\",\"response_action\":\"keypress(4)\",\"correctResponse\":\"4\",\"ended_on\":\"response\",\"duration\":4005.9199999999983,\"time_run\":92323,\"time_render\":92322.9,\"time_show\":92323.08,\"time_end\":96329,\"time_commit\":96335,\"timestamp\":\"2021-06-12T22:33:09.696Z\",\"time_switch\":96347.2},{\"sender\":\"trial_screen\",\"sender_type\":\"canvas.Screen\",\"sender_id\":\"9_12\",\"correct\":false,\"trial_ID\":13,\"word1\":\"Kapaun\",\"word2\":\"Paukan\",\"word3\":\"Naupack\",\"word4\":\"Aupeck\",\"word5\":\"Ankepran\",\"response\":\"4\",\"response_action\":\"keypress(4)\",\"correctResponse\":\"1\",\"ended_on\":\"response\",\"duration\":10572.800000000003,\"time_run\":96347,\"time_render\":96347.02,\"time_show\":96347.2,\"time_end\":106920,\"time_commit\":106927,\"timestamp\":\"2021-06-12T22:33:20.288Z\",\"time_switch\":106937.5},{\"sender\":\"trial_screen\",\"sender_type\":\"canvas.Screen\",\"sender_id\":\"9_13\",\"correct\":true,\"trial_ID\":14,\"word1\":\"Dissonanz\",\"word2\":\"Diskrisanz\",\"word3\":\"Distranz\",\"word4\":\"Dinotanz\",\"word5\":\"Sidonenz\",\"response\":\"1\",\"response_action\":\"keypress(1)\",\"correctResponse\":\"1\",\"ended_on\":\"response\",\"duration\":4489.5,\"time_run\":106938,\"time_render\":106937.3,\"time_show\":106937.5,\"time_end\":111427,\"time_commit\":111438,\"timestamp\":\"2021-06-12T22:33:24.800Z\",\"time_switch\":111449.22},{\"sender\":\"trial_screen\",\"sender_type\":\"canvas.Screen\",\"sender_id\":\"9_14\",\"correct\":true,\"trial_ID\":15,\"word1\":\"Kirse\",\"word2\":\"Sirke\",\"word3\":\"Krise\",\"word4\":\"Krospe\",\"word5\":\"Seris\",\"response\":\"3\",\"response_action\":\"keypress(3)\",\"correctResponse\":\"3\",\"ended_on\":\"response\",\"duration\":3223.779999999999,\"time_run\":111449,\"time_render\":111449.08,\"time_show\":111449.22,\"time_end\":114673,\"time_commit\":114678,\"timestamp\":\"2021-06-12T22:33:28.039Z\",\"time_switch\":114688.42},{\"sender\":\"trial_screen\",\"sender_type\":\"canvas.Screen\",\"sender_id\":\"9_15\",\"correct\":true,\"trial_ID\":16,\"word1\":\"Tume\",\"word2\":\"Umat\",\"word3\":\"Maut\",\"word4\":\"Taum\",\"word5\":\"Muta\",\"response\":\"3\",\"response_action\":\"keypress(3)\",\"correctResponse\":\"3\",\"ended_on\":\"response\",\"duration\":2511.5800000000017,\"time_run\":114688,\"time_render\":114688.22,\"time_show\":114688.42,\"time_end\":117200,\"time_commit\":117206,\"timestamp\":\"2021-06-12T22:33:30.567Z\",\"time_switch\":117216.72},{\"sender\":\"trial_screen\",\"sender_type\":\"canvas.Screen\",\"sender_id\":\"9_16\",\"correct\":true,\"trial_ID\":17,\"word1\":\"Tuhl\",\"word2\":\"Lar\",\"word3\":\"Lest\",\"word4\":\"Dall\",\"word5\":\"Lid\",\"response\":\"5\",\"response_action\":\"keypress(5)\",\"correctResponse\":\"5\",\"ended_on\":\"response\",\"duration\":2838.279999999999,\"time_run\":117217,\"time_render\":117216.52,\"time_show\":117216.72,\"time_end\":120055,\"time_commit\":120063,\"timestamp\":\"2021-06-12T22:33:33.424Z\",\"time_switch\":120072.62},{\"sender\":\"trial_screen\",\"sender_type\":\"canvas.Screen\",\"sender_id\":\"9_17\",\"correct\":true,\"trial_ID\":18,\"word1\":\"Adept\",\"word2\":\"Padet\",\"word3\":\"Edapt\",\"word4\":\"Epatt\",\"word5\":\"Taped\",\"response\":\"1\",\"response_action\":\"keypress(1)\",\"correctResponse\":\"1\",\"ended_on\":\"response\",\"duration\":3648.3800000000047,\"time_run\":120073,\"time_render\":120072.44,\"time_show\":120072.62,\"time_end\":123721,\"time_commit\":123734,\"timestamp\":\"2021-06-12T22:33:37.095Z\",\"time_switch\":123743.86},{\"sender\":\"trial_screen\",\"sender_type\":\"canvas.Screen\",\"sender_id\":\"9_18\",\"correct\":true,\"trial_ID\":19,\"word1\":\"Spirine\",\"word2\":\"Saprin\",\"word3\":\"Parsin\",\"word4\":\"Purin\",\"word5\":\"Asprint\",\"response\":\"4\",\"response_action\":\"keypress(4)\",\"correctResponse\":\"4\",\"ended_on\":\"response\",\"duration\":4078.1399999999994,\"time_run\":123744,\"time_render\":123743.66,\"time_show\":123743.86,\"time_end\":127822,\"time_commit\":127837,\"timestamp\":\"2021-06-12T22:33:41.199Z\",\"time_switch\":127848.2},{\"sender\":\"trial_screen\",\"sender_type\":\"canvas.Screen\",\"sender_id\":\"9_19\",\"correct\":false,\"trial_ID\":20,\"word1\":\"Kulon\",\"word2\":\"Solgun\",\"word3\":\"Koskan\",\"word4\":\"Soran\",\"word5\":\"Klonus\",\"response\":\"2\",\"response_action\":\"keypress(2)\",\"correctResponse\":\"5\",\"ended_on\":\"response\",\"duration\":7149.800000000003,\"time_run\":127848,\"time_render\":127848,\"time_show\":127848.2,\"time_end\":134998,\"time_commit\":135006,\"timestamp\":\"2021-06-12T22:33:48.368Z\",\"time_switch\":135017.24},{\"sender\":\"trial_screen\",\"sender_type\":\"canvas.Screen\",\"sender_id\":\"9_20\",\"correct\":false,\"trial_ID\":21,\"word1\":\"Tronke\",\"word2\":\"Nocktherm\",\"word3\":\"Teronk\",\"word4\":\"Komtur\",\"word5\":\"Rocktur\",\"response\":\"2\",\"response_action\":\"keypress(2)\",\"correctResponse\":\"4\",\"ended_on\":\"response\",\"duration\":7812.760000000009,\"time_run\":135016,\"time_render\":135017.02,\"time_show\":135017.24,\"time_end\":142830,\"time_commit\":142845,\"timestamp\":\"2021-06-12T22:33:56.207Z\",\"time_switch\":142854.84},{\"sender\":\"trial_screen\",\"sender_type\":\"canvas.Screen\",\"sender_id\":\"9_21\",\"correct\":true,\"trial_ID\":22,\"word1\":\"Ripat\",\"word2\":\"Patinatte\",\"word3\":\"Tapir\",\"word4\":\"Apitt\",\"word5\":\"Padir\",\"response\":\"3\",\"response_action\":\"keypress(3)\",\"correctResponse\":\"3\",\"ended_on\":\"response\",\"duration\":2627.1600000000035,\"time_run\":142854,\"time_render\":142854.64,\"time_show\":142854.84,\"time_end\":145482,\"time_commit\":145501,\"timestamp\":\"2021-06-12T22:33:58.863Z\",\"time_switch\":145510.42},{\"sender\":\"trial_screen\",\"sender_type\":\"canvas.Screen\",\"sender_id\":\"9_22\",\"correct\":true,\"trial_ID\":23,\"word1\":\"Akifer\",\"word2\":\"Fiaker\",\"word3\":\"Kiaffa\",\"word4\":\"Sariffer\",\"word5\":\"Refisker\",\"response\":\"2\",\"response_action\":\"keypress(2)\",\"correctResponse\":\"2\",\"ended_on\":\"response\",\"duration\":1999.5799999999872,\"time_run\":145510,\"time_render\":145510.26,\"time_show\":145510.42,\"time_end\":147510,\"time_commit\":147517,\"timestamp\":\"2021-06-12T22:34:00.878Z\",\"time_switch\":147526.06},{\"sender\":\"trial_screen\",\"sender_type\":\"canvas.Screen\",\"sender_id\":\"9_23\",\"correct\":true,\"trial_ID\":24,\"word1\":\"Kleiber\",\"word2\":\"Beikel\",\"word3\":\"Keibel\",\"word4\":\"Reikler\",\"word5\":\"Biekerl\",\"response\":\"1\",\"response_action\":\"keypress(1)\",\"correctResponse\":\"1\",\"ended_on\":\"response\",\"duration\":1169.9400000000023,\"time_run\":147526,\"time_render\":147525.9,\"time_show\":147526.06,\"time_end\":148696,\"time_commit\":148708,\"timestamp\":\"2021-06-12T22:34:02.070Z\",\"time_switch\":148717.86},{\"sender\":\"trial_screen\",\"sender_type\":\"canvas.Screen\",\"sender_id\":\"9_24\",\"correct\":true,\"trial_ID\":25,\"word1\":\"Ig\u00e4de\",\"word2\":\"D\u00e4gie\",\"word3\":\"\u00c4gide\",\"word4\":\"Dig\u00e4de\",\"word5\":\"Giad\",\"response\":\"3\",\"response_action\":\"keypress(3)\",\"correctResponse\":\"3\",\"ended_on\":\"response\",\"duration\":2178.140000000014,\"time_run\":148717,\"time_render\":148717.66,\"time_show\":148717.86,\"time_end\":150896,\"time_commit\":150900,\"timestamp\":\"2021-06-12T22:34:04.262Z\",\"time_switch\":150909.3},{\"sender\":\"trial_screen\",\"sender_type\":\"canvas.Screen\",\"sender_id\":\"9_25\",\"correct\":true,\"trial_ID\":26,\"word1\":\"Rixal\",\"word2\":\"Irtax\",\"word3\":\"Rackizie\",\"word4\":\"Matrix\",\"word5\":\"Atrige\",\"response\":\"4\",\"response_action\":\"keypress(4)\",\"correctResponse\":\"4\",\"ended_on\":\"response\",\"duration\":2498.7000000000116,\"time_run\":150909,\"time_render\":150909.1,\"time_show\":150909.3,\"time_end\":153408,\"time_commit\":153420,\"timestamp\":\"2021-06-12T22:34:06.782Z\",\"time_switch\":153429.42},{\"sender\":\"trial_screen\",\"sender_type\":\"canvas.Screen\",\"sender_id\":\"9_26\",\"correct\":true,\"trial_ID\":27,\"word1\":\"Haskisch\",\"word2\":\"Asmisch\",\"word3\":\"Schisma\",\"word4\":\"Rasthmie\",\"word5\":\"Ilschah\",\"response\":\"3\",\"response_action\":\"keypress(3)\",\"correctResponse\":\"3\",\"ended_on\":\"response\",\"duration\":2895.579999999987,\"time_run\":153429,\"time_render\":153429.22,\"time_show\":153429.42,\"time_end\":156325,\"time_commit\":156333,\"timestamp\":\"2021-06-12T22:34:09.694Z\",\"time_switch\":156341.08},{\"sender\":\"trial_screen\",\"sender_type\":\"canvas.Screen\",\"sender_id\":\"9_27\",\"correct\":false,\"trial_ID\":28,\"word1\":\"Sallose\",\"word2\":\"Lordose\",\"word3\":\"Dormase\",\"word4\":\"Rollase\",\"word5\":\"Ardierole\",\"response\":\"1\",\"response_action\":\"keypress(1)\",\"correctResponse\":\"2\",\"ended_on\":\"response\",\"duration\":7268.920000000013,\"time_run\":156341,\"time_render\":156340.88,\"time_show\":156341.08,\"time_end\":163610,\"time_commit\":163620,\"timestamp\":\"2021-06-12T22:34:16.982Z\",\"time_switch\":163629.2},{\"sender\":\"trial_screen\",\"sender_type\":\"canvas.Screen\",\"sender_id\":\"9_28\",\"correct\":false,\"trial_ID\":29,\"word1\":\"Intranotion\",\"word2\":\"Infranatura\",\"word3\":\"Internodium\",\"word4\":\"Indotalie\",\"word5\":\"Indosta\",\"response\":\"1\",\"response_action\":\"keypress(1)\",\"correctResponse\":\"3\",\"ended_on\":\"response\",\"duration\":13225.799999999988,\"time_run\":163629,\"time_render\":163628.98,\"time_show\":163629.2,\"time_end\":176855,\"time_commit\":176861,\"timestamp\":\"2021-06-12T22:34:30.222Z\",\"time_switch\":176869.9},{\"sender\":\"trial_screen\",\"sender_type\":\"canvas.Screen\",\"sender_id\":\"9_29\",\"correct\":true,\"trial_ID\":30,\"word1\":\"Idaste\",\"word2\":\"Dastrix\",\"word3\":\"Astike\",\"word4\":\"Sadile\",\"word5\":\"Kasside\",\"response\":\"5\",\"response_action\":\"keypress(5)\",\"correctResponse\":\"5\",\"ended_on\":\"response\",\"duration\":5803.100000000006,\"time_run\":176869,\"time_render\":176869.68,\"time_show\":176869.9,\"time_end\":182673,\"time_commit\":182683,\"timestamp\":\"2021-06-12T22:34:36.045Z\",\"time_switch\":182693.06},{\"sender\":\"trial_screen\",\"sender_type\":\"canvas.Screen\",\"sender_id\":\"9_30\",\"correct\":true,\"trial_ID\":31,\"word1\":\"Libration\",\"word2\":\"Bilation\",\"word3\":\"Arlation\",\"word4\":\"Iberation\",\"word5\":\"Tiradon\",\"response\":\"1\",\"response_action\":\"keypress(1)\",\"correctResponse\":\"1\",\"ended_on\":\"response\",\"duration\":6203.940000000002,\"time_run\":182692,\"time_render\":182692.88,\"time_show\":182693.06,\"time_end\":188897,\"time_commit\":188899,\"timestamp\":\"2021-06-12T22:34:42.261Z\",\"time_switch\":188908.24},{\"sender\":\"trial_screen\",\"sender_type\":\"canvas.Screen\",\"sender_id\":\"9_31\",\"correct\":false,\"trial_ID\":32,\"word1\":\"Pucker\",\"word2\":\"Keuper\",\"word3\":\"Eucker\",\"word4\":\"Reuspeck\",\"word5\":\"Urkane\",\"response\":\"5\",\"response_action\":\"keypress(5)\",\"correctResponse\":\"2\",\"ended_on\":\"response\",\"duration\":7945.760000000009,\"time_run\":188908,\"time_render\":188908.02,\"time_show\":188908.24,\"time_end\":196854,\"time_commit\":196868,\"timestamp\":\"2021-06-12T22:34:50.229Z\",\"time_switch\":196876.4},{\"sender\":\"trial_screen\",\"sender_type\":\"canvas.Screen\",\"sender_id\":\"9_32\",\"correct\":true,\"trial_ID\":33,\"word1\":\"Sickaber\",\"word2\":\"Bassiker\",\"word3\":\"Kassiber\",\"word4\":\"Sassiker\",\"word5\":\"Askiber\",\"response\":\"3\",\"response_action\":\"keypress(3)\",\"correctResponse\":\"3\",\"ended_on\":\"response\",\"duration\":4297.600000000006,\"time_run\":196877,\"time_render\":196876.22,\"time_show\":196876.4,\"time_end\":201174,\"time_commit\":201188,\"timestamp\":\"2021-06-12T22:34:54.549Z\",\"time_switch\":201196.98},{\"sender\":\"trial_screen\",\"sender_type\":\"canvas.Screen\",\"sender_id\":\"9_33\",\"correct\":false,\"trial_ID\":34,\"word1\":\"Alquallon\",\"word2\":\"Lisqualien\",\"word3\":\"Talquallen\",\"word4\":\"Quisquilien\",\"word5\":\"Rielquellen\",\"response\":\"3\",\"response_action\":\"keypress(3)\",\"correctResponse\":\"4\",\"ended_on\":\"response\",\"duration\":9244.01999999999,\"time_run\":201196,\"time_render\":201196.82,\"time_show\":201196.98,\"time_end\":210441,\"time_commit\":210443,\"timestamp\":\"2021-06-12T22:35:03.805Z\",\"time_switch\":210452.64},{\"sender\":\"trial_screen\",\"sender_type\":\"canvas.Screen\",\"sender_id\":\"9_34\",\"correct\":true,\"trial_ID\":35,\"word1\":\"Berkiza\",\"word2\":\"Brekzie\",\"word3\":\"Birakzie\",\"word4\":\"Brikazie\",\"word5\":\"Bakiria\",\"response\":\"2\",\"response_action\":\"keypress(2)\",\"correctResponse\":\"2\",\"ended_on\":\"response\",\"duration\":8958.359999999986,\"time_run\":210452,\"time_render\":210452.44,\"time_show\":210452.64,\"time_end\":219411,\"time_commit\":219427,\"timestamp\":\"2021-06-12T22:35:12.788Z\",\"time_switch\":219428.88},{\"sender\":\"loop_trial\",\"sender_type\":\"flow.Loop\",\"sender_id\":\"9\",\"ended_on\":\"completion\",\"duration\":162160.86,\"time_run\":57245,\"time_render\":57250,\"time_show\":57250.14,\"time_end\":219411,\"time_commit\":219428,\"timestamp\":\"2021-06-12T22:35:12.790Z\",\"time_switch\":219428.88},{\"sender\":\"end_html\",\"sender_type\":\"html.Screen\",\"sender_id\":\"10\",\"ended_on\":\"timeout\",\"duration\":5992.919999999984,\"time_run\":219429,\"time_render\":219428.7,\"time_show\":219428.88,\"time_end\":225405.14,\"time_commit\":225409,\"timestamp\":\"2021-06-12T22:35:18.770Z\",\"time_switch\":225421.8},{\"sender\":\"root\",\"sender_type\":\"flow.Sequence\",\"sender_id\":null,\"ended_on\":\"completion\",\"duration\":224936.42,\"time_run\":428,\"time_render\":452.04,\"time_show\":468.72,\"time_end\":225405.14,\"time_commit\":225409,\"timestamp\":\"2021-06-12T22:35:18.771Z\",\"time_switch\":225421.8}]",
    "metadata": "{\"slice\":0,\"id\":\"c3daf9c8-99b5-4853-876f-0a47c8ca98ad\",\"payload\":\"full\"}",
    "url": "https://exp01.zih.tu-dresden.de/experiments/spot_a_word_task/"
}