{"Planet_Feedback":[[1,2,5,1,4,1],[1,2,3,4,5,4],[1,2,5,1,4,1],[1,2,3,4,5,4]],"Practise":[3,3,3,3,3,3],"Rew_Planets":[1,2,3,4,5],"actionCost":[0,0],"conditionsExp":{"noise":["high","high","high","high","low","low","low","low","low","low","high","high","high","high","high","high","low","low","low","low","low","low","low","low","high","high","high","high","low","low","low","low","low","low","high","high","high","high","high","low","low","low","low","high","high","high","high","low","low","low","low","high","high","high","high","low","low","low","low","high","high","high","high","high","high","low","low","low","low","high","high","high","high","low","low","low","low","high","high","high","high","low","low","low","low","low","low","high","high","high","high","low","low","low","low","high","high","high","high","low","low","low","low","low","low","high","high","high","high","high","high","low","low","low","low","high","high","high","high","high","high","low","low","low","low","low","low","high","high","high","high","high","high","low","low","low","low","high","high","high"],"notrials":[3,3,3,3,3,3,3,3,3,3,3,3,3,3,3,3,3,3,3,3,3,3,3,3,3,3,3,3,3,3,3,3,3,3,3,3,3,3,3,3,3,3,3,3,3,3,3,3,3,3,3,3,3,3,3,3,3,3,3,3,3,3,3,3,3,3,3,3,3,3,3,3,3,3,3,3,3,3,3,3,3,3,3,3,3,3,3,3,3,3,3,3,3,3,3,3,3,3,3,3,3,3,3,3,3,3,3,3,3,3,3,3,3,3,3,3,3,3,3,3,3,3,3,3,3,3,3,3,3,3,3,3,3,3,3,3,3,3,3,3]},"conditionsFeedback":{"notrials":[2,2,3,3],"noise":["low","low","low","low"],"starts":[5,1,4,5]},"indexExp":[73163,2127,65764,58952,26032,61416,70079,73949,1919,34744,59261,45831,76796,92448,61614,70051,10585,71005,32735,18262,40554,91886,86316,6198,7190,91509,26154,19272,85003,89364,83588,22286,19976,17184,19976,85351,12902,79939,38006,67777,85351,3434,11158,81814,8739,39654,81814,81814,81901,23806,88414,51312,79183,50518,41538,63205,49775,29705,76158,8154,25525,35409,85035,43954,81901,64025,15085,7541,40334,50582,44713,45419,38027,84864,63303,61648,6658,87754,46528,80818,36761,56838,53071,11718,5144,17934,53381,70089,59368,32682,63332,25525,17748,63677,38076,59703,79401,87440,13067,38006,77455,85729,29737,18176,40955,16261,76195,23729,43154,80506,70903,56381,23729,22583,88383,44855,49700,56381,38904,32255,88693,52755,38685,59725,44713,19193,42137,80095,20154,64451,16359,64025,61354,39763,13623,72281,79112,77455,8958,40554],"labelsExp":["RandomChoice","RandomChoice","RandomChoice","RandomChoice","RandomChoice","RandomChoice","RandomChoice","RandomChoice","RandomChoice","RandomChoice","RandomChoice","RandomChoice","RandomChoice","RandomChoice","RandomChoice","RandomChoice","RandomChoice","RandomChoice","RandomChoice","RandomChoice","NoiseEffectHighValues","RandomChoice","PDEffectHighValues","PDEffectHighValues","PDEffectHighValues","PDEffectHighValues","PDEffectHighValues","PDEffectHighValues","RandomChoice","PDEffectSmallValues","RandomChoice","RandomChoice","NoiseEffectHighValues","PDEffectHighValues","NoiseEffectHighValues","NoiseEffectHighValues","PDEffectHighValues","PDEffectHighValues","NoiseEffectHighValues","PDEffectHighValues","NoiseEffectHighValues","RandomChoice","RandomChoice","NoiseEffectHighValues","PDEffectSmallValues","PDEffectHighValues","PDEffectHighValues","NoiseEffectHighValues","NoiseEffectHighValues","RandomChoice","PDEffectHighValues","PDEffectSmallValues","PDEffectHighValues","PDEffectSmallValues","PDEffectHighValues","PDEffectSmallValues","PDEffectHighValues","PDEffectHighValues","RandomChoice","PDEffectHighValues","NoiseEffectHighValues","PDEffectHighValues","PDEffectSmallValues","PDEffectSmallValues","NoiseEffectHighValues","NoiseEffectHighValues","RandomChoice","RandomChoice","RandomChoice","PDEffectSmallValues","NoiseEffectHighValues","PDEffectHighValues","PDEffectSmallValues","PDEffectSmallValues","RandomChoice","RandomChoice","PDEffectHighValues","RandomChoice","RandomChoice","RandomChoice","PDEffectHighValues","PDEffectHighValues","PDEffectSmallValues","PDEffectHighValues","RandomChoice","PDEffectHighValues","PDEffectHighValues","RandomChoice","RandomChoice","RandomChoice","PDEffectHighValues","NoiseEffectHighValues","PDEffectHighValues","PDEffectHighValues","RandomChoice","RandomChoice","RandomChoice","PDEffectSmallValues","RandomChoice","NoiseEffectHighValues","NoiseEffectHighValues","PDEffectSmallValues","PDEffectHighValues","PDEffectHighValues","PDEffectHighValues","PDEffectSmallValues","PDEffectHighValues","NoiseEffectHighValues","PDEffectSmallValues","RandomChoice","PDEffectSmallValues","NoiseEffectHighValues","NoiseEffectHighValues","PDEffectHighValues","PDEffectHighValues","PDEffectHighValues","RandomChoice","NoiseEffectHighValues","PDEffectHighValues","PDEffectHighValues","RandomChoice","RandomChoice","PDEffectHighValues","PDEffectSmallValues","NoiseEffectHighValues","PDEffectHighValues","PDEffectHighValues","PDEffectHighValues","PDEffectHighValues","PDEffectSmallValues","PDEffectHighValues","NoiseEffectHighValues","PDEffectHighValues","PDEffectSmallValues","PDEffectSmallValues","PDEffectHighValues","PDEffectHighValues","NoiseEffectHighValues","PDEffectHighValues","NoiseEffectHighValues"],"planetRewards":[-20,-10,0,10,20],"planetsExp":[[5,2,4,3,5,4],[5,1,5,3,1,1],[1,1,5,3,3,4],[3,3,4,4,1,4],[5,4,4,5,2,2],[4,5,5,2,2,4],[5,4,3,4,4,4],[5,3,4,4,5,4],[5,4,3,3,1,1],[2,5,2,2,5,2],[4,3,1,5,1,4],[3,5,1,2,3,3],[4,3,3,3,1,5],[2,1,3,4,5,5],[2,2,2,3,2,4],[4,3,3,4,4,4],[1,4,1,5,3,1],[3,5,4,5,4,4],[2,3,4,4,4,2],[3,5,2,5,5,1],[4,2,1,5,1,3],[2,2,4,3,5,5],[1,3,1,1,4,5],[3,2,2,4,2,1],[4,5,3,5,2,1],[2,1,1,3,5,5],[4,2,5,5,2,2],[2,3,4,1,1,2],[1,2,3,4,3,5],[4,4,1,5,4,5],[4,4,3,2,3,5],[3,4,4,5,1,2],[5,1,4,2,1,2],[4,3,5,3,5,1],[5,1,4,2,1,2],[1,1,5,4,3,5],[1,1,2,3,4,1],[4,5,3,2,2,5],[5,2,4,1,1,3],[2,5,2,1,4,4],[1,1,5,4,3,5],[3,5,3,5,1,1],[1,3,5,5,3,1],[1,3,1,5,2,5],[2,2,4,2,3,1],[4,2,5,3,1,3],[1,3,1,5,2,5],[1,3,1,5,2,5],[1,1,2,5,2,5],[2,5,4,2,2,2],[1,3,5,3,4,5],[2,1,3,4,4,3],[3,5,3,1,2,5],[5,4,2,3,4,3],[3,5,2,1,2,3],[5,2,2,5,2,4],[1,5,2,2,4,3],[1,1,4,5,3,2],[5,1,4,2,1,5],[4,2,5,1,3,1],[5,1,1,5,2,2],[2,1,2,3,5,2],[3,5,2,4,3,5],[1,1,4,4,2,3],[1,1,2,5,2,5],[1,5,2,1,3,4],[1,4,1,1,5,1],[3,2,1,1,3,1],[5,1,5,4,1,3],[1,2,3,3,4,3],[3,1,4,5,2,3],[5,4,3,1,3,3],[3,3,4,1,1,3],[4,4,1,4,3,5],[2,3,3,5,2,4],[1,3,2,3,2,4],[5,2,5,4,2,1],[1,4,1,3,4,5],[3,3,1,3,3,3],[2,2,5,3,2,5],[2,1,1,5,5,2],[3,5,4,1,1,4],[1,5,4,1,5,3],[3,1,4,1,4,1],[3,2,5,2,2,1],[4,3,5,4,5,1],[2,5,1,2,5,3],[4,4,3,4,4,4],[1,2,2,5,1,4],[3,1,4,4,4,2],[1,2,3,5,2,4],[5,1,1,5,2,2],[3,2,4,4,5,1],[3,3,5,5,2,4],[2,1,5,1,1,3],[1,3,4,5,1,4],[1,5,5,1,2,5],[4,5,3,2,4,5],[5,1,3,3,4,1],[5,2,4,1,1,3],[5,2,2,4,1,5],[4,3,2,5,3,5],[2,2,4,5,3,2],[5,1,2,5,5,1],[1,1,4,5,1,3],[1,3,4,2,5,1],[5,5,3,2,1,5],[5,1,4,2,2,2],[3,4,3,3,2,3],[2,2,3,3,2,5],[3,4,3,5,4,4],[2,5,1,1,1,4],[5,1,4,2,2,2],[4,3,1,1,2,2],[1,2,5,3,4,5],[1,1,5,5,2,3],[3,4,2,2,4,3],[2,5,1,1,1,4],[4,2,5,2,1,3],[1,1,1,4,4,2],[2,5,2,4,4,5],[3,1,3,1,5,3],[3,5,3,2,1,3],[5,1,4,5,1,4],[3,1,4,5,2,3],[4,5,3,1,1,2],[3,5,1,2,2,3],[5,5,4,2,2,5],[4,2,5,2,1,2],[2,4,5,1,3,4],[2,1,5,2,5,1],[1,5,2,1,3,4],[1,1,5,2,2,4],[3,1,1,4,1,3],[1,5,1,4,4,1],[2,5,2,2,5,4],[1,3,3,1,2,5],[5,2,2,4,1,5],[3,4,5,2,3,1],[4,2,1,5,1,3]],"startsExp":[5,4,1,2,1,4,2,5,5,6,2,6,6,5,1,4,4,4,5,1,6,4,6,6,2,3,6,6,3,6,4,3,2,6,2,1,2,1,2,1,1,2,4,4,3,6,4,4,1,3,4,6,1,4,6,1,5,5,4,6,1,3,3,4,1,5,4,3,2,2,1,5,5,6,4,3,4,2,3,3,5,6,1,6,2,6,5,4,2,3,2,1,6,5,4,4,2,2,3,2,1,1,1,2,5,1,1,5,2,2,1,5,5,5,3,5,3,5,6,5,4,3,3,1,1,5,5,1,6,5,3,5,4,1,3,5,2,1,6,6],"state_transition_matrix":[[[0,1,0,0,0,0],[0,0,1,0,0,0],[0,0,0,1,0,0],[0,0,0,0,1,0],[0,0,0,0,0,1],[1,0,0,0,0,0]],[[0,0,0,0,1,0],[0,0,0,1,0,0],[0,0,0,0,1,0],[0,0,0,0,0,1],[0,1,0,0,0,0],[0,1,0,0,0,0]],[[0,0,0,0.049999999999999989,0.9,0.049999999999999989],[0,0,0.049999999999999989,0.9,0.049999999999999989,0],[0,0,0,0.049999999999999989,0.9,0.049999999999999989],[0.049999999999999989,0,0,0,0.049999999999999989,0.9],[0.049999999999999989,0.9,0.049999999999999989,0,0,0],[0.049999999999999989,0.9,0.049999999999999989,0,0,0]],[[0,0,0,0.25,0.5,0.25],[0,0,0.25,0.5,0.25,0],[0,0,0,0.25,0.5,0.25],[0.25,0,0,0,0.25,0.5],[0.25,0.5,0.25,0,0,0],[0.25,0.5,0.25,0,0,0]],[[0,0,0,0,1,0],[0,0,0,1,0,0],[0,0,0,0,1,0],[0,0,0,0,0,1],[0,1,0,0,0,0],[0,1,0,0,0,0]]]}
