{
    "data": "[{\"url\":{},\"meta\":{\"labjs_version\":\"20.1.1\",\"labjs_build\":{\"flavor\":\"production\",\"commit\":\"cd5695f774968f50499757c1423bd95d033ea08e\"},\"location\":\"https://exp01.zih.tu-dresden.de/experiments/raven_task/\",\"userAgent\":\"Mozilla/5.0 (Windows NT 10.0; Win64; x64) AppleWebKit/537.36 (KHTML, like Gecko) Chrome/99.0.4844.51 Safari/537.36\",\"platform\":\"Win32\",\"language\":\"de\",\"locale\":\"de\",\"timeZone\":\"Europe/Berlin\",\"timezoneOffset\":-60,\"screen_width\":1920,\"screen_height\":1080,\"scroll_width\":1920,\"scroll_height\":889,\"window_innerWidth\":1920,\"window_innerHeight\":937,\"devicePixelRatio\":1},\"sender\":\"welcome\",\"sender_type\":\"canvas.Screen\",\"sender_id\":\"0\",\"response\":\"any\",\"response_action\":\"keypress\",\"ended_on\":\"response\",\"duration\":6380.082000000745,\"time_run\":970.8000000007451,\"time_render\":941.364,\"time_show\":974.718,\"time_end\":7354.800000000745,\"time_commit\":7357.10000000149,\"timestamp\":\"2022-03-05T16:14:28.885Z\",\"time_switch\":7364.463},{\"sender\":\"instructions\",\"sender_type\":\"html.Page\",\"sender_id\":\"1\",\"response\":\"Space\",\"response_action\":\"keypress(Space)\",\"ended_on\":\"response\",\"duration\":47854.73699999925,\"time_run\":7357.300000000745,\"time_render\":7348.065,\"time_show\":7364.463,\"time_end\":55219.199999999255,\"time_commit\":55220.900000002235,\"timestamp\":\"2022-03-05T16:15:16.748Z\",\"time_switch\":55228.775},{\"sender\":\"example1\",\"sender_type\":\"canvas.Screen\",\"sender_id\":\"2\",\"response\":\"8\",\"response_action\":\"click(0) @8\",\"correctResponse\":\"8\",\"correct\":true,\"ended_on\":\"response\",\"duration\":141327.8250000015,\"time_run\":55221,\"time_render\":55211.264,\"time_show\":55228.775,\"time_end\":196556.6000000015,\"time_commit\":196558.69999999925,\"timestamp\":\"2022-03-05T16:17:38.086Z\",\"time_switch\":196586.525},{\"sender\":\"example1_feedback\",\"sender_type\":\"canvas.Screen\",\"sender_id\":\"3\",\"response\":\"space\",\"response_action\":\"keypress(Space)\",\"ended_on\":\"response\",\"duration\":2648.1749999992608,\"time_run\":196580.5,\"time_render\":196569.72,\"time_show\":196586.525,\"time_end\":199234.69999999925,\"time_commit\":199235.6000000015,\"timestamp\":\"2022-03-05T16:17:40.763Z\",\"time_switch\":199238.914},{\"sender\":\"example2\",\"sender_type\":\"canvas.Screen\",\"sender_id\":\"4\",\"response\":\"4\",\"response_action\":\"click(0) @4\",\"correctResponse\":\"4\",\"correct\":true,\"ended_on\":\"response\",\"duration\":22301.386000000755,\"time_run\":199235.69999999925,\"time_render\":199222.576,\"time_show\":199238.914,\"time_end\":221540.30000000075,\"time_commit\":221541.6000000015,\"timestamp\":\"2022-03-05T16:18:03.069Z\",\"time_switch\":221577.811},{\"sender\":\"example2_feedback\",\"sender_type\":\"canvas.Screen\",\"sender_id\":\"5\",\"response\":\"space\",\"response_action\":\"keypress(Space)\",\"ended_on\":\"response\",\"duration\":2136.888999999268,\"time_run\":221563.80000000075,\"time_render\":221561.133,\"time_show\":221577.811,\"time_end\":223714.69999999925,\"time_commit\":223715.40000000224,\"timestamp\":\"2022-03-05T16:18:05.243Z\",\"time_switch\":223729.962},{\"sender\":\"get ready\",\"sender_type\":\"canvas.Screen\",\"sender_id\":\"6\",\"response\":\"Space\",\"response_action\":\"keypress(Space)\",\"ended_on\":\"response\",\"duration\":8441.038,\"time_run\":223715.5,\"time_render\":223713.425,\"time_show\":223729.962,\"time_end\":232171,\"time_commit\":232171.80000000075,\"timestamp\":\"2022-03-05T16:18:13.699Z\",\"time_switch\":232188.389},{\"sender\":\"test01\",\"sender_type\":\"canvas.Screen\",\"sender_id\":\"7_0\",\"response\":\"7\",\"response_action\":\"click(0) @7\",\"correctResponse\":\"7\",\"correct\":true,\"ended_on\":\"response\",\"duration\":143904.111,\"time_run\":232172,\"time_render\":232171.684,\"time_show\":232188.389,\"time_end\":376092.5,\"time_commit\":376093.40000000224,\"timestamp\":\"2022-03-05T16:20:37.621Z\",\"time_switch\":376098.465},{\"sender\":\"test02\",\"sender_type\":\"canvas.Screen\",\"sender_id\":\"7_1\",\"response\":\"4\",\"response_action\":\"click(0) @4\",\"correctResponse\":\"4\",\"correct\":true,\"ended_on\":\"response\",\"duration\":84337.73499999923,\"time_run\":376093.5,\"time_render\":376081.853,\"time_show\":376098.465,\"time_end\":460436.19999999925,\"time_commit\":460436.69999999925,\"timestamp\":\"2022-03-05T16:22:01.964Z\",\"time_switch\":460449.146},{\"sender\":\"test03\",\"sender_type\":\"canvas.Screen\",\"sender_id\":\"7_2\",\"response\":\"6\",\"response_action\":\"click(0) @6\",\"correctResponse\":\"6\",\"correct\":true,\"ended_on\":\"response\",\"duration\":60219.25400000223,\"time_run\":460436.80000000075,\"time_render\":460432.781,\"time_show\":460449.146,\"time_end\":520668.40000000224,\"time_commit\":520669.5,\"timestamp\":\"2022-03-05T16:23:02.197Z\",\"time_switch\":520675.796},{\"sender\":\"test04\",\"sender_type\":\"canvas.Screen\",\"sender_id\":\"7_3\",\"response\":\"2\",\"response_action\":\"click(0) @2\",\"correctResponse\":\"2\",\"correct\":true,\"ended_on\":\"response\",\"duration\":66512.60400000226,\"time_run\":520670,\"time_render\":520659.121,\"time_show\":520675.796,\"time_end\":587188.4000000022,\"time_commit\":587189.5,\"timestamp\":\"2022-03-05T16:24:08.717Z\",\"time_switch\":587192.036},{\"sender\":\"test05\",\"sender_type\":\"canvas.Screen\",\"sender_id\":\"7_4\",\"response\":\"4\",\"response_action\":\"click(0) @4\",\"correctResponse\":\"4\",\"correct\":true,\"ended_on\":\"response\",\"duration\":48932.36400000227,\"time_run\":587189.6999999993,\"time_render\":587175.443,\"time_show\":587192.036,\"time_end\":636124.4000000022,\"time_commit\":636125.6000000015,\"timestamp\":\"2022-03-05T16:24:57.654Z\",\"time_switch\":636140.801},{\"sender\":\"test06\",\"sender_type\":\"canvas.Screen\",\"sender_id\":\"7_5\",\"response\":\"4\",\"response_action\":\"click(0) @4\",\"correctResponse\":\"7\",\"correct\":false,\"ended_on\":\"response\",\"duration\":67071.19900000002,\"time_run\":636125.6999999993,\"time_render\":636124.09,\"time_show\":636140.801,\"time_end\":703212,\"time_commit\":703212.6000000015,\"timestamp\":\"2022-03-05T16:26:04.740Z\",\"time_switch\":703224.623},{\"sender\":\"test07\",\"sender_type\":\"canvas.Screen\",\"sender_id\":\"7_6\",\"response\":\"8\",\"response_action\":\"click(0) @8\",\"correctResponse\":\"8\",\"correct\":true,\"ended_on\":\"response\",\"duration\":92475.67700000072,\"time_run\":703212.9000000022,\"time_render\":703207.605,\"time_show\":703224.623,\"time_end\":795700.3000000007,\"time_commit\":795700.9000000022,\"timestamp\":\"2022-03-05T16:27:37.228Z\",\"time_switch\":795716.431},{\"sender\":\"test08\",\"sender_type\":\"canvas.Screen\",\"sender_id\":\"7_7\",\"response\":\"2\",\"response_action\":\"click(0) @2\",\"correctResponse\":\"7\",\"correct\":false,\"ended_on\":\"response\",\"duration\":42495.86900000076,\"time_run\":795701.1000000015,\"time_render\":795700.085,\"time_show\":795716.431,\"time_end\":838212.3000000007,\"time_commit\":838213.3000000007,\"timestamp\":\"2022-03-05T16:28:19.741Z\",\"time_switch\":838225.457},{\"sender\":\"test09\",\"sender_type\":\"canvas.Screen\",\"sender_id\":\"7_8\",\"response\":\"4\",\"response_action\":\"click(0) @4\",\"correctResponse\":\"5\",\"correct\":false,\"ended_on\":\"response\",\"duration\":113010.84300000069,\"time_run\":838213.4000000022,\"time_render\":838208.8,\"time_show\":838225.457,\"time_end\":951236.3000000007,\"time_commit\":951237.1999999993,\"timestamp\":\"2022-03-05T16:30:12.765Z\",\"time_switch\":951270.152},{\"sender\":\"test10\",\"sender_type\":\"canvas.Screen\",\"sender_id\":\"7_9\",\"response\":\"3\",\"response_action\":\"click(0) @3\",\"correctResponse\":\"5\",\"correct\":false,\"ended_on\":\"response\",\"duration\":60126.04799999925,\"time_run\":951237.4000000022,\"time_render\":951221.693,\"time_show\":951270.152,\"time_end\":1011396.1999999993,\"time_commit\":1011397.1999999993,\"timestamp\":\"2022-03-05T16:31:12.925Z\",\"time_switch\":1011417.918},{\"sender\":\"test11\",\"sender_type\":\"canvas.Screen\",\"sender_id\":\"7_10\",\"response\":\"1\",\"response_action\":\"click(0) @1\",\"correctResponse\":\"4\",\"correct\":false,\"ended_on\":\"response\",\"duration\":36962.28199999931,\"time_run\":1011397.1999999993,\"time_render\":1011381.291,\"time_show\":1011417.918,\"time_end\":1048380.1999999993,\"time_commit\":1048381.1999999993,\"timestamp\":\"2022-03-05T16:31:49.909Z\",\"time_switch\":1048384.798},{\"sender\":\"test12\",\"sender_type\":\"canvas.Screen\",\"sender_id\":\"7_11\",\"response\":\"4\",\"response_action\":\"click(0) @4\",\"correctResponse\":\"1\",\"correct\":false,\"ended_on\":\"response\",\"duration\":30011.401999999303,\"time_run\":1048381.4000000022,\"time_render\":1048368.204,\"time_show\":1048384.798,\"time_end\":1078396.1999999993,\"time_commit\":1078397.3000000007,\"timestamp\":\"2022-03-05T16:32:19.925Z\",\"time_switch\":1078415.047},{\"sender\":\"tests (15min)\",\"sender_type\":\"flow.Sequence\",\"sender_id\":\"7\",\"ended_on\":\"completion\",\"duration\":846207.8109999993,\"time_run\":232172,\"time_render\":232171.684,\"time_show\":232188.389,\"time_end\":1078396.1999999993,\"time_commit\":1078398.5,\"timestamp\":\"2022-03-05T16:32:19.926Z\",\"time_switch\":1078415.047},{\"sender\":\"good bye\",\"sender_type\":\"canvas.Screen\",\"sender_id\":\"8\",\"ended_on\":\"timeout\",\"duration\":4003.805999999866,\"time_run\":1078398.5,\"time_render\":1078398.51,\"time_show\":1078415.047,\"time_end\":1082402.46,\"time_commit\":1082403.5,\"timestamp\":\"2022-03-05T16:32:23.931Z\",\"time_switch\":1082418.853},{\"sender\":\"root\",\"sender_type\":\"flow.Sequence\",\"sender_id\":null,\"ended_on\":\"completion\",\"duration\":1081427.7419999999,\"time_run\":970.6999999992549,\"time_render\":941.364,\"time_show\":974.718,\"time_end\":1082402.46,\"time_commit\":1082403.8000000007,\"timestamp\":\"2022-03-05T16:32:23.931Z\",\"time_switch\":1082418.853}]",
    "metadata": "{\"slice\":0,\"id\":\"81e6a8a2-448c-4d5a-9713-a26f2bef19b9\",\"payload\":\"full\"}",
    "url": "https://exp01.zih.tu-dresden.de/experiments/raven_task/"
}