{
    "data": "[{\"url\":{},\"meta\":{\"labjs_version\":\"20.1.1\",\"labjs_build\":{\"flavor\":\"production\",\"commit\":\"cd5695f774968f50499757c1423bd95d033ea08e\"},\"location\":\"https://exp01.zih.tu-dresden.de/experiments/raven_task/\",\"userAgent\":\"Mozilla/5.0 (Windows NT 10.0; Win64; x64; rv:88.0) Gecko/20100101 Firefox/88.0\",\"platform\":\"Win32\",\"language\":\"de\",\"locale\":\"de-DE\",\"timeZone\":\"Europe/Berlin\",\"timezoneOffset\":-120,\"screen_width\":1280,\"screen_height\":720,\"scroll_width\":1268,\"scroll_height\":585,\"window_innerWidth\":1268,\"window_innerHeight\":585,\"devicePixelRatio\":1.5},\"sender\":\"welcome\",\"sender_type\":\"canvas.Screen\",\"sender_id\":\"0\",\"ended_on\":\"timeout\",\"duration\":7993.46,\"time_run\":4130,\"time_render\":4138.14,\"time_show\":4154.8,\"time_end\":12131.62,\"time_commit\":12135,\"timestamp\":\"2021-05-04T12:29:26.557Z\",\"time_switch\":12148.26},{\"sender\":\"instructions\",\"sender_type\":\"html.Page\",\"sender_id\":\"1\",\"response\":\"Space\",\"response_action\":\"keypress(Space)\",\"ended_on\":\"response\",\"duration\":27061.739999999998,\"time_run\":12136,\"time_render\":12131.62,\"time_show\":12148.26,\"time_end\":39210,\"time_commit\":39226,\"timestamp\":\"2021-05-04T12:29:53.649Z\",\"time_switch\":39242.66},{\"sender\":\"example1\",\"sender_type\":\"canvas.Screen\",\"sender_id\":\"2\",\"response\":\"8\",\"response_action\":\"click(0) @8\",\"correctResponse\":\"8\",\"correct\":true,\"ended_on\":\"response\",\"duration\":16623.339999999997,\"time_run\":39227,\"time_render\":39227.56,\"time_show\":39242.66,\"time_end\":55866,\"time_commit\":55880,\"timestamp\":\"2021-05-04T12:30:10.303Z\",\"time_switch\":55912.3},{\"sender\":\"example1_feedback\",\"sender_type\":\"canvas.Screen\",\"sender_id\":\"3\",\"response\":\"space\",\"response_action\":\"keypress(Space)\",\"ended_on\":\"response\",\"duration\":1954.699999999997,\"time_run\":55886,\"time_render\":55895.68,\"time_show\":55912.3,\"time_end\":57867,\"time_commit\":57869,\"timestamp\":\"2021-05-04T12:30:12.291Z\",\"time_switch\":57877.36},{\"sender\":\"example2\",\"sender_type\":\"canvas.Screen\",\"sender_id\":\"4\",\"response\":\"4\",\"response_action\":\"click(0) @4\",\"correctResponse\":\"4\",\"correct\":true,\"ended_on\":\"response\",\"duration\":10364.64,\"time_run\":57870,\"time_render\":57870.14,\"time_show\":57877.36,\"time_end\":68242,\"time_commit\":68257,\"timestamp\":\"2021-05-04T12:30:22.679Z\",\"time_switch\":68285.48},{\"sender\":\"example2_feedback\",\"sender_type\":\"canvas.Screen\",\"sender_id\":\"5\",\"response\":\"space\",\"response_action\":\"keypress(Space)\",\"ended_on\":\"response\",\"duration\":1691.520000000004,\"time_run\":68262,\"time_render\":68268.82,\"time_show\":68285.48,\"time_end\":69977,\"time_commit\":69988,\"timestamp\":\"2021-05-04T12:30:24.411Z\",\"time_switch\":70000.88},{\"sender\":\"get ready\",\"sender_type\":\"canvas.Screen\",\"sender_id\":\"6\",\"response\":\"Space\",\"response_action\":\"keypress(Space)\",\"ended_on\":\"response\",\"duration\":4959.119999999995,\"time_run\":69989,\"time_render\":69989.18,\"time_show\":70000.88,\"time_end\":74960,\"time_commit\":74978,\"timestamp\":\"2021-05-04T12:30:29.401Z\",\"time_switch\":74996.66},{\"sender\":\"test01\",\"sender_type\":\"canvas.Screen\",\"sender_id\":\"7_0\",\"response\":\"7\",\"response_action\":\"click(0) @7\",\"correctResponse\":\"7\",\"correct\":true,\"ended_on\":\"response\",\"duration\":11604.339999999997,\"time_run\":74979,\"time_render\":74980.12,\"time_show\":74996.66,\"time_end\":86601,\"time_commit\":86613,\"timestamp\":\"2021-05-04T12:30:41.036Z\",\"time_switch\":86637.1},{\"sender\":\"test02\",\"sender_type\":\"canvas.Screen\",\"sender_id\":\"7_1\",\"response\":\"8\",\"response_action\":\"click(0) @8\",\"correctResponse\":\"4\",\"correct\":false,\"ended_on\":\"response\",\"duration\":39228.899999999994,\"time_run\":86614,\"time_render\":86620.52,\"time_show\":86637.1,\"time_end\":125866,\"time_commit\":125872,\"timestamp\":\"2021-05-04T12:31:20.295Z\",\"time_switch\":125904.78},{\"sender\":\"test03\",\"sender_type\":\"canvas.Screen\",\"sender_id\":\"7_2\",\"response\":\"6\",\"response_action\":\"click(0) @6\",\"correctResponse\":\"6\",\"correct\":true,\"ended_on\":\"response\",\"duration\":35071.22,\"time_run\":125873,\"time_render\":125888.12,\"time_show\":125904.78,\"time_end\":160976,\"time_commit\":160983,\"timestamp\":\"2021-05-04T12:31:55.405Z\",\"time_switch\":161009.3},{\"sender\":\"test04\",\"sender_type\":\"canvas.Screen\",\"sender_id\":\"7_3\",\"response\":\"2\",\"response_action\":\"click(0) @2\",\"correctResponse\":\"2\",\"correct\":true,\"ended_on\":\"response\",\"duration\":58420.70000000001,\"time_run\":160984,\"time_render\":160992.66,\"time_show\":161009.3,\"time_end\":219430,\"time_commit\":219446,\"timestamp\":\"2021-05-04T12:32:53.869Z\",\"time_switch\":219461.28},{\"sender\":\"test05\",\"sender_type\":\"canvas.Screen\",\"sender_id\":\"7_4\",\"response\":\"4\",\"response_action\":\"click(0) @4\",\"correctResponse\":\"4\",\"correct\":true,\"ended_on\":\"response\",\"duration\":15405.720000000001,\"time_run\":219447,\"time_render\":219444.62,\"time_show\":219461.28,\"time_end\":234867,\"time_commit\":234875,\"timestamp\":\"2021-05-04T12:33:09.297Z\",\"time_switch\":234898.62},{\"sender\":\"test06\",\"sender_type\":\"canvas.Screen\",\"sender_id\":\"7_5\",\"response\":\"1\",\"response_action\":\"click(0) @1\",\"correctResponse\":\"7\",\"correct\":false,\"ended_on\":\"response\",\"duration\":30123.380000000005,\"time_run\":234875,\"time_render\":234882.12,\"time_show\":234898.62,\"time_end\":265022,\"time_commit\":265041,\"timestamp\":\"2021-05-04T12:33:39.463Z\",\"time_switch\":265057.14},{\"sender\":\"test07\",\"sender_type\":\"canvas.Screen\",\"sender_id\":\"7_6\",\"response\":\"1\",\"response_action\":\"click(0) @1\",\"correctResponse\":\"8\",\"correct\":false,\"ended_on\":\"response\",\"duration\":-2.14000000001397,\"time_run\":265042,\"time_render\":265040.5,\"time_show\":265057.14,\"time_end\":265055,\"time_commit\":265061,\"timestamp\":\"2021-05-04T12:33:39.483Z\",\"time_switch\":265107.1},{\"sender\":\"test08\",\"sender_type\":\"canvas.Screen\",\"sender_id\":\"7_7\",\"response\":\"5\",\"response_action\":\"click(0) @5\",\"correctResponse\":\"7\",\"correct\":false,\"ended_on\":\"response\",\"duration\":66039.90000000002,\"time_run\":265061,\"time_render\":265073.8,\"time_show\":265107.1,\"time_end\":331147,\"time_commit\":331169,\"timestamp\":\"2021-05-04T12:34:45.591Z\",\"time_switch\":331186.16},{\"sender\":\"test09\",\"sender_type\":\"canvas.Screen\",\"sender_id\":\"7_8\",\"response\":\"5\",\"response_action\":\"click(0) @5\",\"correctResponse\":\"5\",\"correct\":true,\"ended_on\":\"response\",\"duration\":59258.840000000026,\"time_run\":331172,\"time_render\":331169.5,\"time_show\":331186.16,\"time_end\":390445,\"time_commit\":390459,\"timestamp\":\"2021-05-04T12:35:44.881Z\",\"time_switch\":390487.4},{\"sender\":\"test10\",\"sender_type\":\"canvas.Screen\",\"sender_id\":\"7_9\",\"response\":\"5\",\"response_action\":\"click(0) @5\",\"correctResponse\":\"5\",\"correct\":true,\"ended_on\":\"response\",\"duration\":58800.59999999998,\"time_run\":390460,\"time_render\":390470.74,\"time_show\":390487.4,\"time_end\":449288,\"time_commit\":449295,\"timestamp\":\"2021-05-04T12:36:43.718Z\",\"time_switch\":449322.38},{\"sender\":\"test11\",\"sender_type\":\"canvas.Screen\",\"sender_id\":\"7_10\",\"response\":\"5\",\"response_action\":\"click(0) @5\",\"correctResponse\":\"4\",\"correct\":false,\"ended_on\":\"response\",\"duration\":-18.380000000004657,\"time_run\":449296,\"time_render\":449305.74,\"time_show\":449322.38,\"time_end\":449304,\"time_commit\":449326,\"timestamp\":\"2021-05-04T12:36:43.748Z\",\"time_switch\":449372.34},{\"sender\":\"test12\",\"sender_type\":\"canvas.Screen\",\"sender_id\":\"7_11\",\"response\":\"3\",\"response_action\":\"click(0) @3\",\"correctResponse\":\"1\",\"correct\":false,\"ended_on\":\"response\",\"duration\":43665.659999999974,\"time_run\":449327,\"time_render\":449339.04,\"time_show\":449372.34,\"time_end\":493038,\"time_commit\":493047,\"timestamp\":\"2021-05-04T12:37:27.470Z\",\"time_switch\":493069.72},{\"sender\":\"tests (15min)\",\"sender_type\":\"flow.Sequence\",\"sender_id\":\"7\",\"ended_on\":\"completion\",\"duration\":418041.33999999997,\"time_run\":74979,\"time_render\":74980.12,\"time_show\":74996.66,\"time_end\":493038,\"time_commit\":493049,\"timestamp\":\"2021-05-04T12:37:27.472Z\",\"time_switch\":493069.72},{\"sender\":\"good bye\",\"sender_type\":\"canvas.Screen\",\"sender_id\":\"8\",\"ended_on\":\"timeout\",\"duration\":3996.780000000028,\"time_run\":493049,\"time_render\":493053.08,\"time_show\":493069.72,\"time_end\":497049.84,\"time_commit\":497050,\"timestamp\":\"2021-05-04T12:37:31.472Z\",\"time_switch\":497066.5},{\"sender\":\"root\",\"sender_type\":\"flow.Sequence\",\"sender_id\":null,\"ended_on\":\"completion\",\"duration\":492895.04000000004,\"time_run\":4130,\"time_render\":4138.14,\"time_show\":4154.8,\"time_end\":497049.84,\"time_commit\":497052,\"timestamp\":\"2021-05-04T12:37:31.473Z\",\"time_switch\":497066.5}]",
    "metadata": "{\"slice\":0,\"id\":\"8e5b9e86-6775-4265-a6d2-ce708fba39a3\",\"payload\":\"full\"}",
    "url": "https://exp01.zih.tu-dresden.de/experiments/raven_task/"
}