{
    "data": "[{\"url\":{},\"meta\":{\"labjs_version\":\"20.1.1\",\"labjs_build\":{\"flavor\":\"production\",\"commit\":\"cd5695f774968f50499757c1423bd95d033ea08e\"},\"location\":\"https://exp01.zih.tu-dresden.de/experiments/spot_a_word_task/\",\"userAgent\":\"Mozilla/5.0 (Windows NT 10.0; Win64; x64; rv:88.0) Gecko/20100101 Firefox/88.0\",\"platform\":\"Win32\",\"language\":\"de\",\"locale\":\"de-DE\",\"timeZone\":\"Europe/Berlin\",\"timezoneOffset\":-120,\"screen_width\":1280,\"screen_height\":720,\"scroll_width\":1268,\"scroll_height\":585,\"window_innerWidth\":1268,\"window_innerHeight\":585,\"devicePixelRatio\":1.5},\"sender\":\"start_html\",\"sender_type\":\"html.Screen\",\"sender_id\":\"0\",\"ended_on\":\"timeout\",\"duration\":5995.1,\"time_run\":383,\"time_render\":402.58,\"time_show\":419.24,\"time_end\":6397.68,\"time_commit\":6399,\"timestamp\":\"2021-05-04T12:19:56.057Z\",\"time_switch\":6414.34},{\"sender\":\"manual_html\",\"sender_type\":\"html.Screen\",\"sender_id\":\"1\",\"response\":\"space\",\"response_action\":\"keypress(Space)\",\"ended_on\":\"response\",\"duration\":26387.66,\"time_run\":6399,\"time_render\":6397.68,\"time_show\":6414.34,\"time_end\":32802,\"time_commit\":32816,\"timestamp\":\"2021-05-04T12:20:22.475Z\",\"time_switch\":32842.64},{\"sender\":\"example1_screen\",\"sender_type\":\"canvas.Screen\",\"sender_id\":\"2\",\"response\":\"4\",\"response_action\":\"keypress(4)\",\"correctResponse\":\"4\",\"correct\":true,\"ended_on\":\"response\",\"duration\":4429.360000000001,\"time_run\":32823,\"time_render\":32825.98,\"time_show\":32842.64,\"time_end\":37272,\"time_commit\":37278,\"timestamp\":\"2021-05-04T12:20:26.936Z\",\"time_switch\":37288.98},{\"sender\":\"example1_feedback\",\"sender_type\":\"canvas.Screen\",\"sender_id\":\"3\",\"response\":\"Space\",\"response_action\":\"keypress(Space)\",\"ended_on\":\"response\",\"duration\":1795.0199999999968,\"time_run\":37283,\"time_render\":37283.34,\"time_show\":37288.98,\"time_end\":39084,\"time_commit\":39098,\"timestamp\":\"2021-05-04T12:20:28.757Z\",\"time_switch\":39120.76},{\"sender\":\"example2_screen\",\"sender_type\":\"canvas.Screen\",\"sender_id\":\"4\",\"response\":\"5\",\"response_action\":\"keypress(5)\",\"correctResponse\":\"5\",\"correct\":true,\"ended_on\":\"response\",\"duration\":4712.239999999998,\"time_run\":39104,\"time_render\":39103.68,\"time_show\":39120.76,\"time_end\":43833,\"time_commit\":43841,\"timestamp\":\"2021-05-04T12:20:33.499Z\",\"time_switch\":43850.26},{\"sender\":\"example2_feedback\",\"sender_type\":\"canvas.Screen\",\"sender_id\":\"5\",\"response\":\"Space\",\"response_action\":\"keypress(Space)\",\"ended_on\":\"response\",\"duration\":1123.739999999998,\"time_run\":43846,\"time_render\":43846.4,\"time_show\":43850.26,\"time_end\":44974,\"time_commit\":44990,\"timestamp\":\"2021-05-04T12:20:34.648Z\",\"time_switch\":44999.3},{\"sender\":\"example3_screen\",\"sender_type\":\"canvas.Screen\",\"sender_id\":\"6\",\"response\":\"3\",\"response_action\":\"keypress(3)\",\"correctResponse\":\"1\",\"correct\":false,\"ended_on\":\"response\",\"duration\":2724.699999999997,\"time_run\":44994,\"time_render\":44994.7,\"time_show\":44999.3,\"time_end\":47724,\"time_commit\":47741,\"timestamp\":\"2021-05-04T12:20:37.398Z\",\"time_switch\":47763.76},{\"sender\":\"example3_feedback\",\"sender_type\":\"canvas.Screen\",\"sender_id\":\"7\",\"response\":\"Space\",\"response_action\":\"keypress(Space)\",\"ended_on\":\"response\",\"duration\":9710.239999999998,\"time_run\":47746,\"time_render\":47746.42,\"time_show\":47763.76,\"time_end\":57474,\"time_commit\":57489,\"timestamp\":\"2021-05-04T12:20:47.147Z\",\"time_switch\":57505.7},{\"sender\":\"get_ready_html\",\"sender_type\":\"html.Screen\",\"sender_id\":\"8\",\"response\":\"space\",\"response_action\":\"keypress(Space)\",\"ended_on\":\"response\",\"duration\":5797.300000000003,\"time_run\":57490,\"time_render\":57490.08,\"time_show\":57505.7,\"time_end\":63303,\"time_commit\":63314,\"timestamp\":\"2021-05-04T12:20:52.972Z\",\"time_switch\":63350.92},{\"sender\":\"trial_screen\",\"sender_type\":\"canvas.Screen\",\"sender_id\":\"9_0\",\"correct\":true,\"trial_ID\":1,\"word1\":\"siziol\",\"word2\":\"salzahl\",\"word3\":\"sozihl\",\"word4\":\"sziam\",\"word5\":\"sozial\",\"response\":\"5\",\"response_action\":\"keypress(5)\",\"correctResponse\":\"5\",\"ended_on\":\"response\",\"duration\":3046.0800000000017,\"time_run\":63350,\"time_render\":63349.82,\"time_show\":63350.92,\"time_end\":66397,\"time_commit\":66413,\"timestamp\":\"2021-05-04T12:20:56.071Z\",\"time_switch\":66431.74},{\"sender\":\"trial_screen\",\"sender_type\":\"canvas.Screen\",\"sender_id\":\"9_1\",\"correct\":true,\"trial_ID\":2,\"word1\":\"Lamone\",\"word2\":\"Talane\",\"word3\":\"Matrone\",\"word4\":\"Tarone\",\"word5\":\"Malonte\",\"response\":\"3\",\"response_action\":\"keypress(3)\",\"correctResponse\":\"3\",\"ended_on\":\"response\",\"duration\":3558.2599999999948,\"time_run\":66420,\"time_render\":66420.4,\"time_show\":66431.74,\"time_end\":69990,\"time_commit\":69999,\"timestamp\":\"2021-05-04T12:20:59.657Z\",\"time_switch\":70012.16},{\"sender\":\"trial_screen\",\"sender_type\":\"canvas.Screen\",\"sender_id\":\"9_2\",\"correct\":true,\"trial_ID\":3,\"word1\":\"kurinesisch\",\"word2\":\"kulinarisch\",\"word3\":\"kumenisch\",\"word4\":\"kulissarisch\",\"word5\":\"kannastrisch\",\"response\":\"2\",\"response_action\":\"keypress(2)\",\"correctResponse\":\"2\",\"ended_on\":\"response\",\"duration\":2806.8399999999965,\"time_run\":70004,\"time_render\":70004.26,\"time_show\":70012.16,\"time_end\":72819,\"time_commit\":72822,\"timestamp\":\"2021-05-04T12:21:02.481Z\",\"time_switch\":72843.1},{\"sender\":\"trial_screen\",\"sender_type\":\"canvas.Screen\",\"sender_id\":\"9_3\",\"correct\":true,\"trial_ID\":4,\"word1\":\"Tinxur\",\"word2\":\"Kukutur\",\"word3\":\"Fraktan\",\"word4\":\"Tinktur\",\"word5\":\"Rimsuhr\",\"response\":\"4\",\"response_action\":\"keypress(4)\",\"correctResponse\":\"4\",\"ended_on\":\"response\",\"duration\":3646.899999999994,\"time_run\":72827,\"time_render\":72827.34,\"time_show\":72843.1,\"time_end\":76490,\"time_commit\":76506,\"timestamp\":\"2021-05-04T12:21:06.164Z\",\"time_switch\":76523.34},{\"sender\":\"trial_screen\",\"sender_type\":\"canvas.Screen\",\"sender_id\":\"9_4\",\"correct\":true,\"trial_ID\":5,\"word1\":\"beralen\",\"word2\":\"ger\u00e4ltet\",\"word3\":\"an\u00e4lteren\",\"word4\":\"unt\u00e4ren\",\"word5\":\"verbr\u00e4men\",\"response\":\"5\",\"response_action\":\"keypress(5)\",\"correctResponse\":\"5\",\"ended_on\":\"response\",\"duration\":5200.6600000000035,\"time_run\":76512,\"time_render\":76511.92,\"time_show\":76523.34,\"time_end\":81724,\"time_commit\":81737,\"timestamp\":\"2021-05-04T12:21:11.396Z\",\"time_switch\":81752.44},{\"sender\":\"trial_screen\",\"sender_type\":\"canvas.Screen\",\"sender_id\":\"9_5\",\"correct\":true,\"trial_ID\":6,\"word1\":\"Rosto\",\"word2\":\"Torso\",\"word3\":\"Soro\",\"word4\":\"Torgos\",\"word5\":\"Tosor\",\"response\":\"2\",\"response_action\":\"keypress(2)\",\"correctResponse\":\"2\",\"ended_on\":\"response\",\"duration\":2300.5599999999977,\"time_run\":81743,\"time_render\":81743.48,\"time_show\":81752.44,\"time_end\":84053,\"time_commit\":84061,\"timestamp\":\"2021-05-04T12:21:13.719Z\",\"time_switch\":84083.8},{\"sender\":\"trial_screen\",\"sender_type\":\"canvas.Screen\",\"sender_id\":\"9_6\",\"correct\":true,\"trial_ID\":7,\"word1\":\"Redor\",\"word2\":\"Radium\",\"word3\":\"Terion\",\"word4\":\"Dramin\",\"word5\":\"Orakium\",\"response\":\"2\",\"response_action\":\"keypress(2)\",\"correctResponse\":\"2\",\"ended_on\":\"response\",\"duration\":2719.199999999997,\"time_run\":84066,\"time_render\":84066.66,\"time_show\":84083.8,\"time_end\":86803,\"time_commit\":86813,\"timestamp\":\"2021-05-04T12:21:16.471Z\",\"time_switch\":86831.6},{\"sender\":\"trial_screen\",\"sender_type\":\"canvas.Screen\",\"sender_id\":\"9_7\",\"correct\":true,\"trial_ID\":8,\"word1\":\"Nale\",\"word2\":\"Sahe\",\"word3\":\"Nase\",\"word4\":\"Nesa\",\"word5\":\"Sehna\",\"response\":\"3\",\"response_action\":\"keypress(3)\",\"correctResponse\":\"3\",\"ended_on\":\"response\",\"duration\":3346.399999999994,\"time_run\":86818,\"time_render\":86817.66,\"time_show\":86831.6,\"time_end\":90178,\"time_commit\":90186,\"timestamp\":\"2021-05-04T12:21:19.844Z\",\"time_switch\":90195.56},{\"sender\":\"trial_screen\",\"sender_type\":\"canvas.Screen\",\"sender_id\":\"9_8\",\"correct\":true,\"trial_ID\":9,\"word1\":\"Rilkiase\",\"word2\":\"Kilister\",\"word3\":\"Riliker\",\"word4\":\"Klistier\",\"word5\":\"Linkure\",\"response\":\"4\",\"response_action\":\"keypress(4)\",\"correctResponse\":\"4\",\"ended_on\":\"response\",\"duration\":2826.4400000000023,\"time_run\":90191,\"time_render\":90190.62,\"time_show\":90195.56,\"time_end\":93022,\"time_commit\":93039,\"timestamp\":\"2021-05-04T12:21:22.696Z\",\"time_switch\":93059.82},{\"sender\":\"trial_screen\",\"sender_type\":\"canvas.Screen\",\"sender_id\":\"9_9\",\"correct\":true,\"trial_ID\":10,\"word1\":\"kentern\",\"word2\":\"knerte\",\"word3\":\"kanzen\",\"word4\":\"kretern\",\"word5\":\"trekern\",\"response\":\"1\",\"response_action\":\"keypress(1)\",\"correctResponse\":\"1\",\"ended_on\":\"response\",\"duration\":5445.179999999993,\"time_run\":93046,\"time_render\":93046.38,\"time_show\":93059.82,\"time_end\":98505,\"time_commit\":98515,\"timestamp\":\"2021-05-04T12:21:28.173Z\",\"time_switch\":98522},{\"sender\":\"trial_screen\",\"sender_type\":\"canvas.Screen\",\"sender_id\":\"9_10\",\"correct\":true,\"trial_ID\":11,\"word1\":\"Sorekin\",\"word2\":\"Sarowin\",\"word3\":\"Rosakin\",\"word4\":\"Narosin\",\"word5\":\"Kerosin\",\"response\":\"5\",\"response_action\":\"keypress(5)\",\"correctResponse\":\"5\",\"ended_on\":\"response\",\"duration\":3327,\"time_run\":98520,\"time_render\":98520.52,\"time_show\":98522,\"time_end\":101849,\"time_commit\":101856,\"timestamp\":\"2021-05-04T12:21:31.514Z\",\"time_switch\":101869.32},{\"sender\":\"trial_screen\",\"sender_type\":\"canvas.Screen\",\"sender_id\":\"9_11\",\"correct\":true,\"trial_ID\":12,\"word1\":\"Ralke\",\"word2\":\"Korre\",\"word3\":\"Ruckse\",\"word4\":\"Recke\",\"word5\":\"Ulte\",\"response\":\"4\",\"response_action\":\"keypress(4)\",\"correctResponse\":\"4\",\"ended_on\":\"response\",\"duration\":5651.679999999993,\"time_run\":101860,\"time_render\":101860.5,\"time_show\":101869.32,\"time_end\":107521,\"time_commit\":107530,\"timestamp\":\"2021-05-04T12:21:37.188Z\",\"time_switch\":107547.94},{\"sender\":\"trial_screen\",\"sender_type\":\"canvas.Screen\",\"sender_id\":\"9_12\",\"correct\":true,\"trial_ID\":13,\"word1\":\"Kapaun\",\"word2\":\"Paukan\",\"word3\":\"Naupack\",\"word4\":\"Aupeck\",\"word5\":\"Ankepran\",\"response\":\"1\",\"response_action\":\"keypress(1)\",\"correctResponse\":\"1\",\"ended_on\":\"response\",\"duration\":3896.0599999999977,\"time_run\":107534,\"time_render\":107534.22,\"time_show\":107547.94,\"time_end\":111444,\"time_commit\":111457,\"timestamp\":\"2021-05-04T12:21:41.115Z\",\"time_switch\":111478.04},{\"sender\":\"trial_screen\",\"sender_type\":\"canvas.Screen\",\"sender_id\":\"9_13\",\"correct\":true,\"trial_ID\":14,\"word1\":\"Dissonanz\",\"word2\":\"Diskrisanz\",\"word3\":\"Distranz\",\"word4\":\"Dinotanz\",\"word5\":\"Sidonenz\",\"response\":\"1\",\"response_action\":\"keypress(1)\",\"correctResponse\":\"1\",\"ended_on\":\"response\",\"duration\":4980.960000000006,\"time_run\":111461,\"time_render\":111462.22,\"time_show\":111478.04,\"time_end\":116459,\"time_commit\":116463,\"timestamp\":\"2021-05-04T12:21:46.120Z\",\"time_switch\":116474.06},{\"sender\":\"trial_screen\",\"sender_type\":\"canvas.Screen\",\"sender_id\":\"9_14\",\"correct\":true,\"trial_ID\":15,\"word1\":\"Kirse\",\"word2\":\"Sirke\",\"word3\":\"Krise\",\"word4\":\"Krospe\",\"word5\":\"Seris\",\"response\":\"3\",\"response_action\":\"keypress(3)\",\"correctResponse\":\"3\",\"ended_on\":\"response\",\"duration\":4874.940000000002,\"time_run\":116469,\"time_render\":116469.18,\"time_show\":116474.06,\"time_end\":121349,\"time_commit\":121360,\"timestamp\":\"2021-05-04T12:21:51.018Z\",\"time_switch\":121369.9},{\"sender\":\"trial_screen\",\"sender_type\":\"canvas.Screen\",\"sender_id\":\"9_15\",\"correct\":true,\"trial_ID\":16,\"word1\":\"Tume\",\"word2\":\"Umat\",\"word3\":\"Maut\",\"word4\":\"Taum\",\"word5\":\"Muta\",\"response\":\"3\",\"response_action\":\"keypress(3)\",\"correctResponse\":\"3\",\"ended_on\":\"response\",\"duration\":2713.100000000006,\"time_run\":121365,\"time_render\":121364.92,\"time_show\":121369.9,\"time_end\":124083,\"time_commit\":124101,\"timestamp\":\"2021-05-04T12:21:53.759Z\",\"time_switch\":124117.68},{\"sender\":\"trial_screen\",\"sender_type\":\"canvas.Screen\",\"sender_id\":\"9_16\",\"correct\":true,\"trial_ID\":17,\"word1\":\"Tuhl\",\"word2\":\"Lar\",\"word3\":\"Lest\",\"word4\":\"Dall\",\"word5\":\"Lid\",\"response\":\"5\",\"response_action\":\"keypress(5)\",\"correctResponse\":\"5\",\"ended_on\":\"response\",\"duration\":2997.320000000007,\"time_run\":124105,\"time_render\":124106.04,\"time_show\":124117.68,\"time_end\":127115,\"time_commit\":127126,\"timestamp\":\"2021-05-04T12:21:56.786Z\",\"time_switch\":127148.52},{\"sender\":\"trial_screen\",\"sender_type\":\"canvas.Screen\",\"sender_id\":\"9_17\",\"correct\":true,\"trial_ID\":18,\"word1\":\"Adept\",\"word2\":\"Padet\",\"word3\":\"Edapt\",\"word4\":\"Epatt\",\"word5\":\"Taped\",\"response\":\"1\",\"response_action\":\"keypress(1)\",\"correctResponse\":\"1\",\"ended_on\":\"response\",\"duration\":5372.479999999996,\"time_run\":127132,\"time_render\":127132.2,\"time_show\":127148.52,\"time_end\":132521,\"time_commit\":132534,\"timestamp\":\"2021-05-04T12:22:02.192Z\",\"time_switch\":132544.16},{\"sender\":\"trial_screen\",\"sender_type\":\"canvas.Screen\",\"sender_id\":\"9_18\",\"correct\":true,\"trial_ID\":19,\"word1\":\"Spirine\",\"word2\":\"Saprin\",\"word3\":\"Parsin\",\"word4\":\"Purin\",\"word5\":\"Asprint\",\"response\":\"4\",\"response_action\":\"keypress(4)\",\"correctResponse\":\"4\",\"ended_on\":\"response\",\"duration\":12523.839999999997,\"time_run\":132540,\"time_render\":132541.14,\"time_show\":132544.16,\"time_end\":145068,\"time_commit\":145074,\"timestamp\":\"2021-05-04T12:22:14.733Z\",\"time_switch\":145083.76},{\"sender\":\"trial_screen\",\"sender_type\":\"canvas.Screen\",\"sender_id\":\"9_19\",\"correct\":false,\"trial_ID\":20,\"word1\":\"Kulon\",\"word2\":\"Solgun\",\"word3\":\"Koskan\",\"word4\":\"Soran\",\"word5\":\"Klonus\",\"response\":\"1\",\"response_action\":\"keypress(1)\",\"correctResponse\":\"5\",\"ended_on\":\"response\",\"duration\":6437.239999999991,\"time_run\":145081,\"time_render\":145081.32,\"time_show\":145083.76,\"time_end\":151521,\"time_commit\":151534,\"timestamp\":\"2021-05-04T12:22:21.193Z\",\"time_switch\":151545.12},{\"sender\":\"trial_screen\",\"sender_type\":\"canvas.Screen\",\"sender_id\":\"9_20\",\"correct\":true,\"trial_ID\":21,\"word1\":\"Tronke\",\"word2\":\"Nocktherm\",\"word3\":\"Teronk\",\"word4\":\"Komtur\",\"word5\":\"Rocktur\",\"response\":\"4\",\"response_action\":\"keypress(4)\",\"correctResponse\":\"4\",\"ended_on\":\"response\",\"duration\":3522.8800000000047,\"time_run\":151541,\"time_render\":151540.8,\"time_show\":151545.12,\"time_end\":155068,\"time_commit\":155080,\"timestamp\":\"2021-05-04T12:22:24.737Z\",\"time_switch\":155092.2},{\"sender\":\"trial_screen\",\"sender_type\":\"canvas.Screen\",\"sender_id\":\"9_21\",\"correct\":true,\"trial_ID\":22,\"word1\":\"Ripat\",\"word2\":\"Patinatte\",\"word3\":\"Tapir\",\"word4\":\"Apitt\",\"word5\":\"Padir\",\"response\":\"3\",\"response_action\":\"keypress(3)\",\"correctResponse\":\"3\",\"ended_on\":\"response\",\"duration\":2506.7999999999884,\"time_run\":155085,\"time_render\":155085.46,\"time_show\":155092.2,\"time_end\":157599,\"time_commit\":157609,\"timestamp\":\"2021-05-04T12:22:27.268Z\",\"time_switch\":157623.46},{\"sender\":\"trial_screen\",\"sender_type\":\"canvas.Screen\",\"sender_id\":\"9_22\",\"correct\":true,\"trial_ID\":23,\"word1\":\"Akifer\",\"word2\":\"Fiaker\",\"word3\":\"Kiaffa\",\"word4\":\"Sariffer\",\"word5\":\"Refisker\",\"response\":\"2\",\"response_action\":\"keypress(2)\",\"correctResponse\":\"2\",\"ended_on\":\"response\",\"duration\":2162.540000000008,\"time_run\":157616,\"time_render\":157616.88,\"time_show\":157623.46,\"time_end\":159786,\"time_commit\":159801,\"timestamp\":\"2021-05-04T12:22:29.459Z\",\"time_switch\":159821.66},{\"sender\":\"trial_screen\",\"sender_type\":\"canvas.Screen\",\"sender_id\":\"9_23\",\"correct\":true,\"trial_ID\":24,\"word1\":\"Kleiber\",\"word2\":\"Beikel\",\"word3\":\"Keibel\",\"word4\":\"Reikler\",\"word5\":\"Biekerl\",\"response\":\"1\",\"response_action\":\"keypress(1)\",\"correctResponse\":\"1\",\"ended_on\":\"response\",\"duration\":3247.3399999999965,\"time_run\":159808,\"time_render\":159808.82,\"time_show\":159821.66,\"time_end\":163069,\"time_commit\":163078,\"timestamp\":\"2021-05-04T12:22:32.737Z\",\"time_switch\":163102.32},{\"sender\":\"trial_screen\",\"sender_type\":\"canvas.Screen\",\"sender_id\":\"9_24\",\"correct\":true,\"trial_ID\":25,\"word1\":\"Ig\u00e4de\",\"word2\":\"D\u00e4gie\",\"word3\":\"\u00c4gide\",\"word4\":\"Dig\u00e4de\",\"word5\":\"Giad\",\"response\":\"3\",\"response_action\":\"keypress(3)\",\"correctResponse\":\"3\",\"ended_on\":\"response\",\"duration\":2433.679999999993,\"time_run\":163085,\"time_render\":163085.06,\"time_show\":163102.32,\"time_end\":165536,\"time_commit\":165540,\"timestamp\":\"2021-05-04T12:22:35.198Z\",\"time_switch\":165550.48},{\"sender\":\"trial_screen\",\"sender_type\":\"canvas.Screen\",\"sender_id\":\"9_25\",\"correct\":true,\"trial_ID\":26,\"word1\":\"Rixal\",\"word2\":\"Irtax\",\"word3\":\"Rackizie\",\"word4\":\"Matrix\",\"word5\":\"Atrige\",\"response\":\"4\",\"response_action\":\"keypress(4)\",\"correctResponse\":\"4\",\"ended_on\":\"response\",\"duration\":2689.5199999999895,\"time_run\":165546,\"time_render\":165545.98,\"time_show\":165550.48,\"time_end\":168240,\"time_commit\":168247,\"timestamp\":\"2021-05-04T12:22:37.905Z\",\"time_switch\":168264.7},{\"sender\":\"trial_screen\",\"sender_type\":\"canvas.Screen\",\"sender_id\":\"9_26\",\"correct\":true,\"trial_ID\":27,\"word1\":\"Haskisch\",\"word2\":\"Asmisch\",\"word3\":\"Schisma\",\"word4\":\"Rasthmie\",\"word5\":\"Ilschah\",\"response\":\"3\",\"response_action\":\"keypress(3)\",\"correctResponse\":\"3\",\"ended_on\":\"response\",\"duration\":3866.2999999999884,\"time_run\":168255,\"time_render\":168254.96,\"time_show\":168264.7,\"time_end\":172131,\"time_commit\":172132,\"timestamp\":\"2021-05-04T12:22:41.791Z\",\"time_switch\":172144.84},{\"sender\":\"trial_screen\",\"sender_type\":\"canvas.Screen\",\"sender_id\":\"9_27\",\"correct\":false,\"trial_ID\":28,\"word1\":\"Sallose\",\"word2\":\"Lordose\",\"word3\":\"Dormase\",\"word4\":\"Rollase\",\"word5\":\"Ardierole\",\"response\":\"3\",\"response_action\":\"keypress(3)\",\"correctResponse\":\"2\",\"ended_on\":\"response\",\"duration\":6346.1600000000035,\"time_run\":172140,\"time_render\":172140.32,\"time_show\":172144.84,\"time_end\":178491,\"time_commit\":178499,\"timestamp\":\"2021-05-04T12:22:48.158Z\",\"time_switch\":178522.94},{\"sender\":\"trial_screen\",\"sender_type\":\"canvas.Screen\",\"sender_id\":\"9_28\",\"correct\":true,\"trial_ID\":29,\"word1\":\"Intranotion\",\"word2\":\"Infranatura\",\"word3\":\"Internodium\",\"word4\":\"Indotalie\",\"word5\":\"Indosta\",\"response\":\"3\",\"response_action\":\"keypress(3)\",\"correctResponse\":\"3\",\"ended_on\":\"response\",\"duration\":10092.059999999998,\"time_run\":178507,\"time_render\":178507.56,\"time_show\":178522.94,\"time_end\":188615,\"time_commit\":188620,\"timestamp\":\"2021-05-04T12:22:58.278Z\",\"time_switch\":188631.5},{\"sender\":\"trial_screen\",\"sender_type\":\"canvas.Screen\",\"sender_id\":\"9_29\",\"correct\":true,\"trial_ID\":30,\"word1\":\"Idaste\",\"word2\":\"Dastrix\",\"word3\":\"Astike\",\"word4\":\"Sadile\",\"word5\":\"Kasside\",\"response\":\"5\",\"response_action\":\"keypress(5)\",\"correctResponse\":\"5\",\"ended_on\":\"response\",\"duration\":8140.5,\"time_run\":188625,\"time_render\":188624.8,\"time_show\":188631.5,\"time_end\":196772,\"time_commit\":196781,\"timestamp\":\"2021-05-04T12:23:06.440Z\",\"time_switch\":196791.34},{\"sender\":\"trial_screen\",\"sender_type\":\"canvas.Screen\",\"sender_id\":\"9_30\",\"correct\":true,\"trial_ID\":31,\"word1\":\"Libration\",\"word2\":\"Bilation\",\"word3\":\"Arlation\",\"word4\":\"Iberation\",\"word5\":\"Tiradon\",\"response\":\"1\",\"response_action\":\"keypress(1)\",\"correctResponse\":\"1\",\"ended_on\":\"response\",\"duration\":6011.6600000000035,\"time_run\":196786,\"time_render\":196786.24,\"time_show\":196791.34,\"time_end\":202803,\"time_commit\":202805,\"timestamp\":\"2021-05-04T12:23:12.464Z\",\"time_switch\":202819.68},{\"sender\":\"trial_screen\",\"sender_type\":\"canvas.Screen\",\"sender_id\":\"9_31\",\"correct\":true,\"trial_ID\":32,\"word1\":\"Pucker\",\"word2\":\"Keuper\",\"word3\":\"Eucker\",\"word4\":\"Reuspeck\",\"word5\":\"Urkane\",\"response\":\"2\",\"response_action\":\"keypress(2)\",\"correctResponse\":\"2\",\"ended_on\":\"response\",\"duration\":6185.320000000007,\"time_run\":202809,\"time_render\":202809.94,\"time_show\":202819.68,\"time_end\":209005,\"time_commit\":209018,\"timestamp\":\"2021-05-04T12:23:18.676Z\",\"time_switch\":209031.22},{\"sender\":\"trial_screen\",\"sender_type\":\"canvas.Screen\",\"sender_id\":\"9_32\",\"correct\":true,\"trial_ID\":33,\"word1\":\"Sickaber\",\"word2\":\"Bassiker\",\"word3\":\"Kassiber\",\"word4\":\"Sassiker\",\"word5\":\"Askiber\",\"response\":\"3\",\"response_action\":\"keypress(3)\",\"correctResponse\":\"3\",\"ended_on\":\"response\",\"duration\":2098.779999999999,\"time_run\":209024,\"time_render\":209024.16,\"time_show\":209031.22,\"time_end\":211130,\"time_commit\":211133,\"timestamp\":\"2021-05-04T12:23:20.792Z\",\"time_switch\":211146.2},{\"sender\":\"trial_screen\",\"sender_type\":\"canvas.Screen\",\"sender_id\":\"9_33\",\"correct\":false,\"trial_ID\":34,\"word1\":\"Alquallon\",\"word2\":\"Lisqualien\",\"word3\":\"Talquallen\",\"word4\":\"Quisquilien\",\"word5\":\"Rielquellen\",\"response\":\"5\",\"response_action\":\"keypress(5)\",\"correctResponse\":\"4\",\"ended_on\":\"response\",\"duration\":7749.799999999988,\"time_run\":211139,\"time_render\":211140.22,\"time_show\":211146.2,\"time_end\":218896,\"time_commit\":218902,\"timestamp\":\"2021-05-04T12:23:28.560Z\",\"time_switch\":218923.08},{\"sender\":\"trial_screen\",\"sender_type\":\"canvas.Screen\",\"sender_id\":\"9_34\",\"correct\":true,\"trial_ID\":35,\"word1\":\"Berkiza\",\"word2\":\"Brekzie\",\"word3\":\"Birakzie\",\"word4\":\"Brikazie\",\"word5\":\"Bakiria\",\"response\":\"2\",\"response_action\":\"keypress(2)\",\"correctResponse\":\"2\",\"ended_on\":\"response\",\"duration\":7175.920000000013,\"time_run\":218906,\"time_render\":218906.36,\"time_show\":218923.08,\"time_end\":226099,\"time_commit\":226114,\"timestamp\":\"2021-05-04T12:23:35.772Z\",\"time_switch\":226133.82},{\"sender\":\"loop_trial\",\"sender_type\":\"flow.Loop\",\"sender_id\":\"9\",\"ended_on\":\"completion\",\"duration\":162748.08000000002,\"time_run\":63346,\"time_render\":63349.82,\"time_show\":63350.92,\"time_end\":226099,\"time_commit\":226118,\"timestamp\":\"2021-05-04T12:23:35.776Z\",\"time_switch\":226133.82},{\"sender\":\"end_html\",\"sender_type\":\"html.Screen\",\"sender_id\":\"10\",\"ended_on\":\"timeout\",\"duration\":5995.079999999987,\"time_run\":226118,\"time_render\":226118.36,\"time_show\":226133.82,\"time_end\":232112.24,\"time_commit\":232113,\"timestamp\":\"2021-05-04T12:23:41.771Z\",\"time_switch\":232128.9},{\"sender\":\"root\",\"sender_type\":\"flow.Sequence\",\"sender_id\":null,\"ended_on\":\"completion\",\"duration\":231693,\"time_run\":383,\"time_render\":402.58,\"time_show\":419.24,\"time_end\":232112.24,\"time_commit\":232113,\"timestamp\":\"2021-05-04T12:23:41.772Z\",\"time_switch\":232128.9}]",
    "metadata": "{\"slice\":0,\"id\":\"41410629-b236-4039-b416-0e771e0a3ed0\",\"payload\":\"full\"}",
    "url": "https://exp01.zih.tu-dresden.de/experiments/spot_a_word_task/"
}