{
    "data": "[{\"url\":{},\"meta\":{\"labjs_version\":\"20.1.1\",\"labjs_build\":{\"flavor\":\"production\",\"commit\":\"cd5695f774968f50499757c1423bd95d033ea08e\"},\"location\":\"https://exp01.zih.tu-dresden.de/experiments/spot_a_word_task/\",\"userAgent\":\"Mozilla/5.0 (Windows NT 6.1; Win64; x64) AppleWebKit/537.36 (KHTML, like Gecko) Chrome/91.0.4472.124 Safari/537.36\",\"platform\":\"Win32\",\"language\":\"de-DE\",\"locale\":\"de\",\"timeZone\":\"Europe/Berlin\",\"timezoneOffset\":-120,\"screen_width\":1366,\"screen_height\":768,\"scroll_width\":1366,\"scroll_height\":609,\"window_innerWidth\":1366,\"window_innerHeight\":657,\"devicePixelRatio\":1},\"sender\":\"start_html\",\"sender_type\":\"html.Screen\",\"sender_id\":\"0\",\"ended_on\":\"timeout\",\"duration\":6014.598,\"time_run\":632.2000000011176,\"time_render\":640.63,\"time_show\":657.324,\"time_end\":6638.506,\"time_commit\":6647.60000000149,\"timestamp\":\"2021-07-15T09:23:46.665Z\",\"time_switch\":6671.922},{\"sender\":\"manual_html\",\"sender_type\":\"html.Screen\",\"sender_id\":\"1\",\"response\":\"space\",\"response_action\":\"keypress(Space)\",\"ended_on\":\"response\",\"duration\":34849.27800000112,\"time_run\":6648.800000000745,\"time_render\":6638.506,\"time_show\":6671.922,\"time_end\":41521.20000000112,\"time_commit\":41529.10000000149,\"timestamp\":\"2021-07-15T09:24:21.546Z\",\"time_switch\":41551.468},{\"sender\":\"example1_screen\",\"sender_type\":\"canvas.Screen\",\"sender_id\":\"2\",\"response\":\"4\",\"response_action\":\"keypress(4)\",\"correctResponse\":\"4\",\"correct\":true,\"ended_on\":\"response\",\"duration\":3982.232000001117,\"time_run\":41543.800000000745,\"time_render\":41518.058,\"time_show\":41551.468,\"time_end\":45533.70000000112,\"time_commit\":45540.10000000149,\"timestamp\":\"2021-07-15T09:24:25.557Z\",\"time_switch\":45561.958},{\"sender\":\"example1_feedback\",\"sender_type\":\"canvas.Screen\",\"sender_id\":\"3\",\"response\":\"Space\",\"response_action\":\"keypress(Space)\",\"ended_on\":\"response\",\"duration\":1597.9420000003738,\"time_run\":45548.300000000745,\"time_render\":45545.253,\"time_show\":45561.958,\"time_end\":47159.90000000037,\"time_commit\":47161.300000000745,\"timestamp\":\"2021-07-15T09:24:27.178Z\",\"time_switch\":47184.051},{\"sender\":\"example2_screen\",\"sender_type\":\"canvas.Screen\",\"sender_id\":\"4\",\"response\":\"5\",\"response_action\":\"keypress(5)\",\"correctResponse\":\"5\",\"correct\":true,\"ended_on\":\"response\",\"duration\":3536.9490000000005,\"time_run\":47170.40000000037,\"time_render\":47167.346,\"time_show\":47184.051,\"time_end\":50721,\"time_commit\":50723.20000000112,\"timestamp\":\"2021-07-15T09:24:30.740Z\",\"time_switch\":50742.54},{\"sender\":\"example2_feedback\",\"sender_type\":\"canvas.Screen\",\"sender_id\":\"5\",\"response\":\"Space\",\"response_action\":\"keypress(Space)\",\"ended_on\":\"response\",\"duration\":1284.3600000003717,\"time_run\":50730.5,\"time_render\":50725.835,\"time_show\":50742.54,\"time_end\":52026.90000000037,\"time_commit\":52028.20000000112,\"timestamp\":\"2021-07-15T09:24:32.045Z\",\"time_switch\":52045.656},{\"sender\":\"example3_screen\",\"sender_type\":\"canvas.Screen\",\"sender_id\":\"6\",\"response\":\"1\",\"response_action\":\"keypress(1)\",\"correctResponse\":\"1\",\"correct\":true,\"ended_on\":\"response\",\"duration\":3618.9440000014874,\"time_run\":52036.20000000112,\"time_render\":52028.951,\"time_show\":52045.656,\"time_end\":55664.60000000149,\"time_commit\":55666.10000000149,\"timestamp\":\"2021-07-15T09:24:35.684Z\",\"time_switch\":55687.705},{\"sender\":\"example3_feedback\",\"sender_type\":\"canvas.Screen\",\"sender_id\":\"7\",\"response\":\"Space\",\"response_action\":\"keypress(Space)\",\"ended_on\":\"response\",\"duration\":1295.1950000003708,\"time_run\":55672.90000000037,\"time_render\":55671,\"time_show\":55687.705,\"time_end\":56982.90000000037,\"time_commit\":56984.40000000037,\"timestamp\":\"2021-07-15T09:24:37.003Z\",\"time_switch\":56990.937},{\"sender\":\"get_ready_html\",\"sender_type\":\"html.Screen\",\"sender_id\":\"8\",\"response\":\"space\",\"response_action\":\"keypress(Space)\",\"ended_on\":\"response\",\"duration\":5428.563000000002,\"time_run\":56984.90000000037,\"time_render\":56974.232,\"time_show\":56990.937,\"time_end\":62419.5,\"time_commit\":62421,\"timestamp\":\"2021-07-15T09:24:42.439Z\",\"time_switch\":62503.743},{\"sender\":\"trial_screen\",\"sender_type\":\"canvas.Screen\",\"sender_id\":\"9_0\",\"correct\":true,\"trial_ID\":1,\"word1\":\"siziol\",\"word2\":\"salzahl\",\"word3\":\"sozihl\",\"word4\":\"sziam\",\"word5\":\"sozial\",\"response\":\"5\",\"response_action\":\"keypress(5)\",\"correctResponse\":\"5\",\"ended_on\":\"response\",\"duration\":3296.057000000743,\"time_run\":62496.5,\"time_render\":62487.038,\"time_show\":62503.743,\"time_end\":65799.80000000075,\"time_commit\":65801.80000000075,\"timestamp\":\"2021-07-15T09:24:45.820Z\",\"time_switch\":65828.393},{\"sender\":\"trial_screen\",\"sender_type\":\"canvas.Screen\",\"sender_id\":\"9_1\",\"correct\":true,\"trial_ID\":2,\"word1\":\"Lamone\",\"word2\":\"Talane\",\"word3\":\"Matrone\",\"word4\":\"Tarone\",\"word5\":\"Malonte\",\"response\":\"3\",\"response_action\":\"keypress(3)\",\"correctResponse\":\"3\",\"ended_on\":\"response\",\"duration\":3143.9070000007487,\"time_run\":65811.80000000075,\"time_render\":65811.688,\"time_show\":65828.393,\"time_end\":68972.30000000075,\"time_commit\":68974.10000000149,\"timestamp\":\"2021-07-15T09:24:48.992Z\",\"time_switch\":68985.759},{\"sender\":\"trial_screen\",\"sender_type\":\"canvas.Screen\",\"sender_id\":\"9_2\",\"correct\":true,\"trial_ID\":3,\"word1\":\"kurinesisch\",\"word2\":\"kulinarisch\",\"word3\":\"kumenisch\",\"word4\":\"kulissarisch\",\"word5\":\"kannastrisch\",\"response\":\"2\",\"response_action\":\"keypress(2)\",\"correctResponse\":\"2\",\"ended_on\":\"response\",\"duration\":3769.5410000007396,\"time_run\":68983.60000000149,\"time_render\":68969.054,\"time_show\":68985.759,\"time_end\":72755.30000000075,\"time_commit\":72757.20000000112,\"timestamp\":\"2021-07-15T09:24:52.775Z\",\"time_switch\":72778.242},{\"sender\":\"trial_screen\",\"sender_type\":\"canvas.Screen\",\"sender_id\":\"9_3\",\"correct\":true,\"trial_ID\":4,\"word1\":\"Tinxur\",\"word2\":\"Kukutur\",\"word3\":\"Fraktan\",\"word4\":\"Tinktur\",\"word5\":\"Rimsuhr\",\"response\":\"4\",\"response_action\":\"keypress(4)\",\"correctResponse\":\"4\",\"ended_on\":\"response\",\"duration\":4184.158000000374,\"time_run\":72766.60000000149,\"time_render\":72761.537,\"time_show\":72778.242,\"time_end\":76962.40000000037,\"time_commit\":76964,\"timestamp\":\"2021-07-15T09:24:56.982Z\",\"time_switch\":76988.182},{\"sender\":\"trial_screen\",\"sender_type\":\"canvas.Screen\",\"sender_id\":\"9_4\",\"correct\":true,\"trial_ID\":5,\"word1\":\"beralen\",\"word2\":\"ger\u00e4ltet\",\"word3\":\"an\u00e4lteren\",\"word4\":\"unt\u00e4ren\",\"word5\":\"verbr\u00e4men\",\"response\":\"5\",\"response_action\":\"keypress(5)\",\"correctResponse\":\"5\",\"ended_on\":\"response\",\"duration\":4247.218000000372,\"time_run\":76971.10000000149,\"time_render\":76971.477,\"time_show\":76988.182,\"time_end\":81235.40000000037,\"time_commit\":81237.10000000149,\"timestamp\":\"2021-07-15T09:25:01.255Z\",\"time_switch\":81248.292},{\"sender\":\"trial_screen\",\"sender_type\":\"canvas.Screen\",\"sender_id\":\"9_5\",\"correct\":true,\"trial_ID\":6,\"word1\":\"Rosto\",\"word2\":\"Torso\",\"word3\":\"Soro\",\"word4\":\"Torgos\",\"word5\":\"Tosor\",\"response\":\"2\",\"response_action\":\"keypress(2)\",\"correctResponse\":\"2\",\"ended_on\":\"response\",\"duration\":3758.4080000011163,\"time_run\":81244.10000000149,\"time_render\":81231.587,\"time_show\":81248.292,\"time_end\":85006.70000000112,\"time_commit\":85008.30000000075,\"timestamp\":\"2021-07-15T09:25:05.027Z\",\"time_switch\":85024.032},{\"sender\":\"trial_screen\",\"sender_type\":\"canvas.Screen\",\"sender_id\":\"9_6\",\"correct\":true,\"trial_ID\":7,\"word1\":\"Redor\",\"word2\":\"Radium\",\"word3\":\"Terion\",\"word4\":\"Dramin\",\"word5\":\"Orakium\",\"response\":\"2\",\"response_action\":\"keypress(2)\",\"correctResponse\":\"2\",\"ended_on\":\"response\",\"duration\":2292.5680000014836,\"time_run\":85016.90000000037,\"time_render\":85007.327,\"time_show\":85024.032,\"time_end\":87316.60000000149,\"time_commit\":87318.20000000112,\"timestamp\":\"2021-07-15T09:25:07.336Z\",\"time_switch\":87329.807},{\"sender\":\"trial_screen\",\"sender_type\":\"canvas.Screen\",\"sender_id\":\"9_7\",\"correct\":true,\"trial_ID\":8,\"word1\":\"Nale\",\"word2\":\"Sahe\",\"word3\":\"Nase\",\"word4\":\"Nesa\",\"word5\":\"Sehna\",\"response\":\"3\",\"response_action\":\"keypress(3)\",\"correctResponse\":\"3\",\"ended_on\":\"response\",\"duration\":3710.7930000014894,\"time_run\":87325.10000000149,\"time_render\":87313.101,\"time_show\":87329.807,\"time_end\":91040.60000000149,\"time_commit\":91042.10000000149,\"timestamp\":\"2021-07-15T09:25:11.060Z\",\"time_switch\":91055.001},{\"sender\":\"trial_screen\",\"sender_type\":\"canvas.Screen\",\"sender_id\":\"9_8\",\"correct\":true,\"trial_ID\":9,\"word1\":\"Rilkiase\",\"word2\":\"Kilister\",\"word3\":\"Riliker\",\"word4\":\"Klistier\",\"word5\":\"Linkure\",\"response\":\"4\",\"response_action\":\"keypress(4)\",\"correctResponse\":\"4\",\"ended_on\":\"response\",\"duration\":3945.498999999996,\"time_run\":91049.10000000149,\"time_render\":91038.296,\"time_show\":91055.001,\"time_end\":95000.5,\"time_commit\":95002,\"timestamp\":\"2021-07-15T09:25:15.020Z\",\"time_switch\":95014.132},{\"sender\":\"trial_screen\",\"sender_type\":\"canvas.Screen\",\"sender_id\":\"9_9\",\"correct\":true,\"trial_ID\":10,\"word1\":\"kentern\",\"word2\":\"knerte\",\"word3\":\"kanzen\",\"word4\":\"kretern\",\"word5\":\"trekern\",\"response\":\"1\",\"response_action\":\"keypress(1)\",\"correctResponse\":\"1\",\"ended_on\":\"response\",\"duration\":2413.7680000003747,\"time_run\":95008.30000000075,\"time_render\":94997.427,\"time_show\":95014.132,\"time_end\":97427.90000000037,\"time_commit\":97429.20000000112,\"timestamp\":\"2021-07-15T09:25:17.448Z\",\"time_switch\":97436.654},{\"sender\":\"trial_screen\",\"sender_type\":\"canvas.Screen\",\"sender_id\":\"9_10\",\"correct\":true,\"trial_ID\":11,\"word1\":\"Sorekin\",\"word2\":\"Sarowin\",\"word3\":\"Rosakin\",\"word4\":\"Narosin\",\"word5\":\"Kerosin\",\"response\":\"5\",\"response_action\":\"keypress(5)\",\"correctResponse\":\"5\",\"ended_on\":\"response\",\"duration\":3923.946000001495,\"time_run\":97436,\"time_render\":97419.949,\"time_show\":97436.654,\"time_end\":101360.60000000149,\"time_commit\":101362,\"timestamp\":\"2021-07-15T09:25:21.380Z\",\"time_switch\":101379.494},{\"sender\":\"trial_screen\",\"sender_type\":\"canvas.Screen\",\"sender_id\":\"9_11\",\"correct\":true,\"trial_ID\":12,\"word1\":\"Ralke\",\"word2\":\"Korre\",\"word3\":\"Ruckse\",\"word4\":\"Recke\",\"word5\":\"Ulte\",\"response\":\"4\",\"response_action\":\"keypress(4)\",\"correctResponse\":\"4\",\"ended_on\":\"response\",\"duration\":3181.606000001484,\"time_run\":101368.30000000075,\"time_render\":101362.789,\"time_show\":101379.494,\"time_end\":104561.10000000149,\"time_commit\":104562.60000000149,\"timestamp\":\"2021-07-15T09:25:24.581Z\",\"time_switch\":104586.905},{\"sender\":\"trial_screen\",\"sender_type\":\"canvas.Screen\",\"sender_id\":\"9_12\",\"correct\":true,\"trial_ID\":13,\"word1\":\"Kapaun\",\"word2\":\"Paukan\",\"word3\":\"Naupack\",\"word4\":\"Aupeck\",\"word5\":\"Ankepran\",\"response\":\"1\",\"response_action\":\"keypress(1)\",\"correctResponse\":\"1\",\"ended_on\":\"response\",\"duration\":3512.6950000014913,\"time_run\":104568.90000000037,\"time_render\":104553.495,\"time_show\":104586.905,\"time_end\":108099.60000000149,\"time_commit\":108101.20000000112,\"timestamp\":\"2021-07-15T09:25:28.120Z\",\"time_switch\":108112.165},{\"sender\":\"trial_screen\",\"sender_type\":\"canvas.Screen\",\"sender_id\":\"9_13\",\"correct\":true,\"trial_ID\":14,\"word1\":\"Dissonanz\",\"word2\":\"Diskrisanz\",\"word3\":\"Distranz\",\"word4\":\"Dinotanz\",\"word5\":\"Sidonenz\",\"response\":\"1\",\"response_action\":\"keypress(1)\",\"correctResponse\":\"1\",\"ended_on\":\"response\",\"duration\":3734.3350000000064,\"time_run\":108111.10000000149,\"time_render\":108095.46,\"time_show\":108112.165,\"time_end\":111846.5,\"time_commit\":111848,\"timestamp\":\"2021-07-15T09:25:31.866Z\",\"time_switch\":111870.868},{\"sender\":\"trial_screen\",\"sender_type\":\"canvas.Screen\",\"sender_id\":\"9_14\",\"correct\":true,\"trial_ID\":15,\"word1\":\"Kirse\",\"word2\":\"Sirke\",\"word3\":\"Krise\",\"word4\":\"Krospe\",\"word5\":\"Seris\",\"response\":\"3\",\"response_action\":\"keypress(3)\",\"correctResponse\":\"3\",\"ended_on\":\"response\",\"duration\":2434.631999999998,\"time_run\":111854.60000000149,\"time_render\":111854.163,\"time_show\":111870.868,\"time_end\":114305.5,\"time_commit\":114306.90000000037,\"timestamp\":\"2021-07-15T09:25:34.325Z\",\"time_switch\":114327.002},{\"sender\":\"trial_screen\",\"sender_type\":\"canvas.Screen\",\"sender_id\":\"9_15\",\"correct\":true,\"trial_ID\":16,\"word1\":\"Tume\",\"word2\":\"Umat\",\"word3\":\"Maut\",\"word4\":\"Taum\",\"word5\":\"Muta\",\"response\":\"3\",\"response_action\":\"keypress(3)\",\"correctResponse\":\"3\",\"ended_on\":\"response\",\"duration\":2689.6980000011245,\"time_run\":114313.10000000149,\"time_render\":114310.297,\"time_show\":114327.002,\"time_end\":117016.70000000112,\"time_commit\":117018.10000000149,\"timestamp\":\"2021-07-15T09:25:37.038Z\",\"time_switch\":117033.292},{\"sender\":\"trial_screen\",\"sender_type\":\"canvas.Screen\",\"sender_id\":\"9_16\",\"correct\":true,\"trial_ID\":17,\"word1\":\"Tuhl\",\"word2\":\"Lar\",\"word3\":\"Lest\",\"word4\":\"Dall\",\"word5\":\"Lid\",\"response\":\"5\",\"response_action\":\"keypress(5)\",\"correctResponse\":\"5\",\"ended_on\":\"response\",\"duration\":5122.108000000371,\"time_run\":117024.30000000075,\"time_render\":117016.587,\"time_show\":117033.292,\"time_end\":122155.40000000037,\"time_commit\":122156.70000000112,\"timestamp\":\"2021-07-15T09:25:42.177Z\",\"time_switch\":122178.786},{\"sender\":\"trial_screen\",\"sender_type\":\"canvas.Screen\",\"sender_id\":\"9_17\",\"correct\":false,\"trial_ID\":18,\"word1\":\"Adept\",\"word2\":\"Padet\",\"word3\":\"Edapt\",\"word4\":\"Epatt\",\"word5\":\"Taped\",\"response\":\"5\",\"response_action\":\"keypress(5)\",\"correctResponse\":\"1\",\"ended_on\":\"response\",\"duration\":7689.414000001125,\"time_run\":122162.90000000037,\"time_render\":122162.081,\"time_show\":122178.786,\"time_end\":129868.20000000112,\"time_commit\":129869.80000000075,\"timestamp\":\"2021-07-15T09:25:49.890Z\",\"time_switch\":129879.851},{\"sender\":\"trial_screen\",\"sender_type\":\"canvas.Screen\",\"sender_id\":\"9_18\",\"correct\":true,\"trial_ID\":19,\"word1\":\"Spirine\",\"word2\":\"Saprin\",\"word3\":\"Parsin\",\"word4\":\"Purin\",\"word5\":\"Asprint\",\"response\":\"4\",\"response_action\":\"keypress(4)\",\"correctResponse\":\"4\",\"ended_on\":\"response\",\"duration\":4465.8490000011225,\"time_run\":129877.5,\"time_render\":129863.146,\"time_show\":129879.851,\"time_end\":134345.70000000112,\"time_commit\":134347.20000000112,\"timestamp\":\"2021-07-15T09:25:54.367Z\",\"time_switch\":134373.906},{\"sender\":\"trial_screen\",\"sender_type\":\"canvas.Screen\",\"sender_id\":\"9_19\",\"correct\":false,\"trial_ID\":20,\"word1\":\"Kulon\",\"word2\":\"Solgun\",\"word3\":\"Koskan\",\"word4\":\"Soran\",\"word5\":\"Klonus\",\"response\":\"1\",\"response_action\":\"keypress(1)\",\"correctResponse\":\"5\",\"ended_on\":\"response\",\"duration\":6757.394000000757,\"time_run\":134353.40000000037,\"time_render\":134340.496,\"time_show\":134373.906,\"time_end\":141131.30000000075,\"time_commit\":141132.80000000075,\"timestamp\":\"2021-07-15T09:26:01.153Z\",\"time_switch\":141140.321},{\"sender\":\"trial_screen\",\"sender_type\":\"canvas.Screen\",\"sender_id\":\"9_20\",\"correct\":false,\"trial_ID\":21,\"word1\":\"Tronke\",\"word2\":\"Nocktherm\",\"word3\":\"Teronk\",\"word4\":\"Komtur\",\"word5\":\"Rocktur\",\"response\":\"1\",\"response_action\":\"keypress(1)\",\"correctResponse\":\"4\",\"ended_on\":\"response\",\"duration\":11847.979000000749,\"time_run\":141139.5,\"time_render\":141123.616,\"time_show\":141140.321,\"time_end\":152988.30000000075,\"time_commit\":152989.6000000015,\"timestamp\":\"2021-07-15T09:26:13.009Z\",\"time_switch\":153001.484},{\"sender\":\"trial_screen\",\"sender_type\":\"canvas.Screen\",\"sender_id\":\"9_21\",\"correct\":true,\"trial_ID\":22,\"word1\":\"Ripat\",\"word2\":\"Patinatte\",\"word3\":\"Tapir\",\"word4\":\"Apitt\",\"word5\":\"Padir\",\"response\":\"3\",\"response_action\":\"keypress(3)\",\"correctResponse\":\"3\",\"ended_on\":\"response\",\"duration\":2791.216000001121,\"time_run\":152996.1000000015,\"time_render\":152984.779,\"time_show\":153001.484,\"time_end\":155792.70000000112,\"time_commit\":155794.20000000112,\"timestamp\":\"2021-07-15T09:26:15.814Z\",\"time_switch\":155807.939},{\"sender\":\"trial_screen\",\"sender_type\":\"canvas.Screen\",\"sender_id\":\"9_22\",\"correct\":true,\"trial_ID\":23,\"word1\":\"Akifer\",\"word2\":\"Fiaker\",\"word3\":\"Kiaffa\",\"word4\":\"Sariffer\",\"word5\":\"Refisker\",\"response\":\"2\",\"response_action\":\"keypress(2)\",\"correctResponse\":\"2\",\"ended_on\":\"response\",\"duration\":2299.560999999987,\"time_run\":155800.40000000037,\"time_render\":155791.234,\"time_show\":155807.939,\"time_end\":158107.5,\"time_commit\":158108.80000000075,\"timestamp\":\"2021-07-15T09:26:18.129Z\",\"time_switch\":158131.058},{\"sender\":\"trial_screen\",\"sender_type\":\"canvas.Screen\",\"sender_id\":\"9_23\",\"correct\":true,\"trial_ID\":24,\"word1\":\"Kleiber\",\"word2\":\"Beikel\",\"word3\":\"Keibel\",\"word4\":\"Reikler\",\"word5\":\"Biekerl\",\"response\":\"1\",\"response_action\":\"keypress(1)\",\"correctResponse\":\"1\",\"ended_on\":\"response\",\"duration\":1652.44200000001,\"time_run\":158118.30000000075,\"time_render\":158114.353,\"time_show\":158131.058,\"time_end\":159783.5,\"time_commit\":159785.1000000015,\"timestamp\":\"2021-07-15T09:26:19.805Z\",\"time_switch\":159801.751},{\"sender\":\"trial_screen\",\"sender_type\":\"canvas.Screen\",\"sender_id\":\"9_24\",\"correct\":true,\"trial_ID\":25,\"word1\":\"Ig\u00e4de\",\"word2\":\"D\u00e4gie\",\"word3\":\"\u00c4gide\",\"word4\":\"Dig\u00e4de\",\"word5\":\"Giad\",\"response\":\"3\",\"response_action\":\"keypress(3)\",\"correctResponse\":\"3\",\"ended_on\":\"response\",\"duration\":5112.849000001501,\"time_run\":159791.6000000015,\"time_render\":159785.046,\"time_show\":159801.751,\"time_end\":164914.6000000015,\"time_commit\":164916.1000000015,\"timestamp\":\"2021-07-15T09:26:24.936Z\",\"time_switch\":164930.336},{\"sender\":\"trial_screen\",\"sender_type\":\"canvas.Screen\",\"sender_id\":\"9_25\",\"correct\":true,\"trial_ID\":26,\"word1\":\"Rixal\",\"word2\":\"Irtax\",\"word3\":\"Rackizie\",\"word4\":\"Matrix\",\"word5\":\"Atrige\",\"response\":\"4\",\"response_action\":\"keypress(4)\",\"correctResponse\":\"4\",\"ended_on\":\"response\",\"duration\":4074.0640000003623,\"time_run\":164923.5,\"time_render\":164913.631,\"time_show\":164930.336,\"time_end\":169004.40000000037,\"time_commit\":169005.70000000112,\"timestamp\":\"2021-07-15T09:26:29.025Z\",\"time_switch\":169023.392},{\"sender\":\"trial_screen\",\"sender_type\":\"canvas.Screen\",\"sender_id\":\"9_26\",\"correct\":true,\"trial_ID\":27,\"word1\":\"Haskisch\",\"word2\":\"Asmisch\",\"word3\":\"Schisma\",\"word4\":\"Rasthmie\",\"word5\":\"Ilschah\",\"response\":\"3\",\"response_action\":\"keypress(3)\",\"correctResponse\":\"3\",\"ended_on\":\"response\",\"duration\":10942.408000000753,\"time_run\":169011.70000000112,\"time_render\":169006.687,\"time_show\":169023.392,\"time_end\":179965.80000000075,\"time_commit\":179967.6000000015,\"timestamp\":\"2021-07-15T09:26:39.988Z\",\"time_switch\":179982.23},{\"sender\":\"trial_screen\",\"sender_type\":\"canvas.Screen\",\"sender_id\":\"9_27\",\"correct\":true,\"trial_ID\":28,\"word1\":\"Sallose\",\"word2\":\"Lordose\",\"word3\":\"Dormase\",\"word4\":\"Rollase\",\"word5\":\"Ardierole\",\"response\":\"2\",\"response_action\":\"keypress(2)\",\"correctResponse\":\"2\",\"ended_on\":\"response\",\"duration\":4254.7699999999895,\"time_run\":179974.30000000075,\"time_render\":179965.525,\"time_show\":179982.23,\"time_end\":184237,\"time_commit\":184238.30000000075,\"timestamp\":\"2021-07-15T09:26:44.259Z\",\"time_switch\":184259.429},{\"sender\":\"trial_screen\",\"sender_type\":\"canvas.Screen\",\"sender_id\":\"9_28\",\"correct\":true,\"trial_ID\":29,\"word1\":\"Intranotion\",\"word2\":\"Infranatura\",\"word3\":\"Internodium\",\"word4\":\"Indotalie\",\"word5\":\"Indosta\",\"response\":\"3\",\"response_action\":\"keypress(3)\",\"correctResponse\":\"3\",\"ended_on\":\"response\",\"duration\":11219.070999999996,\"time_run\":184244.70000000112,\"time_render\":184242.724,\"time_show\":184259.429,\"time_end\":195478.5,\"time_commit\":195479.90000000037,\"timestamp\":\"2021-07-15T09:26:55.501Z\",\"time_switch\":195502.395},{\"sender\":\"trial_screen\",\"sender_type\":\"canvas.Screen\",\"sender_id\":\"9_29\",\"correct\":false,\"trial_ID\":30,\"word1\":\"Idaste\",\"word2\":\"Dastrix\",\"word3\":\"Astike\",\"word4\":\"Sadile\",\"word5\":\"Kasside\",\"response\":\"2\",\"response_action\":\"keypress(2)\",\"correctResponse\":\"5\",\"ended_on\":\"response\",\"duration\":9419.505000000383,\"time_run\":195486.30000000075,\"time_render\":195485.69,\"time_show\":195502.395,\"time_end\":204921.90000000037,\"time_commit\":204923.20000000112,\"timestamp\":\"2021-07-15T09:27:04.944Z\",\"time_switch\":204940.805},{\"sender\":\"trial_screen\",\"sender_type\":\"canvas.Screen\",\"sender_id\":\"9_30\",\"correct\":false,\"trial_ID\":31,\"word1\":\"Libration\",\"word2\":\"Bilation\",\"word3\":\"Arlation\",\"word4\":\"Iberation\",\"word5\":\"Tiradon\",\"response\":\"4\",\"response_action\":\"keypress(4)\",\"correctResponse\":\"1\",\"ended_on\":\"response\",\"duration\":10108.495000000752,\"time_run\":204929.40000000037,\"time_render\":204924.1,\"time_show\":204940.805,\"time_end\":215049.30000000075,\"time_commit\":215050.70000000112,\"timestamp\":\"2021-07-15T09:27:15.072Z\",\"time_switch\":215065.32},{\"sender\":\"trial_screen\",\"sender_type\":\"canvas.Screen\",\"sender_id\":\"9_31\",\"correct\":true,\"trial_ID\":32,\"word1\":\"Pucker\",\"word2\":\"Keuper\",\"word3\":\"Eucker\",\"word4\":\"Reuspeck\",\"word5\":\"Urkane\",\"response\":\"2\",\"response_action\":\"keypress(2)\",\"correctResponse\":\"2\",\"ended_on\":\"response\",\"duration\":2879.179999999993,\"time_run\":215056.90000000037,\"time_render\":215048.615,\"time_show\":215065.32,\"time_end\":217944.5,\"time_commit\":217945.90000000037,\"timestamp\":\"2021-07-15T09:27:17.967Z\",\"time_switch\":217955.675},{\"sender\":\"trial_screen\",\"sender_type\":\"canvas.Screen\",\"sender_id\":\"9_32\",\"correct\":true,\"trial_ID\":33,\"word1\":\"Sickaber\",\"word2\":\"Bassiker\",\"word3\":\"Kassiber\",\"word4\":\"Sassiker\",\"word5\":\"Askiber\",\"response\":\"3\",\"response_action\":\"keypress(3)\",\"correctResponse\":\"3\",\"ended_on\":\"response\",\"duration\":3452.1250000007567,\"time_run\":217953.30000000075,\"time_render\":217938.97,\"time_show\":217955.675,\"time_end\":221407.80000000075,\"time_commit\":221409.1000000015,\"timestamp\":\"2021-07-15T09:27:21.430Z\",\"time_switch\":221431.283},{\"sender\":\"trial_screen\",\"sender_type\":\"canvas.Screen\",\"sender_id\":\"9_33\",\"correct\":false,\"trial_ID\":34,\"word1\":\"Alquallon\",\"word2\":\"Lisqualien\",\"word3\":\"Talquallen\",\"word4\":\"Quisquilien\",\"word5\":\"Rielquellen\",\"response\":\"5\",\"response_action\":\"keypress(5)\",\"correctResponse\":\"4\",\"ended_on\":\"response\",\"duration\":13236.617000000377,\"time_run\":221415.5,\"time_render\":221414.578,\"time_show\":221431.283,\"time_end\":234667.90000000037,\"time_commit\":234669.30000000075,\"timestamp\":\"2021-07-15T09:27:34.690Z\",\"time_switch\":234695.319},{\"sender\":\"trial_screen\",\"sender_type\":\"canvas.Screen\",\"sender_id\":\"9_34\",\"correct\":true,\"trial_ID\":35,\"word1\":\"Berkiza\",\"word2\":\"Brekzie\",\"word3\":\"Birakzie\",\"word4\":\"Brikazie\",\"word5\":\"Bakiria\",\"response\":\"2\",\"response_action\":\"keypress(2)\",\"correctResponse\":\"2\",\"ended_on\":\"response\",\"duration\":6843.7810000015015,\"time_run\":234675.5,\"time_render\":234661.909,\"time_show\":234695.319,\"time_end\":241539.1000000015,\"time_commit\":241540.6000000015,\"timestamp\":\"2021-07-15T09:27:41.563Z\",\"time_switch\":241561.15},{\"sender\":\"loop_trial\",\"sender_type\":\"flow.Loop\",\"sender_id\":\"9\",\"ended_on\":\"completion\",\"duration\":179035.35700000147,\"time_run\":62493.800000000745,\"time_render\":62487.038,\"time_show\":62503.743,\"time_end\":241539.1000000015,\"time_commit\":241546.70000000112,\"timestamp\":\"2021-07-15T09:27:41.569Z\",\"time_switch\":241561.15},{\"sender\":\"end_html\",\"sender_type\":\"html.Screen\",\"sender_id\":\"10\",\"ended_on\":\"timeout\",\"duration\":5998.159000000014,\"time_run\":241547.1000000015,\"time_render\":241544.445,\"time_show\":241561.15,\"time_end\":247542.604,\"time_commit\":247549.80000000075,\"timestamp\":\"2021-07-15T09:27:47.572Z\",\"time_switch\":247559.309},{\"sender\":\"root\",\"sender_type\":\"flow.Sequence\",\"sender_id\":null,\"ended_on\":\"completion\",\"duration\":246885.28,\"time_run\":631.8000000007451,\"time_render\":640.63,\"time_show\":657.324,\"time_end\":247542.604,\"time_commit\":247550.80000000075,\"timestamp\":\"2021-07-15T09:27:47.573Z\",\"time_switch\":247559.309}]",
    "metadata": "{\"slice\":0,\"id\":\"9aebabe3-1c58-4e3c-8936-2e1d28efa2d2\",\"payload\":\"full\"}",
    "url": "https://exp01.zih.tu-dresden.de/experiments/spot_a_word_task/"
}