{
    "data": "[{\"url\":{},\"meta\":{\"labjs_version\":\"20.1.1\",\"labjs_build\":{\"flavor\":\"production\",\"commit\":\"cd5695f774968f50499757c1423bd95d033ea08e\"},\"location\":\"https://exp01.zih.tu-dresden.de/experiments/raven_task/\",\"userAgent\":\"Mozilla/5.0 (Windows NT 10.0; Win64; x64) AppleWebKit/537.36 (KHTML, like Gecko) Chrome/91.0.4472.124 Safari/537.36 Edg/91.0.864.67\",\"platform\":\"Win32\",\"language\":\"de\",\"locale\":\"de\",\"timeZone\":\"Europe/Berlin\",\"timezoneOffset\":-120,\"screen_width\":1920,\"screen_height\":1080,\"scroll_width\":1404,\"scroll_height\":874,\"window_innerWidth\":1404,\"window_innerHeight\":922,\"devicePixelRatio\":1},\"sender\":\"welcome\",\"sender_type\":\"canvas.Screen\",\"sender_id\":\"0\",\"response\":\"any\",\"response_action\":\"keypress\",\"ended_on\":\"response\",\"duration\":6136.62600000149,\"time_run\":1781.300000000745,\"time_render\":1736.917,\"time_show\":1786.974,\"time_end\":7923.60000000149,\"time_commit\":7925.300000000745,\"timestamp\":\"2021-07-12T09:00:35.431Z\",\"time_switch\":7926.395},{\"sender\":\"instructions\",\"sender_type\":\"html.Page\",\"sender_id\":\"1\",\"response\":\"Space\",\"response_action\":\"keypress(Space)\",\"ended_on\":\"response\",\"duration\":30813.70500000149,\"time_run\":7925.60000000149,\"time_render\":7909.688,\"time_show\":7926.395,\"time_end\":38740.10000000149,\"time_commit\":38742,\"timestamp\":\"2021-07-12T09:01:06.249Z\",\"time_switch\":38757.167},{\"sender\":\"example1\",\"sender_type\":\"canvas.Screen\",\"sender_id\":\"2\",\"response\":\"8\",\"response_action\":\"click(0) @8\",\"correctResponse\":\"8\",\"correct\":true,\"ended_on\":\"response\",\"duration\":13481.832999999999,\"time_run\":38742.20000000112,\"time_render\":38740.839,\"time_show\":38757.167,\"time_end\":52239,\"time_commit\":52240.70000000112,\"timestamp\":\"2021-07-12T09:01:19.747Z\",\"time_switch\":52287.343},{\"sender\":\"example1_feedback\",\"sender_type\":\"canvas.Screen\",\"sender_id\":\"3\",\"response\":\"space\",\"response_action\":\"keypress(Space)\",\"ended_on\":\"response\",\"duration\":2060.1569999999992,\"time_run\":52285.10000000149,\"time_render\":52270.703,\"time_show\":52287.343,\"time_end\":54347.5,\"time_commit\":54348,\"timestamp\":\"2021-07-12T09:01:21.855Z\",\"time_switch\":54356.124},{\"sender\":\"example2\",\"sender_type\":\"canvas.Screen\",\"sender_id\":\"4\",\"response\":\"4\",\"response_action\":\"click(0) @4\",\"correctResponse\":\"4\",\"correct\":true,\"ended_on\":\"response\",\"duration\":13790.77600000037,\"time_run\":54348.20000000112,\"time_render\":54339.428,\"time_show\":54356.124,\"time_end\":68146.90000000037,\"time_commit\":68147.40000000037,\"timestamp\":\"2021-07-12T09:01:35.654Z\",\"time_switch\":68186.591},{\"sender\":\"example2_feedback\",\"sender_type\":\"canvas.Screen\",\"sender_id\":\"5\",\"response\":\"space\",\"response_action\":\"keypress(Space)\",\"ended_on\":\"response\",\"duration\":2584.9089999999997,\"time_run\":68184.60000000149,\"time_render\":68169.9,\"time_show\":68186.591,\"time_end\":70771.5,\"time_commit\":70771.90000000037,\"timestamp\":\"2021-07-12T09:01:38.279Z\",\"time_switch\":70789.252},{\"sender\":\"get ready\",\"sender_type\":\"canvas.Screen\",\"sender_id\":\"6\",\"response\":\"Space\",\"response_action\":\"keypress(Space)\",\"ended_on\":\"response\",\"duration\":4989.848000001497,\"time_run\":70772,\"time_render\":70772.542,\"time_show\":70789.252,\"time_end\":75779.10000000149,\"time_commit\":75779.5,\"timestamp\":\"2021-07-12T09:01:43.286Z\",\"time_switch\":75794.218},{\"sender\":\"test01\",\"sender_type\":\"canvas.Screen\",\"sender_id\":\"7_0\",\"response\":\"7\",\"response_action\":\"click(0) @7\",\"correctResponse\":\"7\",\"correct\":true,\"ended_on\":\"response\",\"duration\":20124.782000000007,\"time_run\":75779.60000000149,\"time_render\":75777.436,\"time_show\":75794.218,\"time_end\":95919,\"time_commit\":95919.5,\"timestamp\":\"2021-07-12T09:02:03.426Z\",\"time_switch\":95931.16},{\"sender\":\"test02\",\"sender_type\":\"canvas.Screen\",\"sender_id\":\"7_1\",\"response\":\"8\",\"response_action\":\"click(0) @8\",\"correctResponse\":\"4\",\"correct\":false,\"ended_on\":\"response\",\"duration\":27768.040000001114,\"time_run\":95919.60000000149,\"time_render\":95914.632,\"time_show\":95931.16,\"time_end\":123699.20000000112,\"time_commit\":123699.70000000112,\"timestamp\":\"2021-07-12T09:02:31.206Z\",\"time_switch\":123708.765},{\"sender\":\"test03\",\"sender_type\":\"canvas.Screen\",\"sender_id\":\"7_2\",\"response\":\"6\",\"response_action\":\"click(0) @6\",\"correctResponse\":\"6\",\"correct\":true,\"ended_on\":\"response\",\"duration\":33478.33500000149,\"time_run\":123699.80000000075,\"time_render\":123692.314,\"time_show\":123708.765,\"time_end\":157187.1000000015,\"time_commit\":157187.90000000037,\"timestamp\":\"2021-07-12T09:03:04.694Z\",\"time_switch\":157209.135},{\"sender\":\"test04\",\"sender_type\":\"canvas.Screen\",\"sender_id\":\"7_3\",\"response\":\"2\",\"response_action\":\"click(0) @2\",\"correctResponse\":\"2\",\"correct\":true,\"ended_on\":\"response\",\"duration\":27585.86499999999,\"time_run\":157188,\"time_render\":157175.604,\"time_show\":157209.135,\"time_end\":184795,\"time_commit\":184795.5,\"timestamp\":\"2021-07-12T09:03:32.302Z\",\"time_switch\":184803.028},{\"sender\":\"test05\",\"sender_type\":\"canvas.Screen\",\"sender_id\":\"7_4\",\"response\":\"5\",\"response_action\":\"click(0) @5\",\"correctResponse\":\"4\",\"correct\":false,\"ended_on\":\"response\",\"duration\":47643.87200000038,\"time_run\":184795.6000000015,\"time_render\":184786.659,\"time_show\":184803.028,\"time_end\":232446.90000000037,\"time_commit\":232447.6000000015,\"timestamp\":\"2021-07-12T09:04:19.954Z\",\"time_switch\":232450.66},{\"sender\":\"test06\",\"sender_type\":\"canvas.Screen\",\"sender_id\":\"7_5\",\"response\":\"3\",\"response_action\":\"click(0) @3\",\"correctResponse\":\"7\",\"correct\":false,\"ended_on\":\"response\",\"duration\":33712.14000000074,\"time_run\":232447.6000000015,\"time_render\":232433.991,\"time_show\":232450.66,\"time_end\":266162.80000000075,\"time_commit\":266163.4000000004,\"timestamp\":\"2021-07-12T09:04:53.670Z\",\"time_switch\":266167.652},{\"sender\":\"test07\",\"sender_type\":\"canvas.Screen\",\"sender_id\":\"7_6\",\"response\":\"4\",\"response_action\":\"click(0) @4\",\"correctResponse\":\"8\",\"correct\":false,\"ended_on\":\"response\",\"duration\":23515.548000001116,\"time_run\":266163.4000000004,\"time_render\":266150.974,\"time_show\":266167.652,\"time_end\":289683.2000000011,\"time_commit\":289683.6000000015,\"timestamp\":\"2021-07-12T09:05:17.190Z\",\"time_switch\":289691.214},{\"sender\":\"test08\",\"sender_type\":\"canvas.Screen\",\"sender_id\":\"7_7\",\"response\":\"8\",\"response_action\":\"click(0) @8\",\"correctResponse\":\"7\",\"correct\":false,\"ended_on\":\"response\",\"duration\":24949.286000000022,\"time_run\":289683.7000000011,\"time_render\":289674.796,\"time_show\":289691.214,\"time_end\":314640.5,\"time_commit\":314641.1000000015,\"timestamp\":\"2021-07-12T09:05:42.148Z\",\"time_switch\":314649.443},{\"sender\":\"test09\",\"sender_type\":\"canvas.Screen\",\"sender_id\":\"7_8\",\"response\":\"8\",\"response_action\":\"click(0) @8\",\"correctResponse\":\"5\",\"correct\":false,\"ended_on\":\"response\",\"duration\":23153.75700000109,\"time_run\":314641.2000000011,\"time_render\":314632.69,\"time_show\":314649.443,\"time_end\":337803.2000000011,\"time_commit\":337803.7000000011,\"timestamp\":\"2021-07-12T09:06:05.310Z\",\"time_switch\":337805.871},{\"sender\":\"test10\",\"sender_type\":\"canvas.Screen\",\"sender_id\":\"7_9\",\"response\":\"7\",\"response_action\":\"click(0) @7\",\"correctResponse\":\"5\",\"correct\":false,\"ended_on\":\"response\",\"duration\":12305.42900000076,\"time_run\":337803.9000000004,\"time_render\":337789.183,\"time_show\":337805.871,\"time_end\":350111.30000000075,\"time_commit\":350111.80000000075,\"timestamp\":\"2021-07-12T09:06:17.618Z\",\"time_switch\":350118.159},{\"sender\":\"test11\",\"sender_type\":\"canvas.Screen\",\"sender_id\":\"7_10\",\"response\":\"8\",\"response_action\":\"click(0) @8\",\"correctResponse\":\"4\",\"correct\":false,\"ended_on\":\"response\",\"duration\":29284.941000001505,\"time_run\":350111.9000000004,\"time_render\":350101.447,\"time_show\":350118.159,\"time_end\":379403.1000000015,\"time_commit\":379403.9000000004,\"timestamp\":\"2021-07-12T09:06:46.910Z\",\"time_switch\":379414.123},{\"sender\":\"test12\",\"sender_type\":\"canvas.Screen\",\"sender_id\":\"7_11\",\"response\":\"8\",\"response_action\":\"click(0) @8\",\"correctResponse\":\"1\",\"correct\":false,\"ended_on\":\"response\",\"duration\":40728.67700000072,\"time_run\":379404.1000000015,\"time_render\":379397.418,\"time_show\":379414.123,\"time_end\":420142.80000000075,\"time_commit\":420143.30000000075,\"timestamp\":\"2021-07-12T09:07:27.649Z\",\"time_switch\":420154.757},{\"sender\":\"tests (15min)\",\"sender_type\":\"flow.Sequence\",\"sender_id\":\"7\",\"ended_on\":\"completion\",\"duration\":344348.58200000075,\"time_run\":75779.5,\"time_render\":75777.436,\"time_show\":75794.218,\"time_end\":420142.80000000075,\"time_commit\":420144.30000000075,\"timestamp\":\"2021-07-12T09:07:27.650Z\",\"time_switch\":420154.757},{\"sender\":\"good bye\",\"sender_type\":\"canvas.Screen\",\"sender_id\":\"8\",\"ended_on\":\"timeout\",\"duration\":4004.032999999996,\"time_run\":420144.5,\"time_render\":420138.328,\"time_show\":420154.757,\"time_end\":424142.098,\"time_commit\":424142.7000000011,\"timestamp\":\"2021-07-12T09:07:31.649Z\",\"time_switch\":424158.79},{\"sender\":\"root\",\"sender_type\":\"flow.Sequence\",\"sender_id\":null,\"ended_on\":\"completion\",\"duration\":422355.124,\"time_run\":1781.2000000011176,\"time_render\":1736.917,\"time_show\":1786.974,\"time_end\":424142.098,\"time_commit\":424143,\"timestamp\":\"2021-07-12T09:07:31.649Z\",\"time_switch\":424158.79}]",
    "metadata": "{\"slice\":0,\"id\":\"4ece9a9f-9e0a-44f2-aa68-965ae19cda19\",\"payload\":\"full\"}",
    "url": "https://exp01.zih.tu-dresden.de/experiments/raven_task/"
}