{
    "data": "[{\"url\":{},\"meta\":{\"labjs_version\":\"20.1.1\",\"labjs_build\":{\"flavor\":\"production\",\"commit\":\"cd5695f774968f50499757c1423bd95d033ea08e\"},\"location\":\"https://exp01.zih.tu-dresden.de/experiments/spot_a_word_task/\",\"userAgent\":\"Mozilla/5.0 (Windows NT 10.0; Win64; x64) AppleWebKit/537.36 (KHTML, like Gecko) Chrome/91.0.4472.124 Safari/537.36 Edg/91.0.864.67\",\"platform\":\"Win32\",\"language\":\"de\",\"locale\":\"de\",\"timeZone\":\"Europe/Berlin\",\"timezoneOffset\":-120,\"screen_width\":1920,\"screen_height\":1080,\"scroll_width\":1404,\"scroll_height\":874,\"window_innerWidth\":1404,\"window_innerHeight\":922,\"devicePixelRatio\":1},\"sender\":\"start_html\",\"sender_type\":\"html.Screen\",\"sender_id\":\"0\",\"ended_on\":\"timeout\",\"duration\":6006.101,\"time_run\":457.90000000037253,\"time_render\":444.499,\"time_show\":461.187,\"time_end\":6450.633,\"time_commit\":6454.5,\"timestamp\":\"2021-07-12T08:51:27.840Z\",\"time_switch\":6467.288},{\"sender\":\"manual_html\",\"sender_type\":\"html.Screen\",\"sender_id\":\"1\",\"response\":\"space\",\"response_action\":\"keypress(Space)\",\"ended_on\":\"response\",\"duration\":52793.712,\"time_run\":6455,\"time_render\":6450.633,\"time_show\":6467.288,\"time_end\":59261,\"time_commit\":59262.60000000149,\"timestamp\":\"2021-07-12T08:52:20.648Z\",\"time_switch\":59269.949},{\"sender\":\"example1_screen\",\"sender_type\":\"canvas.Screen\",\"sender_id\":\"2\",\"response\":\"4\",\"response_action\":\"keypress(4)\",\"correctResponse\":\"4\",\"correct\":true,\"ended_on\":\"response\",\"duration\":3774.251000001117,\"time_run\":59264.5,\"time_render\":59252.814,\"time_show\":59269.949,\"time_end\":63044.20000000112,\"time_commit\":63044.70000000112,\"timestamp\":\"2021-07-12T08:52:24.430Z\",\"time_switch\":63057.055},{\"sender\":\"example1_feedback\",\"sender_type\":\"canvas.Screen\",\"sender_id\":\"3\",\"response\":\"Space\",\"response_action\":\"keypress(Space)\",\"ended_on\":\"response\",\"duration\":5291.345000000372,\"time_run\":63046.10000000149,\"time_render\":63040.306,\"time_show\":63057.055,\"time_end\":68348.40000000037,\"time_commit\":68348.70000000112,\"timestamp\":\"2021-07-12T08:52:29.734Z\",\"time_switch\":68362.368},{\"sender\":\"example2_screen\",\"sender_type\":\"canvas.Screen\",\"sender_id\":\"4\",\"response\":\"5\",\"response_action\":\"keypress(5)\",\"correctResponse\":\"5\",\"correct\":true,\"ended_on\":\"response\",\"duration\":4130.932000000743,\"time_run\":68350,\"time_render\":68345.59,\"time_show\":68362.368,\"time_end\":72493.30000000075,\"time_commit\":72493.70000000112,\"timestamp\":\"2021-07-12T08:52:33.879Z\",\"time_switch\":72499.808},{\"sender\":\"example2_feedback\",\"sender_type\":\"canvas.Screen\",\"sender_id\":\"5\",\"response\":\"Space\",\"response_action\":\"keypress(Space)\",\"ended_on\":\"response\",\"duration\":1984.7920000014856,\"time_run\":72495.10000000149,\"time_render\":72483.132,\"time_show\":72499.808,\"time_end\":74484.60000000149,\"time_commit\":74485,\"timestamp\":\"2021-07-12T08:52:35.870Z\",\"time_switch\":74501.855},{\"sender\":\"example3_screen\",\"sender_type\":\"canvas.Screen\",\"sender_id\":\"6\",\"response\":\"1\",\"response_action\":\"keypress(1)\",\"correctResponse\":\"1\",\"correct\":true,\"ended_on\":\"response\",\"duration\":3878.745000001494,\"time_run\":74486.10000000149,\"time_render\":74485.22,\"time_show\":74501.855,\"time_end\":78380.60000000149,\"time_commit\":78381,\"timestamp\":\"2021-07-12T08:52:39.766Z\",\"time_switch\":78389.057},{\"sender\":\"example3_feedback\",\"sender_type\":\"canvas.Screen\",\"sender_id\":\"7\",\"response\":\"Space\",\"response_action\":\"keypress(Space)\",\"ended_on\":\"response\",\"duration\":1272.2430000007444,\"time_run\":78382.30000000075,\"time_render\":78372.275,\"time_show\":78389.057,\"time_end\":79661.30000000075,\"time_commit\":79661.70000000112,\"timestamp\":\"2021-07-12T08:52:41.047Z\",\"time_switch\":79673.696},{\"sender\":\"get_ready_html\",\"sender_type\":\"html.Screen\",\"sender_id\":\"8\",\"response\":\"space\",\"response_action\":\"keypress(Space)\",\"ended_on\":\"response\",\"duration\":5690.904000001494,\"time_run\":79661.80000000075,\"time_render\":79656.981,\"time_show\":79673.696,\"time_end\":85364.60000000149,\"time_commit\":85365,\"timestamp\":\"2021-07-12T08:52:46.750Z\",\"time_switch\":85396.115},{\"sender\":\"trial_screen\",\"sender_type\":\"canvas.Screen\",\"sender_id\":\"9_0\",\"correct\":true,\"trial_ID\":1,\"word1\":\"siziol\",\"word2\":\"salzahl\",\"word3\":\"sozihl\",\"word4\":\"sziam\",\"word5\":\"sozial\",\"response\":\"5\",\"response_action\":\"keypress(5)\",\"correctResponse\":\"5\",\"ended_on\":\"response\",\"duration\":3977.0850000011123,\"time_run\":85391,\"time_render\":85379.246,\"time_show\":85396.115,\"time_end\":89373.20000000112,\"time_commit\":89373.60000000149,\"timestamp\":\"2021-07-12T08:52:50.759Z\",\"time_switch\":89383.363},{\"sender\":\"trial_screen\",\"sender_type\":\"canvas.Screen\",\"sender_id\":\"9_1\",\"correct\":true,\"trial_ID\":2,\"word1\":\"Lamone\",\"word2\":\"Talane\",\"word3\":\"Matrone\",\"word4\":\"Tarone\",\"word5\":\"Malonte\",\"response\":\"3\",\"response_action\":\"keypress(3)\",\"correctResponse\":\"3\",\"ended_on\":\"response\",\"duration\":3620.9370000007475,\"time_run\":89375.20000000112,\"time_render\":89366.613,\"time_show\":89383.363,\"time_end\":93004.30000000075,\"time_commit\":93004.60000000149,\"timestamp\":\"2021-07-12T08:52:54.390Z\",\"time_switch\":93020.374},{\"sender\":\"trial_screen\",\"sender_type\":\"canvas.Screen\",\"sender_id\":\"9_2\",\"correct\":true,\"trial_ID\":3,\"word1\":\"kurinesisch\",\"word2\":\"kulinarisch\",\"word3\":\"kumenisch\",\"word4\":\"kulissarisch\",\"word5\":\"kannastrisch\",\"response\":\"2\",\"response_action\":\"keypress(2)\",\"correctResponse\":\"2\",\"ended_on\":\"response\",\"duration\":3208.5260000003764,\"time_run\":93006.60000000149,\"time_render\":93003.581,\"time_show\":93020.374,\"time_end\":96228.90000000037,\"time_commit\":96229.40000000037,\"timestamp\":\"2021-07-12T08:52:57.615Z\",\"time_switch\":96240.286},{\"sender\":\"trial_screen\",\"sender_type\":\"canvas.Screen\",\"sender_id\":\"9_3\",\"correct\":true,\"trial_ID\":4,\"word1\":\"Tinxur\",\"word2\":\"Kukutur\",\"word3\":\"Fraktan\",\"word4\":\"Tinktur\",\"word5\":\"Rimsuhr\",\"response\":\"4\",\"response_action\":\"keypress(4)\",\"correctResponse\":\"4\",\"ended_on\":\"response\",\"duration\":3756.3140000014973,\"time_run\":96230.5,\"time_render\":96223.584,\"time_show\":96240.286,\"time_end\":99996.60000000149,\"time_commit\":99997,\"timestamp\":\"2021-07-12T08:53:01.382Z\",\"time_switch\":100010.665},{\"sender\":\"trial_screen\",\"sender_type\":\"canvas.Screen\",\"sender_id\":\"9_4\",\"correct\":true,\"trial_ID\":5,\"word1\":\"beralen\",\"word2\":\"ger\u00e4ltet\",\"word3\":\"an\u00e4lteren\",\"word4\":\"unt\u00e4ren\",\"word5\":\"verbr\u00e4men\",\"response\":\"5\",\"response_action\":\"keypress(5)\",\"correctResponse\":\"5\",\"ended_on\":\"response\",\"duration\":4441.6350000007515,\"time_run\":99998.30000000075,\"time_render\":99994.226,\"time_show\":100010.665,\"time_end\":104452.30000000075,\"time_commit\":104452.70000000112,\"timestamp\":\"2021-07-12T08:53:05.838Z\",\"time_switch\":104465.165},{\"sender\":\"trial_screen\",\"sender_type\":\"canvas.Screen\",\"sender_id\":\"9_5\",\"correct\":true,\"trial_ID\":6,\"word1\":\"Rosto\",\"word2\":\"Torso\",\"word3\":\"Soro\",\"word4\":\"Torgos\",\"word5\":\"Tosor\",\"response\":\"2\",\"response_action\":\"keypress(2)\",\"correctResponse\":\"2\",\"ended_on\":\"response\",\"duration\":7123.535000001124,\"time_run\":104453.80000000075,\"time_render\":104448.352,\"time_show\":104465.165,\"time_end\":111588.70000000112,\"time_commit\":111589.20000000112,\"timestamp\":\"2021-07-12T08:53:12.975Z\",\"time_switch\":111605.523},{\"sender\":\"trial_screen\",\"sender_type\":\"canvas.Screen\",\"sender_id\":\"9_6\",\"correct\":true,\"trial_ID\":7,\"word1\":\"Redor\",\"word2\":\"Radium\",\"word3\":\"Terion\",\"word4\":\"Dramin\",\"word5\":\"Orakium\",\"response\":\"2\",\"response_action\":\"keypress(2)\",\"correctResponse\":\"2\",\"ended_on\":\"response\",\"duration\":3510.777000000744,\"time_run\":111591,\"time_render\":111588.729,\"time_show\":111605.523,\"time_end\":115116.30000000075,\"time_commit\":115116.70000000112,\"timestamp\":\"2021-07-12T08:53:16.502Z\",\"time_switch\":115125.748},{\"sender\":\"trial_screen\",\"sender_type\":\"canvas.Screen\",\"sender_id\":\"9_7\",\"correct\":true,\"trial_ID\":8,\"word1\":\"Nale\",\"word2\":\"Sahe\",\"word3\":\"Nase\",\"word4\":\"Nesa\",\"word5\":\"Sehna\",\"response\":\"3\",\"response_action\":\"keypress(3)\",\"correctResponse\":\"3\",\"ended_on\":\"response\",\"duration\":1686.4520000011107,\"time_run\":115117.90000000037,\"time_render\":115108.968,\"time_show\":115125.748,\"time_end\":116812.20000000112,\"time_commit\":116812.60000000149,\"timestamp\":\"2021-07-12T08:53:18.198Z\",\"time_switch\":116827.452},{\"sender\":\"trial_screen\",\"sender_type\":\"canvas.Screen\",\"sender_id\":\"9_8\",\"correct\":true,\"trial_ID\":9,\"word1\":\"Rilkiase\",\"word2\":\"Kilister\",\"word3\":\"Riliker\",\"word4\":\"Klistier\",\"word5\":\"Linkure\",\"response\":\"4\",\"response_action\":\"keypress(4)\",\"correctResponse\":\"4\",\"ended_on\":\"response\",\"duration\":6338.047999999995,\"time_run\":116813.60000000149,\"time_render\":116810.721,\"time_show\":116827.452,\"time_end\":123165.5,\"time_commit\":123166.10000000149,\"timestamp\":\"2021-07-12T08:53:24.552Z\",\"time_switch\":123183.901},{\"sender\":\"trial_screen\",\"sender_type\":\"canvas.Screen\",\"sender_id\":\"9_9\",\"correct\":true,\"trial_ID\":10,\"word1\":\"kentern\",\"word2\":\"knerte\",\"word3\":\"kanzen\",\"word4\":\"kretern\",\"word5\":\"trekern\",\"response\":\"1\",\"response_action\":\"keypress(1)\",\"correctResponse\":\"1\",\"ended_on\":\"response\",\"duration\":3252.2990000011196,\"time_run\":123168.10000000149,\"time_render\":123167.083,\"time_show\":123183.901,\"time_end\":126436.20000000112,\"time_commit\":126436.60000000149,\"timestamp\":\"2021-07-12T08:53:27.822Z\",\"time_switch\":126454.024},{\"sender\":\"trial_screen\",\"sender_type\":\"canvas.Screen\",\"sender_id\":\"9_10\",\"correct\":true,\"trial_ID\":11,\"word1\":\"Sorekin\",\"word2\":\"Sarowin\",\"word3\":\"Rosakin\",\"word4\":\"Narosin\",\"word5\":\"Kerosin\",\"response\":\"5\",\"response_action\":\"keypress(5)\",\"correctResponse\":\"5\",\"ended_on\":\"response\",\"duration\":4671.076000001485,\"time_run\":126437.5,\"time_render\":126436.932,\"time_show\":126454.024,\"time_end\":131125.1000000015,\"time_commit\":131125.5,\"timestamp\":\"2021-07-12T08:53:32.511Z\",\"time_switch\":131141.806},{\"sender\":\"trial_screen\",\"sender_type\":\"canvas.Screen\",\"sender_id\":\"9_11\",\"correct\":true,\"trial_ID\":12,\"word1\":\"Ralke\",\"word2\":\"Korre\",\"word3\":\"Ruckse\",\"word4\":\"Recke\",\"word5\":\"Ulte\",\"response\":\"4\",\"response_action\":\"keypress(4)\",\"correctResponse\":\"4\",\"ended_on\":\"response\",\"duration\":6527.094000000361,\"time_run\":131126.5,\"time_render\":131110.701,\"time_show\":131141.806,\"time_end\":137668.90000000037,\"time_commit\":137669.40000000037,\"timestamp\":\"2021-07-12T08:53:39.055Z\",\"time_switch\":137681.654},{\"sender\":\"trial_screen\",\"sender_type\":\"canvas.Screen\",\"sender_id\":\"9_12\",\"correct\":true,\"trial_ID\":13,\"word1\":\"Kapaun\",\"word2\":\"Paukan\",\"word3\":\"Naupack\",\"word4\":\"Aupeck\",\"word5\":\"Ankepran\",\"response\":\"1\",\"response_action\":\"keypress(1)\",\"correctResponse\":\"1\",\"ended_on\":\"response\",\"duration\":9546.746000000363,\"time_run\":137670.30000000075,\"time_render\":137665.06,\"time_show\":137681.654,\"time_end\":147228.40000000037,\"time_commit\":147228.90000000037,\"timestamp\":\"2021-07-12T08:53:48.615Z\",\"time_switch\":147241.14},{\"sender\":\"trial_screen\",\"sender_type\":\"canvas.Screen\",\"sender_id\":\"9_13\",\"correct\":true,\"trial_ID\":14,\"word1\":\"Dissonanz\",\"word2\":\"Diskrisanz\",\"word3\":\"Distranz\",\"word4\":\"Dinotanz\",\"word5\":\"Sidonenz\",\"response\":\"1\",\"response_action\":\"keypress(1)\",\"correctResponse\":\"1\",\"ended_on\":\"response\",\"duration\":4507.960000001476,\"time_run\":147231.6000000015,\"time_render\":147224.308,\"time_show\":147241.14,\"time_end\":151749.1000000015,\"time_commit\":151749.5,\"timestamp\":\"2021-07-12T08:53:53.135Z\",\"time_switch\":151762.473},{\"sender\":\"trial_screen\",\"sender_type\":\"canvas.Screen\",\"sender_id\":\"9_14\",\"correct\":true,\"trial_ID\":15,\"word1\":\"Kirse\",\"word2\":\"Sirke\",\"word3\":\"Krise\",\"word4\":\"Krospe\",\"word5\":\"Seris\",\"response\":\"3\",\"response_action\":\"keypress(3)\",\"correctResponse\":\"3\",\"ended_on\":\"response\",\"duration\":2809.827000000747,\"time_run\":151750.6000000015,\"time_render\":151745.576,\"time_show\":151762.473,\"time_end\":154572.30000000075,\"time_commit\":154572.70000000112,\"timestamp\":\"2021-07-12T08:53:55.958Z\",\"time_switch\":154581.955},{\"sender\":\"trial_screen\",\"sender_type\":\"canvas.Screen\",\"sender_id\":\"9_15\",\"correct\":true,\"trial_ID\":16,\"word1\":\"Tume\",\"word2\":\"Umat\",\"word3\":\"Maut\",\"word4\":\"Taum\",\"word5\":\"Muta\",\"response\":\"3\",\"response_action\":\"keypress(3)\",\"correctResponse\":\"3\",\"ended_on\":\"response\",\"duration\":4142.045000000013,\"time_run\":154573.6000000015,\"time_render\":154565.436,\"time_show\":154581.955,\"time_end\":158724,\"time_commit\":158724.40000000037,\"timestamp\":\"2021-07-12T08:54:00.110Z\",\"time_switch\":158736.295},{\"sender\":\"trial_screen\",\"sender_type\":\"canvas.Screen\",\"sender_id\":\"9_16\",\"correct\":false,\"trial_ID\":17,\"word1\":\"Tuhl\",\"word2\":\"Lar\",\"word3\":\"Lest\",\"word4\":\"Dall\",\"word5\":\"Lid\",\"response\":\"4\",\"response_action\":\"keypress(4)\",\"correctResponse\":\"5\",\"ended_on\":\"response\",\"duration\":13780.905000001105,\"time_run\":158725.30000000075,\"time_render\":158719.213,\"time_show\":158736.295,\"time_end\":172517.20000000112,\"time_commit\":172517.6000000015,\"timestamp\":\"2021-07-12T08:54:13.903Z\",\"time_switch\":172533.361},{\"sender\":\"trial_screen\",\"sender_type\":\"canvas.Screen\",\"sender_id\":\"9_17\",\"correct\":true,\"trial_ID\":18,\"word1\":\"Adept\",\"word2\":\"Padet\",\"word3\":\"Edapt\",\"word4\":\"Epatt\",\"word5\":\"Taped\",\"response\":\"1\",\"response_action\":\"keypress(1)\",\"correctResponse\":\"1\",\"ended_on\":\"response\",\"duration\":6750.839000001113,\"time_run\":172518.5,\"time_render\":172516.379,\"time_show\":172533.361,\"time_end\":179284.20000000112,\"time_commit\":179284.6000000015,\"timestamp\":\"2021-07-12T08:54:20.670Z\",\"time_switch\":179289.8},{\"sender\":\"trial_screen\",\"sender_type\":\"canvas.Screen\",\"sender_id\":\"9_18\",\"correct\":false,\"trial_ID\":19,\"word1\":\"Spirine\",\"word2\":\"Saprin\",\"word3\":\"Parsin\",\"word4\":\"Purin\",\"word5\":\"Asprint\",\"response\":\"3\",\"response_action\":\"keypress(3)\",\"correctResponse\":\"4\",\"ended_on\":\"response\",\"duration\":10786.90000000113,\"time_run\":179285.6000000015,\"time_render\":179273.094,\"time_show\":179289.8,\"time_end\":190076.70000000112,\"time_commit\":190077.20000000112,\"timestamp\":\"2021-07-12T08:54:31.462Z\",\"time_switch\":190083.951},{\"sender\":\"trial_screen\",\"sender_type\":\"canvas.Screen\",\"sender_id\":\"9_19\",\"correct\":false,\"trial_ID\":20,\"word1\":\"Kulon\",\"word2\":\"Solgun\",\"word3\":\"Koskan\",\"word4\":\"Soran\",\"word5\":\"Klonus\",\"response\":\"3\",\"response_action\":\"keypress(3)\",\"correctResponse\":\"5\",\"ended_on\":\"response\",\"duration\":8776.14900000149,\"time_run\":190078.40000000037,\"time_render\":190067.274,\"time_show\":190083.951,\"time_end\":198860.1000000015,\"time_commit\":198860.6000000015,\"timestamp\":\"2021-07-12T08:54:40.246Z\",\"time_switch\":198876.061},{\"sender\":\"trial_screen\",\"sender_type\":\"canvas.Screen\",\"sender_id\":\"9_20\",\"correct\":true,\"trial_ID\":21,\"word1\":\"Tronke\",\"word2\":\"Nocktherm\",\"word3\":\"Teronk\",\"word4\":\"Komtur\",\"word5\":\"Rocktur\",\"response\":\"4\",\"response_action\":\"keypress(4)\",\"correctResponse\":\"4\",\"ended_on\":\"response\",\"duration\":6264.839000000386,\"time_run\":198861.80000000075,\"time_render\":198859.215,\"time_show\":198876.061,\"time_end\":205140.90000000037,\"time_commit\":205141.30000000075,\"timestamp\":\"2021-07-12T08:54:46.526Z\",\"time_switch\":205149.078},{\"sender\":\"trial_screen\",\"sender_type\":\"canvas.Screen\",\"sender_id\":\"9_21\",\"correct\":true,\"trial_ID\":22,\"word1\":\"Ripat\",\"word2\":\"Patinatte\",\"word3\":\"Tapir\",\"word4\":\"Apitt\",\"word5\":\"Padir\",\"response\":\"3\",\"response_action\":\"keypress(3)\",\"correctResponse\":\"3\",\"ended_on\":\"response\",\"duration\":2999.2220000007364,\"time_run\":205142.6000000015,\"time_render\":205132.265,\"time_show\":205149.078,\"time_end\":208148.30000000075,\"time_commit\":208148.80000000075,\"timestamp\":\"2021-07-12T08:54:49.534Z\",\"time_switch\":208151.967},{\"sender\":\"trial_screen\",\"sender_type\":\"canvas.Screen\",\"sender_id\":\"9_22\",\"correct\":true,\"trial_ID\":23,\"word1\":\"Akifer\",\"word2\":\"Fiaker\",\"word3\":\"Kiaffa\",\"word4\":\"Sariffer\",\"word5\":\"Refisker\",\"response\":\"2\",\"response_action\":\"keypress(2)\",\"correctResponse\":\"2\",\"ended_on\":\"response\",\"duration\":3068.2330000011134,\"time_run\":208150,\"time_render\":208135.253,\"time_show\":208151.967,\"time_end\":211220.20000000112,\"time_commit\":211220.6000000015,\"timestamp\":\"2021-07-12T08:54:52.606Z\",\"time_switch\":211238.414},{\"sender\":\"trial_screen\",\"sender_type\":\"canvas.Screen\",\"sender_id\":\"9_23\",\"correct\":true,\"trial_ID\":24,\"word1\":\"Kleiber\",\"word2\":\"Beikel\",\"word3\":\"Keibel\",\"word4\":\"Reikler\",\"word5\":\"Biekerl\",\"response\":\"1\",\"response_action\":\"keypress(1)\",\"correctResponse\":\"1\",\"ended_on\":\"response\",\"duration\":3637.8860000007553,\"time_run\":211221.6000000015,\"time_render\":211205.305,\"time_show\":211238.414,\"time_end\":214876.30000000075,\"time_commit\":214876.80000000075,\"timestamp\":\"2021-07-12T08:54:56.262Z\",\"time_switch\":214892.056},{\"sender\":\"trial_screen\",\"sender_type\":\"canvas.Screen\",\"sender_id\":\"9_24\",\"correct\":true,\"trial_ID\":25,\"word1\":\"Ig\u00e4de\",\"word2\":\"D\u00e4gie\",\"word3\":\"\u00c4gide\",\"word4\":\"Dig\u00e4de\",\"word5\":\"Giad\",\"response\":\"3\",\"response_action\":\"keypress(3)\",\"correctResponse\":\"3\",\"ended_on\":\"response\",\"duration\":4128.844000000361,\"time_run\":214878.40000000037,\"time_render\":214875.356,\"time_show\":214892.056,\"time_end\":219020.90000000037,\"time_commit\":219021.40000000037,\"timestamp\":\"2021-07-12T08:55:00.407Z\",\"time_switch\":219029.528},{\"sender\":\"trial_screen\",\"sender_type\":\"canvas.Screen\",\"sender_id\":\"9_25\",\"correct\":true,\"trial_ID\":26,\"word1\":\"Rixal\",\"word2\":\"Irtax\",\"word3\":\"Rackizie\",\"word4\":\"Matrix\",\"word5\":\"Atrige\",\"response\":\"4\",\"response_action\":\"keypress(4)\",\"correctResponse\":\"4\",\"ended_on\":\"response\",\"duration\":3246.972000000009,\"time_run\":219022.6000000015,\"time_render\":219012.935,\"time_show\":219029.528,\"time_end\":222276.5,\"time_commit\":222277.1000000015,\"timestamp\":\"2021-07-12T08:55:03.662Z\",\"time_switch\":222282.762},{\"sender\":\"trial_screen\",\"sender_type\":\"canvas.Screen\",\"sender_id\":\"9_26\",\"correct\":true,\"trial_ID\":27,\"word1\":\"Haskisch\",\"word2\":\"Asmisch\",\"word3\":\"Schisma\",\"word4\":\"Rasthmie\",\"word5\":\"Ilschah\",\"response\":\"3\",\"response_action\":\"keypress(3)\",\"correctResponse\":\"3\",\"ended_on\":\"response\",\"duration\":4353.638000000385,\"time_run\":222278.70000000112,\"time_render\":222266.018,\"time_show\":222282.762,\"time_end\":226636.40000000037,\"time_commit\":226636.90000000037,\"timestamp\":\"2021-07-12T08:55:08.022Z\",\"time_switch\":226653.766},{\"sender\":\"trial_screen\",\"sender_type\":\"canvas.Screen\",\"sender_id\":\"9_27\",\"correct\":true,\"trial_ID\":28,\"word1\":\"Sallose\",\"word2\":\"Lordose\",\"word3\":\"Dormase\",\"word4\":\"Rollase\",\"word5\":\"Ardierole\",\"response\":\"2\",\"response_action\":\"keypress(2)\",\"correctResponse\":\"2\",\"ended_on\":\"response\",\"duration\":4183.034000000742,\"time_run\":226638.40000000037,\"time_render\":226637.018,\"time_show\":226653.766,\"time_end\":230836.80000000075,\"time_commit\":230837.30000000075,\"timestamp\":\"2021-07-12T08:55:12.222Z\",\"time_switch\":230841.282},{\"sender\":\"trial_screen\",\"sender_type\":\"canvas.Screen\",\"sender_id\":\"9_28\",\"correct\":false,\"trial_ID\":29,\"word1\":\"Intranotion\",\"word2\":\"Infranatura\",\"word3\":\"Internodium\",\"word4\":\"Indotalie\",\"word5\":\"Indosta\",\"response\":\"2\",\"response_action\":\"keypress(2)\",\"correctResponse\":\"3\",\"ended_on\":\"response\",\"duration\":13179.318000001484,\"time_run\":230838.90000000037,\"time_render\":230824.554,\"time_show\":230841.282,\"time_end\":244020.6000000015,\"time_commit\":244021,\"timestamp\":\"2021-07-12T08:55:25.406Z\",\"time_switch\":244038.092},{\"sender\":\"trial_screen\",\"sender_type\":\"canvas.Screen\",\"sender_id\":\"9_29\",\"correct\":true,\"trial_ID\":30,\"word1\":\"Idaste\",\"word2\":\"Dastrix\",\"word3\":\"Astike\",\"word4\":\"Sadile\",\"word5\":\"Kasside\",\"response\":\"5\",\"response_action\":\"keypress(5)\",\"correctResponse\":\"5\",\"ended_on\":\"response\",\"duration\":6086.508000001486,\"time_run\":244022.20000000112,\"time_render\":244020.871,\"time_show\":244038.092,\"time_end\":250124.6000000015,\"time_commit\":250125,\"timestamp\":\"2021-07-12T08:55:31.510Z\",\"time_switch\":250159.337},{\"sender\":\"trial_screen\",\"sender_type\":\"canvas.Screen\",\"sender_id\":\"9_30\",\"correct\":true,\"trial_ID\":31,\"word1\":\"Libration\",\"word2\":\"Bilation\",\"word3\":\"Arlation\",\"word4\":\"Iberation\",\"word5\":\"Tiradon\",\"response\":\"1\",\"response_action\":\"keypress(1)\",\"correctResponse\":\"1\",\"ended_on\":\"response\",\"duration\":6949.363000001118,\"time_run\":250126.40000000037,\"time_render\":250110.43,\"time_show\":250159.337,\"time_end\":257108.70000000112,\"time_commit\":257109.1000000015,\"timestamp\":\"2021-07-12T08:55:38.494Z\",\"time_switch\":257117.594},{\"sender\":\"trial_screen\",\"sender_type\":\"canvas.Screen\",\"sender_id\":\"9_31\",\"correct\":true,\"trial_ID\":32,\"word1\":\"Pucker\",\"word2\":\"Keuper\",\"word3\":\"Eucker\",\"word4\":\"Reuspeck\",\"word5\":\"Urkane\",\"response\":\"2\",\"response_action\":\"keypress(2)\",\"correctResponse\":\"2\",\"ended_on\":\"response\",\"duration\":2430.905999999988,\"time_run\":257110,\"time_render\":257100.687,\"time_show\":257117.594,\"time_end\":259548.5,\"time_commit\":259549,\"timestamp\":\"2021-07-12T08:55:40.934Z\",\"time_switch\":259553.338},{\"sender\":\"trial_screen\",\"sender_type\":\"canvas.Screen\",\"sender_id\":\"9_32\",\"correct\":true,\"trial_ID\":33,\"word1\":\"Sickaber\",\"word2\":\"Bassiker\",\"word3\":\"Kassiber\",\"word4\":\"Sassiker\",\"word5\":\"Askiber\",\"response\":\"3\",\"response_action\":\"keypress(3)\",\"correctResponse\":\"3\",\"ended_on\":\"response\",\"duration\":3538.8620000011288,\"time_run\":259549.90000000037,\"time_render\":259536.793,\"time_show\":259553.338,\"time_end\":263092.2000000011,\"time_commit\":263092.6000000015,\"timestamp\":\"2021-07-12T08:55:44.478Z\",\"time_switch\":263106.855},{\"sender\":\"trial_screen\",\"sender_type\":\"canvas.Screen\",\"sender_id\":\"9_33\",\"correct\":false,\"trial_ID\":34,\"word1\":\"Alquallon\",\"word2\":\"Lisqualien\",\"word3\":\"Talquallen\",\"word4\":\"Quisquilien\",\"word5\":\"Rielquellen\",\"response\":\"3\",\"response_action\":\"keypress(3)\",\"correctResponse\":\"4\",\"ended_on\":\"response\",\"duration\":8545.745000001509,\"time_run\":263093.7000000011,\"time_render\":263090.133,\"time_show\":263106.855,\"time_end\":271652.6000000015,\"time_commit\":271653,\"timestamp\":\"2021-07-12T08:55:53.038Z\",\"time_switch\":271665.412},{\"sender\":\"trial_screen\",\"sender_type\":\"canvas.Screen\",\"sender_id\":\"9_34\",\"correct\":false,\"trial_ID\":35,\"word1\":\"Berkiza\",\"word2\":\"Brekzie\",\"word3\":\"Birakzie\",\"word4\":\"Brikazie\",\"word5\":\"Bakiria\",\"response\":\"5\",\"response_action\":\"keypress(5)\",\"correctResponse\":\"2\",\"ended_on\":\"response\",\"duration\":12099.587999999989,\"time_run\":271654.4000000004,\"time_render\":271648.577,\"time_show\":271665.412,\"time_end\":283765,\"time_commit\":283765.4000000004,\"timestamp\":\"2021-07-12T08:56:05.150Z\",\"time_switch\":283777.534},{\"sender\":\"loop_trial\",\"sender_type\":\"flow.Loop\",\"sender_id\":\"9\",\"ended_on\":\"completion\",\"duration\":198368.885,\"time_run\":85389.40000000037,\"time_render\":85379.246,\"time_show\":85396.115,\"time_end\":283765,\"time_commit\":283766.5,\"timestamp\":\"2021-07-12T08:56:05.151Z\",\"time_switch\":283777.534},{\"sender\":\"end_html\",\"sender_type\":\"html.Screen\",\"sender_id\":\"10\",\"ended_on\":\"timeout\",\"duration\":6006.032999999996,\"time_run\":283766.5,\"time_render\":283760.595,\"time_show\":283777.534,\"time_end\":289766.876,\"time_commit\":289768.5,\"timestamp\":\"2021-07-12T08:56:11.154Z\",\"time_switch\":289783.567},{\"sender\":\"root\",\"sender_type\":\"flow.Sequence\",\"sender_id\":null,\"ended_on\":\"completion\",\"duration\":289305.689,\"time_run\":457.7000000011176,\"time_render\":444.499,\"time_show\":461.187,\"time_end\":289766.876,\"time_commit\":289768.80000000075,\"timestamp\":\"2021-07-12T08:56:11.154Z\",\"time_switch\":289783.567}]",
    "metadata": "{\"slice\":0,\"id\":\"0f248011-1302-4b1c-9478-b9570c4d087f\",\"payload\":\"full\"}",
    "url": "https://exp01.zih.tu-dresden.de/experiments/spot_a_word_task/"
}