{
    "data": "[{\"url\":{},\"meta\":{\"labjs_version\":\"20.1.1\",\"labjs_build\":{\"flavor\":\"production\",\"commit\":\"cd5695f774968f50499757c1423bd95d033ea08e\"},\"location\":\"https://exp02.zih.tu-dresden.de/experiments/raven_task/\",\"userAgent\":\"Mozilla/5.0 (Windows NT 10.0; Win64; x64; rv:88.0) Gecko/20100101 Firefox/88.0\",\"platform\":\"Win32\",\"language\":\"de\",\"locale\":\"de-DE\",\"timeZone\":\"Europe/Berlin\",\"timezoneOffset\":-120,\"screen_width\":1536,\"screen_height\":864,\"scroll_width\":1536,\"scroll_height\":674,\"window_innerWidth\":1536,\"window_innerHeight\":722,\"devicePixelRatio\":1.25},\"sender\":\"welcome\",\"sender_type\":\"canvas.Screen\",\"sender_id\":\"0\",\"ended_on\":\"timeout\",\"duration\":7999.039999999999,\"time_run\":10074,\"time_render\":10077.22,\"time_show\":10093.88,\"time_end\":18076.26,\"time_commit\":18083,\"timestamp\":\"2021-05-06T11:15:38.825Z\",\"time_switch\":18092.92},{\"sender\":\"instructions\",\"sender_type\":\"html.Page\",\"sender_id\":\"1\",\"response\":\"Space\",\"response_action\":\"keypress(Space)\",\"ended_on\":\"response\",\"duration\":24149.08,\"time_run\":18087,\"time_render\":18076.26,\"time_show\":18092.92,\"time_end\":42242,\"time_commit\":42254,\"timestamp\":\"2021-05-06T11:16:02.996Z\",\"time_switch\":42289.82},{\"sender\":\"example1\",\"sender_type\":\"canvas.Screen\",\"sender_id\":\"2\",\"response\":\"8\",\"response_action\":\"click(0) @8\",\"correctResponse\":\"8\",\"correct\":true,\"ended_on\":\"response\",\"duration\":6780.18,\"time_run\":42256,\"time_render\":42256.66,\"time_show\":42289.82,\"time_end\":49070,\"time_commit\":49075,\"timestamp\":\"2021-05-06T11:16:09.819Z\",\"time_switch\":49105.5},{\"sender\":\"example1_feedback\",\"sender_type\":\"canvas.Screen\",\"sender_id\":\"3\",\"response\":\"space\",\"response_action\":\"keypress(Space)\",\"ended_on\":\"response\",\"duration\":1698.5,\"time_run\":49090,\"time_render\":49088.84,\"time_show\":49105.5,\"time_end\":50804,\"time_commit\":50815,\"timestamp\":\"2021-05-06T11:16:11.557Z\",\"time_switch\":50822.04},{\"sender\":\"example2\",\"sender_type\":\"canvas.Screen\",\"sender_id\":\"4\",\"response\":\"4\",\"response_action\":\"click(0) @4\",\"correctResponse\":\"4\",\"correct\":true,\"ended_on\":\"response\",\"duration\":5011.959999999999,\"time_run\":50815,\"time_render\":50816.14,\"time_show\":50822.04,\"time_end\":55834,\"time_commit\":55847,\"timestamp\":\"2021-05-06T11:16:16.589Z\",\"time_switch\":55888},{\"sender\":\"example2_feedback\",\"sender_type\":\"canvas.Screen\",\"sender_id\":\"5\",\"response\":\"space\",\"response_action\":\"keypress(Space)\",\"ended_on\":\"response\",\"duration\":1524,\"time_run\":55857,\"time_render\":55871.34,\"time_show\":55888,\"time_end\":57412,\"time_commit\":57424,\"timestamp\":\"2021-05-06T11:16:18.167Z\",\"time_switch\":57437.82},{\"sender\":\"get ready\",\"sender_type\":\"canvas.Screen\",\"sender_id\":\"6\",\"response\":\"Space\",\"response_action\":\"keypress(Space)\",\"ended_on\":\"response\",\"duration\":1896.1800000000003,\"time_run\":57425,\"time_render\":57426.2,\"time_show\":57437.82,\"time_end\":59334,\"time_commit\":59345,\"timestamp\":\"2021-05-06T11:16:20.088Z\",\"time_switch\":59354.28},{\"sender\":\"test01\",\"sender_type\":\"canvas.Screen\",\"sender_id\":\"7_0\",\"response\":\"7\",\"response_action\":\"click(0) @7\",\"correctResponse\":\"7\",\"correct\":true,\"ended_on\":\"response\",\"duration\":7339.720000000001,\"time_run\":59346,\"time_render\":59346.94,\"time_show\":59354.28,\"time_end\":66694,\"time_commit\":66713,\"timestamp\":\"2021-05-06T11:16:27.456Z\",\"time_switch\":66736.64},{\"sender\":\"test02\",\"sender_type\":\"canvas.Screen\",\"sender_id\":\"7_1\",\"response\":\"4\",\"response_action\":\"click(0) @4\",\"correctResponse\":\"4\",\"correct\":true,\"ended_on\":\"response\",\"duration\":8972.36,\"time_run\":66715,\"time_render\":66720.2,\"time_show\":66736.64,\"time_end\":75709,\"time_commit\":75720,\"timestamp\":\"2021-05-06T11:16:36.463Z\",\"time_switch\":75752.1},{\"sender\":\"test03\",\"sender_type\":\"canvas.Screen\",\"sender_id\":\"7_2\",\"response\":\"6\",\"response_action\":\"click(0) @6\",\"correctResponse\":\"6\",\"correct\":true,\"ended_on\":\"response\",\"duration\":8160.899999999994,\"time_run\":75722,\"time_render\":75735.44,\"time_show\":75752.1,\"time_end\":83913,\"time_commit\":83929,\"timestamp\":\"2021-05-06T11:16:44.672Z\",\"time_switch\":83951.08},{\"sender\":\"test04\",\"sender_type\":\"canvas.Screen\",\"sender_id\":\"7_3\",\"response\":\"2\",\"response_action\":\"click(0) @2\",\"correctResponse\":\"2\",\"correct\":true,\"ended_on\":\"response\",\"duration\":30617.92,\"time_run\":83930,\"time_render\":83935.6,\"time_show\":83951.08,\"time_end\":114569,\"time_commit\":114582,\"timestamp\":\"2021-05-06T11:17:15.324Z\",\"time_switch\":114597.04},{\"sender\":\"test05\",\"sender_type\":\"canvas.Screen\",\"sender_id\":\"7_4\",\"response\":\"4\",\"response_action\":\"click(0) @4\",\"correctResponse\":\"4\",\"correct\":true,\"ended_on\":\"response\",\"duration\":14753.960000000006,\"time_run\":114583,\"time_render\":114580.5,\"time_show\":114597.04,\"time_end\":129351,\"time_commit\":129368,\"timestamp\":\"2021-05-06T11:17:30.110Z\",\"time_switch\":129395.12},{\"sender\":\"test06\",\"sender_type\":\"canvas.Screen\",\"sender_id\":\"7_5\",\"response\":\"7\",\"response_action\":\"click(0) @7\",\"correctResponse\":\"7\",\"correct\":true,\"ended_on\":\"response\",\"duration\":36174.880000000005,\"time_run\":129369,\"time_render\":129378.6,\"time_show\":129395.12,\"time_end\":165570,\"time_commit\":165584,\"timestamp\":\"2021-05-06T11:18:06.326Z\",\"time_switch\":165607.04},{\"sender\":\"test07\",\"sender_type\":\"canvas.Screen\",\"sender_id\":\"7_6\",\"response\":\"8\",\"response_action\":\"click(0) @8\",\"correctResponse\":\"8\",\"correct\":true,\"ended_on\":\"response\",\"duration\":41664.95999999999,\"time_run\":165584,\"time_render\":165590.6,\"time_show\":165607.04,\"time_end\":207272,\"time_commit\":207284,\"timestamp\":\"2021-05-06T11:18:48.027Z\",\"time_switch\":207318.4},{\"sender\":\"test08\",\"sender_type\":\"canvas.Screen\",\"sender_id\":\"7_7\",\"response\":\"7\",\"response_action\":\"click(0) @7\",\"correctResponse\":\"7\",\"correct\":true,\"ended_on\":\"response\",\"duration\":18500.600000000006,\"time_run\":207287,\"time_render\":207285.18,\"time_show\":207318.4,\"time_end\":225819,\"time_commit\":225833,\"timestamp\":\"2021-05-06T11:19:06.576Z\",\"time_switch\":225849.38},{\"sender\":\"test09\",\"sender_type\":\"canvas.Screen\",\"sender_id\":\"7_8\",\"response\":\"2\",\"response_action\":\"click(0) @2\",\"correctResponse\":\"5\",\"correct\":false,\"ended_on\":\"response\",\"duration\":93548.62,\"time_run\":225835,\"time_render\":225832.74,\"time_show\":225849.38,\"time_end\":319398,\"time_commit\":319420,\"timestamp\":\"2021-05-06T11:20:40.162Z\",\"time_switch\":319437.24},{\"sender\":\"test10\",\"sender_type\":\"canvas.Screen\",\"sender_id\":\"7_9\",\"response\":\"5\",\"response_action\":\"click(0) @5\",\"correctResponse\":\"5\",\"correct\":true,\"ended_on\":\"response\",\"duration\":52178.76000000001,\"time_run\":319421,\"time_render\":319420.62,\"time_show\":319437.24,\"time_end\":371616,\"time_commit\":371628,\"timestamp\":\"2021-05-06T11:21:32.370Z\",\"time_switch\":371647.18},{\"sender\":\"test11\",\"sender_type\":\"canvas.Screen\",\"sender_id\":\"7_10\",\"response\":\"4\",\"response_action\":\"click(0) @4\",\"correctResponse\":\"4\",\"correct\":true,\"ended_on\":\"response\",\"duration\":119483.82,\"time_run\":371629,\"time_render\":371630.5,\"time_show\":371647.18,\"time_end\":491131,\"time_commit\":491147,\"timestamp\":\"2021-05-06T11:23:31.890Z\",\"time_switch\":491181.64},{\"sender\":\"test12\",\"sender_type\":\"canvas.Screen\",\"sender_id\":\"7_11\",\"response\":\"1\",\"response_action\":\"click(0) @1\",\"correctResponse\":\"1\",\"correct\":true,\"ended_on\":\"response\",\"duration\":95090.35999999999,\"time_run\":491149,\"time_render\":491148.42,\"time_show\":491181.64,\"time_end\":586272,\"time_commit\":586283,\"timestamp\":\"2021-05-06T11:25:07.026Z\",\"time_switch\":586302.74},{\"sender\":\"tests (15min)\",\"sender_type\":\"flow.Sequence\",\"sender_id\":\"7\",\"ended_on\":\"completion\",\"duration\":526917.72,\"time_run\":59346,\"time_render\":59346.94,\"time_show\":59354.28,\"time_end\":586272,\"time_commit\":586287,\"timestamp\":\"2021-05-06T11:25:07.029Z\",\"time_switch\":586302.74},{\"sender\":\"good bye\",\"sender_type\":\"canvas.Screen\",\"sender_id\":\"8\",\"ended_on\":\"timeout\",\"duration\":3999.5,\"time_run\":586288,\"time_render\":586286.38,\"time_show\":586302.74,\"time_end\":590285.58,\"time_commit\":590288,\"timestamp\":\"2021-05-06T11:25:11.030Z\",\"time_switch\":590302.24},{\"sender\":\"root\",\"sender_type\":\"flow.Sequence\",\"sender_id\":null,\"ended_on\":\"completion\",\"duration\":580191.7,\"time_run\":10074,\"time_render\":10077.22,\"time_show\":10093.88,\"time_end\":590285.58,\"time_commit\":590289,\"timestamp\":\"2021-05-06T11:25:11.031Z\",\"time_switch\":590302.24}]",
    "metadata": "{\"slice\":0,\"id\":\"2ad781e4-45bb-42c0-89d2-884b80c2d009\",\"payload\":\"full\"}",
    "url": "https://exp02.zih.tu-dresden.de/experiments/raven_task/"
}