{
    "data": "[{\"url\":{},\"meta\":{\"labjs_version\":\"20.1.1\",\"labjs_build\":{\"flavor\":\"production\",\"commit\":\"cd5695f774968f50499757c1423bd95d033ea08e\"},\"location\":\"https://exp02.zih.tu-dresden.de/experiments/spot_a_word_task/\",\"userAgent\":\"Mozilla/5.0 (Windows NT 10.0; Win64; x64; rv:88.0) Gecko/20100101 Firefox/88.0\",\"platform\":\"Win32\",\"language\":\"de\",\"locale\":\"de-DE\",\"timeZone\":\"Europe/Berlin\",\"timezoneOffset\":-120,\"screen_width\":1536,\"screen_height\":864,\"scroll_width\":1536,\"scroll_height\":674,\"window_innerWidth\":1536,\"window_innerHeight\":722,\"devicePixelRatio\":1.25},\"sender\":\"start_html\",\"sender_type\":\"html.Screen\",\"sender_id\":\"0\",\"ended_on\":\"timeout\",\"duration\":5999.24,\"time_run\":1096,\"time_render\":1106.78,\"time_show\":1123.44,\"time_end\":7106.12,\"time_commit\":7111,\"timestamp\":\"2021-05-06T11:09:05.875Z\",\"time_switch\":7122.68},{\"sender\":\"manual_html\",\"sender_type\":\"html.Screen\",\"sender_id\":\"1\",\"response\":\"space\",\"response_action\":\"keypress(Space)\",\"ended_on\":\"response\",\"duration\":53612.32,\"time_run\":7114,\"time_render\":7106.12,\"time_show\":7122.68,\"time_end\":60735,\"time_commit\":60747,\"timestamp\":\"2021-05-06T11:09:59.510Z\",\"time_switch\":60782.44},{\"sender\":\"example1_screen\",\"sender_type\":\"canvas.Screen\",\"sender_id\":\"2\",\"response\":\"4\",\"response_action\":\"keypress(4)\",\"correctResponse\":\"4\",\"correct\":true,\"ended_on\":\"response\",\"duration\":2281.5599999999977,\"time_run\":60768,\"time_render\":60769.58,\"time_show\":60782.44,\"time_end\":63064,\"time_commit\":63072,\"timestamp\":\"2021-05-06T11:10:01.835Z\",\"time_switch\":63098.8},{\"sender\":\"example1_feedback\",\"sender_type\":\"canvas.Screen\",\"sender_id\":\"3\",\"response\":\"Space\",\"response_action\":\"keypress(Space)\",\"ended_on\":\"response\",\"duration\":1105.199999999997,\"time_run\":63084,\"time_render\":63085.52,\"time_show\":63098.8,\"time_end\":64204,\"time_commit\":64214,\"timestamp\":\"2021-05-06T11:10:02.977Z\",\"time_switch\":64232},{\"sender\":\"example2_screen\",\"sender_type\":\"canvas.Screen\",\"sender_id\":\"4\",\"response\":\"5\",\"response_action\":\"keypress(5)\",\"correctResponse\":\"5\",\"correct\":true,\"ended_on\":\"response\",\"duration\":2128,\"time_run\":64229,\"time_render\":64230.04,\"time_show\":64232,\"time_end\":66360,\"time_commit\":66371,\"timestamp\":\"2021-05-06T11:10:05.134Z\",\"time_switch\":66398.58},{\"sender\":\"example2_feedback\",\"sender_type\":\"canvas.Screen\",\"sender_id\":\"5\",\"response\":\"Space\",\"response_action\":\"keypress(Space)\",\"ended_on\":\"response\",\"duration\":711.4199999999983,\"time_run\":66382,\"time_render\":66383.12,\"time_show\":66398.58,\"time_end\":67110,\"time_commit\":67119,\"timestamp\":\"2021-05-06T11:10:05.882Z\",\"time_switch\":67148.56},{\"sender\":\"example3_screen\",\"sender_type\":\"canvas.Screen\",\"sender_id\":\"6\",\"response\":\"1\",\"response_action\":\"keypress(1)\",\"correctResponse\":\"1\",\"correct\":true,\"ended_on\":\"response\",\"duration\":1509.4400000000023,\"time_run\":67130,\"time_render\":67131.94,\"time_show\":67148.56,\"time_end\":68658,\"time_commit\":68675,\"timestamp\":\"2021-05-06T11:10:07.438Z\",\"time_switch\":68698.08},{\"sender\":\"example3_feedback\",\"sender_type\":\"canvas.Screen\",\"sender_id\":\"7\",\"response\":\"Space\",\"response_action\":\"keypress(Space)\",\"ended_on\":\"response\",\"duration\":506.91999999999825,\"time_run\":68688,\"time_render\":68688.3,\"time_show\":68698.08,\"time_end\":69205,\"time_commit\":69213,\"timestamp\":\"2021-05-06T11:10:07.977Z\",\"time_switch\":69231.32},{\"sender\":\"get_ready_html\",\"sender_type\":\"html.Screen\",\"sender_id\":\"8\",\"response\":\"space\",\"response_action\":\"keypress(Space)\",\"ended_on\":\"response\",\"duration\":4926.679999999993,\"time_run\":69214,\"time_render\":69215.1,\"time_show\":69231.32,\"time_end\":74158,\"time_commit\":74170,\"timestamp\":\"2021-05-06T11:10:12.934Z\",\"time_switch\":74280.7},{\"sender\":\"trial_screen\",\"sender_type\":\"canvas.Screen\",\"sender_id\":\"9_0\",\"correct\":true,\"trial_ID\":1,\"word1\":\"siziol\",\"word2\":\"salzahl\",\"word3\":\"sozihl\",\"word4\":\"sziam\",\"word5\":\"sozial\",\"response\":\"5\",\"response_action\":\"keypress(5)\",\"correctResponse\":\"5\",\"ended_on\":\"response\",\"duration\":1580.300000000003,\"time_run\":74275,\"time_render\":74276.7,\"time_show\":74280.7,\"time_end\":75861,\"time_commit\":75870,\"timestamp\":\"2021-05-06T11:10:14.633Z\",\"time_switch\":75897.36},{\"sender\":\"trial_screen\",\"sender_type\":\"canvas.Screen\",\"sender_id\":\"9_1\",\"correct\":true,\"trial_ID\":2,\"word1\":\"Lamone\",\"word2\":\"Talane\",\"word3\":\"Matrone\",\"word4\":\"Tarone\",\"word5\":\"Malonte\",\"response\":\"3\",\"response_action\":\"keypress(3)\",\"correctResponse\":\"3\",\"ended_on\":\"response\",\"duration\":4056.6399999999994,\"time_run\":75883,\"time_render\":75884,\"time_show\":75897.36,\"time_end\":79954,\"time_commit\":79972,\"timestamp\":\"2021-05-06T11:10:18.735Z\",\"time_switch\":79996.74},{\"sender\":\"trial_screen\",\"sender_type\":\"canvas.Screen\",\"sender_id\":\"9_2\",\"correct\":true,\"trial_ID\":3,\"word1\":\"kurinesisch\",\"word2\":\"kulinarisch\",\"word3\":\"kumenisch\",\"word4\":\"kulissarisch\",\"word5\":\"kannastrisch\",\"response\":\"2\",\"response_action\":\"keypress(2)\",\"correctResponse\":\"2\",\"ended_on\":\"response\",\"duration\":3848.2599999999948,\"time_run\":79989,\"time_render\":79989.52,\"time_show\":79996.74,\"time_end\":83845,\"time_commit\":83852,\"timestamp\":\"2021-05-06T11:10:22.616Z\",\"time_switch\":83879.48},{\"sender\":\"trial_screen\",\"sender_type\":\"canvas.Screen\",\"sender_id\":\"9_3\",\"correct\":true,\"trial_ID\":4,\"word1\":\"Tinxur\",\"word2\":\"Kukutur\",\"word3\":\"Fraktan\",\"word4\":\"Tinktur\",\"word5\":\"Rimsuhr\",\"response\":\"4\",\"response_action\":\"keypress(4)\",\"correctResponse\":\"4\",\"ended_on\":\"response\",\"duration\":2028.520000000004,\"time_run\":83864,\"time_render\":83866.5,\"time_show\":83879.48,\"time_end\":85908,\"time_commit\":85921,\"timestamp\":\"2021-05-06T11:10:24.685Z\",\"time_switch\":85945.84},{\"sender\":\"trial_screen\",\"sender_type\":\"canvas.Screen\",\"sender_id\":\"9_4\",\"correct\":false,\"trial_ID\":5,\"word1\":\"beralen\",\"word2\":\"ger\u00e4ltet\",\"word3\":\"an\u00e4lteren\",\"word4\":\"unt\u00e4ren\",\"word5\":\"verbr\u00e4men\",\"response\":\"4\",\"response_action\":\"keypress(4)\",\"correctResponse\":\"5\",\"ended_on\":\"response\",\"duration\":6634.1600000000035,\"time_run\":85934,\"time_render\":85934.64,\"time_show\":85945.84,\"time_end\":92580,\"time_commit\":92596,\"timestamp\":\"2021-05-06T11:10:31.359Z\",\"time_switch\":92611.62},{\"sender\":\"trial_screen\",\"sender_type\":\"canvas.Screen\",\"sender_id\":\"9_5\",\"correct\":true,\"trial_ID\":6,\"word1\":\"Rosto\",\"word2\":\"Torso\",\"word3\":\"Soro\",\"word4\":\"Torgos\",\"word5\":\"Tosor\",\"response\":\"2\",\"response_action\":\"keypress(2)\",\"correctResponse\":\"2\",\"ended_on\":\"response\",\"duration\":2936.3800000000047,\"time_run\":92607,\"time_render\":92607.26,\"time_show\":92611.62,\"time_end\":95548,\"time_commit\":95553,\"timestamp\":\"2021-05-06T11:10:34.316Z\",\"time_switch\":95577.96},{\"sender\":\"trial_screen\",\"sender_type\":\"canvas.Screen\",\"sender_id\":\"9_6\",\"correct\":true,\"trial_ID\":7,\"word1\":\"Redor\",\"word2\":\"Radium\",\"word3\":\"Terion\",\"word4\":\"Dramin\",\"word5\":\"Orakium\",\"response\":\"2\",\"response_action\":\"keypress(2)\",\"correctResponse\":\"2\",\"ended_on\":\"response\",\"duration\":3360.0399999999936,\"time_run\":95565,\"time_render\":95565.7,\"time_show\":95577.96,\"time_end\":98938,\"time_commit\":98947,\"timestamp\":\"2021-05-06T11:10:37.710Z\",\"time_switch\":98960.92},{\"sender\":\"trial_screen\",\"sender_type\":\"canvas.Screen\",\"sender_id\":\"9_7\",\"correct\":true,\"trial_ID\":8,\"word1\":\"Nale\",\"word2\":\"Sahe\",\"word3\":\"Nase\",\"word4\":\"Nesa\",\"word5\":\"Sehna\",\"response\":\"3\",\"response_action\":\"keypress(3)\",\"correctResponse\":\"3\",\"ended_on\":\"response\",\"duration\":2274.0800000000017,\"time_run\":98958,\"time_render\":98958.84,\"time_show\":98960.92,\"time_end\":101235,\"time_commit\":101242,\"timestamp\":\"2021-05-06T11:10:40.006Z\",\"time_switch\":101260.5},{\"sender\":\"trial_screen\",\"sender_type\":\"canvas.Screen\",\"sender_id\":\"9_8\",\"correct\":false,\"trial_ID\":9,\"word1\":\"Rilkiase\",\"word2\":\"Kilister\",\"word3\":\"Riliker\",\"word4\":\"Klistier\",\"word5\":\"Linkure\",\"response\":\"2\",\"response_action\":\"keypress(2)\",\"correctResponse\":\"4\",\"ended_on\":\"response\",\"duration\":3709.5,\"time_run\":101253,\"time_render\":101253.8,\"time_show\":101260.5,\"time_end\":104970,\"time_commit\":104983,\"timestamp\":\"2021-05-06T11:10:43.746Z\",\"time_switch\":105010.3},{\"sender\":\"trial_screen\",\"sender_type\":\"canvas.Screen\",\"sender_id\":\"9_9\",\"correct\":true,\"trial_ID\":10,\"word1\":\"kentern\",\"word2\":\"knerte\",\"word3\":\"kanzen\",\"word4\":\"kretern\",\"word5\":\"trekern\",\"response\":\"1\",\"response_action\":\"keypress(1)\",\"correctResponse\":\"1\",\"ended_on\":\"response\",\"duration\":4741.699999999997,\"time_run\":104996,\"time_render\":104996.22,\"time_show\":105010.3,\"time_end\":109752,\"time_commit\":109761,\"timestamp\":\"2021-05-06T11:10:48.524Z\",\"time_switch\":109776.06},{\"sender\":\"trial_screen\",\"sender_type\":\"canvas.Screen\",\"sender_id\":\"9_10\",\"correct\":true,\"trial_ID\":11,\"word1\":\"Sorekin\",\"word2\":\"Sarowin\",\"word3\":\"Rosakin\",\"word4\":\"Narosin\",\"word5\":\"Kerosin\",\"response\":\"5\",\"response_action\":\"keypress(5)\",\"correctResponse\":\"5\",\"ended_on\":\"response\",\"duration\":4194.940000000002,\"time_run\":109772,\"time_render\":109772.58,\"time_show\":109776.06,\"time_end\":113971,\"time_commit\":113977,\"timestamp\":\"2021-05-06T11:10:52.740Z\",\"time_switch\":113992.18},{\"sender\":\"trial_screen\",\"sender_type\":\"canvas.Screen\",\"sender_id\":\"9_11\",\"correct\":true,\"trial_ID\":12,\"word1\":\"Ralke\",\"word2\":\"Korre\",\"word3\":\"Ruckse\",\"word4\":\"Recke\",\"word5\":\"Ulte\",\"response\":\"4\",\"response_action\":\"keypress(4)\",\"correctResponse\":\"4\",\"ended_on\":\"response\",\"duration\":3242.820000000007,\"time_run\":113988,\"time_render\":113988.42,\"time_show\":113992.18,\"time_end\":117235,\"time_commit\":117251,\"timestamp\":\"2021-05-06T11:10:56.014Z\",\"time_switch\":117275.16},{\"sender\":\"trial_screen\",\"sender_type\":\"canvas.Screen\",\"sender_id\":\"9_12\",\"correct\":false,\"trial_ID\":13,\"word1\":\"Kapaun\",\"word2\":\"Paukan\",\"word3\":\"Naupack\",\"word4\":\"Aupeck\",\"word5\":\"Ankepran\",\"response\":\"2\",\"response_action\":\"keypress(2)\",\"correctResponse\":\"1\",\"ended_on\":\"response\",\"duration\":7256.8399999999965,\"time_run\":117263,\"time_render\":117263.54,\"time_show\":117275.16,\"time_end\":124532,\"time_commit\":124546,\"timestamp\":\"2021-05-06T11:11:03.309Z\",\"time_switch\":124574.4},{\"sender\":\"trial_screen\",\"sender_type\":\"canvas.Screen\",\"sender_id\":\"9_13\",\"correct\":true,\"trial_ID\":14,\"word1\":\"Dissonanz\",\"word2\":\"Diskrisanz\",\"word3\":\"Distranz\",\"word4\":\"Dinotanz\",\"word5\":\"Sidonenz\",\"response\":\"1\",\"response_action\":\"keypress(1)\",\"correctResponse\":\"1\",\"ended_on\":\"response\",\"duration\":2942.600000000006,\"time_run\":124557,\"time_render\":124557.9,\"time_show\":124574.4,\"time_end\":127517,\"time_commit\":127524,\"timestamp\":\"2021-05-06T11:11:06.287Z\",\"time_switch\":127540.46},{\"sender\":\"trial_screen\",\"sender_type\":\"canvas.Screen\",\"sender_id\":\"9_14\",\"correct\":true,\"trial_ID\":15,\"word1\":\"Kirse\",\"word2\":\"Sirke\",\"word3\":\"Krise\",\"word4\":\"Krospe\",\"word5\":\"Seris\",\"response\":\"3\",\"response_action\":\"keypress(3)\",\"correctResponse\":\"3\",\"ended_on\":\"response\",\"duration\":3305.5399999999936,\"time_run\":127535,\"time_render\":127536.06,\"time_show\":127540.46,\"time_end\":130846,\"time_commit\":130861,\"timestamp\":\"2021-05-06T11:11:09.624Z\",\"time_switch\":130890.26},{\"sender\":\"trial_screen\",\"sender_type\":\"canvas.Screen\",\"sender_id\":\"9_15\",\"correct\":true,\"trial_ID\":16,\"word1\":\"Tume\",\"word2\":\"Umat\",\"word3\":\"Maut\",\"word4\":\"Taum\",\"word5\":\"Muta\",\"response\":\"3\",\"response_action\":\"keypress(3)\",\"correctResponse\":\"3\",\"ended_on\":\"response\",\"duration\":1986.7400000000052,\"time_run\":130872,\"time_render\":130872.82,\"time_show\":130890.26,\"time_end\":132877,\"time_commit\":132883,\"timestamp\":\"2021-05-06T11:11:11.646Z\",\"time_switch\":132906.44},{\"sender\":\"trial_screen\",\"sender_type\":\"canvas.Screen\",\"sender_id\":\"9_16\",\"correct\":true,\"trial_ID\":17,\"word1\":\"Tuhl\",\"word2\":\"Lar\",\"word3\":\"Lest\",\"word4\":\"Dall\",\"word5\":\"Lid\",\"response\":\"5\",\"response_action\":\"keypress(5)\",\"correctResponse\":\"5\",\"ended_on\":\"response\",\"duration\":3891.5599999999977,\"time_run\":132895,\"time_render\":132895.68,\"time_show\":132906.44,\"time_end\":136798,\"time_commit\":136813,\"timestamp\":\"2021-05-06T11:11:15.576Z\",\"time_switch\":136839.5},{\"sender\":\"trial_screen\",\"sender_type\":\"canvas.Screen\",\"sender_id\":\"9_17\",\"correct\":false,\"trial_ID\":18,\"word1\":\"Adept\",\"word2\":\"Padet\",\"word3\":\"Edapt\",\"word4\":\"Epatt\",\"word5\":\"Taped\",\"response\":\"4\",\"response_action\":\"keypress(4)\",\"correctResponse\":\"1\",\"ended_on\":\"response\",\"duration\":3130.5,\"time_run\":136824,\"time_render\":136825.44,\"time_show\":136839.5,\"time_end\":139970,\"time_commit\":139975,\"timestamp\":\"2021-05-06T11:11:18.739Z\",\"time_switch\":139988.84},{\"sender\":\"trial_screen\",\"sender_type\":\"canvas.Screen\",\"sender_id\":\"9_18\",\"correct\":false,\"trial_ID\":19,\"word1\":\"Spirine\",\"word2\":\"Saprin\",\"word3\":\"Parsin\",\"word4\":\"Purin\",\"word5\":\"Asprint\",\"response\":\"2\",\"response_action\":\"keypress(2)\",\"correctResponse\":\"4\",\"ended_on\":\"response\",\"duration\":4465.1600000000035,\"time_run\":139987,\"time_render\":139987.5,\"time_show\":139988.84,\"time_end\":144454,\"time_commit\":144466,\"timestamp\":\"2021-05-06T11:11:23.230Z\",\"time_switch\":144488.28},{\"sender\":\"trial_screen\",\"sender_type\":\"canvas.Screen\",\"sender_id\":\"9_19\",\"correct\":false,\"trial_ID\":20,\"word1\":\"Kulon\",\"word2\":\"Solgun\",\"word3\":\"Koskan\",\"word4\":\"Soran\",\"word5\":\"Klonus\",\"response\":\"4\",\"response_action\":\"keypress(4)\",\"correctResponse\":\"5\",\"ended_on\":\"response\",\"duration\":3871.720000000001,\"time_run\":144479,\"time_render\":144479.28,\"time_show\":144488.28,\"time_end\":148360,\"time_commit\":148377,\"timestamp\":\"2021-05-06T11:11:27.140Z\",\"time_switch\":148404.64},{\"sender\":\"trial_screen\",\"sender_type\":\"canvas.Screen\",\"sender_id\":\"9_20\",\"correct\":true,\"trial_ID\":21,\"word1\":\"Tronke\",\"word2\":\"Nocktherm\",\"word3\":\"Teronk\",\"word4\":\"Komtur\",\"word5\":\"Rocktur\",\"response\":\"4\",\"response_action\":\"keypress(4)\",\"correctResponse\":\"4\",\"ended_on\":\"response\",\"duration\":7346.359999999986,\"time_run\":148388,\"time_render\":148388.78,\"time_show\":148404.64,\"time_end\":155751,\"time_commit\":155763,\"timestamp\":\"2021-05-06T11:11:34.527Z\",\"time_switch\":155786.98},{\"sender\":\"trial_screen\",\"sender_type\":\"canvas.Screen\",\"sender_id\":\"9_21\",\"correct\":true,\"trial_ID\":22,\"word1\":\"Ripat\",\"word2\":\"Patinatte\",\"word3\":\"Tapir\",\"word4\":\"Apitt\",\"word5\":\"Padir\",\"response\":\"3\",\"response_action\":\"keypress(3)\",\"correctResponse\":\"3\",\"ended_on\":\"response\",\"duration\":2464.0199999999895,\"time_run\":155774,\"time_render\":155774.78,\"time_show\":155786.98,\"time_end\":158251,\"time_commit\":158256,\"timestamp\":\"2021-05-06T11:11:37.020Z\",\"time_switch\":158286.52},{\"sender\":\"trial_screen\",\"sender_type\":\"canvas.Screen\",\"sender_id\":\"9_22\",\"correct\":false,\"trial_ID\":23,\"word1\":\"Akifer\",\"word2\":\"Fiaker\",\"word3\":\"Kiaffa\",\"word4\":\"Sariffer\",\"word5\":\"Refisker\",\"response\":\"4\",\"response_action\":\"keypress(4)\",\"correctResponse\":\"2\",\"ended_on\":\"response\",\"duration\":7323.4800000000105,\"time_run\":158269,\"time_render\":158269.94,\"time_show\":158286.52,\"time_end\":165610,\"time_commit\":165621,\"timestamp\":\"2021-05-06T11:11:44.385Z\",\"time_switch\":165652.24},{\"sender\":\"trial_screen\",\"sender_type\":\"canvas.Screen\",\"sender_id\":\"9_23\",\"correct\":true,\"trial_ID\":24,\"word1\":\"Kleiber\",\"word2\":\"Beikel\",\"word3\":\"Keibel\",\"word4\":\"Reikler\",\"word5\":\"Biekerl\",\"response\":\"1\",\"response_action\":\"keypress(1)\",\"correctResponse\":\"1\",\"ended_on\":\"response\",\"duration\":3613.7600000000093,\"time_run\":165647,\"time_render\":165647.5,\"time_show\":165652.24,\"time_end\":169266,\"time_commit\":169283,\"timestamp\":\"2021-05-06T11:11:48.047Z\",\"time_switch\":169318.38},{\"sender\":\"trial_screen\",\"sender_type\":\"canvas.Screen\",\"sender_id\":\"9_24\",\"correct\":true,\"trial_ID\":25,\"word1\":\"Ig\u00e4de\",\"word2\":\"D\u00e4gie\",\"word3\":\"\u00c4gide\",\"word4\":\"Dig\u00e4de\",\"word5\":\"Giad\",\"response\":\"3\",\"response_action\":\"keypress(3)\",\"correctResponse\":\"3\",\"ended_on\":\"response\",\"duration\":5041.619999999995,\"time_run\":169299,\"time_render\":169301.72,\"time_show\":169318.38,\"time_end\":174360,\"time_commit\":174366,\"timestamp\":\"2021-05-06T11:11:53.129Z\",\"time_switch\":174401.36},{\"sender\":\"trial_screen\",\"sender_type\":\"canvas.Screen\",\"sender_id\":\"9_25\",\"correct\":true,\"trial_ID\":26,\"word1\":\"Rixal\",\"word2\":\"Irtax\",\"word3\":\"Rackizie\",\"word4\":\"Matrix\",\"word5\":\"Atrige\",\"response\":\"4\",\"response_action\":\"keypress(4)\",\"correctResponse\":\"4\",\"ended_on\":\"response\",\"duration\":1974.640000000014,\"time_run\":174385,\"time_render\":174385.22,\"time_show\":174401.36,\"time_end\":176376,\"time_commit\":176387,\"timestamp\":\"2021-05-06T11:11:55.151Z\",\"time_switch\":176417.74},{\"sender\":\"trial_screen\",\"sender_type\":\"canvas.Screen\",\"sender_id\":\"9_26\",\"correct\":true,\"trial_ID\":27,\"word1\":\"Haskisch\",\"word2\":\"Asmisch\",\"word3\":\"Schisma\",\"word4\":\"Rasthmie\",\"word5\":\"Ilschah\",\"response\":\"3\",\"response_action\":\"keypress(3)\",\"correctResponse\":\"3\",\"ended_on\":\"response\",\"duration\":2068.2600000000093,\"time_run\":176402,\"time_render\":176402.78,\"time_show\":176417.74,\"time_end\":178486,\"time_commit\":178499,\"timestamp\":\"2021-05-06T11:11:57.263Z\",\"time_switch\":178517.18},{\"sender\":\"trial_screen\",\"sender_type\":\"canvas.Screen\",\"sender_id\":\"9_27\",\"correct\":false,\"trial_ID\":28,\"word1\":\"Sallose\",\"word2\":\"Lordose\",\"word3\":\"Dormase\",\"word4\":\"Rollase\",\"word5\":\"Ardierole\",\"response\":\"5\",\"response_action\":\"keypress(5)\",\"correctResponse\":\"2\",\"ended_on\":\"response\",\"duration\":5530.820000000007,\"time_run\":178514,\"time_render\":178515.54,\"time_show\":178517.18,\"time_end\":184048,\"time_commit\":184056,\"timestamp\":\"2021-05-06T11:12:02.820Z\",\"time_switch\":184083.2},{\"sender\":\"trial_screen\",\"sender_type\":\"canvas.Screen\",\"sender_id\":\"9_28\",\"correct\":true,\"trial_ID\":29,\"word1\":\"Intranotion\",\"word2\":\"Infranatura\",\"word3\":\"Internodium\",\"word4\":\"Indotalie\",\"word5\":\"Indosta\",\"response\":\"3\",\"response_action\":\"keypress(3)\",\"correctResponse\":\"3\",\"ended_on\":\"response\",\"duration\":4198.799999999988,\"time_run\":184069,\"time_render\":184071.04,\"time_show\":184083.2,\"time_end\":188282,\"time_commit\":188289,\"timestamp\":\"2021-05-06T11:12:07.052Z\",\"time_switch\":188316.12},{\"sender\":\"trial_screen\",\"sender_type\":\"canvas.Screen\",\"sender_id\":\"9_29\",\"correct\":false,\"trial_ID\":30,\"word1\":\"Idaste\",\"word2\":\"Dastrix\",\"word3\":\"Astike\",\"word4\":\"Sadile\",\"word5\":\"Kasside\",\"response\":\"3\",\"response_action\":\"keypress(3)\",\"correctResponse\":\"5\",\"ended_on\":\"response\",\"duration\":4590.880000000005,\"time_run\":188303,\"time_render\":188303.3,\"time_show\":188316.12,\"time_end\":192907,\"time_commit\":192916,\"timestamp\":\"2021-05-06T11:12:11.679Z\",\"time_switch\":192932.02},{\"sender\":\"trial_screen\",\"sender_type\":\"canvas.Screen\",\"sender_id\":\"9_30\",\"correct\":true,\"trial_ID\":31,\"word1\":\"Libration\",\"word2\":\"Bilation\",\"word3\":\"Arlation\",\"word4\":\"Iberation\",\"word5\":\"Tiradon\",\"response\":\"1\",\"response_action\":\"keypress(1)\",\"correctResponse\":\"1\",\"ended_on\":\"response\",\"duration\":4616.9800000000105,\"time_run\":192928,\"time_render\":192929.18,\"time_show\":192932.02,\"time_end\":197549,\"time_commit\":197566,\"timestamp\":\"2021-05-06T11:12:16.329Z\",\"time_switch\":197598.26},{\"sender\":\"trial_screen\",\"sender_type\":\"canvas.Screen\",\"sender_id\":\"9_31\",\"correct\":false,\"trial_ID\":32,\"word1\":\"Pucker\",\"word2\":\"Keuper\",\"word3\":\"Eucker\",\"word4\":\"Reuspeck\",\"word5\":\"Urkane\",\"response\":\"4\",\"response_action\":\"keypress(4)\",\"correctResponse\":\"2\",\"ended_on\":\"response\",\"duration\":5261.739999999991,\"time_run\":197580,\"time_render\":197580.98,\"time_show\":197598.26,\"time_end\":202860,\"time_commit\":202872,\"timestamp\":\"2021-05-06T11:12:21.636Z\",\"time_switch\":202897.44},{\"sender\":\"trial_screen\",\"sender_type\":\"canvas.Screen\",\"sender_id\":\"9_32\",\"correct\":false,\"trial_ID\":33,\"word1\":\"Sickaber\",\"word2\":\"Bassiker\",\"word3\":\"Kassiber\",\"word4\":\"Sassiker\",\"word5\":\"Askiber\",\"response\":\"2\",\"response_action\":\"keypress(2)\",\"correctResponse\":\"3\",\"ended_on\":\"response\",\"duration\":3478.5599999999977,\"time_run\":202889,\"time_render\":202889.98,\"time_show\":202897.44,\"time_end\":206376,\"time_commit\":206386,\"timestamp\":\"2021-05-06T11:12:25.150Z\",\"time_switch\":206413.64},{\"sender\":\"trial_screen\",\"sender_type\":\"canvas.Screen\",\"sender_id\":\"9_33\",\"correct\":false,\"trial_ID\":34,\"word1\":\"Alquallon\",\"word2\":\"Lisqualien\",\"word3\":\"Talquallen\",\"word4\":\"Quisquilien\",\"word5\":\"Rielquellen\",\"response\":\"3\",\"response_action\":\"keypress(3)\",\"correctResponse\":\"4\",\"ended_on\":\"response\",\"duration\":2462.359999999986,\"time_run\":206401,\"time_render\":206401.8,\"time_show\":206413.64,\"time_end\":208876,\"time_commit\":208890,\"timestamp\":\"2021-05-06T11:12:27.654Z\",\"time_switch\":208913.34},{\"sender\":\"trial_screen\",\"sender_type\":\"canvas.Screen\",\"sender_id\":\"9_34\",\"correct\":false,\"trial_ID\":35,\"word1\":\"Berkiza\",\"word2\":\"Brekzie\",\"word3\":\"Birakzie\",\"word4\":\"Brikazie\",\"word5\":\"Bakiria\",\"response\":\"5\",\"response_action\":\"keypress(5)\",\"correctResponse\":\"2\",\"ended_on\":\"response\",\"duration\":4900.6600000000035,\"time_run\":208902,\"time_render\":208903.26,\"time_show\":208913.34,\"time_end\":213814,\"time_commit\":213819,\"timestamp\":\"2021-05-06T11:12:32.582Z\",\"time_switch\":213829.28},{\"sender\":\"loop_trial\",\"sender_type\":\"flow.Loop\",\"sender_id\":\"9\",\"ended_on\":\"completion\",\"duration\":139533.3,\"time_run\":74264,\"time_render\":74276.7,\"time_show\":74280.7,\"time_end\":213814,\"time_commit\":213821,\"timestamp\":\"2021-05-06T11:12:32.584Z\",\"time_switch\":213829.28},{\"sender\":\"end_html\",\"sender_type\":\"html.Screen\",\"sender_id\":\"10\",\"ended_on\":\"timeout\",\"duration\":5999.260000000009,\"time_run\":213821,\"time_render\":213821.82,\"time_show\":213829.28,\"time_end\":219811.86,\"time_commit\":219813,\"timestamp\":\"2021-05-06T11:12:38.576Z\",\"time_switch\":219828.54},{\"sender\":\"root\",\"sender_type\":\"flow.Sequence\",\"sender_id\":null,\"ended_on\":\"completion\",\"duration\":218688.41999999998,\"time_run\":1095,\"time_render\":1106.78,\"time_show\":1123.44,\"time_end\":219811.86,\"time_commit\":219813,\"timestamp\":\"2021-05-06T11:12:38.577Z\",\"time_switch\":219828.54}]",
    "metadata": "{\"slice\":0,\"id\":\"c5ff0f23-7f4e-4771-b749-659dfbc1d107\",\"payload\":\"full\"}",
    "url": "https://exp02.zih.tu-dresden.de/experiments/spot_a_word_task/"
}