{
    "data": "[{\"url\":{},\"meta\":{\"labjs_version\":\"20.1.1\",\"labjs_build\":{\"flavor\":\"production\",\"commit\":\"cd5695f774968f50499757c1423bd95d033ea08e\"},\"location\":\"https://exp02.zih.tu-dresden.de/experiments/raven_task/\",\"userAgent\":\"Mozilla/5.0 (Windows NT 6.1; Win64; x64; rv:88.0) Gecko/20100101 Firefox/88.0\",\"platform\":\"Win32\",\"language\":\"de\",\"locale\":\"de-DE\",\"timeZone\":\"Europe/Berlin\",\"timezoneOffset\":-120,\"screen_width\":1366,\"screen_height\":768,\"scroll_width\":1366,\"scroll_height\":578,\"window_innerWidth\":1366,\"window_innerHeight\":626,\"devicePixelRatio\":1},\"sender\":\"welcome\",\"sender_type\":\"canvas.Screen\",\"sender_id\":\"0\",\"ended_on\":\"timeout\",\"duration\":8021.5599999999995,\"time_run\":10654,\"time_render\":10740.68,\"time_show\":10755.42,\"time_end\":18735.26,\"time_commit\":18750,\"timestamp\":\"2021-04-27T07:04:53.478Z\",\"time_switch\":18776.98},{\"sender\":\"instructions\",\"sender_type\":\"html.Page\",\"sender_id\":\"1\",\"response\":\"Space\",\"response_action\":\"keypress(Space)\",\"ended_on\":\"response\",\"duration\":23061.02,\"time_run\":18753,\"time_render\":18735.26,\"time_show\":18776.98,\"time_end\":41838,\"time_commit\":41852,\"timestamp\":\"2021-04-27T07:05:16.581Z\",\"time_switch\":41894.7},{\"sender\":\"example1\",\"sender_type\":\"canvas.Screen\",\"sender_id\":\"2\",\"response\":\"8\",\"response_action\":\"click(0) @8\",\"correctResponse\":\"8\",\"correct\":true,\"ended_on\":\"response\",\"duration\":5887.300000000003,\"time_run\":41853,\"time_render\":41862.62,\"time_show\":41894.7,\"time_end\":47782,\"time_commit\":47795,\"timestamp\":\"2021-04-27T07:05:22.524Z\",\"time_switch\":47827.14},{\"sender\":\"example1_feedback\",\"sender_type\":\"canvas.Screen\",\"sender_id\":\"3\",\"response\":\"space\",\"response_action\":\"keypress(Space)\",\"ended_on\":\"response\",\"duration\":2061.8600000000006,\"time_run\":47811,\"time_render\":47814.7,\"time_show\":47827.14,\"time_end\":49889,\"time_commit\":49898,\"timestamp\":\"2021-04-27T07:05:24.627Z\",\"time_switch\":49916.42},{\"sender\":\"example2\",\"sender_type\":\"canvas.Screen\",\"sender_id\":\"4\",\"response\":\"1\",\"response_action\":\"click(0) @1\",\"correctResponse\":\"4\",\"correct\":false,\"ended_on\":\"response\",\"duration\":5353.580000000002,\"time_run\":49898,\"time_render\":49900.22,\"time_show\":49916.42,\"time_end\":55270,\"time_commit\":55289,\"timestamp\":\"2021-04-27T07:05:30.019Z\",\"time_switch\":55322.74},{\"sender\":\"example2_feedback\",\"sender_type\":\"canvas.Screen\",\"sender_id\":\"5\",\"response\":\"space\",\"response_action\":\"keypress(Space)\",\"ended_on\":\"response\",\"duration\":12739.260000000002,\"time_run\":55302,\"time_render\":55306.7,\"time_show\":55322.74,\"time_end\":68062,\"time_commit\":68082,\"timestamp\":\"2021-04-27T07:05:42.811Z\",\"time_switch\":68156.22},{\"sender\":\"get ready\",\"sender_type\":\"canvas.Screen\",\"sender_id\":\"6\",\"response\":\"Space\",\"response_action\":\"keypress(Space)\",\"ended_on\":\"response\",\"duration\":3744.779999999999,\"time_run\":68083,\"time_render\":68089.54,\"time_show\":68156.22,\"time_end\":71901,\"time_commit\":71925,\"timestamp\":\"2021-04-27T07:05:46.653Z\",\"time_switch\":71943},{\"sender\":\"test01\",\"sender_type\":\"canvas.Screen\",\"sender_id\":\"7_0\",\"response\":\"3\",\"response_action\":\"click(0) @3\",\"correctResponse\":\"7\",\"correct\":false,\"ended_on\":\"response\",\"duration\":6275,\"time_run\":71926,\"time_render\":71926.96,\"time_show\":71943,\"time_end\":78218,\"time_commit\":78235,\"timestamp\":\"2021-04-27T07:05:52.965Z\",\"time_switch\":78264.02},{\"sender\":\"test02\",\"sender_type\":\"canvas.Screen\",\"sender_id\":\"7_1\",\"response\":\"8\",\"response_action\":\"click(0) @8\",\"correctResponse\":\"4\",\"correct\":false,\"ended_on\":\"response\",\"duration\":12059.979999999996,\"time_run\":78236,\"time_render\":78231.96,\"time_show\":78264.02,\"time_end\":90324,\"time_commit\":90347,\"timestamp\":\"2021-04-27T07:06:05.076Z\",\"time_switch\":90360.36},{\"sender\":\"test03\",\"sender_type\":\"canvas.Screen\",\"sender_id\":\"7_2\",\"response\":\"7\",\"response_action\":\"click(0) @7\",\"correctResponse\":\"6\",\"correct\":false,\"ended_on\":\"response\",\"duration\":9978.64,\"time_run\":90347,\"time_render\":90344.2,\"time_show\":90360.36,\"time_end\":100339,\"time_commit\":100373,\"timestamp\":\"2021-04-27T07:06:15.101Z\",\"time_switch\":100401.36},{\"sender\":\"test04\",\"sender_type\":\"canvas.Screen\",\"sender_id\":\"7_3\",\"response\":\"7\",\"response_action\":\"click(0) @7\",\"correctResponse\":\"2\",\"correct\":false,\"ended_on\":\"response\",\"duration\":2792.6399999999994,\"time_run\":100374,\"time_render\":100368.02,\"time_show\":100401.36,\"time_end\":103194,\"time_commit\":103215,\"timestamp\":\"2021-04-27T07:06:17.944Z\",\"time_switch\":103242.8},{\"sender\":\"test05\",\"sender_type\":\"canvas.Screen\",\"sender_id\":\"7_4\",\"response\":\"4\",\"response_action\":\"click(0) @4\",\"correctResponse\":\"4\",\"correct\":true,\"ended_on\":\"response\",\"duration\":7298.199999999997,\"time_run\":103216,\"time_render\":103226.74,\"time_show\":103242.8,\"time_end\":110541,\"time_commit\":110554,\"timestamp\":\"2021-04-27T07:06:25.283Z\",\"time_switch\":110574.24},{\"sender\":\"test06\",\"sender_type\":\"canvas.Screen\",\"sender_id\":\"7_5\",\"response\":\"7\",\"response_action\":\"click(0) @7\",\"correctResponse\":\"7\",\"correct\":true,\"ended_on\":\"response\",\"duration\":5972.759999999995,\"time_run\":110554,\"time_render\":110558.2,\"time_show\":110574.24,\"time_end\":116547,\"time_commit\":116572,\"timestamp\":\"2021-04-27T07:06:31.301Z\",\"time_switch\":116589.88},{\"sender\":\"test07\",\"sender_type\":\"canvas.Screen\",\"sender_id\":\"7_6\",\"response\":\"7\",\"response_action\":\"click(0) @7\",\"correctResponse\":\"8\",\"correct\":false,\"ended_on\":\"response\",\"duration\":4668.119999999995,\"time_run\":116573,\"time_render\":116573.2,\"time_show\":116589.88,\"time_end\":121258,\"time_commit\":121289,\"timestamp\":\"2021-04-27T07:06:36.019Z\",\"time_switch\":121307.06},{\"sender\":\"test08\",\"sender_type\":\"canvas.Screen\",\"sender_id\":\"7_7\",\"response\":\"7\",\"response_action\":\"click(0) @7\",\"correctResponse\":\"7\",\"correct\":true,\"ended_on\":\"response\",\"duration\":2696.9400000000023,\"time_run\":121290,\"time_render\":121290.88,\"time_show\":121307.06,\"time_end\":124004,\"time_commit\":124022,\"timestamp\":\"2021-04-27T07:06:38.750Z\",\"time_switch\":124050.4},{\"sender\":\"test09\",\"sender_type\":\"canvas.Screen\",\"sender_id\":\"7_8\",\"response\":\"3\",\"response_action\":\"click(0) @3\",\"correctResponse\":\"5\",\"correct\":false,\"ended_on\":\"response\",\"duration\":3182.600000000006,\"time_run\":124022,\"time_render\":124034.46,\"time_show\":124050.4,\"time_end\":127233,\"time_commit\":127256,\"timestamp\":\"2021-04-27T07:06:41.985Z\",\"time_switch\":127274.96},{\"sender\":\"test10\",\"sender_type\":\"canvas.Screen\",\"sender_id\":\"7_9\",\"response\":\"3\",\"response_action\":\"click(0) @3\",\"correctResponse\":\"5\",\"correct\":false,\"ended_on\":\"response\",\"duration\":2189.0399999999936,\"time_run\":127257,\"time_render\":127258.82,\"time_show\":127274.96,\"time_end\":129464,\"time_commit\":129506,\"timestamp\":\"2021-04-27T07:06:44.235Z\",\"time_switch\":129522.7},{\"sender\":\"test11\",\"sender_type\":\"canvas.Screen\",\"sender_id\":\"7_10\",\"response\":\"8\",\"response_action\":\"click(0) @8\",\"correctResponse\":\"4\",\"correct\":false,\"ended_on\":\"response\",\"duration\":1361.300000000003,\"time_run\":129507,\"time_render\":129506.02,\"time_show\":129522.7,\"time_end\":130884,\"time_commit\":130910,\"timestamp\":\"2021-04-27T07:06:45.639Z\",\"time_switch\":130932.64},{\"sender\":\"test12\",\"sender_type\":\"canvas.Screen\",\"sender_id\":\"7_11\",\"response\":\"3\",\"response_action\":\"click(0) @3\",\"correctResponse\":\"1\",\"correct\":false,\"ended_on\":\"response\",\"duration\":2307.3600000000006,\"time_run\":130911,\"time_render\":130916.58,\"time_show\":130932.64,\"time_end\":133240,\"time_commit\":133254,\"timestamp\":\"2021-04-27T07:06:47.982Z\",\"time_switch\":133275.18},{\"sender\":\"tests (15min)\",\"sender_type\":\"flow.Sequence\",\"sender_id\":\"7\",\"ended_on\":\"completion\",\"duration\":61297,\"time_run\":71925,\"time_render\":71926.96,\"time_show\":71943,\"time_end\":133240,\"time_commit\":133255,\"timestamp\":\"2021-04-27T07:06:47.983Z\",\"time_switch\":133275.18},{\"sender\":\"good bye\",\"sender_type\":\"canvas.Screen\",\"sender_id\":\"8\",\"ended_on\":\"timeout\",\"duration\":3994.5599999999977,\"time_run\":133256,\"time_render\":133259,\"time_show\":133275.18,\"time_end\":137253.68,\"time_commit\":137259,\"timestamp\":\"2021-04-27T07:06:51.988Z\",\"time_switch\":137269.74},{\"sender\":\"root\",\"sender_type\":\"flow.Sequence\",\"sender_id\":null,\"ended_on\":\"completion\",\"duration\":126498.26,\"time_run\":10653,\"time_render\":10740.68,\"time_show\":10755.42,\"time_end\":137253.68,\"time_commit\":137259,\"timestamp\":\"2021-04-27T07:06:51.988Z\",\"time_switch\":137269.74}]",
    "metadata": "{\"slice\":0,\"id\":\"ce082121-f132-4cad-9893-1031974a3118\",\"payload\":\"full\"}",
    "url": "https://exp02.zih.tu-dresden.de/experiments/raven_task/"
}