{
    "data": "[{\"url\":{},\"meta\":{\"labjs_version\":\"20.1.1\",\"labjs_build\":{\"flavor\":\"production\",\"commit\":\"cd5695f774968f50499757c1423bd95d033ea08e\"},\"location\":\"https://exp01.zih.tu-dresden.de/experiments/spot_a_word_task/\",\"userAgent\":\"Mozilla/5.0 (Macintosh; Intel Mac OS X 10_15_7) AppleWebKit/605.1.15 (KHTML, like Gecko) Version/14.1 Safari/605.1.15\",\"platform\":\"MacIntel\",\"language\":\"de-de\",\"locale\":\"de-DE\",\"timeZone\":\"Europe/Berlin\",\"timezoneOffset\":-120,\"screen_width\":2048,\"screen_height\":1152,\"scroll_width\":2048,\"scroll_height\":1024,\"window_innerWidth\":2048,\"window_innerHeight\":1072,\"devicePixelRatio\":2},\"sender\":\"start_html\",\"sender_type\":\"html.Screen\",\"sender_id\":\"0\",\"ended_on\":\"timeout\",\"duration\":6001,\"time_run\":522,\"time_render\":527,\"time_show\":531,\"time_end\":6516,\"time_commit\":6516,\"timestamp\":\"2021-05-16T09:08:52.742Z\",\"time_switch\":6532},{\"sender\":\"manual_html\",\"sender_type\":\"html.Screen\",\"sender_id\":\"1\",\"response\":\"space\",\"response_action\":\"keypress(Space)\",\"ended_on\":\"response\",\"duration\":46563,\"time_run\":6517,\"time_render\":6516,\"time_show\":6532,\"time_end\":53079,\"time_commit\":53239.00000000001,\"timestamp\":\"2021-05-16T09:09:39.465Z\",\"time_switch\":53280},{\"sender\":\"example1_screen\",\"sender_type\":\"canvas.Screen\",\"sender_id\":\"2\",\"response\":\"4\",\"response_action\":\"keypress(4)\",\"correctResponse\":\"4\",\"correct\":true,\"ended_on\":\"response\",\"duration\":4654,\"time_run\":53244,\"time_render\":53263,\"time_show\":53280,\"time_end\":57917,\"time_commit\":57910.00000000001,\"timestamp\":\"2021-05-16T09:09:44.136Z\",\"time_switch\":57948},{\"sender\":\"example1_feedback\",\"sender_type\":\"canvas.Screen\",\"sender_id\":\"3\",\"response\":\"Space\",\"response_action\":\"keypress(Space)\",\"ended_on\":\"response\",\"duration\":1898,\"time_run\":57913.00000000001,\"time_render\":57931,\"time_show\":57948,\"time_end\":59829,\"time_commit\":59821,\"timestamp\":\"2021-05-16T09:09:46.047Z\",\"time_switch\":59849},{\"sender\":\"example2_screen\",\"sender_type\":\"canvas.Screen\",\"sender_id\":\"4\",\"response\":\"5\",\"response_action\":\"keypress(5)\",\"correctResponse\":\"5\",\"correct\":true,\"ended_on\":\"response\",\"duration\":3440,\"time_run\":59823,\"time_render\":59832,\"time_show\":59849,\"time_end\":63272,\"time_commit\":63263,\"timestamp\":\"2021-05-16T09:09:49.489Z\",\"time_switch\":63300},{\"sender\":\"example2_feedback\",\"sender_type\":\"canvas.Screen\",\"sender_id\":\"5\",\"response\":\"Space\",\"response_action\":\"keypress(Space)\",\"ended_on\":\"response\",\"duration\":2013,\"time_run\":63264,\"time_render\":63284,\"time_show\":63300,\"time_end\":65297,\"time_commit\":65289,\"timestamp\":\"2021-05-16T09:09:51.515Z\",\"time_switch\":65317},{\"sender\":\"example3_screen\",\"sender_type\":\"canvas.Screen\",\"sender_id\":\"6\",\"response\":\"1\",\"response_action\":\"keypress(1)\",\"correctResponse\":\"1\",\"correct\":true,\"ended_on\":\"response\",\"duration\":2426,\"time_run\":65291,\"time_render\":65301,\"time_show\":65317,\"time_end\":67727,\"time_commit\":67720,\"timestamp\":\"2021-05-16T09:09:53.946Z\",\"time_switch\":67751},{\"sender\":\"example3_feedback\",\"sender_type\":\"canvas.Screen\",\"sender_id\":\"7\",\"response\":\"Space\",\"response_action\":\"keypress(Space)\",\"ended_on\":\"response\",\"duration\":1118,\"time_run\":67722.00000000001,\"time_render\":67734,\"time_show\":67751,\"time_end\":68852,\"time_commit\":68843,\"timestamp\":\"2021-05-16T09:09:55.069Z\",\"time_switch\":68886},{\"sender\":\"get_ready_html\",\"sender_type\":\"html.Screen\",\"sender_id\":\"8\",\"response\":\"space\",\"response_action\":\"keypress(Space)\",\"ended_on\":\"response\",\"duration\":6171,\"time_run\":68843,\"time_render\":68869,\"time_show\":68886,\"time_end\":75040,\"time_commit\":75034,\"timestamp\":\"2021-05-16T09:10:01.260Z\",\"time_switch\":75103},{\"sender\":\"trial_screen\",\"sender_type\":\"canvas.Screen\",\"sender_id\":\"9_0\",\"correct\":true,\"trial_ID\":1,\"word1\":\"siziol\",\"word2\":\"salzahl\",\"word3\":\"sozihl\",\"word4\":\"sziam\",\"word5\":\"sozial\",\"response\":\"5\",\"response_action\":\"keypress(5)\",\"correctResponse\":\"5\",\"ended_on\":\"response\",\"duration\":2585,\"time_run\":75063,\"time_render\":75087,\"time_show\":75103,\"time_end\":77672,\"time_commit\":77665,\"timestamp\":\"2021-05-16T09:10:03.891Z\",\"time_switch\":77704},{\"sender\":\"trial_screen\",\"sender_type\":\"canvas.Screen\",\"sender_id\":\"9_1\",\"correct\":true,\"trial_ID\":2,\"word1\":\"Lamone\",\"word2\":\"Talane\",\"word3\":\"Matrone\",\"word4\":\"Tarone\",\"word5\":\"Malonte\",\"response\":\"3\",\"response_action\":\"keypress(3)\",\"correctResponse\":\"3\",\"ended_on\":\"response\",\"duration\":2550,\"time_run\":77667,\"time_render\":77687,\"time_show\":77704,\"time_end\":80237,\"time_commit\":80229,\"timestamp\":\"2021-05-16T09:10:06.455Z\",\"time_switch\":80272},{\"sender\":\"trial_screen\",\"sender_type\":\"canvas.Screen\",\"sender_id\":\"9_2\",\"correct\":true,\"trial_ID\":3,\"word1\":\"kurinesisch\",\"word2\":\"kulinarisch\",\"word3\":\"kumenisch\",\"word4\":\"kulissarisch\",\"word5\":\"kannastrisch\",\"response\":\"2\",\"response_action\":\"keypress(2)\",\"correctResponse\":\"2\",\"ended_on\":\"response\",\"duration\":2930,\"time_run\":80230,\"time_render\":80255,\"time_show\":80272,\"time_end\":83185,\"time_commit\":83176,\"timestamp\":\"2021-05-16T09:10:09.401Z\",\"time_switch\":83206},{\"sender\":\"trial_screen\",\"sender_type\":\"canvas.Screen\",\"sender_id\":\"9_3\",\"correct\":true,\"trial_ID\":4,\"word1\":\"Tinxur\",\"word2\":\"Kukutur\",\"word3\":\"Fraktan\",\"word4\":\"Tinktur\",\"word5\":\"Rimsuhr\",\"response\":\"4\",\"response_action\":\"keypress(4)\",\"correctResponse\":\"4\",\"ended_on\":\"response\",\"duration\":3900,\"time_run\":83177,\"time_render\":83189,\"time_show\":83206,\"time_end\":87089,\"time_commit\":87083,\"timestamp\":\"2021-05-16T09:10:13.308Z\",\"time_switch\":87123},{\"sender\":\"trial_screen\",\"sender_type\":\"canvas.Screen\",\"sender_id\":\"9_4\",\"correct\":true,\"trial_ID\":5,\"word1\":\"beralen\",\"word2\":\"ger\u00e4ltet\",\"word3\":\"an\u00e4lteren\",\"word4\":\"unt\u00e4ren\",\"word5\":\"verbr\u00e4men\",\"response\":\"5\",\"response_action\":\"keypress(5)\",\"correctResponse\":\"5\",\"ended_on\":\"response\",\"duration\":4797,\"time_run\":87084,\"time_render\":87107,\"time_show\":87123,\"time_end\":91904,\"time_commit\":91895,\"timestamp\":\"2021-05-16T09:10:18.121Z\",\"time_switch\":91926},{\"sender\":\"trial_screen\",\"sender_type\":\"canvas.Screen\",\"sender_id\":\"9_5\",\"correct\":true,\"trial_ID\":6,\"word1\":\"Rosto\",\"word2\":\"Torso\",\"word3\":\"Soro\",\"word4\":\"Torgos\",\"word5\":\"Tosor\",\"response\":\"2\",\"response_action\":\"keypress(2)\",\"correctResponse\":\"2\",\"ended_on\":\"response\",\"duration\":3135,\"time_run\":91896,\"time_render\":91908,\"time_show\":91926,\"time_end\":95043,\"time_commit\":95034,\"timestamp\":\"2021-05-16T09:10:21.260Z\",\"time_switch\":95076},{\"sender\":\"trial_screen\",\"sender_type\":\"canvas.Screen\",\"sender_id\":\"9_6\",\"correct\":true,\"trial_ID\":7,\"word1\":\"Redor\",\"word2\":\"Radium\",\"word3\":\"Terion\",\"word4\":\"Dramin\",\"word5\":\"Orakium\",\"response\":\"2\",\"response_action\":\"keypress(2)\",\"correctResponse\":\"2\",\"ended_on\":\"response\",\"duration\":2615,\"time_run\":95036,\"time_render\":95060,\"time_show\":95076,\"time_end\":97675,\"time_commit\":97667,\"timestamp\":\"2021-05-16T09:10:23.893Z\",\"time_switch\":97711},{\"sender\":\"trial_screen\",\"sender_type\":\"canvas.Screen\",\"sender_id\":\"9_7\",\"correct\":true,\"trial_ID\":8,\"word1\":\"Nale\",\"word2\":\"Sahe\",\"word3\":\"Nase\",\"word4\":\"Nesa\",\"word5\":\"Sehna\",\"response\":\"3\",\"response_action\":\"keypress(3)\",\"correctResponse\":\"3\",\"ended_on\":\"response\",\"duration\":2637,\"time_run\":97670,\"time_render\":97693,\"time_show\":97711,\"time_end\":100330,\"time_commit\":100322,\"timestamp\":\"2021-05-16T09:10:26.548Z\",\"time_switch\":100361},{\"sender\":\"trial_screen\",\"sender_type\":\"canvas.Screen\",\"sender_id\":\"9_8\",\"correct\":true,\"trial_ID\":9,\"word1\":\"Rilkiase\",\"word2\":\"Kilister\",\"word3\":\"Riliker\",\"word4\":\"Klistier\",\"word5\":\"Linkure\",\"response\":\"4\",\"response_action\":\"keypress(4)\",\"correctResponse\":\"4\",\"ended_on\":\"response\",\"duration\":6105,\"time_run\":100324,\"time_render\":100345,\"time_show\":100361,\"time_end\":106450,\"time_commit\":106442,\"timestamp\":\"2021-05-16T09:10:32.667Z\",\"time_switch\":106480},{\"sender\":\"trial_screen\",\"sender_type\":\"canvas.Screen\",\"sender_id\":\"9_9\",\"correct\":true,\"trial_ID\":10,\"word1\":\"kentern\",\"word2\":\"knerte\",\"word3\":\"kanzen\",\"word4\":\"kretern\",\"word5\":\"trekern\",\"response\":\"1\",\"response_action\":\"keypress(1)\",\"correctResponse\":\"1\",\"ended_on\":\"response\",\"duration\":2687,\"time_run\":106444,\"time_render\":106463,\"time_show\":106480,\"time_end\":109150,\"time_commit\":109141,\"timestamp\":\"2021-05-16T09:10:35.367Z\",\"time_switch\":109181},{\"sender\":\"trial_screen\",\"sender_type\":\"canvas.Screen\",\"sender_id\":\"9_10\",\"correct\":true,\"trial_ID\":11,\"word1\":\"Sorekin\",\"word2\":\"Sarowin\",\"word3\":\"Rosakin\",\"word4\":\"Narosin\",\"word5\":\"Kerosin\",\"response\":\"5\",\"response_action\":\"keypress(5)\",\"correctResponse\":\"5\",\"ended_on\":\"response\",\"duration\":3879,\"time_run\":109144,\"time_render\":109164,\"time_show\":109181,\"time_end\":113043,\"time_commit\":113034,\"timestamp\":\"2021-05-16T09:10:39.260Z\",\"time_switch\":113066},{\"sender\":\"trial_screen\",\"sender_type\":\"canvas.Screen\",\"sender_id\":\"9_11\",\"correct\":false,\"trial_ID\":12,\"word1\":\"Ralke\",\"word2\":\"Korre\",\"word3\":\"Ruckse\",\"word4\":\"Recke\",\"word5\":\"Ulte\",\"response\":\"5\",\"response_action\":\"keypress(5)\",\"correctResponse\":\"4\",\"ended_on\":\"response\",\"duration\":6046,\"time_run\":113036,\"time_render\":113049,\"time_show\":113066,\"time_end\":119095,\"time_commit\":119087,\"timestamp\":\"2021-05-16T09:10:45.313Z\",\"time_switch\":119117},{\"sender\":\"trial_screen\",\"sender_type\":\"canvas.Screen\",\"sender_id\":\"9_12\",\"correct\":true,\"trial_ID\":13,\"word1\":\"Kapaun\",\"word2\":\"Paukan\",\"word3\":\"Naupack\",\"word4\":\"Aupeck\",\"word5\":\"Ankepran\",\"response\":\"1\",\"response_action\":\"keypress(1)\",\"correctResponse\":\"1\",\"ended_on\":\"response\",\"duration\":4810,\"time_run\":119091.00000000001,\"time_render\":119101,\"time_show\":119117,\"time_end\":123911,\"time_commit\":123903,\"timestamp\":\"2021-05-16T09:10:50.129Z\",\"time_switch\":123936},{\"sender\":\"trial_screen\",\"sender_type\":\"canvas.Screen\",\"sender_id\":\"9_13\",\"correct\":true,\"trial_ID\":14,\"word1\":\"Dissonanz\",\"word2\":\"Diskrisanz\",\"word3\":\"Distranz\",\"word4\":\"Dinotanz\",\"word5\":\"Sidonenz\",\"response\":\"1\",\"response_action\":\"keypress(1)\",\"correctResponse\":\"1\",\"ended_on\":\"response\",\"duration\":2781.0000000000146,\"time_run\":123905,\"time_render\":123920,\"time_show\":123936,\"time_end\":126701.00000000001,\"time_commit\":126692,\"timestamp\":\"2021-05-16T09:10:52.918Z\",\"time_switch\":126737},{\"sender\":\"trial_screen\",\"sender_type\":\"canvas.Screen\",\"sender_id\":\"9_14\",\"correct\":true,\"trial_ID\":15,\"word1\":\"Kirse\",\"word2\":\"Sirke\",\"word3\":\"Krise\",\"word4\":\"Krospe\",\"word5\":\"Seris\",\"response\":\"3\",\"response_action\":\"keypress(3)\",\"correctResponse\":\"3\",\"ended_on\":\"response\",\"duration\":3209,\"time_run\":126694,\"time_render\":126720,\"time_show\":126737,\"time_end\":129929,\"time_commit\":129920.99999999999,\"timestamp\":\"2021-05-16T09:10:56.146Z\",\"time_switch\":129954},{\"sender\":\"trial_screen\",\"sender_type\":\"canvas.Screen\",\"sender_id\":\"9_15\",\"correct\":true,\"trial_ID\":16,\"word1\":\"Tume\",\"word2\":\"Umat\",\"word3\":\"Maut\",\"word4\":\"Taum\",\"word5\":\"Muta\",\"response\":\"3\",\"response_action\":\"keypress(3)\",\"correctResponse\":\"3\",\"ended_on\":\"response\",\"duration\":1949,\"time_run\":129922,\"time_render\":129938,\"time_show\":129954,\"time_end\":131887,\"time_commit\":131880,\"timestamp\":\"2021-05-16T09:10:58.106Z\",\"time_switch\":131921},{\"sender\":\"trial_screen\",\"sender_type\":\"canvas.Screen\",\"sender_id\":\"9_16\",\"correct\":false,\"trial_ID\":17,\"word1\":\"Tuhl\",\"word2\":\"Lar\",\"word3\":\"Lest\",\"word4\":\"Dall\",\"word5\":\"Lid\",\"response\":\"3\",\"response_action\":\"keypress(3)\",\"correctResponse\":\"5\",\"ended_on\":\"response\",\"duration\":6036,\"time_run\":131882,\"time_render\":131904,\"time_show\":131921,\"time_end\":137940,\"time_commit\":137932.00000000003,\"timestamp\":\"2021-05-16T09:11:04.157Z\",\"time_switch\":137972},{\"sender\":\"trial_screen\",\"sender_type\":\"canvas.Screen\",\"sender_id\":\"9_17\",\"correct\":false,\"trial_ID\":18,\"word1\":\"Adept\",\"word2\":\"Padet\",\"word3\":\"Edapt\",\"word4\":\"Epatt\",\"word5\":\"Taped\",\"response\":\"2\",\"response_action\":\"keypress(2)\",\"correctResponse\":\"1\",\"ended_on\":\"response\",\"duration\":5384,\"time_run\":137934,\"time_render\":137956,\"time_show\":137972,\"time_end\":143340,\"time_commit\":143331,\"timestamp\":\"2021-05-16T09:11:09.557Z\",\"time_switch\":143375},{\"sender\":\"trial_screen\",\"sender_type\":\"canvas.Screen\",\"sender_id\":\"9_18\",\"correct\":false,\"trial_ID\":19,\"word1\":\"Spirine\",\"word2\":\"Saprin\",\"word3\":\"Parsin\",\"word4\":\"Purin\",\"word5\":\"Asprint\",\"response\":\"5\",\"response_action\":\"keypress(5)\",\"correctResponse\":\"4\",\"ended_on\":\"response\",\"duration\":5449.000000000029,\"time_run\":143333,\"time_render\":143358,\"time_show\":143375,\"time_end\":148807.00000000003,\"time_commit\":148799,\"timestamp\":\"2021-05-16T09:11:15.025Z\",\"time_switch\":148826},{\"sender\":\"trial_screen\",\"sender_type\":\"canvas.Screen\",\"sender_id\":\"9_19\",\"correct\":false,\"trial_ID\":20,\"word1\":\"Kulon\",\"word2\":\"Solgun\",\"word3\":\"Koskan\",\"word4\":\"Soran\",\"word5\":\"Klonus\",\"response\":\"3\",\"response_action\":\"keypress(3)\",\"correctResponse\":\"5\",\"ended_on\":\"response\",\"duration\":6365,\"time_run\":148801.00000000003,\"time_render\":148810,\"time_show\":148826,\"time_end\":155175,\"time_commit\":155167,\"timestamp\":\"2021-05-16T09:11:21.393Z\",\"time_switch\":155195},{\"sender\":\"trial_screen\",\"sender_type\":\"canvas.Screen\",\"sender_id\":\"9_20\",\"correct\":false,\"trial_ID\":21,\"word1\":\"Tronke\",\"word2\":\"Nocktherm\",\"word3\":\"Teronk\",\"word4\":\"Komtur\",\"word5\":\"Rocktur\",\"response\":\"2\",\"response_action\":\"keypress(2)\",\"correctResponse\":\"4\",\"ended_on\":\"response\",\"duration\":5576,\"time_run\":155169,\"time_render\":155179,\"time_show\":155195,\"time_end\":160755,\"time_commit\":160747,\"timestamp\":\"2021-05-16T09:11:26.973Z\",\"time_switch\":160780},{\"sender\":\"trial_screen\",\"sender_type\":\"canvas.Screen\",\"sender_id\":\"9_21\",\"correct\":true,\"trial_ID\":22,\"word1\":\"Ripat\",\"word2\":\"Patinatte\",\"word3\":\"Tapir\",\"word4\":\"Apitt\",\"word5\":\"Padir\",\"response\":\"3\",\"response_action\":\"keypress(3)\",\"correctResponse\":\"3\",\"ended_on\":\"response\",\"duration\":2714,\"time_run\":160749,\"time_render\":160763,\"time_show\":160780,\"time_end\":163477,\"time_commit\":163469,\"timestamp\":\"2021-05-16T09:11:29.695Z\",\"time_switch\":163498},{\"sender\":\"trial_screen\",\"sender_type\":\"canvas.Screen\",\"sender_id\":\"9_22\",\"correct\":true,\"trial_ID\":23,\"word1\":\"Akifer\",\"word2\":\"Fiaker\",\"word3\":\"Kiaffa\",\"word4\":\"Sariffer\",\"word5\":\"Refisker\",\"response\":\"2\",\"response_action\":\"keypress(2)\",\"correctResponse\":\"2\",\"ended_on\":\"response\",\"duration\":2786,\"time_run\":163471,\"time_render\":163481,\"time_show\":163498,\"time_end\":166267,\"time_commit\":166258,\"timestamp\":\"2021-05-16T09:11:32.484Z\",\"time_switch\":166298},{\"sender\":\"trial_screen\",\"sender_type\":\"canvas.Screen\",\"sender_id\":\"9_23\",\"correct\":true,\"trial_ID\":24,\"word1\":\"Kleiber\",\"word2\":\"Beikel\",\"word3\":\"Keibel\",\"word4\":\"Reikler\",\"word5\":\"Biekerl\",\"response\":\"1\",\"response_action\":\"keypress(1)\",\"correctResponse\":\"1\",\"ended_on\":\"response\",\"duration\":6994,\"time_run\":166259,\"time_render\":166282,\"time_show\":166298,\"time_end\":173276,\"time_commit\":173271.00000000003,\"timestamp\":\"2021-05-16T09:11:39.497Z\",\"time_switch\":173301},{\"sender\":\"trial_screen\",\"sender_type\":\"canvas.Screen\",\"sender_id\":\"9_24\",\"correct\":true,\"trial_ID\":25,\"word1\":\"Ig\u00e4de\",\"word2\":\"D\u00e4gie\",\"word3\":\"\u00c4gide\",\"word4\":\"Dig\u00e4de\",\"word5\":\"Giad\",\"response\":\"3\",\"response_action\":\"keypress(3)\",\"correctResponse\":\"3\",\"ended_on\":\"response\",\"duration\":4470,\"time_run\":173273,\"time_render\":173284,\"time_show\":173301,\"time_end\":177754,\"time_commit\":177745,\"timestamp\":\"2021-05-16T09:11:43.971Z\",\"time_switch\":177785},{\"sender\":\"trial_screen\",\"sender_type\":\"canvas.Screen\",\"sender_id\":\"9_25\",\"correct\":true,\"trial_ID\":26,\"word1\":\"Rixal\",\"word2\":\"Irtax\",\"word3\":\"Rackizie\",\"word4\":\"Matrix\",\"word5\":\"Atrige\",\"response\":\"4\",\"response_action\":\"keypress(4)\",\"correctResponse\":\"4\",\"ended_on\":\"response\",\"duration\":3316,\"time_run\":177747,\"time_render\":177768,\"time_show\":177785,\"time_end\":181084,\"time_commit\":181075.00000000003,\"timestamp\":\"2021-05-16T09:11:47.301Z\",\"time_switch\":181103},{\"sender\":\"trial_screen\",\"sender_type\":\"canvas.Screen\",\"sender_id\":\"9_26\",\"correct\":false,\"trial_ID\":27,\"word1\":\"Haskisch\",\"word2\":\"Asmisch\",\"word3\":\"Schisma\",\"word4\":\"Rasthmie\",\"word5\":\"Ilschah\",\"response\":\"5\",\"response_action\":\"keypress(5)\",\"correctResponse\":\"3\",\"ended_on\":\"response\",\"duration\":8232.00000000003,\"time_run\":181077,\"time_render\":181087,\"time_show\":181103,\"time_end\":189319.00000000003,\"time_commit\":189313.00000000003,\"timestamp\":\"2021-05-16T09:11:55.539Z\",\"time_switch\":189356},{\"sender\":\"trial_screen\",\"sender_type\":\"canvas.Screen\",\"sender_id\":\"9_27\",\"correct\":true,\"trial_ID\":28,\"word1\":\"Sallose\",\"word2\":\"Lordose\",\"word3\":\"Dormase\",\"word4\":\"Rollase\",\"word5\":\"Ardierole\",\"response\":\"2\",\"response_action\":\"keypress(2)\",\"correctResponse\":\"2\",\"ended_on\":\"response\",\"duration\":4818,\"time_run\":189316,\"time_render\":189339,\"time_show\":189356,\"time_end\":194157,\"time_commit\":194149,\"timestamp\":\"2021-05-16T09:12:00.375Z\",\"time_switch\":194191},{\"sender\":\"trial_screen\",\"sender_type\":\"canvas.Screen\",\"sender_id\":\"9_28\",\"correct\":false,\"trial_ID\":29,\"word1\":\"Intranotion\",\"word2\":\"Infranatura\",\"word3\":\"Internodium\",\"word4\":\"Indotalie\",\"word5\":\"Indosta\",\"response\":\"1\",\"response_action\":\"keypress(1)\",\"correctResponse\":\"3\",\"ended_on\":\"response\",\"duration\":6057,\"time_run\":194152.00000000003,\"time_render\":194175,\"time_show\":194191,\"time_end\":200232,\"time_commit\":200223,\"timestamp\":\"2021-05-16T09:12:06.449Z\",\"time_switch\":200259},{\"sender\":\"trial_screen\",\"sender_type\":\"canvas.Screen\",\"sender_id\":\"9_29\",\"correct\":false,\"trial_ID\":30,\"word1\":\"Idaste\",\"word2\":\"Dastrix\",\"word3\":\"Astike\",\"word4\":\"Sadile\",\"word5\":\"Kasside\",\"response\":\"4\",\"response_action\":\"keypress(4)\",\"correctResponse\":\"5\",\"ended_on\":\"response\",\"duration\":6716,\"time_run\":200225,\"time_render\":200243,\"time_show\":200259,\"time_end\":206959,\"time_commit\":206951,\"timestamp\":\"2021-05-16T09:12:13.177Z\",\"time_switch\":206994},{\"sender\":\"trial_screen\",\"sender_type\":\"canvas.Screen\",\"sender_id\":\"9_30\",\"correct\":true,\"trial_ID\":31,\"word1\":\"Libration\",\"word2\":\"Bilation\",\"word3\":\"Arlation\",\"word4\":\"Iberation\",\"word5\":\"Tiradon\",\"response\":\"1\",\"response_action\":\"keypress(1)\",\"correctResponse\":\"1\",\"ended_on\":\"response\",\"duration\":3132,\"time_run\":206953,\"time_render\":206977,\"time_show\":206994,\"time_end\":210109,\"time_commit\":210100,\"timestamp\":\"2021-05-16T09:12:16.326Z\",\"time_switch\":210129},{\"sender\":\"trial_screen\",\"sender_type\":\"canvas.Screen\",\"sender_id\":\"9_31\",\"correct\":true,\"trial_ID\":32,\"word1\":\"Pucker\",\"word2\":\"Keuper\",\"word3\":\"Eucker\",\"word4\":\"Reuspeck\",\"word5\":\"Urkane\",\"response\":\"2\",\"response_action\":\"keypress(2)\",\"correctResponse\":\"2\",\"ended_on\":\"response\",\"duration\":6972,\"time_run\":210102,\"time_render\":210113,\"time_show\":210129,\"time_end\":217085,\"time_commit\":217076,\"timestamp\":\"2021-05-16T09:12:23.302Z\",\"time_switch\":217114},{\"sender\":\"trial_screen\",\"sender_type\":\"canvas.Screen\",\"sender_id\":\"9_32\",\"correct\":true,\"trial_ID\":33,\"word1\":\"Sickaber\",\"word2\":\"Bassiker\",\"word3\":\"Kassiber\",\"word4\":\"Sassiker\",\"word5\":\"Askiber\",\"response\":\"3\",\"response_action\":\"keypress(3)\",\"correctResponse\":\"3\",\"ended_on\":\"response\",\"duration\":3565,\"time_run\":217077,\"time_render\":217097,\"time_show\":217114,\"time_end\":220662,\"time_commit\":220654,\"timestamp\":\"2021-05-16T09:12:26.880Z\",\"time_switch\":220699},{\"sender\":\"trial_screen\",\"sender_type\":\"canvas.Screen\",\"sender_id\":\"9_33\",\"correct\":false,\"trial_ID\":34,\"word1\":\"Alquallon\",\"word2\":\"Lisqualien\",\"word3\":\"Talquallen\",\"word4\":\"Quisquilien\",\"word5\":\"Rielquellen\",\"response\":\"5\",\"response_action\":\"keypress(5)\",\"correctResponse\":\"4\",\"ended_on\":\"response\",\"duration\":5054.000000000029,\"time_run\":220658.00000000003,\"time_render\":220682,\"time_show\":220699,\"time_end\":225736.00000000003,\"time_commit\":225727,\"timestamp\":\"2021-05-16T09:12:31.953Z\",\"time_switch\":225768},{\"sender\":\"trial_screen\",\"sender_type\":\"canvas.Screen\",\"sender_id\":\"9_34\",\"correct\":false,\"trial_ID\":35,\"word1\":\"Berkiza\",\"word2\":\"Brekzie\",\"word3\":\"Birakzie\",\"word4\":\"Brikazie\",\"word5\":\"Bakiria\",\"response\":\"5\",\"response_action\":\"keypress(5)\",\"correctResponse\":\"2\",\"ended_on\":\"response\",\"duration\":5115,\"time_run\":225730.00000000003,\"time_render\":225751,\"time_show\":225768,\"time_end\":230866,\"time_commit\":230858,\"timestamp\":\"2021-05-16T09:12:37.084Z\",\"time_switch\":230886},{\"sender\":\"loop_trial\",\"sender_type\":\"flow.Loop\",\"sender_id\":\"9\",\"ended_on\":\"completion\",\"duration\":155763,\"time_run\":75060,\"time_render\":75087,\"time_show\":75103,\"time_end\":230866,\"time_commit\":230858,\"timestamp\":\"2021-05-16T09:12:37.084Z\",\"time_switch\":230886},{\"sender\":\"end_html\",\"sender_type\":\"html.Screen\",\"sender_id\":\"10\",\"ended_on\":\"timeout\",\"duration\":6002,\"time_run\":230858,\"time_render\":230868,\"time_show\":230886,\"time_end\":236871,\"time_commit\":236871,\"timestamp\":\"2021-05-16T09:12:43.097Z\",\"time_switch\":236888},{\"sender\":\"root\",\"sender_type\":\"flow.Sequence\",\"sender_id\":null,\"ended_on\":\"completion\",\"duration\":236340,\"time_run\":522,\"time_render\":527,\"time_show\":531,\"time_end\":236871,\"time_commit\":236872,\"timestamp\":\"2021-05-16T09:12:43.098Z\",\"time_switch\":236888}]",
    "metadata": "{\"slice\":0,\"id\":\"36fbe816-95dc-4ab9-8e15-4d9230c6c8c4\",\"payload\":\"full\"}",
    "url": "https://exp01.zih.tu-dresden.de/experiments/spot_a_word_task/"
}