{
    "data": "[{\"url\":{},\"meta\":{\"labjs_version\":\"20.1.1\",\"labjs_build\":{\"flavor\":\"production\",\"commit\":\"cd5695f774968f50499757c1423bd95d033ea08e\"},\"location\":\"https://exp02.zih.tu-dresden.de/experiments/raven_task/\",\"userAgent\":\"Mozilla/5.0 (Macintosh; Intel Mac OS X 10_15_7) AppleWebKit/537.36 (KHTML, like Gecko) Chrome/92.0.4515.131 Safari/537.36\",\"platform\":\"MacIntel\",\"language\":\"de-DE\",\"locale\":\"de\",\"timeZone\":\"Europe/Berlin\",\"timezoneOffset\":-120,\"screen_width\":1440,\"screen_height\":900,\"scroll_width\":1440,\"scroll_height\":716,\"window_innerWidth\":1440,\"window_innerHeight\":764,\"devicePixelRatio\":1},\"sender\":\"welcome\",\"sender_type\":\"canvas.Screen\",\"sender_id\":\"0\",\"response\":\"any\",\"response_action\":\"keypress\",\"ended_on\":\"response\",\"duration\":7044.233999999255,\"time_run\":1753.5,\"time_render\":1673.122,\"time_show\":1739.966,\"time_end\":8784.199999999255,\"time_commit\":8794.400000000373,\"timestamp\":\"2021-08-09T17:53:09.093Z\",\"time_switch\":8792.008},{\"sender\":\"instructions\",\"sender_type\":\"html.Page\",\"sender_id\":\"1\",\"response\":\"Space\",\"response_action\":\"keypress(Space)\",\"ended_on\":\"response\",\"duration\":21766.091999999626,\"time_run\":8794.900000000373,\"time_render\":8775.297,\"time_show\":8792.008,\"time_end\":30558.099999999627,\"time_commit\":30567.400000000373,\"timestamp\":\"2021-08-09T17:53:30.867Z\",\"time_switch\":30616.963},{\"sender\":\"example1\",\"sender_type\":\"canvas.Screen\",\"sender_id\":\"2\",\"response\":\"8\",\"response_action\":\"click(0) @8\",\"correctResponse\":\"8\",\"correct\":true,\"ended_on\":\"response\",\"duration\":6307.836999998883,\"time_run\":30567.799999998882,\"time_render\":30566.83,\"time_show\":30616.963,\"time_end\":36924.79999999888,\"time_commit\":36930.5,\"timestamp\":\"2021-08-09T17:53:37.230Z\",\"time_switch\":37000.565},{\"sender\":\"example1_feedback\",\"sender_type\":\"canvas.Screen\",\"sender_id\":\"3\",\"response\":\"space\",\"response_action\":\"keypress(Space)\",\"ended_on\":\"response\",\"duration\":987.4349999999977,\"time_run\":36983.09999999963,\"time_render\":36967.143,\"time_show\":37000.565,\"time_end\":37988,\"time_commit\":37993.79999999888,\"timestamp\":\"2021-08-09T17:53:38.294Z\",\"time_switch\":38003.504},{\"sender\":\"example2\",\"sender_type\":\"canvas.Screen\",\"sender_id\":\"4\",\"response\":\"4\",\"response_action\":\"click(0) @4\",\"correctResponse\":\"4\",\"correct\":true,\"ended_on\":\"response\",\"duration\":3313.2959999988816,\"time_run\":37993.90000000037,\"time_render\":37986.793,\"time_show\":38003.504,\"time_end\":41316.79999999888,\"time_commit\":41320,\"timestamp\":\"2021-08-09T17:53:41.620Z\",\"time_switch\":41379.126},{\"sender\":\"example2_feedback\",\"sender_type\":\"canvas.Screen\",\"sender_id\":\"5\",\"response\":\"space\",\"response_action\":\"keypress(Space)\",\"ended_on\":\"response\",\"duration\":716.774000000376,\"time_run\":41361.5,\"time_render\":41345.704,\"time_show\":41379.126,\"time_end\":42095.90000000037,\"time_commit\":42110,\"timestamp\":\"2021-08-09T17:53:42.410Z\",\"time_switch\":42114.41},{\"sender\":\"get ready\",\"sender_type\":\"canvas.Screen\",\"sender_id\":\"6\",\"response\":\"Space\",\"response_action\":\"keypress(Space)\",\"ended_on\":\"response\",\"duration\":1697.389999998879,\"time_run\":42110.199999999255,\"time_render\":42097.699,\"time_show\":42114.41,\"time_end\":43811.79999999888,\"time_commit\":43817.40000000037,\"timestamp\":\"2021-08-09T17:53:44.118Z\",\"time_switch\":43835.852},{\"sender\":\"test01\",\"sender_type\":\"canvas.Screen\",\"sender_id\":\"7_0\",\"response\":\"7\",\"response_action\":\"click(0) @7\",\"correctResponse\":\"7\",\"correct\":true,\"ended_on\":\"response\",\"duration\":7853.2479999996285,\"time_run\":43817.79999999888,\"time_render\":43802.43,\"time_show\":43835.852,\"time_end\":51689.09999999963,\"time_commit\":51692.29999999888,\"timestamp\":\"2021-08-09T17:53:51.993Z\",\"time_switch\":51706.733},{\"sender\":\"test02\",\"sender_type\":\"canvas.Screen\",\"sender_id\":\"7_1\",\"response\":\"5\",\"response_action\":\"click(0) @5\",\"correctResponse\":\"4\",\"correct\":false,\"ended_on\":\"response\",\"duration\":34136.66700000037,\"time_run\":51692.5,\"time_render\":51690.022,\"time_show\":51706.733,\"time_end\":85843.40000000037,\"time_commit\":85846.59999999963,\"timestamp\":\"2021-08-09T17:54:26.148Z\",\"time_switch\":85864.017},{\"sender\":\"test03\",\"sender_type\":\"canvas.Screen\",\"sender_id\":\"7_2\",\"response\":\"6\",\"response_action\":\"click(0) @6\",\"correctResponse\":\"6\",\"correct\":true,\"ended_on\":\"response\",\"duration\":44192.883000000365,\"time_run\":85846.90000000037,\"time_render\":85847.306,\"time_show\":85864.017,\"time_end\":130056.90000000037,\"time_commit\":130060,\"timestamp\":\"2021-08-09T17:55:10.363Z\",\"time_switch\":130081.495},{\"sender\":\"test04\",\"sender_type\":\"canvas.Screen\",\"sender_id\":\"7_3\",\"response\":\"8\",\"response_action\":\"click(0) @8\",\"correctResponse\":\"2\",\"correct\":false,\"ended_on\":\"response\",\"duration\":20206.304999998887,\"time_run\":130060.5,\"time_render\":130048.073,\"time_show\":130081.495,\"time_end\":150287.79999999888,\"time_commit\":150290.90000000037,\"timestamp\":\"2021-08-09T17:55:30.594Z\",\"time_switch\":150302.311},{\"sender\":\"test05\",\"sender_type\":\"canvas.Screen\",\"sender_id\":\"7_4\",\"response\":\"4\",\"response_action\":\"click(0) @4\",\"correctResponse\":\"4\",\"correct\":true,\"ended_on\":\"response\",\"duration\":21200.388999999268,\"time_run\":150291.29999999888,\"time_render\":150285.6,\"time_show\":150302.311,\"time_end\":171502.69999999925,\"time_commit\":171505.79999999888,\"timestamp\":\"2021-08-09T17:55:51.810Z\",\"time_switch\":171509.488},{\"sender\":\"test06\",\"sender_type\":\"canvas.Screen\",\"sender_id\":\"7_5\",\"response\":\"7\",\"response_action\":\"click(0) @7\",\"correctResponse\":\"7\",\"correct\":true,\"ended_on\":\"response\",\"duration\":39375.21199999924,\"time_run\":171506.09999999963,\"time_render\":171492.777,\"time_show\":171509.488,\"time_end\":210884.69999999925,\"time_commit\":210890.69999999925,\"timestamp\":\"2021-08-09T17:56:31.195Z\",\"time_switch\":210897.663},{\"sender\":\"test07\",\"sender_type\":\"canvas.Screen\",\"sender_id\":\"7_6\",\"response\":\"4\",\"response_action\":\"click(0) @4\",\"correctResponse\":\"8\",\"correct\":false,\"ended_on\":\"response\",\"duration\":37949.536999999254,\"time_run\":210890.79999999888,\"time_render\":210880.952,\"time_show\":210897.663,\"time_end\":248847.19999999925,\"time_commit\":248850.19999999925,\"timestamp\":\"2021-08-09T17:57:09.151Z\",\"time_switch\":248865.327},{\"sender\":\"test08\",\"sender_type\":\"canvas.Screen\",\"sender_id\":\"7_7\",\"response\":\"7\",\"response_action\":\"click(0) @7\",\"correctResponse\":\"7\",\"correct\":true,\"ended_on\":\"response\",\"duration\":127502.27299999964,\"time_run\":248850.29999999888,\"time_render\":248848.616,\"time_show\":248865.327,\"time_end\":376367.5999999996,\"time_commit\":376370.4000000004,\"timestamp\":\"2021-08-09T17:59:16.675Z\",\"time_switch\":376387.797},{\"sender\":\"test09\",\"sender_type\":\"canvas.Screen\",\"sender_id\":\"7_8\",\"response\":\"8\",\"response_action\":\"click(0) @8\",\"correctResponse\":\"5\",\"correct\":false,\"ended_on\":\"response\",\"duration\":106900.3029999996,\"time_run\":376370.5999999996,\"time_render\":376354.375,\"time_show\":376387.797,\"time_end\":483288.0999999996,\"time_commit\":483291.0999999996,\"timestamp\":\"2021-08-09T18:01:03.598Z\",\"time_switch\":483305.461},{\"sender\":\"test10\",\"sender_type\":\"canvas.Screen\",\"sender_id\":\"7_9\",\"response\":\"5\",\"response_action\":\"click(0) @5\",\"correctResponse\":\"5\",\"correct\":true,\"ended_on\":\"response\",\"duration\":78293.73899999924,\"time_run\":483291.2999999989,\"time_render\":483288.75,\"time_show\":483305.461,\"time_end\":561599.1999999993,\"time_commit\":561602,\"timestamp\":\"2021-08-09T18:02:21.911Z\",\"time_switch\":561615.453},{\"sender\":\"test11\",\"sender_type\":\"canvas.Screen\",\"sender_id\":\"7_10\",\"response\":\"4\",\"response_action\":\"click(0) @4\",\"correctResponse\":\"4\",\"correct\":true,\"ended_on\":\"response\",\"duration\":64423.54700000002,\"time_run\":561602.1999999993,\"time_render\":561598.742,\"time_show\":561615.453,\"time_end\":626039,\"time_commit\":626041.6999999993,\"timestamp\":\"2021-08-09T18:03:26.352Z\",\"time_switch\":626054.958},{\"sender\":\"test12\",\"sender_type\":\"canvas.Screen\",\"sender_id\":\"7_11\",\"response\":\"1\",\"response_action\":\"click(0) @1\",\"correctResponse\":\"1\",\"correct\":true,\"ended_on\":\"response\",\"duration\":93409.44200000039,\"time_run\":626041.9000000004,\"time_render\":626038.247,\"time_show\":626054.958,\"time_end\":719464.4000000004,\"time_commit\":719467.0999999996,\"timestamp\":\"2021-08-09T18:04:59.780Z\",\"time_switch\":719470.808},{\"sender\":\"tests (15min)\",\"sender_type\":\"flow.Sequence\",\"sender_id\":\"7\",\"ended_on\":\"completion\",\"duration\":675628.5480000004,\"time_run\":43817.699999999255,\"time_render\":43802.43,\"time_show\":43835.852,\"time_end\":719464.4000000004,\"time_commit\":719469.6999999993,\"timestamp\":\"2021-08-09T18:04:59.783Z\",\"time_switch\":719470.808},{\"sender\":\"good bye\",\"sender_type\":\"canvas.Screen\",\"sender_id\":\"8\",\"ended_on\":\"timeout\",\"duration\":3995.201000000001,\"time_run\":719469.9000000004,\"time_render\":719454.097,\"time_show\":719470.808,\"time_end\":723449.298,\"time_commit\":723452.2999999989,\"timestamp\":\"2021-08-09T18:05:03.766Z\",\"time_switch\":723466.009},{\"sender\":\"root\",\"sender_type\":\"flow.Sequence\",\"sender_id\":null,\"ended_on\":\"completion\",\"duration\":721709.3319999999,\"time_run\":1753.4000000003725,\"time_render\":1673.122,\"time_show\":1739.966,\"time_end\":723449.298,\"time_commit\":723453,\"timestamp\":\"2021-08-09T18:05:03.766Z\",\"time_switch\":723466.009}]",
    "metadata": "{\"slice\":0,\"id\":\"cc1d9463-472a-43da-b950-80aa4db773b2\",\"payload\":\"full\"}",
    "url": "https://exp02.zih.tu-dresden.de/experiments/raven_task/"
}