{
    "data": "[{\"url\":{},\"meta\":{\"labjs_version\":\"20.1.1\",\"labjs_build\":{\"flavor\":\"production\",\"commit\":\"cd5695f774968f50499757c1423bd95d033ea08e\"},\"location\":\"https://exp02.zih.tu-dresden.de/experiments/spot_a_word_task/\",\"userAgent\":\"Mozilla/5.0 (Macintosh; Intel Mac OS X 10_15_7) AppleWebKit/537.36 (KHTML, like Gecko) Chrome/92.0.4515.131 Safari/537.36\",\"platform\":\"MacIntel\",\"language\":\"de-DE\",\"locale\":\"de\",\"timeZone\":\"Europe/Berlin\",\"timezoneOffset\":-120,\"screen_width\":1440,\"screen_height\":900,\"scroll_width\":1440,\"scroll_height\":716,\"window_innerWidth\":1440,\"window_innerHeight\":764,\"devicePixelRatio\":1},\"sender\":\"start_html\",\"sender_type\":\"html.Screen\",\"sender_id\":\"0\",\"ended_on\":\"timeout\",\"duration\":5999.249,\"time_run\":603.2999999988824,\"time_render\":586.193,\"time_show\":602.904,\"time_end\":6585.442,\"time_commit\":6590.89999999851,\"timestamp\":\"2021-08-09T17:46:08.427Z\",\"time_switch\":6602.153},{\"sender\":\"manual_html\",\"sender_type\":\"html.Screen\",\"sender_id\":\"1\",\"response\":\"space\",\"response_action\":\"keypress(Space)\",\"ended_on\":\"response\",\"duration\":35474.347,\"time_run\":6591.5999999996275,\"time_render\":6585.442,\"time_show\":6602.153,\"time_end\":42076.5,\"time_commit\":42086.39999999851,\"timestamp\":\"2021-08-09T17:46:43.924Z\",\"time_switch\":42096.317},{\"sender\":\"example1_screen\",\"sender_type\":\"canvas.Screen\",\"sender_id\":\"2\",\"response\":\"4\",\"response_action\":\"keypress(4)\",\"correctResponse\":\"4\",\"correct\":true,\"ended_on\":\"response\",\"duration\":2673.882999999252,\"time_run\":42091.29999999888,\"time_render\":42079.606,\"time_show\":42096.317,\"time_end\":44770.199999999255,\"time_commit\":44776,\"timestamp\":\"2021-08-09T17:46:46.614Z\",\"time_switch\":44786.788},{\"sender\":\"example1_feedback\",\"sender_type\":\"canvas.Screen\",\"sender_id\":\"3\",\"response\":\"Space\",\"response_action\":\"keypress(Space)\",\"ended_on\":\"response\",\"duration\":3317.011999998882,\"time_run\":44780.29999999888,\"time_render\":44770.077,\"time_show\":44786.788,\"time_end\":48103.79999999888,\"time_commit\":48109.39999999851,\"timestamp\":\"2021-08-09T17:46:49.947Z\",\"time_switch\":48129.726},{\"sender\":\"example2_screen\",\"sender_type\":\"canvas.Screen\",\"sender_id\":\"4\",\"response\":\"5\",\"response_action\":\"keypress(5)\",\"correctResponse\":\"5\",\"correct\":true,\"ended_on\":\"response\",\"duration\":2680.4739999992526,\"time_run\":48113.79999999888,\"time_render\":48113.015,\"time_show\":48129.726,\"time_end\":50810.199999999255,\"time_commit\":50816.59999999963,\"timestamp\":\"2021-08-09T17:46:52.654Z\",\"time_switch\":50820.197},{\"sender\":\"example2_feedback\",\"sender_type\":\"canvas.Screen\",\"sender_id\":\"5\",\"response\":\"Space\",\"response_action\":\"keypress(Space)\",\"ended_on\":\"response\",\"duration\":1887.8029999999999,\"time_run\":50819.699999999255,\"time_render\":50803.486,\"time_show\":50820.197,\"time_end\":52708,\"time_commit\":52711.79999999888,\"timestamp\":\"2021-08-09T17:46:54.549Z\",\"time_switch\":52725.251},{\"sender\":\"example3_screen\",\"sender_type\":\"canvas.Screen\",\"sender_id\":\"6\",\"response\":\"1\",\"response_action\":\"keypress(1)\",\"correctResponse\":\"1\",\"correct\":true,\"ended_on\":\"response\",\"duration\":1045.848999999631,\"time_run\":52713.79999999888,\"time_render\":52708.54,\"time_show\":52725.251,\"time_end\":53771.09999999963,\"time_commit\":53776.59999999963,\"timestamp\":\"2021-08-09T17:46:55.614Z\",\"time_switch\":53794.755},{\"sender\":\"example3_feedback\",\"sender_type\":\"canvas.Screen\",\"sender_id\":\"7\",\"response\":\"Space\",\"response_action\":\"keypress(Space)\",\"ended_on\":\"response\",\"duration\":1631.34499999963,\"time_run\":53780,\"time_render\":53778.044,\"time_show\":53794.755,\"time_end\":55426.09999999963,\"time_commit\":55431.79999999888,\"timestamp\":\"2021-08-09T17:46:57.270Z\",\"time_switch\":55449.359},{\"sender\":\"get_ready_html\",\"sender_type\":\"html.Screen\",\"sender_id\":\"8\",\"response\":\"space\",\"response_action\":\"keypress(Space)\",\"ended_on\":\"response\",\"duration\":4546.440999998886,\"time_run\":55432.29999999888,\"time_render\":55432.648,\"time_show\":55449.359,\"time_end\":59995.79999999888,\"time_commit\":60001.699999999255,\"timestamp\":\"2021-08-09T17:47:01.840Z\",\"time_switch\":60044.884},{\"sender\":\"trial_screen\",\"sender_type\":\"canvas.Screen\",\"sender_id\":\"9_0\",\"correct\":true,\"trial_ID\":1,\"word1\":\"siziol\",\"word2\":\"salzahl\",\"word3\":\"sozihl\",\"word4\":\"sziam\",\"word5\":\"sozial\",\"response\":\"5\",\"response_action\":\"keypress(5)\",\"correctResponse\":\"5\",\"ended_on\":\"response\",\"duration\":2371.7159999996293,\"time_run\":60037.79999999888,\"time_render\":60028.173,\"time_show\":60044.884,\"time_end\":62416.59999999963,\"time_commit\":62422.59999999963,\"timestamp\":\"2021-08-09T17:47:04.261Z\",\"time_switch\":62434.557},{\"sender\":\"trial_screen\",\"sender_type\":\"canvas.Screen\",\"sender_id\":\"9_1\",\"correct\":false,\"trial_ID\":2,\"word1\":\"Lamone\",\"word2\":\"Talane\",\"word3\":\"Matrone\",\"word4\":\"Tarone\",\"word5\":\"Malonte\",\"response\":\"2\",\"response_action\":\"keypress(2)\",\"correctResponse\":\"3\",\"ended_on\":\"response\",\"duration\":17224.24299999888,\"time_run\":62427.39999999851,\"time_render\":62417.846,\"time_show\":62434.557,\"time_end\":79658.79999999888,\"time_commit\":79665.59999999963,\"timestamp\":\"2021-08-09T17:47:21.504Z\",\"time_switch\":79680.309},{\"sender\":\"trial_screen\",\"sender_type\":\"canvas.Screen\",\"sender_id\":\"9_2\",\"correct\":true,\"trial_ID\":3,\"word1\":\"kurinesisch\",\"word2\":\"kulinarisch\",\"word3\":\"kumenisch\",\"word4\":\"kulissarisch\",\"word5\":\"kannastrisch\",\"response\":\"2\",\"response_action\":\"keypress(2)\",\"correctResponse\":\"2\",\"ended_on\":\"response\",\"duration\":2817.9909999988886,\"time_run\":79670.29999999888,\"time_render\":79663.598,\"time_show\":79680.309,\"time_end\":82498.29999999888,\"time_commit\":82504.09999999963,\"timestamp\":\"2021-08-09T17:47:24.343Z\",\"time_switch\":82521.179},{\"sender\":\"trial_screen\",\"sender_type\":\"canvas.Screen\",\"sender_id\":\"9_3\",\"correct\":true,\"trial_ID\":4,\"word1\":\"Tinxur\",\"word2\":\"Kukutur\",\"word3\":\"Fraktan\",\"word4\":\"Tinktur\",\"word5\":\"Rimsuhr\",\"response\":\"4\",\"response_action\":\"keypress(4)\",\"correctResponse\":\"4\",\"ended_on\":\"response\",\"duration\":3214.020999999251,\"time_run\":82507.09999999963,\"time_render\":82504.468,\"time_show\":82521.179,\"time_end\":85735.19999999925,\"time_commit\":85740.89999999851,\"timestamp\":\"2021-08-09T17:47:27.580Z\",\"time_switch\":85746.861},{\"sender\":\"trial_screen\",\"sender_type\":\"canvas.Screen\",\"sender_id\":\"9_4\",\"correct\":true,\"trial_ID\":5,\"word1\":\"beralen\",\"word2\":\"ger\u00e4ltet\",\"word3\":\"an\u00e4lteren\",\"word4\":\"unt\u00e4ren\",\"word5\":\"verbr\u00e4men\",\"response\":\"5\",\"response_action\":\"keypress(5)\",\"correctResponse\":\"5\",\"ended_on\":\"response\",\"duration\":10265.238999999623,\"time_run\":85744.19999999925,\"time_render\":85730.15,\"time_show\":85746.861,\"time_end\":96012.09999999963,\"time_commit\":96019,\"timestamp\":\"2021-08-09T17:47:37.858Z\",\"time_switch\":96024.126},{\"sender\":\"trial_screen\",\"sender_type\":\"canvas.Screen\",\"sender_id\":\"9_5\",\"correct\":true,\"trial_ID\":6,\"word1\":\"Rosto\",\"word2\":\"Torso\",\"word3\":\"Soro\",\"word4\":\"Torgos\",\"word5\":\"Tosor\",\"response\":\"2\",\"response_action\":\"keypress(2)\",\"correctResponse\":\"2\",\"ended_on\":\"response\",\"duration\":2040.573999999251,\"time_run\":96023.39999999851,\"time_render\":96007.415,\"time_show\":96024.126,\"time_end\":98064.69999999925,\"time_commit\":98070.5,\"timestamp\":\"2021-08-09T17:47:39.910Z\",\"time_switch\":98079.579},{\"sender\":\"trial_screen\",\"sender_type\":\"canvas.Screen\",\"sender_id\":\"9_6\",\"correct\":true,\"trial_ID\":7,\"word1\":\"Redor\",\"word2\":\"Radium\",\"word3\":\"Terion\",\"word4\":\"Dramin\",\"word5\":\"Orakium\",\"response\":\"2\",\"response_action\":\"keypress(2)\",\"correctResponse\":\"2\",\"ended_on\":\"response\",\"duration\":1416.120999999257,\"time_run\":98075,\"time_render\":98062.868,\"time_show\":98079.579,\"time_end\":99495.69999999925,\"time_commit\":99501.5,\"timestamp\":\"2021-08-09T17:47:41.341Z\",\"time_switch\":99517.031},{\"sender\":\"trial_screen\",\"sender_type\":\"canvas.Screen\",\"sender_id\":\"9_7\",\"correct\":true,\"trial_ID\":8,\"word1\":\"Nale\",\"word2\":\"Sahe\",\"word3\":\"Nase\",\"word4\":\"Nesa\",\"word5\":\"Sehna\",\"response\":\"3\",\"response_action\":\"keypress(3)\",\"correctResponse\":\"3\",\"ended_on\":\"response\",\"duration\":2184.568999999625,\"time_run\":99504.5,\"time_render\":99500.32,\"time_show\":99517.031,\"time_end\":101701.59999999963,\"time_commit\":101707.19999999925,\"timestamp\":\"2021-08-09T17:47:43.546Z\",\"time_switch\":101722.883},{\"sender\":\"trial_screen\",\"sender_type\":\"canvas.Screen\",\"sender_id\":\"9_8\",\"correct\":true,\"trial_ID\":9,\"word1\":\"Rilkiase\",\"word2\":\"Kilister\",\"word3\":\"Riliker\",\"word4\":\"Klistier\",\"word5\":\"Linkure\",\"response\":\"4\",\"response_action\":\"keypress(4)\",\"correctResponse\":\"4\",\"ended_on\":\"response\",\"duration\":3545.416999998881,\"time_run\":101710.5,\"time_render\":101706.172,\"time_show\":101722.883,\"time_end\":105268.29999999888,\"time_commit\":105274,\"timestamp\":\"2021-08-09T17:47:47.113Z\",\"time_switch\":105282.326},{\"sender\":\"trial_screen\",\"sender_type\":\"canvas.Screen\",\"sender_id\":\"9_9\",\"correct\":true,\"trial_ID\":10,\"word1\":\"kentern\",\"word2\":\"knerte\",\"word3\":\"kanzen\",\"word4\":\"kretern\",\"word5\":\"trekern\",\"response\":\"1\",\"response_action\":\"keypress(1)\",\"correctResponse\":\"1\",\"ended_on\":\"response\",\"duration\":2128.573999998509,\"time_run\":105277.29999999888,\"time_render\":105265.615,\"time_show\":105282.326,\"time_end\":107410.89999999851,\"time_commit\":107417.09999999963,\"timestamp\":\"2021-08-09T17:47:49.256Z\",\"time_switch\":107421.334},{\"sender\":\"trial_screen\",\"sender_type\":\"canvas.Screen\",\"sender_id\":\"9_10\",\"correct\":true,\"trial_ID\":11,\"word1\":\"Sorekin\",\"word2\":\"Sarowin\",\"word3\":\"Rosakin\",\"word4\":\"Narosin\",\"word5\":\"Kerosin\",\"response\":\"5\",\"response_action\":\"keypress(5)\",\"correctResponse\":\"5\",\"ended_on\":\"response\",\"duration\":5193.365999999252,\"time_run\":107420.09999999963,\"time_render\":107404.623,\"time_show\":107421.334,\"time_end\":112614.69999999925,\"time_commit\":112620.59999999963,\"timestamp\":\"2021-08-09T17:47:54.460Z\",\"time_switch\":112635.166},{\"sender\":\"trial_screen\",\"sender_type\":\"canvas.Screen\",\"sender_id\":\"9_11\",\"correct\":false,\"trial_ID\":12,\"word1\":\"Ralke\",\"word2\":\"Korre\",\"word3\":\"Ruckse\",\"word4\":\"Recke\",\"word5\":\"Ulte\",\"response\":\"1\",\"response_action\":\"keypress(1)\",\"correctResponse\":\"4\",\"ended_on\":\"response\",\"duration\":6147.0339999992575,\"time_run\":112624.19999999925,\"time_render\":112618.455,\"time_show\":112635.166,\"time_end\":118782.19999999925,\"time_commit\":118786,\"timestamp\":\"2021-08-09T17:48:00.626Z\",\"time_switch\":118801.743},{\"sender\":\"trial_screen\",\"sender_type\":\"canvas.Screen\",\"sender_id\":\"9_12\",\"correct\":false,\"trial_ID\":13,\"word1\":\"Kapaun\",\"word2\":\"Paukan\",\"word3\":\"Naupack\",\"word4\":\"Aupeck\",\"word5\":\"Ankepran\",\"response\":\"2\",\"response_action\":\"keypress(2)\",\"correctResponse\":\"1\",\"ended_on\":\"response\",\"duration\":10627.456999999253,\"time_run\":118787.89999999851,\"time_render\":118785.032,\"time_show\":118801.743,\"time_end\":129429.19999999925,\"time_commit\":129435.79999999888,\"timestamp\":\"2021-08-09T17:48:11.276Z\",\"time_switch\":129446.65},{\"sender\":\"trial_screen\",\"sender_type\":\"canvas.Screen\",\"sender_id\":\"9_13\",\"correct\":true,\"trial_ID\":14,\"word1\":\"Dissonanz\",\"word2\":\"Diskrisanz\",\"word3\":\"Distranz\",\"word4\":\"Dinotanz\",\"word5\":\"Sidonenz\",\"response\":\"1\",\"response_action\":\"keypress(1)\",\"correctResponse\":\"1\",\"ended_on\":\"response\",\"duration\":1488.2499999985157,\"time_run\":129439.89999999851,\"time_render\":129429.939,\"time_show\":129446.65,\"time_end\":130934.89999999851,\"time_commit\":130940.39999999851,\"timestamp\":\"2021-08-09T17:48:12.780Z\",\"time_switch\":130950.755},{\"sender\":\"trial_screen\",\"sender_type\":\"canvas.Screen\",\"sender_id\":\"9_14\",\"correct\":true,\"trial_ID\":15,\"word1\":\"Kirse\",\"word2\":\"Sirke\",\"word3\":\"Krise\",\"word4\":\"Krospe\",\"word5\":\"Seris\",\"response\":\"3\",\"response_action\":\"keypress(3)\",\"correctResponse\":\"3\",\"ended_on\":\"response\",\"duration\":2248.9449999992503,\"time_run\":130943.39999999851,\"time_render\":130934.044,\"time_show\":130950.755,\"time_end\":133199.69999999925,\"time_commit\":133205.29999999888,\"timestamp\":\"2021-08-09T17:48:15.045Z\",\"time_switch\":133223.719},{\"sender\":\"trial_screen\",\"sender_type\":\"canvas.Screen\",\"sender_id\":\"9_15\",\"correct\":true,\"trial_ID\":16,\"word1\":\"Tume\",\"word2\":\"Umat\",\"word3\":\"Maut\",\"word4\":\"Taum\",\"word5\":\"Muta\",\"response\":\"3\",\"response_action\":\"keypress(3)\",\"correctResponse\":\"3\",\"ended_on\":\"response\",\"duration\":2257.780999999988,\"time_run\":133208.29999999888,\"time_render\":133207.008,\"time_show\":133223.719,\"time_end\":135481.5,\"time_commit\":135487.19999999925,\"timestamp\":\"2021-08-09T17:48:17.327Z\",\"time_switch\":135496.415},{\"sender\":\"trial_screen\",\"sender_type\":\"canvas.Screen\",\"sender_id\":\"9_16\",\"correct\":true,\"trial_ID\":17,\"word1\":\"Tuhl\",\"word2\":\"Lar\",\"word3\":\"Lest\",\"word4\":\"Dall\",\"word5\":\"Lid\",\"response\":\"5\",\"response_action\":\"keypress(5)\",\"correctResponse\":\"5\",\"ended_on\":\"response\",\"duration\":4970.684999999619,\"time_run\":135490.09999999963,\"time_render\":135479.704,\"time_show\":135496.415,\"time_end\":140467.09999999963,\"time_commit\":140473.5,\"timestamp\":\"2021-08-09T17:48:22.314Z\",\"time_switch\":140493.004},{\"sender\":\"trial_screen\",\"sender_type\":\"canvas.Screen\",\"sender_id\":\"9_17\",\"correct\":true,\"trial_ID\":18,\"word1\":\"Adept\",\"word2\":\"Padet\",\"word3\":\"Edapt\",\"word4\":\"Epatt\",\"word5\":\"Taped\",\"response\":\"1\",\"response_action\":\"keypress(1)\",\"correctResponse\":\"1\",\"ended_on\":\"response\",\"duration\":9040.795999998896,\"time_run\":140477.29999999888,\"time_render\":140476.293,\"time_show\":140493.004,\"time_end\":149533.79999999888,\"time_commit\":149539.8999999985,\"timestamp\":\"2021-08-09T17:48:31.380Z\",\"time_switch\":149550.366},{\"sender\":\"trial_screen\",\"sender_type\":\"canvas.Screen\",\"sender_id\":\"9_18\",\"correct\":true,\"trial_ID\":19,\"word1\":\"Spirine\",\"word2\":\"Saprin\",\"word3\":\"Parsin\",\"word4\":\"Purin\",\"word5\":\"Asprint\",\"response\":\"4\",\"response_action\":\"keypress(4)\",\"correctResponse\":\"4\",\"ended_on\":\"response\",\"duration\":3167.7339999996184,\"time_run\":149543,\"time_render\":149533.655,\"time_show\":149550.366,\"time_end\":152718.09999999963,\"time_commit\":152724.3999999985,\"timestamp\":\"2021-08-09T17:48:34.565Z\",\"time_switch\":152742.356},{\"sender\":\"trial_screen\",\"sender_type\":\"canvas.Screen\",\"sender_id\":\"9_19\",\"correct\":true,\"trial_ID\":20,\"word1\":\"Kulon\",\"word2\":\"Solgun\",\"word3\":\"Koskan\",\"word4\":\"Soran\",\"word5\":\"Klonus\",\"response\":\"5\",\"response_action\":\"keypress(5)\",\"correctResponse\":\"5\",\"ended_on\":\"response\",\"duration\":4924.843999999255,\"time_run\":152727.3999999985,\"time_render\":152725.645,\"time_show\":152742.356,\"time_end\":157667.19999999925,\"time_commit\":157673.09999999963,\"timestamp\":\"2021-08-09T17:48:39.514Z\",\"time_switch\":157688.812},{\"sender\":\"trial_screen\",\"sender_type\":\"canvas.Screen\",\"sender_id\":\"9_20\",\"correct\":true,\"trial_ID\":21,\"word1\":\"Tronke\",\"word2\":\"Nocktherm\",\"word3\":\"Teronk\",\"word4\":\"Komtur\",\"word5\":\"Rocktur\",\"response\":\"4\",\"response_action\":\"keypress(4)\",\"correctResponse\":\"4\",\"ended_on\":\"response\",\"duration\":10451.987999998877,\"time_run\":157676.09999999963,\"time_render\":157672.101,\"time_show\":157688.812,\"time_end\":168140.79999999888,\"time_commit\":168147.5,\"timestamp\":\"2021-08-09T17:48:49.989Z\",\"time_switch\":168166.841},{\"sender\":\"trial_screen\",\"sender_type\":\"canvas.Screen\",\"sender_id\":\"9_21\",\"correct\":false,\"trial_ID\":22,\"word1\":\"Ripat\",\"word2\":\"Patinatte\",\"word3\":\"Tapir\",\"word4\":\"Apitt\",\"word5\":\"Padir\",\"response\":\"5\",\"response_action\":\"keypress(5)\",\"correctResponse\":\"3\",\"ended_on\":\"response\",\"duration\":7019.758999999642,\"time_run\":168150.19999999925,\"time_render\":168150.13,\"time_show\":168166.841,\"time_end\":175186.59999999963,\"time_commit\":175192.5,\"timestamp\":\"2021-08-09T17:48:57.034Z\",\"time_switch\":175202.172},{\"sender\":\"trial_screen\",\"sender_type\":\"canvas.Screen\",\"sender_id\":\"9_22\",\"correct\":false,\"trial_ID\":23,\"word1\":\"Akifer\",\"word2\":\"Fiaker\",\"word3\":\"Kiaffa\",\"word4\":\"Sariffer\",\"word5\":\"Refisker\",\"response\":\"5\",\"response_action\":\"keypress(5)\",\"correctResponse\":\"2\",\"ended_on\":\"response\",\"duration\":9053.227999998518,\"time_run\":175195.3999999985,\"time_render\":175185.461,\"time_show\":175202.172,\"time_end\":184255.3999999985,\"time_commit\":184262.3999999985,\"timestamp\":\"2021-08-09T17:49:06.104Z\",\"time_switch\":184276.515},{\"sender\":\"trial_screen\",\"sender_type\":\"canvas.Screen\",\"sender_id\":\"9_23\",\"correct\":false,\"trial_ID\":24,\"word1\":\"Kleiber\",\"word2\":\"Beikel\",\"word3\":\"Keibel\",\"word4\":\"Reikler\",\"word5\":\"Biekerl\",\"response\":\"3\",\"response_action\":\"keypress(3)\",\"correctResponse\":\"1\",\"ended_on\":\"response\",\"duration\":5982.784999998868,\"time_run\":184267,\"time_render\":184259.804,\"time_show\":184276.515,\"time_end\":190259.29999999888,\"time_commit\":190265.09999999963,\"timestamp\":\"2021-08-09T17:49:12.107Z\",\"time_switch\":190275.764},{\"sender\":\"trial_screen\",\"sender_type\":\"canvas.Screen\",\"sender_id\":\"9_24\",\"correct\":true,\"trial_ID\":25,\"word1\":\"Ig\u00e4de\",\"word2\":\"D\u00e4gie\",\"word3\":\"\u00c4gide\",\"word4\":\"Dig\u00e4de\",\"word5\":\"Giad\",\"response\":\"3\",\"response_action\":\"keypress(3)\",\"correctResponse\":\"3\",\"ended_on\":\"response\",\"duration\":6702.835999999632,\"time_run\":190268.5,\"time_render\":190259.053,\"time_show\":190275.764,\"time_end\":196978.59999999963,\"time_commit\":196985.19999999925,\"timestamp\":\"2021-08-09T17:49:18.827Z\",\"time_switch\":196993.881},{\"sender\":\"trial_screen\",\"sender_type\":\"canvas.Screen\",\"sender_id\":\"9_25\",\"correct\":true,\"trial_ID\":26,\"word1\":\"Rixal\",\"word2\":\"Irtax\",\"word3\":\"Rackizie\",\"word4\":\"Matrix\",\"word5\":\"Atrige\",\"response\":\"4\",\"response_action\":\"keypress(4)\",\"correctResponse\":\"4\",\"ended_on\":\"response\",\"duration\":3324.2189999996335,\"time_run\":196988,\"time_render\":196977.17,\"time_show\":196993.881,\"time_end\":200318.09999999963,\"time_commit\":200323.79999999888,\"timestamp\":\"2021-08-09T17:49:22.166Z\",\"time_switch\":200336.081},{\"sender\":\"trial_screen\",\"sender_type\":\"canvas.Screen\",\"sender_id\":\"9_26\",\"correct\":true,\"trial_ID\":27,\"word1\":\"Haskisch\",\"word2\":\"Asmisch\",\"word3\":\"Schisma\",\"word4\":\"Rasthmie\",\"word5\":\"Ilschah\",\"response\":\"3\",\"response_action\":\"keypress(3)\",\"correctResponse\":\"3\",\"ended_on\":\"response\",\"duration\":9376.218999998877,\"time_run\":200326.69999999925,\"time_render\":200319.37,\"time_show\":200336.081,\"time_end\":209712.29999999888,\"time_commit\":209718.8999999985,\"timestamp\":\"2021-08-09T17:49:31.561Z\",\"time_switch\":209727.902},{\"sender\":\"trial_screen\",\"sender_type\":\"canvas.Screen\",\"sender_id\":\"9_27\",\"correct\":true,\"trial_ID\":28,\"word1\":\"Sallose\",\"word2\":\"Lordose\",\"word3\":\"Dormase\",\"word4\":\"Rollase\",\"word5\":\"Ardierole\",\"response\":\"2\",\"response_action\":\"keypress(2)\",\"correctResponse\":\"2\",\"ended_on\":\"response\",\"duration\":2918.797999999253,\"time_run\":209721.69999999925,\"time_render\":209711.191,\"time_show\":209727.902,\"time_end\":212646.69999999925,\"time_commit\":212652.3999999985,\"timestamp\":\"2021-08-09T17:49:34.495Z\",\"time_switch\":212669.038},{\"sender\":\"trial_screen\",\"sender_type\":\"canvas.Screen\",\"sender_id\":\"9_28\",\"correct\":true,\"trial_ID\":29,\"word1\":\"Intranotion\",\"word2\":\"Infranatura\",\"word3\":\"Internodium\",\"word4\":\"Indotalie\",\"word5\":\"Indosta\",\"response\":\"3\",\"response_action\":\"keypress(3)\",\"correctResponse\":\"3\",\"ended_on\":\"response\",\"duration\":5735.761999998882,\"time_run\":212655.29999999888,\"time_render\":212652.327,\"time_show\":212669.038,\"time_end\":218404.79999999888,\"time_commit\":218410.59999999963,\"timestamp\":\"2021-08-09T17:49:40.253Z\",\"time_switch\":218417.836},{\"sender\":\"trial_screen\",\"sender_type\":\"canvas.Screen\",\"sender_id\":\"9_29\",\"correct\":true,\"trial_ID\":30,\"word1\":\"Idaste\",\"word2\":\"Dastrix\",\"word3\":\"Astike\",\"word4\":\"Sadile\",\"word5\":\"Kasside\",\"response\":\"5\",\"response_action\":\"keypress(5)\",\"correctResponse\":\"5\",\"ended_on\":\"response\",\"duration\":9106.5639999985,\"time_run\":218414.3999999985,\"time_render\":218401.125,\"time_show\":218417.836,\"time_end\":227524.3999999985,\"time_commit\":227531.19999999925,\"timestamp\":\"2021-08-09T17:49:49.374Z\",\"time_switch\":227542.042},{\"sender\":\"trial_screen\",\"sender_type\":\"canvas.Screen\",\"sender_id\":\"9_30\",\"correct\":true,\"trial_ID\":31,\"word1\":\"Libration\",\"word2\":\"Bilation\",\"word3\":\"Arlation\",\"word4\":\"Iberation\",\"word5\":\"Tiradon\",\"response\":\"1\",\"response_action\":\"keypress(1)\",\"correctResponse\":\"1\",\"ended_on\":\"response\",\"duration\":5897.257999998896,\"time_run\":227534.59999999963,\"time_render\":227525.331,\"time_show\":227542.042,\"time_end\":233439.29999999888,\"time_commit\":233445.09999999963,\"timestamp\":\"2021-08-09T17:49:55.288Z\",\"time_switch\":233457.736},{\"sender\":\"trial_screen\",\"sender_type\":\"canvas.Screen\",\"sender_id\":\"9_31\",\"correct\":false,\"trial_ID\":32,\"word1\":\"Pucker\",\"word2\":\"Keuper\",\"word3\":\"Eucker\",\"word4\":\"Reuspeck\",\"word5\":\"Urkane\",\"response\":\"5\",\"response_action\":\"keypress(5)\",\"correctResponse\":\"2\",\"ended_on\":\"response\",\"duration\":5236.863999999623,\"time_run\":233448,\"time_render\":233441.025,\"time_show\":233457.736,\"time_end\":238694.59999999963,\"time_commit\":238701,\"timestamp\":\"2021-08-09T17:50:00.544Z\",\"time_switch\":238705.32},{\"sender\":\"trial_screen\",\"sender_type\":\"canvas.Screen\",\"sender_id\":\"9_32\",\"correct\":true,\"trial_ID\":33,\"word1\":\"Sickaber\",\"word2\":\"Bassiker\",\"word3\":\"Kassiber\",\"word4\":\"Sassiker\",\"word5\":\"Askiber\",\"response\":\"3\",\"response_action\":\"keypress(3)\",\"correctResponse\":\"3\",\"ended_on\":\"response\",\"duration\":3129.879999999248,\"time_run\":238703.69999999925,\"time_render\":238688.609,\"time_show\":238705.32,\"time_end\":241835.19999999925,\"time_commit\":241840.69999999925,\"timestamp\":\"2021-08-09T17:50:03.684Z\",\"time_switch\":241846.988},{\"sender\":\"trial_screen\",\"sender_type\":\"canvas.Screen\",\"sender_id\":\"9_33\",\"correct\":false,\"trial_ID\":34,\"word1\":\"Alquallon\",\"word2\":\"Lisqualien\",\"word3\":\"Talquallen\",\"word4\":\"Quisquilien\",\"word5\":\"Rielquellen\",\"response\":\"3\",\"response_action\":\"keypress(3)\",\"correctResponse\":\"4\",\"ended_on\":\"response\",\"duration\":8210.411999998498,\"time_run\":241843.69999999925,\"time_render\":241830.277,\"time_show\":241846.988,\"time_end\":250057.3999999985,\"time_commit\":250064.09999999963,\"timestamp\":\"2021-08-09T17:50:11.908Z\",\"time_switch\":250069.002},{\"sender\":\"trial_screen\",\"sender_type\":\"canvas.Screen\",\"sender_id\":\"9_34\",\"correct\":false,\"trial_ID\":35,\"word1\":\"Berkiza\",\"word2\":\"Brekzie\",\"word3\":\"Birakzie\",\"word4\":\"Brikazie\",\"word5\":\"Bakiria\",\"response\":\"1\",\"response_action\":\"keypress(1)\",\"correctResponse\":\"2\",\"ended_on\":\"response\",\"duration\":7725.697999999247,\"time_run\":250067.09999999963,\"time_render\":250052.291,\"time_show\":250069.002,\"time_end\":257794.69999999925,\"time_commit\":257800.69999999925,\"timestamp\":\"2021-08-09T17:50:19.645Z\",\"time_switch\":257806.195},{\"sender\":\"loop_trial\",\"sender_type\":\"flow.Loop\",\"sender_id\":\"9\",\"ended_on\":\"completion\",\"duration\":197749.81599999926,\"time_run\":60034.699999999255,\"time_render\":60028.173,\"time_show\":60044.884,\"time_end\":257794.69999999925,\"time_commit\":257803.69999999925,\"timestamp\":\"2021-08-09T17:50:19.648Z\",\"time_switch\":257806.195},{\"sender\":\"end_html\",\"sender_type\":\"html.Screen\",\"sender_id\":\"10\",\"ended_on\":\"timeout\",\"duration\":5999.446999999986,\"time_run\":257803.8999999985,\"time_render\":257789.484,\"time_show\":257806.195,\"time_end\":263788.931,\"time_commit\":263793.8999999985,\"timestamp\":\"2021-08-09T17:50:25.638Z\",\"time_switch\":263805.642},{\"sender\":\"root\",\"sender_type\":\"flow.Sequence\",\"sender_id\":null,\"ended_on\":\"completion\",\"duration\":263186.027,\"time_run\":602.7999999988824,\"time_render\":586.193,\"time_show\":602.904,\"time_end\":263788.931,\"time_commit\":263794.3999999985,\"timestamp\":\"2021-08-09T17:50:25.638Z\",\"time_switch\":263805.642}]",
    "metadata": "{\"slice\":0,\"id\":\"2a37a5ad-1de6-4687-a471-bbcdfe33c8b6\",\"payload\":\"full\"}",
    "url": "https://exp02.zih.tu-dresden.de/experiments/spot_a_word_task/"
}