{
    "data": "[{\"url\":{},\"meta\":{\"labjs_version\":\"20.1.1\",\"labjs_build\":{\"flavor\":\"production\",\"commit\":\"cd5695f774968f50499757c1423bd95d033ea08e\"},\"location\":\"https://exp01.zih.tu-dresden.de/experiments/raven_task/\",\"userAgent\":\"Mozilla/5.0 (Macintosh; Intel Mac OS X 10_13_6) AppleWebKit/605.1.15 (KHTML, like Gecko) Version/11.1.2 Safari/605.1.15\",\"platform\":\"MacIntel\",\"language\":\"de-DE\",\"locale\":\"de-DE\",\"timeZone\":\"Europe/Berlin\",\"timezoneOffset\":-120,\"screen_width\":1440,\"screen_height\":900,\"scroll_width\":1440,\"scroll_height\":839,\"window_innerWidth\":1440,\"window_innerHeight\":839,\"devicePixelRatio\":1},\"sender\":\"welcome\",\"sender_type\":\"canvas.Screen\",\"sender_id\":\"0\",\"response\":\"any\",\"response_action\":\"keypress\",\"ended_on\":\"response\",\"duration\":6343,\"time_run\":5342.000000000001,\"time_render\":5362,\"time_show\":5379,\"time_end\":11705,\"time_commit\":11776,\"timestamp\":\"2021-07-13T20:56:47.293Z\",\"time_switch\":11812},{\"sender\":\"instructions\",\"sender_type\":\"html.Page\",\"sender_id\":\"1\",\"response\":\"Space\",\"response_action\":\"keypress(Space)\",\"ended_on\":\"response\",\"duration\":9331,\"time_run\":11777.000000000002,\"time_render\":11797,\"time_show\":11812,\"time_end\":21128,\"time_commit\":21190,\"timestamp\":\"2021-07-13T20:56:56.707Z\",\"time_switch\":21282},{\"sender\":\"example1\",\"sender_type\":\"canvas.Screen\",\"sender_id\":\"2\",\"response\":\"8\",\"response_action\":\"click(0) @8\",\"correctResponse\":\"8\",\"correct\":true,\"ended_on\":\"response\",\"duration\":7375,\"time_run\":21190,\"time_render\":21214.000000000004,\"time_show\":21282,\"time_end\":28589.000000000004,\"time_commit\":28652,\"timestamp\":\"2021-07-13T20:57:04.170Z\",\"time_switch\":28698},{\"sender\":\"example1_feedback\",\"sender_type\":\"canvas.Screen\",\"sender_id\":\"3\",\"response\":\"space\",\"response_action\":\"keypress(Space)\",\"ended_on\":\"response\",\"duration\":3556.0000000000036,\"time_run\":28656.000000000004,\"time_render\":28681,\"time_show\":28698,\"time_end\":32237.000000000004,\"time_commit\":32298,\"timestamp\":\"2021-07-13T20:57:07.816Z\",\"time_switch\":32384},{\"sender\":\"example2\",\"sender_type\":\"canvas.Screen\",\"sender_id\":\"4\",\"response\":\"4\",\"response_action\":\"click(0) @4\",\"correctResponse\":\"4\",\"correct\":true,\"ended_on\":\"response\",\"duration\":5759,\"time_run\":32299,\"time_render\":32314,\"time_show\":32384,\"time_end\":38073,\"time_commit\":38135,\"timestamp\":\"2021-07-13T20:57:13.653Z\",\"time_switch\":38182},{\"sender\":\"example2_feedback\",\"sender_type\":\"canvas.Screen\",\"sender_id\":\"5\",\"response\":\"space\",\"response_action\":\"keypress(Space)\",\"ended_on\":\"response\",\"duration\":2911,\"time_run\":38138,\"time_render\":38164,\"time_show\":38182,\"time_end\":41075,\"time_commit\":41137,\"timestamp\":\"2021-07-13T20:57:16.655Z\",\"time_switch\":41165},{\"sender\":\"get ready\",\"sender_type\":\"canvas.Screen\",\"sender_id\":\"6\",\"response\":\"Space\",\"response_action\":\"keypress(Space)\",\"ended_on\":\"response\",\"duration\":2305,\"time_run\":41137,\"time_render\":41148,\"time_show\":41165,\"time_end\":43453,\"time_commit\":43513,\"timestamp\":\"2021-07-13T20:57:19.031Z\",\"time_switch\":43604},{\"sender\":\"test01\",\"sender_type\":\"canvas.Screen\",\"sender_id\":\"7_0\",\"response\":\"7\",\"response_action\":\"click(0) @7\",\"correctResponse\":\"7\",\"correct\":true,\"ended_on\":\"response\",\"duration\":16739,\"time_run\":43513,\"time_render\":43532,\"time_show\":43604,\"time_end\":60271,\"time_commit\":60332,\"timestamp\":\"2021-07-13T20:57:35.851Z\",\"time_switch\":60430},{\"sender\":\"test02\",\"sender_type\":\"canvas.Screen\",\"sender_id\":\"7_1\",\"response\":\"8\",\"response_action\":\"click(0) @8\",\"correctResponse\":\"4\",\"correct\":false,\"ended_on\":\"response\",\"duration\":17111,\"time_run\":60333,\"time_render\":60350,\"time_show\":60430,\"time_end\":77461,\"time_commit\":77520,\"timestamp\":\"2021-07-13T20:57:53.039Z\",\"time_switch\":77609},{\"sender\":\"test03\",\"sender_type\":\"canvas.Screen\",\"sender_id\":\"7_2\",\"response\":\"6\",\"response_action\":\"click(0) @6\",\"correctResponse\":\"6\",\"correct\":true,\"ended_on\":\"response\",\"duration\":5551.000000000015,\"time_run\":77520,\"time_render\":77534,\"time_show\":77609,\"time_end\":83085.00000000001,\"time_commit\":83145,\"timestamp\":\"2021-07-13T20:57:58.665Z\",\"time_switch\":83245},{\"sender\":\"test04\",\"sender_type\":\"canvas.Screen\",\"sender_id\":\"7_3\",\"response\":\"8\",\"response_action\":\"click(0) @8\",\"correctResponse\":\"2\",\"correct\":false,\"ended_on\":\"response\",\"duration\":27669,\"time_run\":83146,\"time_render\":83167,\"time_show\":83245,\"time_end\":110836,\"time_commit\":110897,\"timestamp\":\"2021-07-13T20:58:26.417Z\",\"time_switch\":110991},{\"sender\":\"test05\",\"sender_type\":\"canvas.Screen\",\"sender_id\":\"7_4\",\"response\":\"4\",\"response_action\":\"click(0) @4\",\"correctResponse\":\"4\",\"correct\":true,\"ended_on\":\"response\",\"duration\":14830.000000000015,\"time_run\":110898,\"time_render\":110919,\"time_show\":110991,\"time_end\":125749.00000000001,\"time_commit\":125812,\"timestamp\":\"2021-07-13T20:58:41.332Z\",\"time_switch\":125911},{\"sender\":\"test06\",\"sender_type\":\"canvas.Screen\",\"sender_id\":\"7_5\",\"response\":\"1\",\"response_action\":\"click(0) @1\",\"correctResponse\":\"7\",\"correct\":false,\"ended_on\":\"response\",\"duration\":20393.999999999985,\"time_run\":125812,\"time_render\":125838.00000000001,\"time_show\":125911,\"time_end\":146232,\"time_commit\":146295.00000000003,\"timestamp\":\"2021-07-13T20:59:01.816Z\",\"time_switch\":146396.00000000003},{\"sender\":\"test07\",\"sender_type\":\"canvas.Screen\",\"sender_id\":\"7_6\",\"response\":\"4\",\"response_action\":\"click(0) @4\",\"correctResponse\":\"8\",\"correct\":false,\"ended_on\":\"response\",\"duration\":16679,\"time_run\":146296,\"time_render\":146321,\"time_show\":146396.00000000003,\"time_end\":163000,\"time_commit\":163063.00000000003,\"timestamp\":\"2021-07-13T20:59:18.585Z\",\"time_switch\":163163},{\"sender\":\"test08\",\"sender_type\":\"canvas.Screen\",\"sender_id\":\"7_7\",\"response\":\"1\",\"response_action\":\"click(0) @1\",\"correctResponse\":\"7\",\"correct\":false,\"ended_on\":\"response\",\"duration\":10384,\"time_run\":163064,\"time_render\":163090,\"time_show\":163163,\"time_end\":173474,\"time_commit\":173537,\"timestamp\":\"2021-07-13T20:59:29.059Z\",\"time_switch\":173635},{\"sender\":\"test09\",\"sender_type\":\"canvas.Screen\",\"sender_id\":\"7_8\",\"response\":\"8\",\"response_action\":\"click(0) @8\",\"correctResponse\":\"5\",\"correct\":false,\"ended_on\":\"response\",\"duration\":25843.99999999997,\"time_run\":173537,\"time_render\":173557.00000000003,\"time_show\":173635,\"time_end\":199401,\"time_commit\":199466,\"timestamp\":\"2021-07-13T20:59:54.989Z\",\"time_switch\":199571},{\"sender\":\"test10\",\"sender_type\":\"canvas.Screen\",\"sender_id\":\"7_9\",\"response\":\"7\",\"response_action\":\"click(0) @7\",\"correctResponse\":\"5\",\"correct\":false,\"ended_on\":\"response\",\"duration\":28951.00000000003,\"time_run\":199466,\"time_render\":199493,\"time_show\":199571,\"time_end\":228444.00000000003,\"time_commit\":228448,\"timestamp\":\"2021-07-13T20:59:58.944Z\",\"time_switch\":228539.00000000003},{\"sender\":\"test11\",\"sender_type\":\"canvas.Screen\",\"sender_id\":\"7_10\",\"response\":\"4\",\"response_action\":\"click(0) @4\",\"correctResponse\":\"4\",\"correct\":true,\"ended_on\":\"response\",\"duration\":97782,\"time_run\":228448,\"time_render\":228461,\"time_show\":228539.00000000003,\"time_end\":326243,\"time_commit\":326250,\"timestamp\":\"2021-07-13T21:01:36.749Z\",\"time_switch\":326346},{\"sender\":\"test12\",\"sender_type\":\"canvas.Screen\",\"sender_id\":\"7_11\",\"response\":\"1\",\"response_action\":\"click(0) @1\",\"correctResponse\":\"1\",\"correct\":true,\"ended_on\":\"response\",\"duration\":108797,\"time_run\":326250,\"time_render\":326268,\"time_show\":326346,\"time_end\":435065,\"time_commit\":435076,\"timestamp\":\"2021-07-13T21:03:25.579Z\",\"time_switch\":435109.00000000006},{\"sender\":\"tests (15min)\",\"sender_type\":\"flow.Sequence\",\"sender_id\":\"7\",\"ended_on\":\"completion\",\"duration\":391461,\"time_run\":43513,\"time_render\":43532,\"time_show\":43604,\"time_end\":435065,\"time_commit\":435077,\"timestamp\":\"2021-07-13T21:03:25.580Z\",\"time_switch\":435109.00000000006},{\"sender\":\"good bye\",\"sender_type\":\"canvas.Screen\",\"sender_id\":\"8\",\"ended_on\":\"timeout\",\"duration\":4000,\"time_run\":435078.00000000006,\"time_render\":435092,\"time_show\":435109.00000000006,\"time_end\":439092,\"time_commit\":439093,\"timestamp\":\"2021-07-13T21:03:29.595Z\",\"time_switch\":439109.00000000006},{\"sender\":\"root\",\"sender_type\":\"flow.Sequence\",\"sender_id\":null,\"ended_on\":\"completion\",\"duration\":433713,\"time_run\":5342.000000000001,\"time_render\":5362,\"time_show\":5379,\"time_end\":439092,\"time_commit\":439094,\"timestamp\":\"2021-07-13T21:03:29.597Z\",\"time_switch\":439109.00000000006}]",
    "metadata": "{\"slice\":0,\"id\":\"58d04d2a-cd6e-418f-9794-84489008be09\",\"payload\":\"full\"}",
    "url": "https://exp01.zih.tu-dresden.de/experiments/raven_task/"
}