{
    "data": "[{\"url\":{},\"meta\":{\"labjs_version\":\"20.1.1\",\"labjs_build\":{\"flavor\":\"production\",\"commit\":\"cd5695f774968f50499757c1423bd95d033ea08e\"},\"location\":\"https://exp01.zih.tu-dresden.de/experiments/spot_a_word_task/\",\"userAgent\":\"Mozilla/5.0 (Macintosh; Intel Mac OS X 10_13_6) AppleWebKit/605.1.15 (KHTML, like Gecko) Version/11.1.2 Safari/605.1.15\",\"platform\":\"MacIntel\",\"language\":\"de-DE\",\"locale\":\"de-DE\",\"timeZone\":\"Europe/Berlin\",\"timezoneOffset\":-120,\"screen_width\":1440,\"screen_height\":900,\"scroll_width\":1440,\"scroll_height\":839,\"window_innerWidth\":1440,\"window_innerHeight\":839,\"devicePixelRatio\":1},\"sender\":\"start_html\",\"sender_type\":\"html.Screen\",\"sender_id\":\"0\",\"ended_on\":\"timeout\",\"time_run\":621,\"time_render\":636,\"time_show\":653,\"time_end\":6636,\"time_commit\":6638,\"timestamp\":\"2021-07-13T20:50:12.859Z\",\"time_switch\":6652,\"duration\":5999},{\"sender\":\"manual_html\",\"sender_type\":\"html.Screen\",\"sender_id\":\"1\",\"response\":\"space\",\"response_action\":\"keypress(Space)\",\"ended_on\":\"response\",\"duration\":32616,\"time_run\":6639,\"time_render\":6636,\"time_show\":6652,\"time_end\":39252,\"time_commit\":39312,\"timestamp\":\"2021-07-13T20:50:45.535Z\",\"time_switch\":39355.00000000001},{\"sender\":\"example1_screen\",\"sender_type\":\"canvas.Screen\",\"sender_id\":\"2\",\"response\":\"4\",\"response_action\":\"keypress(4)\",\"correctResponse\":\"4\",\"correct\":true,\"ended_on\":\"response\",\"duration\":3661,\"time_run\":39326,\"time_render\":39339,\"time_show\":39355.00000000001,\"time_end\":43000,\"time_commit\":43047.00000000001,\"timestamp\":\"2021-07-13T20:50:49.270Z\",\"time_switch\":43088},{\"sender\":\"example1_feedback\",\"sender_type\":\"canvas.Screen\",\"sender_id\":\"3\",\"response\":\"Space\",\"response_action\":\"keypress(Space)\",\"ended_on\":\"response\",\"duration\":1727,\"time_run\":43052,\"time_render\":43072,\"time_show\":43088,\"time_end\":44799,\"time_commit\":44847,\"timestamp\":\"2021-07-13T20:50:51.070Z\",\"time_switch\":44889},{\"sender\":\"example2_screen\",\"sender_type\":\"canvas.Screen\",\"sender_id\":\"4\",\"response\":\"5\",\"response_action\":\"keypress(5)\",\"correctResponse\":\"5\",\"correct\":true,\"ended_on\":\"response\",\"duration\":2769,\"time_run\":44854,\"time_render\":44872,\"time_show\":44889,\"time_end\":47641,\"time_commit\":47689,\"timestamp\":\"2021-07-13T20:50:53.912Z\",\"time_switch\":47739.00000000001},{\"sender\":\"example2_feedback\",\"sender_type\":\"canvas.Screen\",\"sender_id\":\"5\",\"response\":\"Space\",\"response_action\":\"keypress(Space)\",\"ended_on\":\"response\",\"duration\":1351,\"time_run\":47697,\"time_render\":47723,\"time_show\":47739.00000000001,\"time_end\":49074,\"time_commit\":49121,\"timestamp\":\"2021-07-13T20:50:55.344Z\",\"time_switch\":49156},{\"sender\":\"example3_screen\",\"sender_type\":\"canvas.Screen\",\"sender_id\":\"6\",\"response\":\"1\",\"response_action\":\"keypress(1)\",\"correctResponse\":\"1\",\"correct\":true,\"ended_on\":\"response\",\"duration\":4019,\"time_run\":49126,\"time_render\":49139,\"time_show\":49156,\"time_end\":53158,\"time_commit\":53208,\"timestamp\":\"2021-07-13T20:50:59.431Z\",\"time_switch\":53255},{\"sender\":\"example3_feedback\",\"sender_type\":\"canvas.Screen\",\"sender_id\":\"7\",\"response\":\"Space\",\"response_action\":\"keypress(Space)\",\"ended_on\":\"response\",\"duration\":1672,\"time_run\":53213,\"time_render\":53240,\"time_show\":53255,\"time_end\":54912,\"time_commit\":54962,\"timestamp\":\"2021-07-13T20:51:01.185Z\",\"time_switch\":55006},{\"sender\":\"get_ready_html\",\"sender_type\":\"html.Screen\",\"sender_id\":\"8\",\"response\":\"space\",\"response_action\":\"keypress(Space)\",\"ended_on\":\"response\",\"duration\":5143,\"time_run\":54963,\"time_render\":54990,\"time_show\":55006,\"time_end\":60133,\"time_commit\":60181.00000000001,\"timestamp\":\"2021-07-13T20:51:06.405Z\",\"time_switch\":60273},{\"sender\":\"trial_screen\",\"sender_type\":\"canvas.Screen\",\"sender_id\":\"9_0\",\"trial_ID\":1,\"word1\":\"siziol\",\"word2\":\"salzahl\",\"word3\":\"sozihl\",\"word4\":\"sziam\",\"word5\":\"sozial\",\"response\":\"5\",\"response_action\":\"keypress(5)\",\"correctResponse\":\"5\",\"correct\":true,\"ended_on\":\"response\",\"duration\":2262,\"time_run\":60235,\"time_render\":60256,\"time_show\":60273,\"time_end\":62518,\"time_commit\":62568,\"timestamp\":\"2021-07-13T20:51:08.791Z\",\"time_switch\":62606},{\"sender\":\"trial_screen\",\"sender_type\":\"canvas.Screen\",\"sender_id\":\"9_1\",\"trial_ID\":2,\"word1\":\"Lamone\",\"word2\":\"Talane\",\"word3\":\"Matrone\",\"word4\":\"Tarone\",\"word5\":\"Malonte\",\"response\":\"3\",\"response_action\":\"keypress(3)\",\"correctResponse\":\"3\",\"correct\":true,\"ended_on\":\"response\",\"duration\":4514,\"time_run\":62571,\"time_render\":62590,\"time_show\":62606,\"time_end\":67104,\"time_commit\":67152,\"timestamp\":\"2021-07-13T20:51:13.376Z\",\"time_switch\":67190},{\"sender\":\"trial_screen\",\"sender_type\":\"canvas.Screen\",\"sender_id\":\"9_2\",\"trial_ID\":3,\"word1\":\"kurinesisch\",\"word2\":\"kulinarisch\",\"word3\":\"kumenisch\",\"word4\":\"kulissarisch\",\"word5\":\"kannastrisch\",\"response\":\"2\",\"response_action\":\"keypress(2)\",\"correctResponse\":\"2\",\"correct\":true,\"ended_on\":\"response\",\"duration\":2559,\"time_run\":67156,\"time_render\":67173,\"time_show\":67190,\"time_end\":69732,\"time_commit\":69780,\"timestamp\":\"2021-07-13T20:51:16.004Z\",\"time_switch\":69824},{\"sender\":\"trial_screen\",\"sender_type\":\"canvas.Screen\",\"sender_id\":\"9_3\",\"trial_ID\":4,\"word1\":\"Tinxur\",\"word2\":\"Kukutur\",\"word3\":\"Fraktan\",\"word4\":\"Tinktur\",\"word5\":\"Rimsuhr\",\"response\":\"4\",\"response_action\":\"keypress(4)\",\"correctResponse\":\"4\",\"correct\":true,\"ended_on\":\"response\",\"duration\":3016,\"time_run\":69785,\"time_render\":69808,\"time_show\":69824,\"time_end\":72824,\"time_commit\":72872,\"timestamp\":\"2021-07-13T20:51:19.095Z\",\"time_switch\":72908},{\"sender\":\"trial_screen\",\"sender_type\":\"canvas.Screen\",\"sender_id\":\"9_4\",\"trial_ID\":5,\"word1\":\"beralen\",\"word2\":\"ger\u00e4ltet\",\"word3\":\"an\u00e4lteren\",\"word4\":\"unt\u00e4ren\",\"word5\":\"verbr\u00e4men\",\"response\":\"5\",\"response_action\":\"keypress(5)\",\"correctResponse\":\"5\",\"correct\":true,\"ended_on\":\"response\",\"duration\":7009,\"time_run\":72875,\"time_render\":72892,\"time_show\":72908,\"time_end\":79901,\"time_commit\":79950,\"timestamp\":\"2021-07-13T20:51:26.174Z\",\"time_switch\":79990},{\"sender\":\"trial_screen\",\"sender_type\":\"canvas.Screen\",\"sender_id\":\"9_5\",\"trial_ID\":6,\"word1\":\"Rosto\",\"word2\":\"Torso\",\"word3\":\"Soro\",\"word4\":\"Torgos\",\"word5\":\"Tosor\",\"response\":\"2\",\"response_action\":\"keypress(2)\",\"correctResponse\":\"2\",\"correct\":true,\"ended_on\":\"response\",\"duration\":4230.999999999985,\"time_run\":79954.00000000001,\"time_render\":79975.00000000001,\"time_show\":79990,\"time_end\":84206,\"time_commit\":84255,\"timestamp\":\"2021-07-13T20:51:30.479Z\",\"time_switch\":84292},{\"sender\":\"trial_screen\",\"sender_type\":\"canvas.Screen\",\"sender_id\":\"9_6\",\"trial_ID\":7,\"word1\":\"Redor\",\"word2\":\"Radium\",\"word3\":\"Terion\",\"word4\":\"Dramin\",\"word5\":\"Orakium\",\"response\":\"2\",\"response_action\":\"keypress(2)\",\"correctResponse\":\"2\",\"correct\":true,\"ended_on\":\"response\",\"duration\":3599,\"time_run\":84259,\"time_render\":84274,\"time_show\":84292,\"time_end\":87873,\"time_commit\":87921,\"timestamp\":\"2021-07-13T20:51:34.146Z\",\"time_switch\":87958},{\"sender\":\"trial_screen\",\"sender_type\":\"canvas.Screen\",\"sender_id\":\"9_7\",\"trial_ID\":8,\"word1\":\"Nale\",\"word2\":\"Sahe\",\"word3\":\"Nase\",\"word4\":\"Nesa\",\"word5\":\"Sehna\",\"response\":\"3\",\"response_action\":\"keypress(3)\",\"correctResponse\":\"3\",\"correct\":true,\"ended_on\":\"response\",\"duration\":2274.0000000000146,\"time_run\":87926,\"time_render\":87942,\"time_show\":87958,\"time_end\":90216.00000000001,\"time_commit\":90264,\"timestamp\":\"2021-07-13T20:51:36.489Z\",\"time_switch\":90308},{\"sender\":\"trial_screen\",\"sender_type\":\"canvas.Screen\",\"sender_id\":\"9_8\",\"trial_ID\":9,\"word1\":\"Rilkiase\",\"word2\":\"Kilister\",\"word3\":\"Riliker\",\"word4\":\"Klistier\",\"word5\":\"Linkure\",\"response\":\"3\",\"response_action\":\"keypress(3)\",\"correctResponse\":\"4\",\"correct\":false,\"ended_on\":\"response\",\"duration\":7254,\"time_run\":90269,\"time_render\":90291,\"time_show\":90308,\"time_end\":97545,\"time_commit\":97593,\"timestamp\":\"2021-07-13T20:51:43.818Z\",\"time_switch\":97643},{\"sender\":\"trial_screen\",\"sender_type\":\"canvas.Screen\",\"sender_id\":\"9_9\",\"trial_ID\":10,\"word1\":\"kentern\",\"word2\":\"knerte\",\"word3\":\"kanzen\",\"word4\":\"kretern\",\"word5\":\"trekern\",\"response\":\"5\",\"response_action\":\"keypress(5)\",\"correctResponse\":\"1\",\"correct\":false,\"ended_on\":\"response\",\"duration\":4584.000000000015,\"time_run\":97598,\"time_render\":97626,\"time_show\":97643,\"time_end\":102210.00000000001,\"time_commit\":102260,\"timestamp\":\"2021-07-13T20:51:48.485Z\",\"time_switch\":102293},{\"sender\":\"trial_screen\",\"sender_type\":\"canvas.Screen\",\"sender_id\":\"9_10\",\"trial_ID\":11,\"word1\":\"Sorekin\",\"word2\":\"Sarowin\",\"word3\":\"Rosakin\",\"word4\":\"Narosin\",\"word5\":\"Kerosin\",\"response\":\"5\",\"response_action\":\"keypress(5)\",\"correctResponse\":\"5\",\"correct\":true,\"ended_on\":\"response\",\"duration\":3741,\"time_run\":102265,\"time_render\":102276,\"time_show\":102293,\"time_end\":106017,\"time_commit\":106066,\"timestamp\":\"2021-07-13T20:51:52.291Z\",\"time_switch\":106110},{\"sender\":\"trial_screen\",\"sender_type\":\"canvas.Screen\",\"sender_id\":\"9_11\",\"trial_ID\":12,\"word1\":\"Ralke\",\"word2\":\"Korre\",\"word3\":\"Ruckse\",\"word4\":\"Recke\",\"word5\":\"Ulte\",\"response\":\"4\",\"response_action\":\"keypress(4)\",\"correctResponse\":\"4\",\"correct\":true,\"ended_on\":\"response\",\"duration\":5712,\"time_run\":106070.00000000001,\"time_render\":106092,\"time_show\":106110,\"time_end\":111804,\"time_commit\":111856.00000000001,\"timestamp\":\"2021-07-13T20:51:58.081Z\",\"time_switch\":111894},{\"sender\":\"trial_screen\",\"sender_type\":\"canvas.Screen\",\"sender_id\":\"9_12\",\"trial_ID\":13,\"word1\":\"Kapaun\",\"word2\":\"Paukan\",\"word3\":\"Naupack\",\"word4\":\"Aupeck\",\"word5\":\"Ankepran\",\"response\":\"3\",\"response_action\":\"keypress(3)\",\"correctResponse\":\"1\",\"correct\":false,\"ended_on\":\"response\",\"duration\":7401,\"time_run\":111860,\"time_render\":111877,\"time_show\":111894,\"time_end\":119278,\"time_commit\":119327,\"timestamp\":\"2021-07-13T20:52:05.552Z\",\"time_switch\":119360},{\"sender\":\"trial_screen\",\"sender_type\":\"canvas.Screen\",\"sender_id\":\"9_13\",\"trial_ID\":14,\"word1\":\"Dissonanz\",\"word2\":\"Diskrisanz\",\"word3\":\"Distranz\",\"word4\":\"Dinotanz\",\"word5\":\"Sidonenz\",\"response\":\"1\",\"response_action\":\"keypress(1)\",\"correctResponse\":\"1\",\"correct\":true,\"ended_on\":\"response\",\"duration\":1591.9999999999854,\"time_run\":119332.00000000001,\"time_render\":119344.00000000001,\"time_show\":119360,\"time_end\":120936,\"time_commit\":120987.00000000001,\"timestamp\":\"2021-07-13T20:52:07.212Z\",\"time_switch\":121028},{\"sender\":\"trial_screen\",\"sender_type\":\"canvas.Screen\",\"sender_id\":\"9_14\",\"trial_ID\":15,\"word1\":\"Kirse\",\"word2\":\"Sirke\",\"word3\":\"Krise\",\"word4\":\"Krospe\",\"word5\":\"Seris\",\"response\":\"3\",\"response_action\":\"keypress(3)\",\"correctResponse\":\"3\",\"correct\":true,\"ended_on\":\"response\",\"duration\":2501,\"time_run\":120992,\"time_render\":121011,\"time_show\":121028,\"time_end\":123512,\"time_commit\":123562,\"timestamp\":\"2021-07-13T20:52:09.787Z\",\"time_switch\":123594.00000000001},{\"sender\":\"trial_screen\",\"sender_type\":\"canvas.Screen\",\"sender_id\":\"9_15\",\"trial_ID\":16,\"word1\":\"Tume\",\"word2\":\"Umat\",\"word3\":\"Maut\",\"word4\":\"Taum\",\"word5\":\"Muta\",\"response\":\"3\",\"response_action\":\"keypress(3)\",\"correctResponse\":\"3\",\"correct\":true,\"ended_on\":\"response\",\"duration\":2576,\"time_run\":123566,\"time_render\":123577,\"time_show\":123594.00000000001,\"time_end\":126153,\"time_commit\":126205,\"timestamp\":\"2021-07-13T20:52:12.430Z\",\"time_switch\":126244},{\"sender\":\"trial_screen\",\"sender_type\":\"canvas.Screen\",\"sender_id\":\"9_16\",\"trial_ID\":17,\"word1\":\"Tuhl\",\"word2\":\"Lar\",\"word3\":\"Lest\",\"word4\":\"Dall\",\"word5\":\"Lid\",\"response\":\"5\",\"response_action\":\"keypress(5)\",\"correctResponse\":\"5\",\"correct\":true,\"ended_on\":\"response\",\"duration\":3714,\"time_run\":126210.00000000001,\"time_render\":126227,\"time_show\":126244,\"time_end\":129941,\"time_commit\":129993,\"timestamp\":\"2021-07-13T20:52:16.218Z\",\"time_switch\":130027.99999999999},{\"sender\":\"trial_screen\",\"sender_type\":\"canvas.Screen\",\"sender_id\":\"9_17\",\"trial_ID\":18,\"word1\":\"Adept\",\"word2\":\"Padet\",\"word3\":\"Edapt\",\"word4\":\"Epatt\",\"word5\":\"Taped\",\"response\":\"5\",\"response_action\":\"keypress(5)\",\"correctResponse\":\"1\",\"correct\":false,\"ended_on\":\"response\",\"duration\":3561,\"time_run\":129997.00000000001,\"time_render\":130012,\"time_show\":130027.99999999999,\"time_end\":133573,\"time_commit\":133623,\"timestamp\":\"2021-07-13T20:52:19.848Z\",\"time_switch\":133662},{\"sender\":\"trial_screen\",\"sender_type\":\"canvas.Screen\",\"sender_id\":\"9_18\",\"trial_ID\":19,\"word1\":\"Spirine\",\"word2\":\"Saprin\",\"word3\":\"Parsin\",\"word4\":\"Purin\",\"word5\":\"Asprint\",\"response\":\"2\",\"response_action\":\"keypress(2)\",\"correctResponse\":\"4\",\"correct\":false,\"ended_on\":\"response\",\"duration\":5751.000000000029,\"time_run\":133627,\"time_render\":133645,\"time_show\":133662,\"time_end\":139396.00000000003,\"time_commit\":139448,\"timestamp\":\"2021-07-13T20:52:25.674Z\",\"time_switch\":139496},{\"sender\":\"trial_screen\",\"sender_type\":\"canvas.Screen\",\"sender_id\":\"9_19\",\"trial_ID\":20,\"word1\":\"Kulon\",\"word2\":\"Solgun\",\"word3\":\"Koskan\",\"word4\":\"Soran\",\"word5\":\"Klonus\",\"response\":\"4\",\"response_action\":\"keypress(4)\",\"correctResponse\":\"5\",\"correct\":false,\"ended_on\":\"response\",\"duration\":4115,\"time_run\":139453,\"time_render\":139479,\"time_show\":139496,\"time_end\":143594,\"time_commit\":143644,\"timestamp\":\"2021-07-13T20:52:29.870Z\",\"time_switch\":143679},{\"sender\":\"trial_screen\",\"sender_type\":\"canvas.Screen\",\"sender_id\":\"9_20\",\"trial_ID\":21,\"word1\":\"Tronke\",\"word2\":\"Nocktherm\",\"word3\":\"Teronk\",\"word4\":\"Komtur\",\"word5\":\"Rocktur\",\"response\":\"4\",\"response_action\":\"keypress(4)\",\"correctResponse\":\"4\",\"correct\":true,\"ended_on\":\"response\",\"duration\":4829,\"time_run\":143649,\"time_render\":143662,\"time_show\":143679,\"time_end\":148491,\"time_commit\":148543,\"timestamp\":\"2021-07-13T20:52:34.769Z\",\"time_switch\":148579},{\"sender\":\"trial_screen\",\"sender_type\":\"canvas.Screen\",\"sender_id\":\"9_21\",\"trial_ID\":22,\"word1\":\"Ripat\",\"word2\":\"Patinatte\",\"word3\":\"Tapir\",\"word4\":\"Apitt\",\"word5\":\"Padir\",\"response\":\"3\",\"response_action\":\"keypress(3)\",\"correctResponse\":\"3\",\"correct\":true,\"ended_on\":\"response\",\"duration\":2869,\"time_run\":148547,\"time_render\":148562,\"time_show\":148579,\"time_end\":151431,\"time_commit\":151484,\"timestamp\":\"2021-07-13T20:52:37.710Z\",\"time_switch\":151530},{\"sender\":\"trial_screen\",\"sender_type\":\"canvas.Screen\",\"sender_id\":\"9_22\",\"trial_ID\":23,\"word1\":\"Akifer\",\"word2\":\"Fiaker\",\"word3\":\"Kiaffa\",\"word4\":\"Sariffer\",\"word5\":\"Refisker\",\"response\":\"4\",\"response_action\":\"keypress(4)\",\"correctResponse\":\"2\",\"correct\":false,\"ended_on\":\"response\",\"duration\":5496,\"time_run\":151489,\"time_render\":151513,\"time_show\":151530,\"time_end\":157009,\"time_commit\":157059,\"timestamp\":\"2021-07-13T20:52:43.285Z\",\"time_switch\":157097},{\"sender\":\"trial_screen\",\"sender_type\":\"canvas.Screen\",\"sender_id\":\"9_23\",\"trial_ID\":24,\"word1\":\"Kleiber\",\"word2\":\"Beikel\",\"word3\":\"Keibel\",\"word4\":\"Reikler\",\"word5\":\"Biekerl\",\"response\":\"3\",\"response_action\":\"keypress(3)\",\"correctResponse\":\"1\",\"correct\":false,\"ended_on\":\"response\",\"duration\":3705,\"time_run\":157064,\"time_render\":157080,\"time_show\":157097,\"time_end\":160785,\"time_commit\":160836,\"timestamp\":\"2021-07-13T20:52:47.062Z\",\"time_switch\":160879},{\"sender\":\"trial_screen\",\"sender_type\":\"canvas.Screen\",\"sender_id\":\"9_24\",\"trial_ID\":25,\"word1\":\"Ig\u00e4de\",\"word2\":\"D\u00e4gie\",\"word3\":\"\u00c4gide\",\"word4\":\"Dig\u00e4de\",\"word5\":\"Giad\",\"response\":\"3\",\"response_action\":\"keypress(3)\",\"correctResponse\":\"3\",\"correct\":true,\"ended_on\":\"response\",\"duration\":5075.000000000029,\"time_run\":160840,\"time_render\":160863,\"time_show\":160879,\"time_end\":165938.00000000003,\"time_commit\":165989,\"timestamp\":\"2021-07-13T20:52:52.215Z\",\"time_switch\":166031},{\"sender\":\"trial_screen\",\"sender_type\":\"canvas.Screen\",\"sender_id\":\"9_25\",\"trial_ID\":26,\"word1\":\"Rixal\",\"word2\":\"Irtax\",\"word3\":\"Rackizie\",\"word4\":\"Matrix\",\"word5\":\"Atrige\",\"response\":\"4\",\"response_action\":\"keypress(4)\",\"correctResponse\":\"4\",\"correct\":true,\"ended_on\":\"response\",\"duration\":2813,\"time_run\":165994,\"time_render\":166014,\"time_show\":166031,\"time_end\":168827,\"time_commit\":168878,\"timestamp\":\"2021-07-13T20:52:55.105Z\",\"time_switch\":168914.00000000003},{\"sender\":\"trial_screen\",\"sender_type\":\"canvas.Screen\",\"sender_id\":\"9_26\",\"trial_ID\":27,\"word1\":\"Haskisch\",\"word2\":\"Asmisch\",\"word3\":\"Schisma\",\"word4\":\"Rasthmie\",\"word5\":\"Ilschah\",\"response\":\"2\",\"response_action\":\"keypress(2)\",\"correctResponse\":\"3\",\"correct\":false,\"ended_on\":\"response\",\"duration\":4105,\"time_run\":168882,\"time_render\":168897,\"time_show\":168914.00000000003,\"time_end\":173002,\"time_commit\":173054,\"timestamp\":\"2021-07-13T20:52:59.281Z\",\"time_switch\":173098},{\"sender\":\"trial_screen\",\"sender_type\":\"canvas.Screen\",\"sender_id\":\"9_27\",\"trial_ID\":28,\"word1\":\"Sallose\",\"word2\":\"Lordose\",\"word3\":\"Dormase\",\"word4\":\"Rollase\",\"word5\":\"Ardierole\",\"response\":\"4\",\"response_action\":\"keypress(4)\",\"correctResponse\":\"2\",\"correct\":false,\"ended_on\":\"response\",\"duration\":4095.999999999971,\"time_run\":173060,\"time_render\":173081.00000000003,\"time_show\":173098,\"time_end\":177177,\"time_commit\":177228,\"timestamp\":\"2021-07-13T20:53:03.455Z\",\"time_switch\":177264},{\"sender\":\"trial_screen\",\"sender_type\":\"canvas.Screen\",\"sender_id\":\"9_28\",\"trial_ID\":29,\"word1\":\"Intranotion\",\"word2\":\"Infranatura\",\"word3\":\"Internodium\",\"word4\":\"Indotalie\",\"word5\":\"Indosta\",\"response\":\"3\",\"response_action\":\"keypress(3)\",\"correctResponse\":\"3\",\"correct\":true,\"ended_on\":\"response\",\"duration\":4388,\"time_run\":177233,\"time_render\":177247,\"time_show\":177264,\"time_end\":181635,\"time_commit\":181687,\"timestamp\":\"2021-07-13T20:53:07.914Z\",\"time_switch\":181731},{\"sender\":\"trial_screen\",\"sender_type\":\"canvas.Screen\",\"sender_id\":\"9_29\",\"trial_ID\":30,\"word1\":\"Idaste\",\"word2\":\"Dastrix\",\"word3\":\"Astike\",\"word4\":\"Sadile\",\"word5\":\"Kasside\",\"response\":\"2\",\"response_action\":\"keypress(2)\",\"correctResponse\":\"5\",\"correct\":false,\"ended_on\":\"response\",\"duration\":4061,\"time_run\":181691,\"time_render\":181714,\"time_show\":181731,\"time_end\":185775,\"time_commit\":185826,\"timestamp\":\"2021-07-13T20:53:12.054Z\",\"time_switch\":185864},{\"sender\":\"trial_screen\",\"sender_type\":\"canvas.Screen\",\"sender_id\":\"9_30\",\"trial_ID\":31,\"word1\":\"Libration\",\"word2\":\"Bilation\",\"word3\":\"Arlation\",\"word4\":\"Iberation\",\"word5\":\"Tiradon\",\"response\":\"2\",\"response_action\":\"keypress(2)\",\"correctResponse\":\"1\",\"correct\":false,\"ended_on\":\"response\",\"duration\":2464,\"time_run\":185831.00000000003,\"time_render\":185849.00000000003,\"time_show\":185864,\"time_end\":188313.00000000003,\"time_commit\":188367,\"timestamp\":\"2021-07-13T20:53:14.594Z\",\"time_switch\":188398},{\"sender\":\"trial_screen\",\"sender_type\":\"canvas.Screen\",\"sender_id\":\"9_31\",\"trial_ID\":32,\"word1\":\"Pucker\",\"word2\":\"Keuper\",\"word3\":\"Eucker\",\"word4\":\"Reuspeck\",\"word5\":\"Urkane\",\"response\":\"1\",\"response_action\":\"keypress(1)\",\"correctResponse\":\"2\",\"correct\":false,\"ended_on\":\"response\",\"duration\":4319.000000000029,\"time_run\":188371,\"time_render\":188381,\"time_show\":188398,\"time_end\":192700.00000000003,\"time_commit\":192752,\"timestamp\":\"2021-07-13T20:53:18.979Z\",\"time_switch\":192799},{\"sender\":\"trial_screen\",\"sender_type\":\"canvas.Screen\",\"sender_id\":\"9_32\",\"trial_ID\":33,\"word1\":\"Sickaber\",\"word2\":\"Bassiker\",\"word3\":\"Kassiber\",\"word4\":\"Sassiker\",\"word5\":\"Askiber\",\"response\":\"2\",\"response_action\":\"keypress(2)\",\"correctResponse\":\"3\",\"correct\":false,\"ended_on\":\"response\",\"duration\":3739.999999999971,\"time_run\":192756,\"time_render\":192783.00000000003,\"time_show\":192799,\"time_end\":196523,\"time_commit\":196576,\"timestamp\":\"2021-07-13T20:53:22.804Z\",\"time_switch\":196615},{\"sender\":\"trial_screen\",\"sender_type\":\"canvas.Screen\",\"sender_id\":\"9_33\",\"trial_ID\":34,\"word1\":\"Alquallon\",\"word2\":\"Lisqualien\",\"word3\":\"Talquallen\",\"word4\":\"Quisquilien\",\"word5\":\"Rielquellen\",\"response\":\"4\",\"response_action\":\"keypress(4)\",\"correctResponse\":\"4\",\"correct\":true,\"ended_on\":\"response\",\"duration\":4514,\"time_run\":196582,\"time_render\":196600,\"time_show\":196615,\"time_end\":201114,\"time_commit\":201167,\"timestamp\":\"2021-07-13T20:53:27.395Z\",\"time_switch\":201216},{\"sender\":\"trial_screen\",\"sender_type\":\"canvas.Screen\",\"sender_id\":\"9_34\",\"trial_ID\":35,\"word1\":\"Berkiza\",\"word2\":\"Brekzie\",\"word3\":\"Birakzie\",\"word4\":\"Brikazie\",\"word5\":\"Bakiria\",\"response\":\"5\",\"response_action\":\"keypress(5)\",\"correctResponse\":\"2\",\"correct\":false,\"ended_on\":\"response\",\"duration\":3846.999999999971,\"time_run\":201172,\"time_render\":201200.00000000003,\"time_show\":201216,\"time_end\":205047,\"time_commit\":205100,\"timestamp\":\"2021-07-13T20:53:31.328Z\",\"time_switch\":205133},{\"sender\":\"loop_trial\",\"sender_type\":\"flow.Loop\",\"sender_id\":\"9\",\"ended_on\":\"completion\",\"duration\":144774,\"time_run\":60229,\"time_render\":60256,\"time_show\":60273,\"time_end\":205047,\"time_commit\":205101,\"timestamp\":\"2021-07-13T20:53:31.328Z\",\"time_switch\":205133},{\"sender\":\"end_html\",\"sender_type\":\"html.Screen\",\"sender_id\":\"10\",\"response\":\"anykey\",\"response_action\":\"keypress\",\"ended_on\":\"response\",\"duration\":1269,\"time_run\":205101,\"time_render\":205117,\"time_show\":205133,\"time_end\":206386,\"time_commit\":206438.00000000003,\"timestamp\":\"2021-07-13T20:53:32.666Z\",\"time_switch\":206466},{\"sender\":\"root\",\"sender_type\":\"flow.Sequence\",\"sender_id\":null,\"ended_on\":\"completion\",\"duration\":205733,\"time_run\":620,\"time_render\":636,\"time_show\":653,\"time_end\":206386,\"time_commit\":206439,\"timestamp\":\"2021-07-13T20:53:32.667Z\",\"time_switch\":206466}]",
    "metadata": "{\"slice\":0,\"id\":\"d54291fe-ba68-422d-898e-72b95d807551\",\"payload\":\"full\"}",
    "url": "https://exp01.zih.tu-dresden.de/experiments/spot_a_word_task/"
}