{
    "data": "[{\"url\":{},\"meta\":{\"labjs_version\":\"20.1.1\",\"labjs_build\":{\"flavor\":\"production\",\"commit\":\"cd5695f774968f50499757c1423bd95d033ea08e\"},\"location\":\"https://exp02.zih.tu-dresden.de/experiments/raven_task/\",\"userAgent\":\"Mozilla/5.0 (Windows NT 10.0; Win64; x64) AppleWebKit/537.36 (KHTML, like Gecko) Chrome/89.0.4389.114 Safari/537.36 OPR/75.0.3969.171\",\"platform\":\"Win32\",\"language\":\"de-DE\",\"locale\":\"de\",\"timeZone\":\"Europe/Berlin\",\"timezoneOffset\":-120,\"screen_width\":1536,\"screen_height\":864,\"scroll_width\":1496,\"scroll_height\":706,\"window_innerWidth\":1496,\"window_innerHeight\":754,\"devicePixelRatio\":1.25},\"sender\":\"welcome\",\"sender_type\":\"canvas.Screen\",\"sender_id\":\"0\",\"response\":\"any\",\"response_action\":\"keypress\",\"ended_on\":\"response\",\"duration\":6726.404999968708,\"time_run\":3368.144999956712,\"time_render\":3224.197,\"time_show\":3357.495,\"time_end\":10083.899999968708,\"time_commit\":10089.574999874458,\"timestamp\":\"2021-05-13T17:28:57.936Z\",\"time_switch\":10089.119},{\"sender\":\"instructions\",\"sender_type\":\"html.Page\",\"sender_id\":\"1\",\"response\":\"Space\",\"response_action\":\"keypress(Space)\",\"ended_on\":\"response\",\"duration\":511.9909999304855,\"time_run\":10090.30000003986,\"time_render\":10073.704,\"time_show\":10089.119,\"time_end\":10601.109999930486,\"time_commit\":10602.290000068024,\"timestamp\":\"2021-05-13T17:28:58.449Z\",\"time_switch\":10622.283},{\"sender\":\"example1\",\"sender_type\":\"canvas.Screen\",\"sender_id\":\"2\",\"response\":\"8\",\"response_action\":\"click(0) @8\",\"correctResponse\":\"8\",\"correct\":true,\"ended_on\":\"response\",\"duration\":19746.542000012294,\"time_run\":10602.639999939129,\"time_render\":10589.036,\"time_show\":10622.283,\"time_end\":30368.825000012293,\"time_commit\":30375.710000051185,\"timestamp\":\"2021-05-13T17:29:18.222Z\",\"time_switch\":30467.345},{\"sender\":\"example1_feedback\",\"sender_type\":\"canvas.Screen\",\"sender_id\":\"3\",\"response\":\"space\",\"response_action\":\"keypress(Space)\",\"ended_on\":\"response\",\"duration\":1319.0750000185508,\"time_run\":30465.82999988459,\"time_render\":30450.718,\"time_show\":30467.345,\"time_end\":31786.420000018552,\"time_commit\":31787.394999992102,\"timestamp\":\"2021-05-13T17:29:19.634Z\",\"time_switch\":31800.337},{\"sender\":\"example2\",\"sender_type\":\"canvas.Screen\",\"sender_id\":\"4\",\"response\":\"4\",\"response_action\":\"click(0) @4\",\"correctResponse\":\"4\",\"correct\":true,\"ended_on\":\"response\",\"duration\":9968.52799999091,\"time_run\":31787.699999986216,\"time_render\":31783.93,\"time_show\":31800.337,\"time_end\":41768.86499999091,\"time_commit\":41770.8050000947,\"timestamp\":\"2021-05-13T17:29:29.617Z\",\"time_switch\":41864.52},{\"sender\":\"example2_feedback\",\"sender_type\":\"canvas.Screen\",\"sender_id\":\"5\",\"response\":\"space\",\"response_action\":\"keypress(Space)\",\"ended_on\":\"response\",\"duration\":1126.7499998822095,\"time_run\":41856.63999989629,\"time_render\":41847.894,\"time_show\":41864.52,\"time_end\":42991.269999882206,\"time_commit\":42992.27000004612,\"timestamp\":\"2021-05-13T17:29:30.839Z\",\"time_switch\":43014.244},{\"sender\":\"get ready\",\"sender_type\":\"canvas.Screen\",\"sender_id\":\"6\",\"response\":\"Space\",\"response_action\":\"keypress(Space)\",\"ended_on\":\"response\",\"duration\":12159.605999904634,\"time_run\":42992.619999917224,\"time_render\":42980.958,\"time_show\":43014.244,\"time_end\":55173.84999990463,\"time_commit\":55174.829999916255,\"timestamp\":\"2021-05-13T17:29:43.021Z\",\"time_switch\":55177.896},{\"sender\":\"test01\",\"sender_type\":\"canvas.Screen\",\"sender_id\":\"7_0\",\"response\":\"7\",\"response_action\":\"click(0) @7\",\"correctResponse\":\"7\",\"correct\":true,\"ended_on\":\"response\",\"duration\":16334.949000019296,\"time_run\":55175.28999992646,\"time_render\":55163.822,\"time_show\":55177.896,\"time_end\":71512.8450000193,\"time_commit\":71514.58499999717,\"timestamp\":\"2021-05-13T17:29:59.361Z\",\"time_switch\":71523.823},{\"sender\":\"test02\",\"sender_type\":\"canvas.Screen\",\"sender_id\":\"7_1\",\"response\":\"4\",\"response_action\":\"click(0) @4\",\"correctResponse\":\"4\",\"correct\":true,\"ended_on\":\"response\",\"duration\":19309.061999923404,\"time_run\":71514.96999990195,\"time_render\":71507.152,\"time_show\":71523.823,\"time_end\":90832.88499992341,\"time_commit\":90834.58500006236,\"timestamp\":\"2021-05-13T17:30:18.681Z\",\"time_switch\":90835.676},{\"sender\":\"test03\",\"sender_type\":\"canvas.Screen\",\"sender_id\":\"7_2\",\"response\":\"6\",\"response_action\":\"click(0) @6\",\"correctResponse\":\"6\",\"correct\":true,\"ended_on\":\"response\",\"duration\":6557.16400010229,\"time_run\":90834.89999989979,\"time_render\":90818.978,\"time_show\":90835.676,\"time_end\":97392.8400001023,\"time_commit\":97394.40999994986,\"timestamp\":\"2021-05-13T17:30:25.241Z\",\"time_switch\":97400.704},{\"sender\":\"test04\",\"sender_type\":\"canvas.Screen\",\"sender_id\":\"7_3\",\"response\":\"2\",\"response_action\":\"click(0) @2\",\"correctResponse\":\"2\",\"correct\":true,\"ended_on\":\"response\",\"duration\":33032.10599991112,\"time_run\":97394.68999998644,\"time_render\":97384.009,\"time_show\":97400.704,\"time_end\":130432.80999991111,\"time_commit\":130434.46499994025,\"timestamp\":\"2021-05-13T17:30:58.281Z\",\"time_switch\":130442.405},{\"sender\":\"test05\",\"sender_type\":\"canvas.Screen\",\"sender_id\":\"7_4\",\"response\":\"4\",\"response_action\":\"click(0) @4\",\"correctResponse\":\"4\",\"correct\":true,\"ended_on\":\"response\",\"duration\":6086.419999928476,\"time_run\":130434.82999992557,\"time_render\":130425.796,\"time_show\":130442.405,\"time_end\":136528.82499992847,\"time_commit\":136530.35499993712,\"timestamp\":\"2021-05-13T17:31:04.377Z\",\"time_switch\":136540.953},{\"sender\":\"test06\",\"sender_type\":\"canvas.Screen\",\"sender_id\":\"7_5\",\"response\":\"7\",\"response_action\":\"click(0) @7\",\"correctResponse\":\"7\",\"correct\":true,\"ended_on\":\"response\",\"duration\":22451.876999886445,\"time_run\":136530.6349999737,\"time_render\":136524.336,\"time_show\":136540.953,\"time_end\":158992.82999988645,\"time_commit\":158994.53500006348,\"timestamp\":\"2021-05-13T17:31:26.841Z\",\"time_switch\":159002.011},{\"sender\":\"test07\",\"sender_type\":\"canvas.Screen\",\"sender_id\":\"7_6\",\"response\":\"1\",\"response_action\":\"click(0) @1\",\"correctResponse\":\"8\",\"correct\":false,\"ended_on\":\"response\",\"duration\":15982.808999895991,\"time_run\":158994.83500001952,\"time_render\":158985.328,\"time_show\":159002.011,\"time_end\":174984.819999896,\"time_commit\":174986.419999972,\"timestamp\":\"2021-05-13T17:31:42.833Z\",\"time_switch\":174997.959},{\"sender\":\"test08\",\"sender_type\":\"canvas.Screen\",\"sender_id\":\"7_7\",\"response\":\"1\",\"response_action\":\"click(0) @1\",\"correctResponse\":\"7\",\"correct\":false,\"ended_on\":\"response\",\"duration\":4650.890999997762,\"time_run\":174986.77999991924,\"time_render\":174981.344,\"time_show\":174997.959,\"time_end\":179648.84999999776,\"time_commit\":179650.2300000284,\"timestamp\":\"2021-05-13T17:31:47.496Z\",\"time_switch\":179663.477},{\"sender\":\"test09\",\"sender_type\":\"canvas.Screen\",\"sender_id\":\"7_8\",\"response\":\"2\",\"response_action\":\"click(0) @2\",\"correctResponse\":\"5\",\"correct\":false,\"ended_on\":\"response\",\"duration\":53417.352999875264,\"time_run\":179650.51000006497,\"time_render\":179646.857,\"time_show\":179663.477,\"time_end\":233080.82999987528,\"time_commit\":233082.35999988392,\"timestamp\":\"2021-05-13T17:32:40.929Z\",\"time_switch\":233083.559},{\"sender\":\"test10\",\"sender_type\":\"canvas.Screen\",\"sender_id\":\"7_9\",\"response\":\"5\",\"response_action\":\"click(0) @5\",\"correctResponse\":\"5\",\"correct\":true,\"ended_on\":\"response\",\"duration\":23829.255999930552,\"time_run\":233082.6300000772,\"time_render\":233066.868,\"time_show\":233083.559,\"time_end\":256912.81499993056,\"time_commit\":256914.42000004463,\"timestamp\":\"2021-05-13T17:33:04.761Z\",\"time_switch\":256927.603},{\"sender\":\"test11\",\"sender_type\":\"canvas.Screen\",\"sender_id\":\"7_10\",\"response\":\"1\",\"response_action\":\"click(0) @1\",\"correctResponse\":\"4\",\"correct\":false,\"ended_on\":\"response\",\"duration\":36330.75200005632,\"time_run\":256914.76000007242,\"time_render\":256910.926,\"time_show\":256927.603,\"time_end\":293258.3550000563,\"time_commit\":293259.8200000357,\"timestamp\":\"2021-05-13T17:33:41.106Z\",\"time_switch\":293268.579},{\"sender\":\"test12\",\"sender_type\":\"canvas.Screen\",\"sender_id\":\"7_11\",\"response\":\"3\",\"response_action\":\"click(0) @3\",\"correctResponse\":\"1\",\"correct\":false,\"ended_on\":\"response\",\"duration\":16676.236000053468,\"time_run\":293260.0950000342,\"time_render\":293251.869,\"time_show\":293268.579,\"time_end\":309944.8150000535,\"time_commit\":309946.22999988496,\"timestamp\":\"2021-05-13T17:33:57.792Z\",\"time_switch\":309964.359},{\"sender\":\"tests (15min)\",\"sender_type\":\"flow.Sequence\",\"sender_id\":\"7\",\"ended_on\":\"completion\",\"duration\":254766.9190000535,\"time_run\":55175.144999986514,\"time_render\":55163.822,\"time_show\":55177.896,\"time_end\":309944.8150000535,\"time_commit\":309949.83000005595,\"timestamp\":\"2021-05-13T17:33:57.796Z\",\"time_switch\":309964.359},{\"sender\":\"good bye\",\"sender_type\":\"canvas.Screen\",\"sender_id\":\"8\",\"ended_on\":\"timeout\",\"duration\":3999.0260000000126,\"time_run\":309950.1449998934,\"time_render\":309947.702,\"time_show\":309964.359,\"time_end\":313946.705,\"time_commit\":313947.8100000415,\"timestamp\":\"2021-05-13T17:34:01.794Z\",\"time_switch\":313963.385},{\"sender\":\"root\",\"sender_type\":\"flow.Sequence\",\"sender_id\":null,\"ended_on\":\"completion\",\"duration\":310589.21,\"time_run\":3367.58999992162,\"time_render\":3224.197,\"time_show\":3357.495,\"time_end\":313946.705,\"time_commit\":313948.7499999814,\"timestamp\":\"2021-05-13T17:34:01.795Z\",\"time_switch\":313963.385}]",
    "metadata": "{\"slice\":0,\"id\":\"05055915-80de-4063-8011-c64af003056d\",\"payload\":\"full\"}",
    "url": "https://exp02.zih.tu-dresden.de/experiments/raven_task/"
}