{
    "data": "[{\"url\":{},\"meta\":{\"labjs_version\":\"20.1.1\",\"labjs_build\":{\"flavor\":\"production\",\"commit\":\"cd5695f774968f50499757c1423bd95d033ea08e\"},\"location\":\"https://exp02.zih.tu-dresden.de/experiments/raven_task/\",\"userAgent\":\"Mozilla/5.0 (Windows NT 10.0; Win64; x64) AppleWebKit/537.36 (KHTML, like Gecko) Chrome/91.0.4472.124 Safari/537.36 Edg/91.0.864.70\",\"platform\":\"Win32\",\"language\":\"de\",\"locale\":\"de\",\"timeZone\":\"Europe/Berlin\",\"timezoneOffset\":-120,\"screen_width\":1368,\"screen_height\":912,\"scroll_width\":1368,\"scroll_height\":753,\"window_innerWidth\":1368,\"window_innerHeight\":801,\"devicePixelRatio\":2},\"sender\":\"welcome\",\"sender_type\":\"canvas.Screen\",\"sender_id\":\"0\",\"ended_on\":\"timeout\",\"duration\":8005.530000000001,\"time_run\":4652.5,\"time_render\":4501.32,\"time_show\":4651.358,\"time_end\":12640.304,\"time_commit\":12645.100000023842,\"timestamp\":\"2021-07-21T18:03:46.349Z\",\"time_switch\":12656.888},{\"sender\":\"instructions\",\"sender_type\":\"html.Page\",\"sender_id\":\"1\",\"response\":\"Space\",\"response_action\":\"keypress(Space)\",\"ended_on\":\"response\",\"duration\":33669.81199998808,\"time_run\":12645.5,\"time_render\":12640.304,\"time_show\":12656.888,\"time_end\":46326.69999998808,\"time_commit\":46331.90000003576,\"timestamp\":\"2021-07-21T18:04:20.036Z\",\"time_switch\":46363.829},{\"sender\":\"example1\",\"sender_type\":\"canvas.Screen\",\"sender_id\":\"2\",\"response\":\"8\",\"response_action\":\"click(0) @8\",\"correctResponse\":\"8\",\"correct\":true,\"ended_on\":\"response\",\"duration\":8586.271000023844,\"time_run\":46332.5,\"time_render\":46313.223,\"time_show\":46363.829,\"time_end\":54950.10000002384,\"time_commit\":54954.69999998808,\"timestamp\":\"2021-07-21T18:04:28.659Z\",\"time_switch\":55069.76},{\"sender\":\"example1_feedback\",\"sender_type\":\"canvas.Screen\",\"sender_id\":\"3\",\"response\":\"space\",\"response_action\":\"keypress(Space)\",\"ended_on\":\"response\",\"duration\":1785.439999988077,\"time_run\":55061.10000002384,\"time_render\":55053.262,\"time_show\":55069.76,\"time_end\":56855.19999998808,\"time_commit\":56857.40000003576,\"timestamp\":\"2021-07-21T18:04:30.561Z\",\"time_switch\":56871.024},{\"sender\":\"example2\",\"sender_type\":\"canvas.Screen\",\"sender_id\":\"4\",\"response\":\"4\",\"response_action\":\"click(0) @4\",\"correctResponse\":\"4\",\"correct\":true,\"ended_on\":\"response\",\"duration\":9710.776000011923,\"time_run\":56857.90000003576,\"time_render\":56854.266,\"time_show\":56871.024,\"time_end\":66581.80000001192,\"time_commit\":66583.30000001192,\"timestamp\":\"2021-07-21T18:04:40.286Z\",\"time_switch\":66694.482},{\"sender\":\"example2_feedback\",\"sender_type\":\"canvas.Screen\",\"sender_id\":\"5\",\"response\":\"space\",\"response_action\":\"keypress(Space)\",\"ended_on\":\"response\",\"duration\":610.2179999880755,\"time_run\":66685.40000003576,\"time_render\":66677.771,\"time_show\":66694.482,\"time_end\":67304.69999998808,\"time_commit\":67305.90000003576,\"timestamp\":\"2021-07-21T18:04:41.009Z\",\"time_switch\":67344.947},{\"sender\":\"get ready\",\"sender_type\":\"canvas.Screen\",\"sender_id\":\"6\",\"response\":\"Space\",\"response_action\":\"keypress(Space)\",\"ended_on\":\"response\",\"duration\":1878.6530000238417,\"time_run\":67306.10000002384,\"time_render\":67295.078,\"time_show\":67344.947,\"time_end\":69223.60000002384,\"time_commit\":69225,\"timestamp\":\"2021-07-21T18:04:42.928Z\",\"time_switch\":69229.561},{\"sender\":\"test01\",\"sender_type\":\"canvas.Screen\",\"sender_id\":\"7_0\",\"response\":\"8\",\"response_action\":\"click(0) @8\",\"correctResponse\":\"7\",\"correct\":false,\"ended_on\":\"response\",\"duration\":21457.439,\"time_run\":69225.30000001192,\"time_render\":69213.075,\"time_show\":69229.561,\"time_end\":90687,\"time_commit\":90688.69999998808,\"timestamp\":\"2021-07-21T18:05:04.392Z\",\"time_switch\":90694.353},{\"sender\":\"test02\",\"sender_type\":\"canvas.Screen\",\"sender_id\":\"7_1\",\"response\":\"4\",\"response_action\":\"click(0) @4\",\"correctResponse\":\"4\",\"correct\":true,\"ended_on\":\"response\",\"duration\":32773.44700001192,\"time_run\":90688.90000003576,\"time_render\":90677.863,\"time_show\":90694.353,\"time_end\":123467.80000001192,\"time_commit\":123469.19999998808,\"timestamp\":\"2021-07-21T18:05:37.175Z\",\"time_switch\":123483.811},{\"sender\":\"test03\",\"sender_type\":\"canvas.Screen\",\"sender_id\":\"7_2\",\"response\":\"8\",\"response_action\":\"click(0) @8\",\"correctResponse\":\"6\",\"correct\":false,\"ended_on\":\"response\",\"duration\":23310.08900003576,\"time_run\":123469.5,\"time_render\":123467.133,\"time_show\":123483.811,\"time_end\":146793.90000003576,\"time_commit\":146795.69999998808,\"timestamp\":\"2021-07-21T18:06:00.502Z\",\"time_switch\":146800.032},{\"sender\":\"test04\",\"sender_type\":\"canvas.Screen\",\"sender_id\":\"7_3\",\"response\":\"2\",\"response_action\":\"click(0) @2\",\"correctResponse\":\"2\",\"correct\":true,\"ended_on\":\"response\",\"duration\":30889.068000023835,\"time_run\":146796,\"time_render\":146783.575,\"time_show\":146800.032,\"time_end\":177689.10000002384,\"time_commit\":177691.30000001192,\"timestamp\":\"2021-07-21T18:06:31.397Z\",\"time_switch\":177704.776},{\"sender\":\"test05\",\"sender_type\":\"canvas.Screen\",\"sender_id\":\"7_4\",\"response\":\"4\",\"response_action\":\"click(0) @4\",\"correctResponse\":\"4\",\"correct\":true,\"ended_on\":\"response\",\"duration\":16048.024000011908,\"time_run\":177691.60000002384,\"time_render\":177688.436,\"time_show\":177704.776,\"time_end\":193752.80000001192,\"time_commit\":193754.19999998808,\"timestamp\":\"2021-07-21T18:06:47.457Z\",\"time_switch\":193765.946},{\"sender\":\"test06\",\"sender_type\":\"canvas.Screen\",\"sender_id\":\"7_5\",\"response\":\"7\",\"response_action\":\"click(0) @7\",\"correctResponse\":\"7\",\"correct\":true,\"ended_on\":\"response\",\"duration\":21722.054000000004,\"time_run\":193754.40000003576,\"time_render\":193749.337,\"time_show\":193765.946,\"time_end\":215488,\"time_commit\":215489.80000001192,\"timestamp\":\"2021-07-21T18:07:09.193Z\",\"time_switch\":215497.824},{\"sender\":\"test07\",\"sender_type\":\"canvas.Screen\",\"sender_id\":\"7_6\",\"response\":\"8\",\"response_action\":\"click(0) @8\",\"correctResponse\":\"8\",\"correct\":true,\"ended_on\":\"response\",\"duration\":42925.07600003577,\"time_run\":215490,\"time_render\":215481.304,\"time_show\":215497.824,\"time_end\":258422.90000003576,\"time_commit\":258424.5,\"timestamp\":\"2021-07-21T18:07:52.126Z\",\"time_switch\":258427.513},{\"sender\":\"test08\",\"sender_type\":\"canvas.Screen\",\"sender_id\":\"7_7\",\"response\":\"7\",\"response_action\":\"click(0) @7\",\"correctResponse\":\"7\",\"correct\":true,\"ended_on\":\"response\",\"duration\":30815.986999999994,\"time_run\":258424.80000001192,\"time_render\":258411.176,\"time_show\":258427.513,\"time_end\":289243.5,\"time_commit\":289245.6999999881,\"timestamp\":\"2021-07-21T18:08:22.947Z\",\"time_switch\":289249.029},{\"sender\":\"test09\",\"sender_type\":\"canvas.Screen\",\"sender_id\":\"7_8\",\"response\":\"2\",\"response_action\":\"click(0) @2\",\"correctResponse\":\"5\",\"correct\":false,\"ended_on\":\"response\",\"duration\":112646.37100003578,\"time_run\":289245.90000003576,\"time_render\":289232.163,\"time_show\":289249.029,\"time_end\":401895.40000003576,\"time_commit\":401897.90000003576,\"timestamp\":\"2021-07-21T18:10:15.601Z\",\"time_switch\":401927.065},{\"sender\":\"test10\",\"sender_type\":\"canvas.Screen\",\"sender_id\":\"7_9\",\"response\":\"5\",\"response_action\":\"click(0) @5\",\"correctResponse\":\"5\",\"correct\":true,\"ended_on\":\"response\",\"duration\":70863.83500003576,\"time_run\":401898.1999999881,\"time_render\":401893.881,\"time_show\":401927.065,\"time_end\":472790.90000003576,\"time_commit\":472792.5,\"timestamp\":\"2021-07-21T18:11:26.497Z\",\"time_switch\":472843.025},{\"sender\":\"test11\",\"sender_type\":\"canvas.Screen\",\"sender_id\":\"7_10\",\"response\":\"4\",\"response_action\":\"click(0) @4\",\"correctResponse\":\"4\",\"correct\":true,\"ended_on\":\"response\",\"duration\":114119.67499998806,\"time_run\":472792.8000000119,\"time_render\":472809.868,\"time_show\":472843.025,\"time_end\":586962.6999999881,\"time_commit\":586964,\"timestamp\":\"2021-07-21T18:13:20.668Z\",\"time_switch\":586972.258},{\"sender\":\"test12\",\"sender_type\":\"canvas.Screen\",\"sender_id\":\"7_11\",\"response\":\"3\",\"response_action\":\"click(0) @3\",\"correctResponse\":\"1\",\"correct\":false,\"ended_on\":\"response\",\"duration\":95708.74199999997,\"time_run\":586964.1999999881,\"time_render\":586955.578,\"time_show\":586972.258,\"time_end\":682681,\"time_commit\":682683.1999999881,\"timestamp\":\"2021-07-21T18:14:56.390Z\",\"time_switch\":682688.76},{\"sender\":\"tests (15min)\",\"sender_type\":\"flow.Sequence\",\"sender_id\":\"7\",\"ended_on\":\"completion\",\"duration\":613451.439,\"time_run\":69225.19999998808,\"time_render\":69213.075,\"time_show\":69229.561,\"time_end\":682681,\"time_commit\":682686.5,\"timestamp\":\"2021-07-21T18:14:56.393Z\",\"time_switch\":682688.76},{\"sender\":\"good bye\",\"sender_type\":\"canvas.Screen\",\"sender_id\":\"8\",\"ended_on\":\"timeout\",\"duration\":4002.807999999961,\"time_run\":682686.6999999881,\"time_render\":682672.202,\"time_show\":682688.76,\"time_end\":686674.815,\"time_commit\":686676.4000000358,\"timestamp\":\"2021-07-21T18:15:00.383Z\",\"time_switch\":686691.568},{\"sender\":\"root\",\"sender_type\":\"flow.Sequence\",\"sender_id\":null,\"ended_on\":\"completion\",\"duration\":682023.4569999999,\"time_run\":4651.699999988079,\"time_render\":4501.32,\"time_show\":4651.358,\"time_end\":686674.815,\"time_commit\":686677.1999999881,\"timestamp\":\"2021-07-21T18:15:00.384Z\",\"time_switch\":686691.568}]",
    "metadata": "{\"slice\":0,\"id\":\"d71731a9-b1a7-436d-9317-7dcf5ba125ef\",\"payload\":\"full\"}",
    "url": "https://exp02.zih.tu-dresden.de/experiments/raven_task/"
}