{
    "data": "[{\"url\":{},\"meta\":{\"labjs_version\":\"20.1.1\",\"labjs_build\":{\"flavor\":\"production\",\"commit\":\"cd5695f774968f50499757c1423bd95d033ea08e\"},\"location\":\"https://exp02.zih.tu-dresden.de/experiments/spot_a_word_task/\",\"userAgent\":\"Mozilla/5.0 (Windows NT 10.0; Win64; x64) AppleWebKit/537.36 (KHTML, like Gecko) Chrome/91.0.4472.124 Safari/537.36 Edg/91.0.864.70\",\"platform\":\"Win32\",\"language\":\"de\",\"locale\":\"de\",\"timeZone\":\"Europe/Berlin\",\"timezoneOffset\":-120,\"screen_width\":1368,\"screen_height\":912,\"scroll_width\":1368,\"scroll_height\":753,\"window_innerWidth\":1368,\"window_innerHeight\":801,\"devicePixelRatio\":2},\"sender\":\"start_html\",\"sender_type\":\"html.Screen\",\"sender_id\":\"0\",\"ended_on\":\"timeout\",\"duration\":6004.253,\"time_run\":778.6999999880791,\"time_render\":767.329,\"time_show\":800.612,\"time_end\":6788.335,\"time_commit\":6794.400000035763,\"timestamp\":\"2021-07-21T17:57:13.396Z\",\"time_switch\":6804.865},{\"sender\":\"manual_html\",\"sender_type\":\"html.Screen\",\"sender_id\":\"1\",\"response\":\"space\",\"response_action\":\"keypress(Space)\",\"ended_on\":\"response\",\"duration\":55301.735000023844,\"time_run\":6795,\"time_render\":6788.335,\"time_show\":6804.865,\"time_end\":62106.60000002384,\"time_commit\":62111.5,\"timestamp\":\"2021-07-21T17:58:08.710Z\",\"time_switch\":62126.466},{\"sender\":\"example1_screen\",\"sender_type\":\"canvas.Screen\",\"sender_id\":\"2\",\"response\":\"4\",\"response_action\":\"keypress(4)\",\"correctResponse\":\"4\",\"correct\":true,\"ended_on\":\"response\",\"duration\":5558.1340000238415,\"time_run\":62116.5,\"time_render\":62093.328,\"time_show\":62126.466,\"time_end\":67684.60000002384,\"time_commit\":67688.19999998808,\"timestamp\":\"2021-07-21T17:58:14.287Z\",\"time_switch\":67696.934},{\"sender\":\"example1_feedback\",\"sender_type\":\"canvas.Screen\",\"sender_id\":\"3\",\"response\":\"Space\",\"response_action\":\"keypress(Space)\",\"ended_on\":\"response\",\"duration\":3987.666000023848,\"time_run\":67691.69999998808,\"time_render\":67680.587,\"time_show\":67696.934,\"time_end\":71684.60000002384,\"time_commit\":71685.90000003576,\"timestamp\":\"2021-07-21T17:58:18.285Z\",\"time_switch\":71699.728},{\"sender\":\"example2_screen\",\"sender_type\":\"canvas.Screen\",\"sender_id\":\"4\",\"response\":\"5\",\"response_action\":\"keypress(5)\",\"correctResponse\":\"5\",\"correct\":true,\"ended_on\":\"response\",\"duration\":2006.9719999880763,\"time_run\":71690,\"time_render\":71683.157,\"time_show\":71699.728,\"time_end\":73706.69999998808,\"time_commit\":73708.30000001192,\"timestamp\":\"2021-07-21T17:58:20.307Z\",\"time_switch\":73717.81},{\"sender\":\"example2_feedback\",\"sender_type\":\"canvas.Screen\",\"sender_id\":\"5\",\"response\":\"Space\",\"response_action\":\"keypress(Space)\",\"ended_on\":\"response\",\"duration\":846.5900000357651,\"time_run\":73711.90000003576,\"time_render\":73701.238,\"time_show\":73717.81,\"time_end\":74564.40000003576,\"time_commit\":74565.69999998808,\"timestamp\":\"2021-07-21T17:58:21.164Z\",\"time_switch\":74585.149},{\"sender\":\"example3_screen\",\"sender_type\":\"canvas.Screen\",\"sender_id\":\"6\",\"response\":\"1\",\"response_action\":\"keypress(1)\",\"correctResponse\":\"1\",\"correct\":true,\"ended_on\":\"response\",\"duration\":929.3509999999951,\"time_run\":74568.69999998808,\"time_render\":74568.514,\"time_show\":74585.149,\"time_end\":75514.5,\"time_commit\":75515.90000003576,\"timestamp\":\"2021-07-21T17:58:22.115Z\",\"time_switch\":75535.886},{\"sender\":\"example3_feedback\",\"sender_type\":\"canvas.Screen\",\"sender_id\":\"7\",\"response\":\"Space\",\"response_action\":\"keypress(Space)\",\"ended_on\":\"response\",\"duration\":808.6140000000014,\"time_run\":75519.80000001192,\"time_render\":75519.192,\"time_show\":75535.886,\"time_end\":76344.5,\"time_commit\":76345.80000001192,\"timestamp\":\"2021-07-21T17:58:22.945Z\",\"time_switch\":76352.954},{\"sender\":\"get_ready_html\",\"sender_type\":\"html.Screen\",\"sender_id\":\"8\",\"response\":\"space\",\"response_action\":\"keypress(Space)\",\"ended_on\":\"response\",\"duration\":4691.946000035765,\"time_run\":76346.10000002384,\"time_render\":76336.642,\"time_show\":76352.954,\"time_end\":81044.90000003576,\"time_commit\":81046.10000002384,\"timestamp\":\"2021-07-21T17:58:27.645Z\",\"time_switch\":81123.071},{\"sender\":\"trial_screen\",\"sender_type\":\"canvas.Screen\",\"sender_id\":\"9_0\",\"correct\":true,\"trial_ID\":1,\"word1\":\"siziol\",\"word2\":\"salzahl\",\"word3\":\"sozihl\",\"word4\":\"sziam\",\"word5\":\"sozial\",\"response\":\"5\",\"response_action\":\"keypress(5)\",\"correctResponse\":\"5\",\"ended_on\":\"response\",\"duration\":1891.7290000119247,\"time_run\":81106.5,\"time_render\":81106.377,\"time_show\":81123.071,\"time_end\":83014.80000001192,\"time_commit\":83016.30000001192,\"timestamp\":\"2021-07-21T17:58:29.615Z\",\"time_switch\":83025.038},{\"sender\":\"trial_screen\",\"sender_type\":\"canvas.Screen\",\"sender_id\":\"9_1\",\"correct\":true,\"trial_ID\":2,\"word1\":\"Lamone\",\"word2\":\"Talane\",\"word3\":\"Matrone\",\"word4\":\"Tarone\",\"word5\":\"Malonte\",\"response\":\"3\",\"response_action\":\"keypress(3)\",\"correctResponse\":\"3\",\"ended_on\":\"response\",\"duration\":3951.4619999999995,\"time_run\":83020.10000002384,\"time_render\":83007.996,\"time_show\":83025.038,\"time_end\":86976.5,\"time_commit\":86978.19999998808,\"timestamp\":\"2021-07-21T17:58:33.577Z\",\"time_switch\":86993.729},{\"sender\":\"trial_screen\",\"sender_type\":\"canvas.Screen\",\"sender_id\":\"9_2\",\"correct\":true,\"trial_ID\":3,\"word1\":\"kurinesisch\",\"word2\":\"kulinarisch\",\"word3\":\"kumenisch\",\"word4\":\"kulissarisch\",\"word5\":\"kannastrisch\",\"response\":\"2\",\"response_action\":\"keypress(2)\",\"correctResponse\":\"2\",\"ended_on\":\"response\",\"duration\":2040.9709999880724,\"time_run\":86984.5,\"time_render\":86977.098,\"time_show\":86993.729,\"time_end\":89034.69999998808,\"time_commit\":89036.10000002384,\"timestamp\":\"2021-07-21T17:58:35.635Z\",\"time_switch\":89045.104},{\"sender\":\"trial_screen\",\"sender_type\":\"canvas.Screen\",\"sender_id\":\"9_3\",\"correct\":true,\"trial_ID\":4,\"word1\":\"Tinxur\",\"word2\":\"Kukutur\",\"word3\":\"Fraktan\",\"word4\":\"Tinktur\",\"word5\":\"Rimsuhr\",\"response\":\"4\",\"response_action\":\"keypress(4)\",\"correctResponse\":\"4\",\"ended_on\":\"response\",\"duration\":2889.8959999999934,\"time_run\":89039,\"time_render\":89028.553,\"time_show\":89045.104,\"time_end\":91935,\"time_commit\":91936.40000003576,\"timestamp\":\"2021-07-21T17:58:38.535Z\",\"time_switch\":91947.111},{\"sender\":\"trial_screen\",\"sender_type\":\"canvas.Screen\",\"sender_id\":\"9_4\",\"correct\":false,\"trial_ID\":5,\"word1\":\"beralen\",\"word2\":\"ger\u00e4ltet\",\"word3\":\"an\u00e4lteren\",\"word4\":\"unt\u00e4ren\",\"word5\":\"verbr\u00e4men\",\"response\":\"2\",\"response_action\":\"keypress(2)\",\"correctResponse\":\"5\",\"ended_on\":\"response\",\"duration\":8469.588999988075,\"time_run\":91939.69999998808,\"time_render\":91930.536,\"time_show\":91947.111,\"time_end\":100416.69999998808,\"time_commit\":100418.19999998808,\"timestamp\":\"2021-07-21T17:58:47.017Z\",\"time_switch\":100436.537},{\"sender\":\"trial_screen\",\"sender_type\":\"canvas.Screen\",\"sender_id\":\"9_5\",\"correct\":true,\"trial_ID\":6,\"word1\":\"Rosto\",\"word2\":\"Torso\",\"word3\":\"Soro\",\"word4\":\"Torgos\",\"word5\":\"Tosor\",\"response\":\"2\",\"response_action\":\"keypress(2)\",\"correctResponse\":\"2\",\"ended_on\":\"response\",\"duration\":1648.3630000357662,\"time_run\":100422.69999998808,\"time_render\":100419.698,\"time_show\":100436.537,\"time_end\":102084.90000003576,\"time_commit\":102086.10000002384,\"timestamp\":\"2021-07-21T17:58:48.685Z\",\"time_switch\":102104.306},{\"sender\":\"trial_screen\",\"sender_type\":\"canvas.Screen\",\"sender_id\":\"9_6\",\"correct\":true,\"trial_ID\":7,\"word1\":\"Redor\",\"word2\":\"Radium\",\"word3\":\"Terion\",\"word4\":\"Dramin\",\"word5\":\"Orakium\",\"response\":\"2\",\"response_action\":\"keypress(2)\",\"correctResponse\":\"2\",\"ended_on\":\"response\",\"duration\":2620.294000023845,\"time_run\":102090.60000002384,\"time_render\":102087.625,\"time_show\":102104.306,\"time_end\":104724.60000002384,\"time_commit\":104726,\"timestamp\":\"2021-07-21T17:58:51.325Z\",\"time_switch\":104739.422},{\"sender\":\"trial_screen\",\"sender_type\":\"canvas.Screen\",\"sender_id\":\"9_7\",\"correct\":true,\"trial_ID\":8,\"word1\":\"Nale\",\"word2\":\"Sahe\",\"word3\":\"Nase\",\"word4\":\"Nesa\",\"word5\":\"Sehna\",\"response\":\"3\",\"response_action\":\"keypress(3)\",\"correctResponse\":\"3\",\"ended_on\":\"response\",\"duration\":3255.378000011915,\"time_run\":104729.30000001192,\"time_render\":104722.746,\"time_show\":104739.422,\"time_end\":107994.80000001192,\"time_commit\":107996.10000002384,\"timestamp\":\"2021-07-21T17:58:54.595Z\",\"time_switch\":108008.278},{\"sender\":\"trial_screen\",\"sender_type\":\"canvas.Screen\",\"sender_id\":\"9_8\",\"correct\":true,\"trial_ID\":9,\"word1\":\"Rilkiase\",\"word2\":\"Kilister\",\"word3\":\"Riliker\",\"word4\":\"Klistier\",\"word5\":\"Linkure\",\"response\":\"4\",\"response_action\":\"keypress(4)\",\"correctResponse\":\"4\",\"ended_on\":\"response\",\"duration\":2838.622000035757,\"time_run\":107999.30000001192,\"time_render\":107991.727,\"time_show\":108008.278,\"time_end\":110846.90000003576,\"time_commit\":110848.30000001192,\"timestamp\":\"2021-07-21T17:58:57.447Z\",\"time_switch\":110860.344},{\"sender\":\"trial_screen\",\"sender_type\":\"canvas.Screen\",\"sender_id\":\"9_9\",\"correct\":true,\"trial_ID\":10,\"word1\":\"kentern\",\"word2\":\"knerte\",\"word3\":\"kanzen\",\"word4\":\"kretern\",\"word5\":\"trekern\",\"response\":\"1\",\"response_action\":\"keypress(1)\",\"correctResponse\":\"1\",\"ended_on\":\"response\",\"duration\":1544.9560000119236,\"time_run\":110850.80000001192,\"time_render\":110843.656,\"time_show\":110860.344,\"time_end\":112405.30000001192,\"time_commit\":112406.5,\"timestamp\":\"2021-07-21T17:58:59.005Z\",\"time_switch\":112411.326},{\"sender\":\"trial_screen\",\"sender_type\":\"canvas.Screen\",\"sender_id\":\"9_10\",\"correct\":true,\"trial_ID\":11,\"word1\":\"Sorekin\",\"word2\":\"Sarowin\",\"word3\":\"Rosakin\",\"word4\":\"Narosin\",\"word5\":\"Kerosin\",\"response\":\"5\",\"response_action\":\"keypress(5)\",\"correctResponse\":\"5\",\"ended_on\":\"response\",\"duration\":2073.173999999999,\"time_run\":112409.5,\"time_render\":112394.798,\"time_show\":112411.326,\"time_end\":114484.5,\"time_commit\":114485.80000001192,\"timestamp\":\"2021-07-21T17:59:01.084Z\",\"time_switch\":114496.235},{\"sender\":\"trial_screen\",\"sender_type\":\"canvas.Screen\",\"sender_id\":\"9_11\",\"correct\":true,\"trial_ID\":12,\"word1\":\"Ralke\",\"word2\":\"Korre\",\"word3\":\"Ruckse\",\"word4\":\"Recke\",\"word5\":\"Ulte\",\"response\":\"4\",\"response_action\":\"keypress(4)\",\"correctResponse\":\"4\",\"ended_on\":\"response\",\"duration\":3468.665000035762,\"time_run\":114488.40000003576,\"time_render\":114479.539,\"time_show\":114496.235,\"time_end\":117964.90000003576,\"time_commit\":117966.30000001192,\"timestamp\":\"2021-07-21T17:59:04.565Z\",\"time_switch\":117981.972},{\"sender\":\"trial_screen\",\"sender_type\":\"canvas.Screen\",\"sender_id\":\"9_12\",\"correct\":true,\"trial_ID\":13,\"word1\":\"Kapaun\",\"word2\":\"Paukan\",\"word3\":\"Naupack\",\"word4\":\"Aupeck\",\"word5\":\"Ankepran\",\"response\":\"1\",\"response_action\":\"keypress(1)\",\"correctResponse\":\"1\",\"ended_on\":\"response\",\"duration\":5294.4280000357685,\"time_run\":117969.19999998808,\"time_render\":117965.294,\"time_show\":117981.972,\"time_end\":123276.40000003576,\"time_commit\":123277.90000003576,\"timestamp\":\"2021-07-21T17:59:09.875Z\",\"time_switch\":123285.713},{\"sender\":\"trial_screen\",\"sender_type\":\"canvas.Screen\",\"sender_id\":\"9_13\",\"correct\":true,\"trial_ID\":14,\"word1\":\"Dissonanz\",\"word2\":\"Diskrisanz\",\"word3\":\"Distranz\",\"word4\":\"Dinotanz\",\"word5\":\"Sidonenz\",\"response\":\"1\",\"response_action\":\"keypress(1)\",\"correctResponse\":\"1\",\"ended_on\":\"response\",\"duration\":1648.9869999880757,\"time_run\":123282.10000002384,\"time_render\":123269.238,\"time_show\":123285.713,\"time_end\":124934.69999998808,\"time_commit\":124936.40000003576,\"timestamp\":\"2021-07-21T17:59:11.534Z\",\"time_switch\":124953.557},{\"sender\":\"trial_screen\",\"sender_type\":\"canvas.Screen\",\"sender_id\":\"9_14\",\"correct\":true,\"trial_ID\":15,\"word1\":\"Kirse\",\"word2\":\"Sirke\",\"word3\":\"Krise\",\"word4\":\"Krospe\",\"word5\":\"Seris\",\"response\":\"3\",\"response_action\":\"keypress(3)\",\"correctResponse\":\"3\",\"ended_on\":\"response\",\"duration\":3582.043000023841,\"time_run\":124939.90000003576,\"time_render\":124936.847,\"time_show\":124953.557,\"time_end\":128535.60000002384,\"time_commit\":128536.90000003576,\"timestamp\":\"2021-07-21T17:59:15.134Z\",\"time_switch\":128556.029},{\"sender\":\"trial_screen\",\"sender_type\":\"canvas.Screen\",\"sender_id\":\"9_15\",\"correct\":true,\"trial_ID\":16,\"word1\":\"Tume\",\"word2\":\"Umat\",\"word3\":\"Maut\",\"word4\":\"Taum\",\"word5\":\"Muta\",\"response\":\"3\",\"response_action\":\"keypress(3)\",\"correctResponse\":\"3\",\"ended_on\":\"response\",\"duration\":1628.8710000357678,\"time_run\":128539.60000002384,\"time_render\":128539.464,\"time_show\":128556.029,\"time_end\":130184.90000003576,\"time_commit\":130186.10000002384,\"timestamp\":\"2021-07-21T17:59:16.783Z\",\"time_switch\":130208.726},{\"sender\":\"trial_screen\",\"sender_type\":\"canvas.Screen\",\"sender_id\":\"9_16\",\"correct\":true,\"trial_ID\":17,\"word1\":\"Tuhl\",\"word2\":\"Lar\",\"word3\":\"Lest\",\"word4\":\"Dall\",\"word5\":\"Lid\",\"response\":\"5\",\"response_action\":\"keypress(5)\",\"correctResponse\":\"5\",\"ended_on\":\"response\",\"duration\":2376.274000000005,\"time_run\":130189,\"time_render\":130174.011,\"time_show\":130208.726,\"time_end\":132585,\"time_commit\":132586.40000003576,\"timestamp\":\"2021-07-21T17:59:19.184Z\",\"time_switch\":132592.706},{\"sender\":\"trial_screen\",\"sender_type\":\"canvas.Screen\",\"sender_id\":\"9_17\",\"correct\":true,\"trial_ID\":18,\"word1\":\"Adept\",\"word2\":\"Padet\",\"word3\":\"Edapt\",\"word4\":\"Epatt\",\"word5\":\"Taped\",\"response\":\"1\",\"response_action\":\"keypress(1)\",\"correctResponse\":\"1\",\"ended_on\":\"response\",\"duration\":2365.0940000119153,\"time_run\":132589.10000002384,\"time_render\":132575.571,\"time_show\":132592.706,\"time_end\":134957.80000001192,\"time_commit\":134959.10000002384,\"timestamp\":\"2021-07-21T17:59:21.556Z\",\"time_switch\":134977.152},{\"sender\":\"trial_screen\",\"sender_type\":\"canvas.Screen\",\"sender_id\":\"9_18\",\"correct\":true,\"trial_ID\":19,\"word1\":\"Spirine\",\"word2\":\"Saprin\",\"word3\":\"Parsin\",\"word4\":\"Purin\",\"word5\":\"Asprint\",\"response\":\"4\",\"response_action\":\"keypress(4)\",\"correctResponse\":\"4\",\"ended_on\":\"response\",\"duration\":3279.44800002384,\"time_run\":134962.19999998808,\"time_render\":134960.519,\"time_show\":134977.152,\"time_end\":138256.60000002384,\"time_commit\":138257.90000003576,\"timestamp\":\"2021-07-21T17:59:24.855Z\",\"time_switch\":138263.357},{\"sender\":\"trial_screen\",\"sender_type\":\"canvas.Screen\",\"sender_id\":\"9_19\",\"correct\":false,\"trial_ID\":20,\"word1\":\"Kulon\",\"word2\":\"Solgun\",\"word3\":\"Koskan\",\"word4\":\"Soran\",\"word5\":\"Klonus\",\"response\":\"4\",\"response_action\":\"keypress(4)\",\"correctResponse\":\"5\",\"ended_on\":\"response\",\"duration\":8894.643000000011,\"time_run\":138260.40000003576,\"time_render\":138246.059,\"time_show\":138263.357,\"time_end\":147158,\"time_commit\":147159.60000002384,\"timestamp\":\"2021-07-21T17:59:33.757Z\",\"time_switch\":147168.802},{\"sender\":\"trial_screen\",\"sender_type\":\"canvas.Screen\",\"sender_id\":\"9_20\",\"correct\":false,\"trial_ID\":21,\"word1\":\"Tronke\",\"word2\":\"Nocktherm\",\"word3\":\"Teronk\",\"word4\":\"Komtur\",\"word5\":\"Rocktur\",\"response\":\"1\",\"response_action\":\"keypress(1)\",\"correctResponse\":\"4\",\"ended_on\":\"response\",\"duration\":3717.298000023846,\"time_run\":147162.40000003576,\"time_render\":147152.115,\"time_show\":147168.802,\"time_end\":150886.10000002384,\"time_commit\":150887.40000003576,\"timestamp\":\"2021-07-21T17:59:37.485Z\",\"time_switch\":150904.846},{\"sender\":\"trial_screen\",\"sender_type\":\"canvas.Screen\",\"sender_id\":\"9_21\",\"correct\":true,\"trial_ID\":22,\"word1\":\"Ripat\",\"word2\":\"Patinatte\",\"word3\":\"Tapir\",\"word4\":\"Apitt\",\"word5\":\"Padir\",\"response\":\"3\",\"response_action\":\"keypress(3)\",\"correctResponse\":\"3\",\"ended_on\":\"response\",\"duration\":2370.8539999880886,\"time_run\":150890.80000001192,\"time_render\":150888.132,\"time_show\":150904.846,\"time_end\":153275.69999998808,\"time_commit\":153277.19999998808,\"timestamp\":\"2021-07-21T17:59:39.874Z\",\"time_switch\":153289.722},{\"sender\":\"trial_screen\",\"sender_type\":\"canvas.Screen\",\"sender_id\":\"9_22\",\"correct\":false,\"trial_ID\":23,\"word1\":\"Akifer\",\"word2\":\"Fiaker\",\"word3\":\"Kiaffa\",\"word4\":\"Sariffer\",\"word5\":\"Refisker\",\"response\":\"4\",\"response_action\":\"keypress(4)\",\"correctResponse\":\"2\",\"ended_on\":\"response\",\"duration\":3766.777999999991,\"time_run\":153280.19999998808,\"time_render\":153273.235,\"time_show\":153289.722,\"time_end\":157056.5,\"time_commit\":157057.90000003576,\"timestamp\":\"2021-07-21T17:59:43.655Z\",\"time_switch\":157075.8},{\"sender\":\"trial_screen\",\"sender_type\":\"canvas.Screen\",\"sender_id\":\"9_23\",\"correct\":false,\"trial_ID\":24,\"word1\":\"Kleiber\",\"word2\":\"Beikel\",\"word3\":\"Keibel\",\"word4\":\"Reikler\",\"word5\":\"Biekerl\",\"response\":\"4\",\"response_action\":\"keypress(4)\",\"correctResponse\":\"1\",\"ended_on\":\"response\",\"duration\":5412.3000000238535,\"time_run\":157061.30000001192,\"time_render\":157059.113,\"time_show\":157075.8,\"time_end\":162488.10000002384,\"time_commit\":162489.60000002384,\"timestamp\":\"2021-07-21T17:59:49.087Z\",\"time_switch\":162496.089},{\"sender\":\"trial_screen\",\"sender_type\":\"canvas.Screen\",\"sender_id\":\"9_24\",\"correct\":true,\"trial_ID\":25,\"word1\":\"Ig\u00e4de\",\"word2\":\"D\u00e4gie\",\"word3\":\"\u00c4gide\",\"word4\":\"Dig\u00e4de\",\"word5\":\"Giad\",\"response\":\"3\",\"response_action\":\"keypress(3)\",\"correctResponse\":\"3\",\"ended_on\":\"response\",\"duration\":2800.0110000238346,\"time_run\":162492.5,\"time_render\":162479.694,\"time_show\":162496.089,\"time_end\":165296.10000002384,\"time_commit\":165297.5,\"timestamp\":\"2021-07-21T17:59:51.895Z\",\"time_switch\":165314.857},{\"sender\":\"trial_screen\",\"sender_type\":\"canvas.Screen\",\"sender_id\":\"9_25\",\"correct\":true,\"trial_ID\":26,\"word1\":\"Rixal\",\"word2\":\"Irtax\",\"word3\":\"Rackizie\",\"word4\":\"Matrix\",\"word5\":\"Atrige\",\"response\":\"4\",\"response_action\":\"keypress(4)\",\"correctResponse\":\"4\",\"ended_on\":\"response\",\"duration\":2691.5430000357737,\"time_run\":165300.60000002384,\"time_render\":165298.136,\"time_show\":165314.857,\"time_end\":168006.40000003576,\"time_commit\":168007.80000001192,\"timestamp\":\"2021-07-21T17:59:54.605Z\",\"time_switch\":168016.654},{\"sender\":\"trial_screen\",\"sender_type\":\"canvas.Screen\",\"sender_id\":\"9_26\",\"correct\":false,\"trial_ID\":27,\"word1\":\"Haskisch\",\"word2\":\"Asmisch\",\"word3\":\"Schisma\",\"word4\":\"Rasthmie\",\"word5\":\"Ilschah\",\"response\":\"5\",\"response_action\":\"keypress(5)\",\"correctResponse\":\"3\",\"ended_on\":\"response\",\"duration\":3729.8459999999905,\"time_run\":168011.10000002384,\"time_render\":168000.351,\"time_show\":168016.654,\"time_end\":171746.5,\"time_commit\":171747.80000001192,\"timestamp\":\"2021-07-21T17:59:58.345Z\",\"time_switch\":171753.199},{\"sender\":\"trial_screen\",\"sender_type\":\"canvas.Screen\",\"sender_id\":\"9_27\",\"correct\":false,\"trial_ID\":28,\"word1\":\"Sallose\",\"word2\":\"Lordose\",\"word3\":\"Dormase\",\"word4\":\"Rollase\",\"word5\":\"Ardierole\",\"response\":\"1\",\"response_action\":\"keypress(1)\",\"correctResponse\":\"2\",\"ended_on\":\"response\",\"duration\":5095.401000023849,\"time_run\":171750.30000001192,\"time_render\":171735.946,\"time_show\":171753.199,\"time_end\":176848.60000002384,\"time_commit\":176850,\"timestamp\":\"2021-07-21T18:00:03.447Z\",\"time_switch\":176856.157},{\"sender\":\"trial_screen\",\"sender_type\":\"canvas.Screen\",\"sender_id\":\"9_28\",\"correct\":true,\"trial_ID\":29,\"word1\":\"Intranotion\",\"word2\":\"Infranatura\",\"word3\":\"Internodium\",\"word4\":\"Indotalie\",\"word5\":\"Indosta\",\"response\":\"3\",\"response_action\":\"keypress(3)\",\"correctResponse\":\"3\",\"ended_on\":\"response\",\"duration\":4180.243000035756,\"time_run\":176852.90000003576,\"time_render\":176839.454,\"time_show\":176856.157,\"time_end\":181036.40000003576,\"time_commit\":181037.90000003576,\"timestamp\":\"2021-07-21T18:00:07.635Z\",\"time_switch\":181042.637},{\"sender\":\"trial_screen\",\"sender_type\":\"canvas.Screen\",\"sender_id\":\"9_29\",\"correct\":false,\"trial_ID\":30,\"word1\":\"Idaste\",\"word2\":\"Dastrix\",\"word3\":\"Astike\",\"word4\":\"Sadile\",\"word5\":\"Kasside\",\"response\":\"2\",\"response_action\":\"keypress(2)\",\"correctResponse\":\"5\",\"ended_on\":\"response\",\"duration\":3773.663000011933,\"time_run\":181040.40000003576,\"time_render\":181025.711,\"time_show\":181042.637,\"time_end\":184816.30000001192,\"time_commit\":184817.60000002384,\"timestamp\":\"2021-07-21T18:00:11.414Z\",\"time_switch\":184828.344},{\"sender\":\"trial_screen\",\"sender_type\":\"canvas.Screen\",\"sender_id\":\"9_30\",\"correct\":true,\"trial_ID\":31,\"word1\":\"Libration\",\"word2\":\"Bilation\",\"word3\":\"Arlation\",\"word4\":\"Iberation\",\"word5\":\"Tiradon\",\"response\":\"1\",\"response_action\":\"keypress(1)\",\"correctResponse\":\"1\",\"ended_on\":\"response\",\"duration\":2560.25600002383,\"time_run\":184820.69999998808,\"time_render\":184811.648,\"time_show\":184828.344,\"time_end\":187388.60000002384,\"time_commit\":187389.80000001192,\"timestamp\":\"2021-07-21T18:00:13.987Z\",\"time_switch\":187396.982},{\"sender\":\"trial_screen\",\"sender_type\":\"canvas.Screen\",\"sender_id\":\"9_31\",\"correct\":true,\"trial_ID\":32,\"word1\":\"Pucker\",\"word2\":\"Keuper\",\"word3\":\"Eucker\",\"word4\":\"Reuspeck\",\"word5\":\"Urkane\",\"response\":\"2\",\"response_action\":\"keypress(2)\",\"correctResponse\":\"2\",\"ended_on\":\"response\",\"duration\":2860.018000000011,\"time_run\":187392.10000002384,\"time_render\":187380.134,\"time_show\":187396.982,\"time_end\":190257,\"time_commit\":190258.19999998808,\"timestamp\":\"2021-07-21T18:00:16.855Z\",\"time_switch\":190265.511},{\"sender\":\"trial_screen\",\"sender_type\":\"canvas.Screen\",\"sender_id\":\"9_32\",\"correct\":false,\"trial_ID\":33,\"word1\":\"Sickaber\",\"word2\":\"Bassiker\",\"word3\":\"Kassiber\",\"word4\":\"Sassiker\",\"word5\":\"Askiber\",\"response\":\"5\",\"response_action\":\"keypress(5)\",\"correctResponse\":\"3\",\"ended_on\":\"response\",\"duration\":2060.6889999880805,\"time_run\":190261.10000002384,\"time_render\":190248.763,\"time_show\":190265.511,\"time_end\":192326.19999998808,\"time_commit\":192327.5,\"timestamp\":\"2021-07-21T18:00:18.924Z\",\"time_switch\":192334.198},{\"sender\":\"trial_screen\",\"sender_type\":\"canvas.Screen\",\"sender_id\":\"9_33\",\"correct\":false,\"trial_ID\":34,\"word1\":\"Alquallon\",\"word2\":\"Lisqualien\",\"word3\":\"Talquallen\",\"word4\":\"Quisquilien\",\"word5\":\"Rielquellen\",\"response\":\"3\",\"response_action\":\"keypress(3)\",\"correctResponse\":\"4\",\"ended_on\":\"response\",\"duration\":4122.202000035759,\"time_run\":192330.10000002384,\"time_render\":192316.898,\"time_show\":192334.198,\"time_end\":196456.40000003576,\"time_commit\":196457.5,\"timestamp\":\"2021-07-21T18:00:23.054Z\",\"time_switch\":196469.667},{\"sender\":\"trial_screen\",\"sender_type\":\"canvas.Screen\",\"sender_id\":\"9_34\",\"correct\":true,\"trial_ID\":35,\"word1\":\"Berkiza\",\"word2\":\"Brekzie\",\"word3\":\"Birakzie\",\"word4\":\"Brikazie\",\"word5\":\"Bakiria\",\"response\":\"2\",\"response_action\":\"keypress(2)\",\"correctResponse\":\"2\",\"ended_on\":\"response\",\"duration\":4028.5329999880923,\"time_run\":196460.90000003576,\"time_render\":196453.083,\"time_show\":196469.667,\"time_end\":200498.19999998808,\"time_commit\":200499.40000003576,\"timestamp\":\"2021-07-21T18:00:27.096Z\",\"time_switch\":200505.806},{\"sender\":\"loop_trial\",\"sender_type\":\"flow.Loop\",\"sender_id\":\"9\",\"ended_on\":\"completion\",\"duration\":119375.12899998808,\"time_run\":81102.40000003576,\"time_render\":81106.377,\"time_show\":81123.071,\"time_end\":200498.19999998808,\"time_commit\":200502.40000003576,\"timestamp\":\"2021-07-21T18:00:27.099Z\",\"time_switch\":200505.806},{\"sender\":\"end_html\",\"sender_type\":\"html.Screen\",\"sender_id\":\"10\",\"response\":\"anykey\",\"response_action\":\"keypress\",\"ended_on\":\"response\",\"duration\":1400.5940000357514,\"time_run\":200502.60000002384,\"time_render\":200489.211,\"time_show\":200505.806,\"time_end\":201906.40000003576,\"time_commit\":201908.19999998808,\"timestamp\":\"2021-07-21T18:00:28.505Z\",\"time_switch\":201923.739},{\"sender\":\"root\",\"sender_type\":\"flow.Sequence\",\"sender_id\":null,\"ended_on\":\"completion\",\"duration\":201105.78800003577,\"time_run\":777.1999999880791,\"time_render\":767.329,\"time_show\":800.612,\"time_end\":201906.40000003576,\"time_commit\":201908.90000003576,\"timestamp\":\"2021-07-21T18:00:28.506Z\",\"time_switch\":201923.739}]",
    "metadata": "{\"slice\":0,\"id\":\"ee7ac82e-26c0-457f-87ee-c610b6188584\",\"payload\":\"full\"}",
    "url": "https://exp02.zih.tu-dresden.de/experiments/spot_a_word_task/"
}