{
    "data": "[{\"url\":{},\"meta\":{\"labjs_version\":\"20.1.1\",\"labjs_build\":{\"flavor\":\"production\",\"commit\":\"cd5695f774968f50499757c1423bd95d033ea08e\"},\"location\":\"https://exp01.zih.tu-dresden.de/experiments/raven_task/\",\"userAgent\":\"Mozilla/5.0 (Windows NT 10.0; Win64; x64; rv:91.0) Gecko/20100101 Firefox/91.0\",\"platform\":\"Win32\",\"language\":\"de\",\"locale\":\"de-DE\",\"timeZone\":\"Europe/Berlin\",\"timezoneOffset\":-120,\"screen_width\":2560,\"screen_height\":1440,\"scroll_width\":2560,\"scroll_height\":1239,\"window_innerWidth\":2560,\"window_innerHeight\":1287,\"devicePixelRatio\":1},\"sender\":\"welcome\",\"sender_type\":\"canvas.Screen\",\"sender_id\":\"0\",\"ended_on\":\"timeout\",\"duration\":8007.299999999999,\"time_run\":2792,\"time_render\":2792.68,\"time_show\":2804.1,\"time_end\":10794.72,\"time_commit\":10799,\"timestamp\":\"2021-09-07T12:39:01.667Z\",\"time_switch\":10811.4},{\"sender\":\"instructions\",\"sender_type\":\"html.Page\",\"sender_id\":\"1\",\"response\":\"Space\",\"response_action\":\"keypress(Space)\",\"ended_on\":\"response\",\"duration\":21221.6,\"time_run\":10802,\"time_render\":10794.72,\"time_show\":10811.4,\"time_end\":32033,\"time_commit\":32048,\"timestamp\":\"2021-09-07T12:39:22.916Z\",\"time_switch\":32047.98},{\"sender\":\"example1\",\"sender_type\":\"canvas.Screen\",\"sender_id\":\"2\",\"response\":\"8\",\"response_action\":\"click(0) @8\",\"correctResponse\":\"8\",\"correct\":true,\"ended_on\":\"response\",\"duration\":7596.02,\"time_run\":32048,\"time_render\":32047.82,\"time_show\":32047.98,\"time_end\":39644,\"time_commit\":39661,\"timestamp\":\"2021-09-07T12:39:30.529Z\",\"time_switch\":39686.84},{\"sender\":\"example1_feedback\",\"sender_type\":\"canvas.Screen\",\"sender_id\":\"3\",\"response\":\"space\",\"response_action\":\"keypress(Space)\",\"ended_on\":\"response\",\"duration\":1659.1600000000035,\"time_run\":39664,\"time_render\":39670.22,\"time_show\":39686.84,\"time_end\":41346,\"time_commit\":41354,\"timestamp\":\"2021-09-07T12:39:32.221Z\",\"time_switch\":41355.02},{\"sender\":\"example2\",\"sender_type\":\"canvas.Screen\",\"sender_id\":\"4\",\"response\":\"4\",\"response_action\":\"click(0) @4\",\"correctResponse\":\"4\",\"correct\":true,\"ended_on\":\"response\",\"duration\":4537.980000000003,\"time_run\":41354,\"time_render\":41353.5,\"time_show\":41355.02,\"time_end\":45893,\"time_commit\":45907,\"timestamp\":\"2021-09-07T12:39:36.774Z\",\"time_switch\":45925.62},{\"sender\":\"example2_feedback\",\"sender_type\":\"canvas.Screen\",\"sender_id\":\"5\",\"response\":\"space\",\"response_action\":\"keypress(Space)\",\"ended_on\":\"response\",\"duration\":2467.3799999999974,\"time_run\":45909,\"time_render\":45908.94,\"time_show\":45925.62,\"time_end\":48393,\"time_commit\":48398,\"timestamp\":\"2021-09-07T12:39:39.266Z\",\"time_switch\":48411.14},{\"sender\":\"get ready\",\"sender_type\":\"canvas.Screen\",\"sender_id\":\"6\",\"response\":\"Space\",\"response_action\":\"keypress(Space)\",\"ended_on\":\"response\",\"duration\":7777.860000000001,\"time_run\":48398,\"time_render\":48398.3,\"time_show\":48411.14,\"time_end\":56189,\"time_commit\":56198,\"timestamp\":\"2021-09-07T12:39:47.066Z\",\"time_switch\":56201.5},{\"sender\":\"test01\",\"sender_type\":\"canvas.Screen\",\"sender_id\":\"7_0\",\"response\":\"8\",\"response_action\":\"click(0) @8\",\"correctResponse\":\"7\",\"correct\":false,\"ended_on\":\"response\",\"duration\":5644.5,\"time_run\":56198,\"time_render\":56198.2,\"time_show\":56201.5,\"time_end\":61846,\"time_commit\":61859,\"timestamp\":\"2021-09-07T12:39:52.728Z\",\"time_switch\":61873.06},{\"sender\":\"test02\",\"sender_type\":\"canvas.Screen\",\"sender_id\":\"7_1\",\"response\":\"5\",\"response_action\":\"click(0) @5\",\"correctResponse\":\"4\",\"correct\":false,\"ended_on\":\"response\",\"duration\":14128.940000000002,\"time_run\":61859,\"time_render\":61859.04,\"time_show\":61873.06,\"time_end\":76002,\"time_commit\":76020,\"timestamp\":\"2021-09-07T12:40:06.888Z\",\"time_switch\":76035.5},{\"sender\":\"test03\",\"sender_type\":\"canvas.Screen\",\"sender_id\":\"7_2\",\"response\":\"6\",\"response_action\":\"click(0) @6\",\"correctResponse\":\"6\",\"correct\":true,\"ended_on\":\"response\",\"duration\":28825.5,\"time_run\":76021,\"time_render\":76017.98,\"time_show\":76035.5,\"time_end\":104861,\"time_commit\":104878,\"timestamp\":\"2021-09-07T12:40:35.745Z\",\"time_switch\":104894.3},{\"sender\":\"test04\",\"sender_type\":\"canvas.Screen\",\"sender_id\":\"7_3\",\"response\":\"2\",\"response_action\":\"click(0) @2\",\"correctResponse\":\"2\",\"correct\":true,\"ended_on\":\"response\",\"duration\":18185.699999999997,\"time_run\":104878,\"time_render\":104876.96,\"time_show\":104894.3,\"time_end\":123080,\"time_commit\":123089,\"timestamp\":\"2021-09-07T12:40:53.957Z\",\"time_switch\":123093.76},{\"sender\":\"test05\",\"sender_type\":\"canvas.Screen\",\"sender_id\":\"7_4\",\"response\":\"5\",\"response_action\":\"click(0) @5\",\"correctResponse\":\"4\",\"correct\":false,\"ended_on\":\"response\",\"duration\":4845.240000000005,\"time_run\":123089,\"time_render\":123088,\"time_show\":123093.76,\"time_end\":127939,\"time_commit\":127952,\"timestamp\":\"2021-09-07T12:40:58.821Z\",\"time_switch\":127964.72},{\"sender\":\"test06\",\"sender_type\":\"canvas.Screen\",\"sender_id\":\"7_5\",\"response\":\"7\",\"response_action\":\"click(0) @7\",\"correctResponse\":\"7\",\"correct\":true,\"ended_on\":\"response\",\"duration\":20646.28,\"time_run\":127953,\"time_render\":127952.02,\"time_show\":127964.72,\"time_end\":148611,\"time_commit\":148614,\"timestamp\":\"2021-09-07T12:41:19.482Z\",\"time_switch\":148616.24},{\"sender\":\"test07\",\"sender_type\":\"canvas.Screen\",\"sender_id\":\"7_6\",\"response\":\"4\",\"response_action\":\"click(0) @4\",\"correctResponse\":\"8\",\"correct\":false,\"ended_on\":\"response\",\"duration\":32480.76000000001,\"time_run\":148614,\"time_render\":148613.2,\"time_show\":148616.24,\"time_end\":181097,\"time_commit\":181105,\"timestamp\":\"2021-09-07T12:41:51.973Z\",\"time_switch\":181111.48},{\"sender\":\"test08\",\"sender_type\":\"canvas.Screen\",\"sender_id\":\"7_7\",\"response\":\"7\",\"response_action\":\"click(0) @7\",\"correctResponse\":\"7\",\"correct\":true,\"ended_on\":\"response\",\"duration\":25062.51999999999,\"time_run\":181105,\"time_render\":181104.38,\"time_show\":181111.48,\"time_end\":206174,\"time_commit\":206178,\"timestamp\":\"2021-09-07T12:42:17.046Z\",\"time_switch\":206183.66},{\"sender\":\"test09\",\"sender_type\":\"canvas.Screen\",\"sender_id\":\"7_8\",\"response\":\"1\",\"response_action\":\"click(0) @1\",\"correctResponse\":\"5\",\"correct\":false,\"ended_on\":\"response\",\"duration\":35037.34,\"time_run\":206179,\"time_render\":206176.96,\"time_show\":206183.66,\"time_end\":241221,\"time_commit\":241232,\"timestamp\":\"2021-09-07T12:42:52.100Z\",\"time_switch\":241247.92},{\"sender\":\"test10\",\"sender_type\":\"canvas.Screen\",\"sender_id\":\"7_9\",\"response\":\"8\",\"response_action\":\"click(0) @8\",\"correctResponse\":\"5\",\"correct\":false,\"ended_on\":\"response\",\"duration\":26520.079999999987,\"time_run\":241233,\"time_render\":241232.02,\"time_show\":241247.92,\"time_end\":267768,\"time_commit\":267772,\"timestamp\":\"2021-09-07T12:43:18.641Z\",\"time_switch\":267788.04},{\"sender\":\"test11\",\"sender_type\":\"canvas.Screen\",\"sender_id\":\"7_10\",\"response\":\"3\",\"response_action\":\"click(0) @3\",\"correctResponse\":\"4\",\"correct\":false,\"ended_on\":\"response\",\"duration\":28166.96000000002,\"time_run\":267773,\"time_render\":267771.86,\"time_show\":267788.04,\"time_end\":295955,\"time_commit\":295969,\"timestamp\":\"2021-09-07T12:43:46.837Z\",\"time_switch\":295979.56},{\"sender\":\"test12\",\"sender_type\":\"canvas.Screen\",\"sender_id\":\"7_11\",\"response\":\"1\",\"response_action\":\"click(0) @1\",\"correctResponse\":\"1\",\"correct\":true,\"ended_on\":\"response\",\"duration\":55538.44,\"time_run\":295970,\"time_render\":295968.88,\"time_show\":295979.56,\"time_end\":351518,\"time_commit\":351523,\"timestamp\":\"2021-09-07T12:44:42.391Z\",\"time_switch\":351528.5},{\"sender\":\"tests (15min)\",\"sender_type\":\"flow.Sequence\",\"sender_id\":\"7\",\"ended_on\":\"completion\",\"duration\":295316.5,\"time_run\":56198,\"time_render\":56198.2,\"time_show\":56201.5,\"time_end\":351518,\"time_commit\":351525,\"timestamp\":\"2021-09-07T12:44:42.392Z\",\"time_switch\":351528.5},{\"sender\":\"good bye\",\"sender_type\":\"canvas.Screen\",\"sender_id\":\"8\",\"ended_on\":\"timeout\",\"duration\":4003.539999999979,\"time_run\":351525,\"time_render\":351522.86,\"time_show\":351528.5,\"time_end\":355515.36,\"time_commit\":355516,\"timestamp\":\"2021-09-07T12:44:46.384Z\",\"time_switch\":355532.04},{\"sender\":\"root\",\"sender_type\":\"flow.Sequence\",\"sender_id\":null,\"ended_on\":\"completion\",\"duration\":352711.26,\"time_run\":2792,\"time_render\":2792.68,\"time_show\":2804.1,\"time_end\":355515.36,\"time_commit\":355517,\"timestamp\":\"2021-09-07T12:44:46.386Z\",\"time_switch\":355532.04}]",
    "metadata": "{\"slice\":0,\"id\":\"bb630e61-9e38-4e51-a0a7-e3bcc2493303\",\"payload\":\"full\"}",
    "url": "https://exp01.zih.tu-dresden.de/experiments/raven_task/"
}