{
    "data": "[{\"url\":{},\"meta\":{\"labjs_version\":\"20.1.1\",\"labjs_build\":{\"flavor\":\"production\",\"commit\":\"cd5695f774968f50499757c1423bd95d033ea08e\"},\"location\":\"https://exp02.zih.tu-dresden.de/experiments/raven_task/\",\"userAgent\":\"Mozilla/5.0 (Windows NT 10.0; Win64; x64) AppleWebKit/537.36 (KHTML, like Gecko) Chrome/90.0.4430.85 Safari/537.36 Edg/90.0.818.49\",\"platform\":\"Win32\",\"language\":\"de\",\"locale\":\"de\",\"timeZone\":\"Europe/Berlin\",\"timezoneOffset\":-120,\"screen_width\":1600,\"screen_height\":900,\"scroll_width\":2400,\"scroll_height\":1135,\"window_innerWidth\":2400,\"window_innerHeight\":1183,\"devicePixelRatio\":0.6666666865348816},\"sender\":\"welcome\",\"sender_type\":\"canvas.Screen\",\"sender_id\":\"0\",\"ended_on\":\"timeout\",\"duration\":8029.800000000001,\"time_run\":3883.8400000240654,\"time_render\":3790.103,\"time_show\":3890.087,\"time_end\":11869.895,\"time_commit\":11873.194999992847,\"timestamp\":\"2021-04-30T11:08:14.363Z\",\"time_switch\":11919.887},{\"sender\":\"instructions\",\"sender_type\":\"html.Page\",\"sender_id\":\"1\",\"response\":\"Space\",\"response_action\":\"keypress(Space)\",\"ended_on\":\"response\",\"duration\":38474.52799998793,\"time_run\":11873.55000001844,\"time_render\":11869.895,\"time_show\":11919.887,\"time_end\":50394.41499998793,\"time_commit\":50398.12499994878,\"timestamp\":\"2021-04-30T11:08:52.888Z\",\"time_switch\":50430.366},{\"sender\":\"example1\",\"sender_type\":\"canvas.Screen\",\"sender_id\":\"2\",\"response\":\"2\",\"response_action\":\"click(0) @2\",\"correctResponse\":\"8\",\"correct\":false,\"ended_on\":\"response\",\"duration\":13747.943999988413,\"time_run\":50398.61999999266,\"time_render\":50380.374,\"time_show\":50430.366,\"time_end\":64178.309999988414,\"time_commit\":64181.44499999471,\"timestamp\":\"2021-04-30T11:09:06.672Z\",\"time_switch\":64265.239},{\"sender\":\"example1_feedback\",\"sender_type\":\"canvas.Screen\",\"sender_id\":\"3\",\"response\":\"space\",\"response_action\":\"keypress(Space)\",\"ended_on\":\"response\",\"duration\":15055.660999933316,\"time_run\":64263.474999926984,\"time_render\":64248.575,\"time_show\":64265.239,\"time_end\":79320.89999993332,\"time_commit\":79321.89999998081,\"timestamp\":\"2021-04-30T11:09:21.812Z\",\"time_switch\":79329.105},{\"sender\":\"example2\",\"sender_type\":\"canvas.Screen\",\"sender_id\":\"4\",\"response\":\"3\",\"response_action\":\"click(0) @3\",\"correctResponse\":\"4\",\"correct\":false,\"ended_on\":\"response\",\"duration\":8956.859999930006,\"time_run\":79322.13500002399,\"time_render\":79312.441,\"time_show\":79329.105,\"time_end\":88285.96499993,\"time_commit\":88287.4099999899,\"timestamp\":\"2021-04-30T11:09:30.777Z\",\"time_switch\":88377.653},{\"sender\":\"example2_feedback\",\"sender_type\":\"canvas.Screen\",\"sender_id\":\"5\",\"response\":\"space\",\"response_action\":\"keypress(Space)\",\"ended_on\":\"response\",\"duration\":9280.157000004241,\"time_run\":88365.43000000529,\"time_render\":88360.989,\"time_show\":88377.653,\"time_end\":97657.81000000425,\"time_commit\":97658.74999994412,\"timestamp\":\"2021-04-30T11:09:40.149Z\",\"time_switch\":97684.547},{\"sender\":\"get ready\",\"sender_type\":\"canvas.Screen\",\"sender_id\":\"6\",\"response\":\"Space\",\"response_action\":\"keypress(Space)\",\"ended_on\":\"response\",\"duration\":7928.372999985018,\"time_run\":97658.99000002537,\"time_render\":97651.219,\"time_show\":97684.547,\"time_end\":105612.91999998502,\"time_commit\":105613.71499998495,\"timestamp\":\"2021-04-30T11:09:48.104Z\",\"time_switch\":105630.736},{\"sender\":\"test01\",\"sender_type\":\"canvas.Screen\",\"sender_id\":\"7_0\",\"response\":\"5\",\"response_action\":\"click(0) @5\",\"correctResponse\":\"7\",\"correct\":false,\"ended_on\":\"response\",\"duration\":28934.64399992724,\"time_run\":105613.96500002593,\"time_render\":105614.072,\"time_show\":105630.736,\"time_end\":134565.37999992725,\"time_commit\":134566.52999995276,\"timestamp\":\"2021-04-30T11:10:17.056Z\",\"time_switch\":134590.647},{\"sender\":\"test02\",\"sender_type\":\"canvas.Screen\",\"sender_id\":\"7_1\",\"response\":\"1\",\"response_action\":\"click(0) @1\",\"correctResponse\":\"4\",\"correct\":false,\"ended_on\":\"response\",\"duration\":21114.43800002325,\"time_run\":134566.7249999242,\"time_render\":134557.319,\"time_show\":134590.647,\"time_end\":155705.08500002325,\"time_commit\":155706.22499997262,\"timestamp\":\"2021-04-30T11:10:38.196Z\",\"time_switch\":155714.842},{\"sender\":\"test03\",\"sender_type\":\"canvas.Screen\",\"sender_id\":\"7_2\",\"response\":\"1\",\"response_action\":\"click(0) @1\",\"correctResponse\":\"6\",\"correct\":false,\"ended_on\":\"response\",\"duration\":13166.012999995786,\"time_run\":155706.45499997772,\"time_render\":155698.178,\"time_show\":155714.842,\"time_end\":168880.8549999958,\"time_commit\":168881.91499991808,\"timestamp\":\"2021-04-30T11:10:51.372Z\",\"time_switch\":168898.686},{\"sender\":\"test04\",\"sender_type\":\"canvas.Screen\",\"sender_id\":\"7_3\",\"response\":\"1\",\"response_action\":\"click(0) @1\",\"correctResponse\":\"2\",\"correct\":false,\"ended_on\":\"response\",\"duration\":11210.04900001618,\"time_run\":168882.29500001762,\"time_render\":168882.022,\"time_show\":168898.686,\"time_end\":180108.73500001617,\"time_commit\":180109.84499996994,\"timestamp\":\"2021-04-30T11:11:02.600Z\",\"time_switch\":180129.839},{\"sender\":\"test05\",\"sender_type\":\"canvas.Screen\",\"sender_id\":\"7_4\",\"response\":\"1\",\"response_action\":\"click(0) @1\",\"correctResponse\":\"4\",\"correct\":false,\"ended_on\":\"response\",\"duration\":7954.81099997522,\"time_run\":180109.99999998603,\"time_render\":180096.511,\"time_show\":180129.839,\"time_end\":188084.64999997523,\"time_commit\":188085.8649999136,\"timestamp\":\"2021-04-30T11:11:10.576Z\",\"time_switch\":188103.548},{\"sender\":\"test06\",\"sender_type\":\"canvas.Screen\",\"sender_id\":\"7_5\",\"response\":\"2\",\"response_action\":\"click(0) @2\",\"correctResponse\":\"7\",\"correct\":false,\"ended_on\":\"response\",\"duration\":16140.906999919971,\"time_run\":188086.0799999209,\"time_render\":188070.22,\"time_show\":188103.548,\"time_end\":204244.45499991998,\"time_commit\":204245.5749999499,\"timestamp\":\"2021-04-30T11:11:26.735Z\",\"time_switch\":204269.218},{\"sender\":\"test07\",\"sender_type\":\"canvas.Screen\",\"sender_id\":\"7_6\",\"response\":\"1\",\"response_action\":\"click(0) @1\",\"correctResponse\":\"8\",\"correct\":false,\"ended_on\":\"response\",\"duration\":19570.99199993664,\"time_run\":204245.729999966,\"time_render\":204235.89,\"time_show\":204269.218,\"time_end\":223840.20999993663,\"time_commit\":223841.26999997534,\"timestamp\":\"2021-04-30T11:11:46.331Z\",\"time_switch\":223854.338},{\"sender\":\"test08\",\"sender_type\":\"canvas.Screen\",\"sender_id\":\"7_7\",\"response\":\"1\",\"response_action\":\"click(0) @1\",\"correctResponse\":\"7\",\"correct\":false,\"ended_on\":\"response\",\"duration\":14257.691999960225,\"time_run\":223841.42499999143,\"time_render\":223837.674,\"time_show\":223854.338,\"time_end\":238112.0299999602,\"time_commit\":238113.20499994326,\"timestamp\":\"2021-04-30T11:12:00.603Z\",\"time_switch\":238127.182},{\"sender\":\"test09\",\"sender_type\":\"canvas.Screen\",\"sender_id\":\"7_8\",\"response\":\"1\",\"response_action\":\"click(0) @1\",\"correctResponse\":\"5\",\"correct\":false,\"ended_on\":\"response\",\"duration\":26884.542999989382,\"time_run\":238113.3999999147,\"time_render\":238110.518,\"time_show\":238127.182,\"time_end\":265011.7249999894,\"time_commit\":265012.7949999878,\"timestamp\":\"2021-04-30T11:12:27.502Z\",\"time_switch\":265021.999},{\"sender\":\"test10\",\"sender_type\":\"canvas.Screen\",\"sender_id\":\"7_9\",\"response\":\"7\",\"response_action\":\"click(0) @7\",\"correctResponse\":\"5\",\"correct\":false,\"ended_on\":\"response\",\"duration\":24445.361000009638,\"time_run\":265012.95499992557,\"time_render\":265005.335,\"time_show\":265021.999,\"time_end\":289467.36000000965,\"time_commit\":289468.7200000044,\"timestamp\":\"2021-04-30T11:12:51.958Z\",\"time_switch\":289478.268},{\"sender\":\"test11\",\"sender_type\":\"canvas.Screen\",\"sender_id\":\"7_10\",\"response\":\"7\",\"response_action\":\"click(0) @7\",\"correctResponse\":\"4\",\"correct\":false,\"ended_on\":\"response\",\"duration\":12632.876999973494,\"time_run\":289469.0399999963,\"time_render\":289461.604,\"time_show\":289478.268,\"time_end\":302111.1449999735,\"time_commit\":302112.2599999653,\"timestamp\":\"2021-04-30T11:13:04.602Z\",\"time_switch\":302132.674},{\"sender\":\"test12\",\"sender_type\":\"canvas.Screen\",\"sender_id\":\"7_11\",\"response\":\"5\",\"response_action\":\"click(0) @5\",\"correctResponse\":\"1\",\"correct\":false,\"ended_on\":\"response\",\"duration\":17702.286000007414,\"time_run\":302112.4599999748,\"time_render\":302099.346,\"time_show\":302132.674,\"time_end\":319834.9600000074,\"time_commit\":319836.00999997,\"timestamp\":\"2021-04-30T11:13:22.326Z\",\"time_switch\":319840.414},{\"sender\":\"tests (15min)\",\"sender_type\":\"flow.Sequence\",\"sender_id\":\"7\",\"ended_on\":\"completion\",\"duration\":214204.2240000074,\"time_run\":105613.8899999205,\"time_render\":105614.072,\"time_show\":105630.736,\"time_end\":319834.9600000074,\"time_commit\":319838.2299999939,\"timestamp\":\"2021-04-30T11:13:22.328Z\",\"time_switch\":319840.414},{\"sender\":\"good bye\",\"sender_type\":\"canvas.Screen\",\"sender_id\":\"8\",\"ended_on\":\"timeout\",\"duration\":4006.1080000000075,\"time_run\":319838.4049999295,\"time_render\":319823.75,\"time_show\":319840.414,\"time_end\":323829.858,\"time_commit\":323831.5799999982,\"timestamp\":\"2021-04-30T11:13:26.322Z\",\"time_switch\":323846.522},{\"sender\":\"root\",\"sender_type\":\"flow.Sequence\",\"sender_id\":null,\"ended_on\":\"completion\",\"duration\":319939.771,\"time_run\":3883.589999983087,\"time_render\":3790.103,\"time_show\":3890.087,\"time_end\":323829.858,\"time_commit\":323832.4149999535,\"timestamp\":\"2021-04-30T11:13:26.323Z\",\"time_switch\":323846.522}]",
    "metadata": "{\"slice\":0,\"id\":\"977ec588-f75f-458a-992e-a05676d29cdf\",\"payload\":\"full\"}",
    "url": "https://exp02.zih.tu-dresden.de/experiments/raven_task/"
}