{
    "data": "[{\"url\":{},\"meta\":{\"labjs_version\":\"20.1.1\",\"labjs_build\":{\"flavor\":\"production\",\"commit\":\"cd5695f774968f50499757c1423bd95d033ea08e\"},\"location\":\"https://exp02.zih.tu-dresden.de/experiments/raven_task/\",\"userAgent\":\"Mozilla/5.0 (Windows NT 6.1; Win64; x64) AppleWebKit/537.36 (KHTML, like Gecko) Chrome/90.0.4430.85 Safari/537.36\",\"platform\":\"Win32\",\"language\":\"de-DE\",\"locale\":\"de\",\"timeZone\":\"Europe/Berlin\",\"timezoneOffset\":-120,\"screen_width\":1366,\"screen_height\":768,\"scroll_width\":1366,\"scroll_height\":609,\"window_innerWidth\":1366,\"window_innerHeight\":657,\"devicePixelRatio\":1},\"sender\":\"welcome\",\"sender_type\":\"canvas.Screen\",\"sender_id\":\"0\",\"ended_on\":\"timeout\",\"duration\":7993.504,\"time_run\":2468.43000035733,\"time_render\":2378.096,\"time_show\":2461.566,\"time_end\":10438.382,\"time_commit\":10446.955000050366,\"timestamp\":\"2021-04-29T14:51:24.847Z\",\"time_switch\":10455.07},{\"sender\":\"instructions\",\"sender_type\":\"html.Page\",\"sender_id\":\"1\",\"response\":\"Space\",\"response_action\":\"keypress(Space)\",\"ended_on\":\"response\",\"duration\":45759.74000026688,\"time_run\":10447.970000095665,\"time_render\":10438.382,\"time_show\":10455.07,\"time_end\":56214.81000026688,\"time_commit\":56222.145000007,\"timestamp\":\"2021-04-29T14:52:10.622Z\",\"time_switch\":56282.497},{\"sender\":\"example1\",\"sender_type\":\"canvas.Screen\",\"sender_id\":\"2\",\"response\":\"8\",\"response_action\":\"click(0) @8\",\"correctResponse\":\"8\",\"correct\":true,\"ended_on\":\"response\",\"duration\":6853.072999925789,\"time_run\":56223.395000211895,\"time_render\":56215.609,\"time_show\":56282.497,\"time_end\":63135.56999992579,\"time_commit\":63143.56500003487,\"timestamp\":\"2021-04-29T14:52:17.545Z\",\"time_switch\":63327.235},{\"sender\":\"example1_feedback\",\"sender_type\":\"canvas.Screen\",\"sender_id\":\"3\",\"response\":\"space\",\"response_action\":\"keypress(Space)\",\"ended_on\":\"response\",\"duration\":6768.5350000144535,\"time_run\":63309.39000006765,\"time_render\":63293.857,\"time_show\":63327.235,\"time_end\":70095.77000001445,\"time_commit\":70097.55000006407,\"timestamp\":\"2021-04-29T14:52:24.499Z\",\"time_switch\":70136.441},{\"sender\":\"example2\",\"sender_type\":\"canvas.Screen\",\"sender_id\":\"4\",\"response\":\"3\",\"response_action\":\"click(0) @3\",\"correctResponse\":\"4\",\"correct\":false,\"ended_on\":\"response\",\"duration\":12158.204000249141,\"time_run\":70098.14500017092,\"time_render\":70086.374,\"time_show\":70136.441,\"time_end\":82294.64500024915,\"time_commit\":82297.22000006586,\"timestamp\":\"2021-04-29T14:52:36.699Z\",\"time_switch\":82419.67},{\"sender\":\"example2_feedback\",\"sender_type\":\"canvas.Screen\",\"sender_id\":\"5\",\"response\":\"space\",\"response_action\":\"keypress(Space)\",\"ended_on\":\"response\",\"duration\":2118.2550003024953,\"time_run\":82405.78000014648,\"time_render\":82402.981,\"time_show\":82419.67,\"time_end\":84537.9250003025,\"time_commit\":84539.78500002995,\"timestamp\":\"2021-04-29T14:52:38.942Z\",\"time_switch\":84572.829},{\"sender\":\"get ready\",\"sender_type\":\"canvas.Screen\",\"sender_id\":\"6\",\"response\":\"Space\",\"response_action\":\"keypress(Space)\",\"ended_on\":\"response\",\"duration\":5230.550999939354,\"time_run\":84540.38499994203,\"time_render\":84539.451,\"time_show\":84572.829,\"time_end\":89803.37999993935,\"time_commit\":89805.03500020131,\"timestamp\":\"2021-04-29T14:52:44.207Z\",\"time_switch\":89862.783},{\"sender\":\"test01\",\"sender_type\":\"canvas.Screen\",\"sender_id\":\"7_0\",\"response\":\"8\",\"response_action\":\"click(0) @8\",\"correctResponse\":\"7\",\"correct\":false,\"ended_on\":\"response\",\"duration\":7112.702000293706,\"time_run\":89805.79000012949,\"time_render\":89796.031,\"time_show\":89862.783,\"time_end\":96975.4850002937,\"time_commit\":96978.50500000641,\"timestamp\":\"2021-04-29T14:52:51.380Z\",\"time_switch\":97006.276},{\"sender\":\"test02\",\"sender_type\":\"canvas.Screen\",\"sender_id\":\"7_1\",\"response\":\"2\",\"response_action\":\"click(0) @2\",\"correctResponse\":\"4\",\"correct\":false,\"ended_on\":\"response\",\"duration\":6950.129000295492,\"time_run\":96979.13999995217,\"time_render\":96972.898,\"time_show\":97006.276,\"time_end\":103956.40500029549,\"time_commit\":103959.49500007555,\"timestamp\":\"2021-04-29T14:52:58.361Z\",\"time_switch\":103998.086},{\"sender\":\"test03\",\"sender_type\":\"canvas.Screen\",\"sender_id\":\"7_2\",\"response\":\"2\",\"response_action\":\"click(0) @2\",\"correctResponse\":\"6\",\"correct\":false,\"ended_on\":\"response\",\"duration\":5317.074000231121,\"time_run\":103959.97500000522,\"time_render\":103948.022,\"time_show\":103998.086,\"time_end\":109315.16000023112,\"time_commit\":109317.52000004053,\"timestamp\":\"2021-04-29T14:53:03.719Z\",\"time_switch\":109356.33},{\"sender\":\"test04\",\"sender_type\":\"canvas.Screen\",\"sender_id\":\"7_3\",\"response\":\"1\",\"response_action\":\"click(0) @1\",\"correctResponse\":\"2\",\"correct\":false,\"ended_on\":\"response\",\"duration\":18537.43000035554,\"time_run\":109317.98000028357,\"time_render\":109306.263,\"time_show\":109356.33,\"time_end\":127893.76000035554,\"time_commit\":127896.63000032306,\"timestamp\":\"2021-04-29T14:53:22.299Z\",\"time_switch\":127948.025},{\"sender\":\"test05\",\"sender_type\":\"canvas.Screen\",\"sender_id\":\"7_4\",\"response\":\"3\",\"response_action\":\"click(0) @3\",\"correctResponse\":\"4\",\"correct\":false,\"ended_on\":\"response\",\"duration\":12555.585000014311,\"time_run\":127897.2000000067,\"time_render\":127881.269,\"time_show\":127948.025,\"time_end\":140503.6100000143,\"time_commit\":140506.19500037283,\"timestamp\":\"2021-04-29T14:53:34.909Z\",\"time_switch\":140546.338},{\"sender\":\"test06\",\"sender_type\":\"canvas.Screen\",\"sender_id\":\"7_5\",\"response\":\"3\",\"response_action\":\"click(0) @3\",\"correctResponse\":\"7\",\"correct\":false,\"ended_on\":\"response\",\"duration\":8009.431999977212,\"time_run\":140506.62499992177,\"time_render\":140496.274,\"time_show\":140546.338,\"time_end\":148555.7699999772,\"time_commit\":148558.25500003994,\"timestamp\":\"2021-04-29T14:53:42.961Z\",\"time_switch\":148609.308},{\"sender\":\"test07\",\"sender_type\":\"canvas.Screen\",\"sender_id\":\"7_6\",\"response\":\"7\",\"response_action\":\"click(0) @7\",\"correctResponse\":\"8\",\"correct\":false,\"ended_on\":\"response\",\"duration\":10502.752000188659,\"time_run\":148558.6749999784,\"time_render\":148559.241,\"time_show\":148609.308,\"time_end\":159112.06000018865,\"time_commit\":159113.8500003144,\"timestamp\":\"2021-04-29T14:53:53.517Z\",\"time_switch\":159140.426},{\"sender\":\"test08\",\"sender_type\":\"canvas.Screen\",\"sender_id\":\"7_7\",\"response\":\"1\",\"response_action\":\"click(0) @1\",\"correctResponse\":\"7\",\"correct\":false,\"ended_on\":\"response\",\"duration\":10094.188999964827,\"time_run\":159114.02500001714,\"time_render\":159123.737,\"time_show\":159140.426,\"time_end\":169234.61499996483,\"time_commit\":169237.10000002757,\"timestamp\":\"2021-04-29T14:54:03.640Z\",\"time_switch\":169270.796},{\"sender\":\"test09\",\"sender_type\":\"canvas.Screen\",\"sender_id\":\"7_8\",\"response\":\"3\",\"response_action\":\"click(0) @3\",\"correctResponse\":\"5\",\"correct\":false,\"ended_on\":\"response\",\"duration\":8095.453999962745,\"time_run\":169237.61000018567,\"time_render\":169237.418,\"time_show\":169270.796,\"time_end\":177366.24999996275,\"time_commit\":177368.5850002803,\"timestamp\":\"2021-04-29T14:54:11.771Z\",\"time_switch\":177415.319},{\"sender\":\"test10\",\"sender_type\":\"canvas.Screen\",\"sender_id\":\"7_9\",\"response\":\"8\",\"response_action\":\"click(0) @8\",\"correctResponse\":\"5\",\"correct\":false,\"ended_on\":\"response\",\"duration\":8595.20100001074,\"time_run\":177368.99999994785,\"time_render\":177365.252,\"time_show\":177415.319,\"time_end\":186010.52000001073,\"time_commit\":186013.11499997973,\"timestamp\":\"2021-04-29T14:54:20.417Z\",\"time_switch\":186042.503},{\"sender\":\"test11\",\"sender_type\":\"canvas.Screen\",\"sender_id\":\"7_10\",\"response\":\"7\",\"response_action\":\"click(0) @7\",\"correctResponse\":\"4\",\"correct\":false,\"ended_on\":\"response\",\"duration\":10173.25200024483,\"time_run\":186013.6000001803,\"time_render\":186009.127,\"time_show\":186042.503,\"time_end\":196215.75500024483,\"time_commit\":196218.21500035003,\"timestamp\":\"2021-04-29T14:54:30.622Z\",\"time_switch\":196272.84},{\"sender\":\"test12\",\"sender_type\":\"canvas.Screen\",\"sender_id\":\"7_11\",\"response\":\"3\",\"response_action\":\"click(0) @3\",\"correctResponse\":\"1\",\"correct\":false,\"ended_on\":\"response\",\"duration\":3719.5750002189016,\"time_run\":196218.6350002885,\"time_render\":196206.088,\"time_show\":196272.84,\"time_end\":199992.4150002189,\"time_commit\":199994.74500026554,\"timestamp\":\"2021-04-29T14:54:34.399Z\",\"time_switch\":200012.584},{\"sender\":\"tests (15min)\",\"sender_type\":\"flow.Sequence\",\"sender_id\":\"7\",\"ended_on\":\"completion\",\"duration\":110129.6320002189,\"time_run\":89805.55000016466,\"time_render\":89796.031,\"time_show\":89862.783,\"time_end\":199992.4150002189,\"time_commit\":200001.3850000687,\"timestamp\":\"2021-04-29T14:54:34.406Z\",\"time_switch\":200012.584},{\"sender\":\"good bye\",\"sender_type\":\"canvas.Screen\",\"sender_id\":\"8\",\"ended_on\":\"timeout\",\"duration\":4005.4839999999967,\"time_run\":200002.0300000906,\"time_render\":199995.895,\"time_show\":200012.584,\"time_end\":204001.379,\"time_commit\":204003.15500004217,\"timestamp\":\"2021-04-29T14:54:38.407Z\",\"time_switch\":204018.068},{\"sender\":\"root\",\"sender_type\":\"flow.Sequence\",\"sender_id\":null,\"ended_on\":\"completion\",\"duration\":201539.813,\"time_run\":2468.075000215322,\"time_render\":2378.096,\"time_show\":2461.566,\"time_end\":204001.379,\"time_commit\":204004.7250003554,\"timestamp\":\"2021-04-29T14:54:38.409Z\",\"time_switch\":204018.068}]",
    "metadata": "{\"slice\":0,\"id\":\"bfab36c9-ffdf-446e-8227-3dd982eb60a3\",\"payload\":\"full\"}",
    "url": "https://exp02.zih.tu-dresden.de/experiments/raven_task/"
}