{
    "data": "[{\"url\":{},\"meta\":{\"labjs_version\":\"20.1.1\",\"labjs_build\":{\"flavor\":\"production\",\"commit\":\"cd5695f774968f50499757c1423bd95d033ea08e\"},\"location\":\"https://exp02.zih.tu-dresden.de/experiments/spot_a_word_task/\",\"userAgent\":\"Mozilla/5.0 (Windows NT 6.1; Win64; x64) AppleWebKit/537.36 (KHTML, like Gecko) Chrome/90.0.4430.85 Safari/537.36\",\"platform\":\"Win32\",\"language\":\"de-DE\",\"locale\":\"de\",\"timeZone\":\"Europe/Berlin\",\"timezoneOffset\":-120,\"screen_width\":1366,\"screen_height\":768,\"scroll_width\":1366,\"scroll_height\":609,\"window_innerWidth\":1366,\"window_innerHeight\":657,\"devicePixelRatio\":1},\"sender\":\"start_html\",\"sender_type\":\"html.Screen\",\"sender_id\":\"0\",\"ended_on\":\"timeout\",\"duration\":6024.232,\"time_run\":580.759999807924,\"time_render\":563.864,\"time_show\":580.542,\"time_end\":6571.4,\"time_commit\":6580.955000128597,\"timestamp\":\"2021-04-29T14:43:48.705Z\",\"time_switch\":6604.774},{\"sender\":\"manual_html\",\"sender_type\":\"html.Screen\",\"sender_id\":\"1\",\"response\":\"space\",\"response_action\":\"keypress(Space)\",\"ended_on\":\"response\",\"duration\":43484.67100004873,\"time_run\":6582.3200000450015,\"time_render\":6571.4,\"time_show\":6604.774,\"time_end\":50089.44500004873,\"time_commit\":50097.09500009194,\"timestamp\":\"2021-04-29T14:44:32.221Z\",\"time_switch\":50113.672},{\"sender\":\"example1_screen\",\"sender_type\":\"canvas.Screen\",\"sender_id\":\"2\",\"response\":\"4\",\"response_action\":\"keypress(4)\",\"correctResponse\":\"4\",\"correct\":true,\"ended_on\":\"response\",\"duration\":4005.972999969752,\"time_run\":50110.76999967918,\"time_render\":50080.294,\"time_show\":50113.672,\"time_end\":54119.64499996975,\"time_commit\":54125.65500009805,\"timestamp\":\"2021-04-29T14:44:36.250Z\",\"time_switch\":54146.072},{\"sender\":\"example1_feedback\",\"sender_type\":\"canvas.Screen\",\"sender_id\":\"3\",\"response\":\"Space\",\"response_action\":\"keypress(Space)\",\"ended_on\":\"response\",\"duration\":2064.707999848455,\"time_run\":54135.16000006348,\"time_render\":54129.355,\"time_show\":54146.072,\"time_end\":56210.779999848455,\"time_commit\":56212.52000005916,\"timestamp\":\"2021-04-29T14:44:38.337Z\",\"time_switch\":56230.876},{\"sender\":\"example2_screen\",\"sender_type\":\"canvas.Screen\",\"sender_id\":\"4\",\"response\":\"5\",\"response_action\":\"keypress(5)\",\"correctResponse\":\"5\",\"correct\":true,\"ended_on\":\"response\",\"duration\":3910.6190001053546,\"time_run\":56224.8949999921,\"time_render\":56214.164,\"time_show\":56230.876,\"time_end\":60141.49500010535,\"time_commit\":60143.410000018775,\"timestamp\":\"2021-04-29T14:44:42.268Z\",\"time_switch\":60161.282},{\"sender\":\"example2_feedback\",\"sender_type\":\"canvas.Screen\",\"sender_id\":\"5\",\"response\":\"Space\",\"response_action\":\"keypress(Space)\",\"ended_on\":\"response\",\"duration\":1459.2029998466678,\"time_run\":60153.33499992266,\"time_render\":60144.593,\"time_show\":60161.282,\"time_end\":61620.48499984667,\"time_commit\":61622.27499997243,\"timestamp\":\"2021-04-29T14:44:43.747Z\",\"time_switch\":61646.703},{\"sender\":\"example3_screen\",\"sender_type\":\"canvas.Screen\",\"sender_id\":\"6\",\"response\":\"1\",\"response_action\":\"keypress(1)\",\"correctResponse\":\"1\",\"correct\":true,\"ended_on\":\"response\",\"duration\":1748.131999926387,\"time_run\":61632.104999851435,\"time_render\":61630.014,\"time_show\":61646.703,\"time_end\":63394.83499992639,\"time_commit\":63396.629999857396,\"timestamp\":\"2021-04-29T14:44:45.521Z\",\"time_switch\":63415.486},{\"sender\":\"example3_feedback\",\"sender_type\":\"canvas.Screen\",\"sender_id\":\"7\",\"response\":\"Space\",\"response_action\":\"keypress(Space)\",\"ended_on\":\"response\",\"duration\":1321.7440000861316,\"time_run\":63405.499999877065,\"time_render\":63398.798,\"time_show\":63415.486,\"time_end\":64737.23000008613,\"time_commit\":64739.01999974623,\"timestamp\":\"2021-04-29T14:44:46.864Z\",\"time_switch\":64750.858},{\"sender\":\"get_ready_html\",\"sender_type\":\"html.Screen\",\"sender_id\":\"8\",\"response\":\"space\",\"response_action\":\"keypress(Space)\",\"ended_on\":\"response\",\"duration\":6836.257000002086,\"time_run\":64739.70999987796,\"time_render\":64734.169,\"time_show\":64750.858,\"time_end\":71587.11500000209,\"time_commit\":71588.81999971345,\"timestamp\":\"2021-04-29T14:44:53.713Z\",\"time_switch\":71710.2},{\"sender\":\"trial_screen\",\"sender_type\":\"canvas.Screen\",\"sender_id\":\"9_0\",\"correct\":true,\"trial_ID\":1,\"word1\":\"siziol\",\"word2\":\"salzahl\",\"word3\":\"sozihl\",\"word4\":\"sziam\",\"word5\":\"sozial\",\"response\":\"5\",\"response_action\":\"keypress(5)\",\"correctResponse\":\"5\",\"ended_on\":\"response\",\"duration\":2208.6299998641043,\"time_run\":71693.43499979004,\"time_render\":71693.511,\"time_show\":71710.2,\"time_end\":73918.8299998641,\"time_commit\":73921.00499989465,\"timestamp\":\"2021-04-29T14:44:56.046Z\",\"time_switch\":73946.644},{\"sender\":\"trial_screen\",\"sender_type\":\"canvas.Screen\",\"sender_id\":\"9_1\",\"correct\":true,\"trial_ID\":2,\"word1\":\"Lamone\",\"word2\":\"Talane\",\"word3\":\"Matrone\",\"word4\":\"Tarone\",\"word5\":\"Malonte\",\"response\":\"3\",\"response_action\":\"keypress(3)\",\"correctResponse\":\"3\",\"ended_on\":\"response\",\"duration\":2588.445999902993,\"time_run\":73932.1349998936,\"time_render\":73929.955,\"time_show\":73946.644,\"time_end\":76535.089999903,\"time_commit\":76537.13999968022,\"timestamp\":\"2021-04-29T14:44:58.662Z\",\"time_switch\":76566.886},{\"sender\":\"trial_screen\",\"sender_type\":\"canvas.Screen\",\"sender_id\":\"9_2\",\"correct\":true,\"trial_ID\":3,\"word1\":\"kurinesisch\",\"word2\":\"kulinarisch\",\"word3\":\"kumenisch\",\"word4\":\"kulissarisch\",\"word5\":\"kannastrisch\",\"response\":\"2\",\"response_action\":\"keypress(2)\",\"correctResponse\":\"2\",\"ended_on\":\"response\",\"duration\":2189.868999980332,\"time_run\":76550.35499995574,\"time_render\":76550.197,\"time_show\":76566.886,\"time_end\":78756.75499998033,\"time_commit\":78758.7549998425,\"timestamp\":\"2021-04-29T14:45:00.883Z\",\"time_switch\":78769.913},{\"sender\":\"trial_screen\",\"sender_type\":\"canvas.Screen\",\"sender_id\":\"9_3\",\"correct\":true,\"trial_ID\":4,\"word1\":\"Tinxur\",\"word2\":\"Kukutur\",\"word3\":\"Fraktan\",\"word4\":\"Tinktur\",\"word5\":\"Rimsuhr\",\"response\":\"4\",\"response_action\":\"keypress(4)\",\"correctResponse\":\"4\",\"ended_on\":\"response\",\"duration\":3778.9820000144537,\"time_run\":78767.59999990463,\"time_render\":78753.224,\"time_show\":78769.913,\"time_end\":82548.89500001445,\"time_commit\":82550.82499980927,\"timestamp\":\"2021-04-29T14:45:04.675Z\",\"time_switch\":82574.749},{\"sender\":\"trial_screen\",\"sender_type\":\"canvas.Screen\",\"sender_id\":\"9_4\",\"correct\":true,\"trial_ID\":5,\"word1\":\"beralen\",\"word2\":\"ger\u00e4ltet\",\"word3\":\"an\u00e4lteren\",\"word4\":\"unt\u00e4ren\",\"word5\":\"verbr\u00e4men\",\"response\":\"5\",\"response_action\":\"keypress(5)\",\"correctResponse\":\"5\",\"ended_on\":\"response\",\"duration\":4721.836000120107,\"time_run\":82560.13999972492,\"time_render\":82558.061,\"time_show\":82574.749,\"time_end\":87296.5850001201,\"time_commit\":87299.00499992073,\"timestamp\":\"2021-04-29T14:45:09.424Z\",\"time_switch\":87314.132},{\"sender\":\"trial_screen\",\"sender_type\":\"canvas.Screen\",\"sender_id\":\"9_5\",\"correct\":true,\"trial_ID\":6,\"word1\":\"Rosto\",\"word2\":\"Torso\",\"word3\":\"Soro\",\"word4\":\"Torgos\",\"word5\":\"Tosor\",\"response\":\"2\",\"response_action\":\"keypress(2)\",\"correctResponse\":\"2\",\"ended_on\":\"response\",\"duration\":2418.6179999664746,\"time_run\":87308.72499989346,\"time_render\":87297.444,\"time_show\":87314.132,\"time_end\":89732.74999996647,\"time_commit\":89734.47499983013,\"timestamp\":\"2021-04-29T14:45:11.859Z\",\"time_switch\":89751.416},{\"sender\":\"trial_screen\",\"sender_type\":\"canvas.Screen\",\"sender_id\":\"9_6\",\"correct\":true,\"trial_ID\":7,\"word1\":\"Redor\",\"word2\":\"Radium\",\"word3\":\"Terion\",\"word4\":\"Dramin\",\"word5\":\"Orakium\",\"response\":\"2\",\"response_action\":\"keypress(2)\",\"correctResponse\":\"2\",\"ended_on\":\"response\",\"duration\":1713.6189998846676,\"time_run\":89747.22500005737,\"time_render\":89734.727,\"time_show\":89751.416,\"time_end\":91465.03499988467,\"time_commit\":91466.91499976441,\"timestamp\":\"2021-04-29T14:45:13.592Z\",\"time_switch\":91486.796},{\"sender\":\"trial_screen\",\"sender_type\":\"canvas.Screen\",\"sender_id\":\"9_7\",\"correct\":true,\"trial_ID\":8,\"word1\":\"Nale\",\"word2\":\"Sahe\",\"word3\":\"Nase\",\"word4\":\"Nesa\",\"word5\":\"Sehna\",\"response\":\"3\",\"response_action\":\"keypress(3)\",\"correctResponse\":\"3\",\"ended_on\":\"response\",\"duration\":3234.954000026075,\"time_run\":91475.3999998793,\"time_render\":91470.108,\"time_show\":91486.796,\"time_end\":94721.75000002608,\"time_commit\":94723.70499977842,\"timestamp\":\"2021-04-29T14:45:16.848Z\",\"time_switch\":94741.517},{\"sender\":\"trial_screen\",\"sender_type\":\"canvas.Screen\",\"sender_id\":\"9_8\",\"correct\":true,\"trial_ID\":9,\"word1\":\"Rilkiase\",\"word2\":\"Kilister\",\"word3\":\"Riliker\",\"word4\":\"Klistier\",\"word5\":\"Linkure\",\"response\":\"4\",\"response_action\":\"keypress(4)\",\"correctResponse\":\"4\",\"ended_on\":\"response\",\"duration\":3147.402999822967,\"time_run\":94733.42499975115,\"time_render\":94724.828,\"time_show\":94741.517,\"time_end\":97888.91999982297,\"time_commit\":97890.69500006735,\"timestamp\":\"2021-04-29T14:45:20.015Z\",\"time_switch\":97912.01},{\"sender\":\"trial_screen\",\"sender_type\":\"canvas.Screen\",\"sender_id\":\"9_9\",\"correct\":true,\"trial_ID\":10,\"word1\":\"kentern\",\"word2\":\"knerte\",\"word3\":\"kanzen\",\"word4\":\"kretern\",\"word5\":\"trekern\",\"response\":\"1\",\"response_action\":\"keypress(1)\",\"correctResponse\":\"1\",\"ended_on\":\"response\",\"duration\":3199.6899997757428,\"time_run\":97899.63499968871,\"time_render\":97895.322,\"time_show\":97912.01,\"time_end\":101111.69999977574,\"time_commit\":101113.46499994397,\"timestamp\":\"2021-04-29T14:45:23.238Z\",\"time_switch\":101133.507},{\"sender\":\"trial_screen\",\"sender_type\":\"canvas.Screen\",\"sender_id\":\"9_10\",\"correct\":true,\"trial_ID\":11,\"word1\":\"Sorekin\",\"word2\":\"Sarowin\",\"word3\":\"Rosakin\",\"word4\":\"Narosin\",\"word5\":\"Kerosin\",\"response\":\"5\",\"response_action\":\"keypress(5)\",\"correctResponse\":\"5\",\"ended_on\":\"response\",\"duration\":2898.6829997070454,\"time_run\":101122.51499993727,\"time_render\":101116.818,\"time_show\":101133.507,\"time_end\":104032.18999970704,\"time_commit\":104033.86999992654,\"timestamp\":\"2021-04-29T14:45:26.159Z\",\"time_switch\":104053.85},{\"sender\":\"trial_screen\",\"sender_type\":\"canvas.Screen\",\"sender_id\":\"9_11\",\"correct\":true,\"trial_ID\":12,\"word1\":\"Ralke\",\"word2\":\"Korre\",\"word3\":\"Ruckse\",\"word4\":\"Recke\",\"word5\":\"Ulte\",\"response\":\"4\",\"response_action\":\"keypress(4)\",\"correctResponse\":\"4\",\"ended_on\":\"response\",\"duration\":3853.8399997889937,\"time_run\":104043.09999989346,\"time_render\":104037.162,\"time_show\":104053.85,\"time_end\":107907.689999789,\"time_commit\":107909.63499993086,\"timestamp\":\"2021-04-29T14:45:30.034Z\",\"time_switch\":107926.074},{\"sender\":\"trial_screen\",\"sender_type\":\"canvas.Screen\",\"sender_id\":\"9_12\",\"correct\":true,\"trial_ID\":13,\"word1\":\"Kapaun\",\"word2\":\"Paukan\",\"word3\":\"Naupack\",\"word4\":\"Aupeck\",\"word5\":\"Ankepran\",\"response\":\"1\",\"response_action\":\"keypress(1)\",\"correctResponse\":\"1\",\"ended_on\":\"response\",\"duration\":5020.625999738491,\"time_run\":107918.71999995783,\"time_render\":107909.385,\"time_show\":107926.074,\"time_end\":112946.69999973848,\"time_commit\":112948.57000000775,\"timestamp\":\"2021-04-29T14:45:35.073Z\",\"time_switch\":112965.566},{\"sender\":\"trial_screen\",\"sender_type\":\"canvas.Screen\",\"sender_id\":\"9_13\",\"correct\":true,\"trial_ID\":14,\"word1\":\"Dissonanz\",\"word2\":\"Diskrisanz\",\"word3\":\"Distranz\",\"word4\":\"Dinotanz\",\"word5\":\"Sidonenz\",\"response\":\"1\",\"response_action\":\"keypress(1)\",\"correctResponse\":\"1\",\"ended_on\":\"response\",\"duration\":1971.0739999707876,\"time_run\":112960.25499980897,\"time_render\":112948.878,\"time_show\":112965.566,\"time_end\":114936.6399999708,\"time_commit\":114938.63500002772,\"timestamp\":\"2021-04-29T14:45:37.063Z\",\"time_switch\":114952.276},{\"sender\":\"trial_screen\",\"sender_type\":\"canvas.Screen\",\"sender_id\":\"9_14\",\"correct\":true,\"trial_ID\":15,\"word1\":\"Kirse\",\"word2\":\"Sirke\",\"word3\":\"Krise\",\"word4\":\"Krospe\",\"word5\":\"Seris\",\"response\":\"3\",\"response_action\":\"keypress(3)\",\"correctResponse\":\"3\",\"ended_on\":\"response\",\"duration\":2249.1939997380396,\"time_run\":114946.50999968871,\"time_render\":114935.587,\"time_show\":114952.276,\"time_end\":117201.46999973804,\"time_commit\":117203.35000008345,\"timestamp\":\"2021-04-29T14:45:39.328Z\",\"time_switch\":117222.043},{\"sender\":\"trial_screen\",\"sender_type\":\"canvas.Screen\",\"sender_id\":\"9_15\",\"correct\":true,\"trial_ID\":16,\"word1\":\"Tume\",\"word2\":\"Umat\",\"word3\":\"Maut\",\"word4\":\"Taum\",\"word5\":\"Muta\",\"response\":\"3\",\"response_action\":\"keypress(3)\",\"correctResponse\":\"3\",\"ended_on\":\"response\",\"duration\":2961.9870001203963,\"time_run\":117211.159999948,\"time_render\":117205.354,\"time_show\":117222.043,\"time_end\":120184.0300001204,\"time_commit\":120185.86499989033,\"timestamp\":\"2021-04-29T14:45:42.311Z\",\"time_switch\":120209.14},{\"sender\":\"trial_screen\",\"sender_type\":\"canvas.Screen\",\"sender_id\":\"9_16\",\"correct\":true,\"trial_ID\":17,\"word1\":\"Tuhl\",\"word2\":\"Lar\",\"word3\":\"Lest\",\"word4\":\"Dall\",\"word5\":\"Lid\",\"response\":\"5\",\"response_action\":\"keypress(5)\",\"correctResponse\":\"5\",\"ended_on\":\"response\",\"duration\":3566.389999751598,\"time_run\":120194.5199999027,\"time_render\":120192.452,\"time_show\":120209.14,\"time_end\":123775.5299997516,\"time_commit\":123777.37999986857,\"timestamp\":\"2021-04-29T14:45:45.903Z\",\"time_switch\":123797.091},{\"sender\":\"trial_screen\",\"sender_type\":\"canvas.Screen\",\"sender_id\":\"9_17\",\"correct\":true,\"trial_ID\":18,\"word1\":\"Adept\",\"word2\":\"Padet\",\"word3\":\"Edapt\",\"word4\":\"Epatt\",\"word5\":\"Taped\",\"response\":\"1\",\"response_action\":\"keypress(1)\",\"correctResponse\":\"1\",\"ended_on\":\"response\",\"duration\":6169.1889998186525,\"time_run\":123785.4399997741,\"time_render\":123780.403,\"time_show\":123797.091,\"time_end\":129966.27999981865,\"time_commit\":129968.15499989316,\"timestamp\":\"2021-04-29T14:45:52.094Z\",\"time_switch\":129989.246},{\"sender\":\"trial_screen\",\"sender_type\":\"canvas.Screen\",\"sender_id\":\"9_18\",\"correct\":false,\"trial_ID\":19,\"word1\":\"Spirine\",\"word2\":\"Saprin\",\"word3\":\"Parsin\",\"word4\":\"Purin\",\"word5\":\"Asprint\",\"response\":\"3\",\"response_action\":\"keypress(3)\",\"correctResponse\":\"4\",\"ended_on\":\"response\",\"duration\":3120.999000105352,\"time_run\":129975.9049997665,\"time_render\":129972.557,\"time_show\":129989.246,\"time_end\":133110.24500010535,\"time_commit\":133111.88500002027,\"timestamp\":\"2021-04-29T14:45:55.238Z\",\"time_switch\":133126.929},{\"sender\":\"trial_screen\",\"sender_type\":\"canvas.Screen\",\"sender_id\":\"9_19\",\"correct\":false,\"trial_ID\":20,\"word1\":\"Kulon\",\"word2\":\"Solgun\",\"word3\":\"Koskan\",\"word4\":\"Soran\",\"word5\":\"Klonus\",\"response\":\"4\",\"response_action\":\"keypress(4)\",\"correctResponse\":\"5\",\"ended_on\":\"response\",\"duration\":6085.145999697503,\"time_run\":133120.00000011176,\"time_render\":133110.24,\"time_show\":133126.929,\"time_end\":139212.0749996975,\"time_commit\":139214.15999997407,\"timestamp\":\"2021-04-29T14:46:01.340Z\",\"time_switch\":139234.484},{\"sender\":\"trial_screen\",\"sender_type\":\"canvas.Screen\",\"sender_id\":\"9_20\",\"correct\":false,\"trial_ID\":21,\"word1\":\"Tronke\",\"word2\":\"Nocktherm\",\"word3\":\"Teronk\",\"word4\":\"Komtur\",\"word5\":\"Rocktur\",\"response\":\"5\",\"response_action\":\"keypress(5)\",\"correctResponse\":\"4\",\"ended_on\":\"response\",\"duration\":4321.555999704811,\"time_run\":139221.6550000012,\"time_render\":139217.796,\"time_show\":139234.484,\"time_end\":143556.0399997048,\"time_commit\":143557.76999983937,\"timestamp\":\"2021-04-29T14:46:05.683Z\",\"time_switch\":143570.423},{\"sender\":\"trial_screen\",\"sender_type\":\"canvas.Screen\",\"sender_id\":\"9_21\",\"correct\":true,\"trial_ID\":22,\"word1\":\"Ripat\",\"word2\":\"Patinatte\",\"word3\":\"Tapir\",\"word4\":\"Apitt\",\"word5\":\"Padir\",\"response\":\"3\",\"response_action\":\"keypress(3)\",\"correctResponse\":\"3\",\"ended_on\":\"response\",\"duration\":2757.8519997451804,\"time_run\":143566.37499993667,\"time_render\":143553.747,\"time_show\":143570.423,\"time_end\":146328.2749997452,\"time_commit\":146329.88999970257,\"timestamp\":\"2021-04-29T14:46:08.456Z\",\"time_switch\":146344.518},{\"sender\":\"trial_screen\",\"sender_type\":\"canvas.Screen\",\"sender_id\":\"9_22\",\"correct\":true,\"trial_ID\":23,\"word1\":\"Akifer\",\"word2\":\"Fiaker\",\"word3\":\"Kiaffa\",\"word4\":\"Sariffer\",\"word5\":\"Refisker\",\"response\":\"2\",\"response_action\":\"keypress(2)\",\"correctResponse\":\"2\",\"ended_on\":\"response\",\"duration\":2359.322000089247,\"time_run\":146337.2499998659,\"time_render\":146327.83,\"time_show\":146344.518,\"time_end\":148703.84000008926,\"time_commit\":148705.4999996908,\"timestamp\":\"2021-04-29T14:46:10.831Z\",\"time_switch\":148714.758},{\"sender\":\"trial_screen\",\"sender_type\":\"canvas.Screen\",\"sender_id\":\"9_23\",\"correct\":false,\"trial_ID\":24,\"word1\":\"Kleiber\",\"word2\":\"Beikel\",\"word3\":\"Keibel\",\"word4\":\"Reikler\",\"word5\":\"Biekerl\",\"response\":\"3\",\"response_action\":\"keypress(3)\",\"correctResponse\":\"1\",\"ended_on\":\"response\",\"duration\":2559.0819999216183,\"time_run\":148712.92500011623,\"time_render\":148698.069,\"time_show\":148714.758,\"time_end\":151273.83999992162,\"time_commit\":151275.649999734,\"timestamp\":\"2021-04-29T14:46:13.401Z\",\"time_switch\":151301.19},{\"sender\":\"trial_screen\",\"sender_type\":\"canvas.Screen\",\"sender_id\":\"9_24\",\"correct\":true,\"trial_ID\":25,\"word1\":\"Ig\u00e4de\",\"word2\":\"D\u00e4gie\",\"word3\":\"\u00c4gide\",\"word4\":\"Dig\u00e4de\",\"word5\":\"Giad\",\"response\":\"3\",\"response_action\":\"keypress(3)\",\"correctResponse\":\"3\",\"ended_on\":\"response\",\"duration\":3168.4499997919775,\"time_run\":151284.2099997215,\"time_render\":151284.502,\"time_show\":151301.19,\"time_end\":154469.63999979198,\"time_commit\":154471.2249999866,\"timestamp\":\"2021-04-29T14:46:16.597Z\",\"time_switch\":154489.185},{\"sender\":\"trial_screen\",\"sender_type\":\"canvas.Screen\",\"sender_id\":\"9_25\",\"correct\":true,\"trial_ID\":26,\"word1\":\"Rixal\",\"word2\":\"Irtax\",\"word3\":\"Rackizie\",\"word4\":\"Matrix\",\"word5\":\"Atrige\",\"response\":\"4\",\"response_action\":\"keypress(4)\",\"correctResponse\":\"4\",\"ended_on\":\"response\",\"duration\":3020.2350000166916,\"time_run\":154479.2249999009,\"time_render\":154472.496,\"time_show\":154489.185,\"time_end\":157509.4200000167,\"time_commit\":157511.16500003263,\"timestamp\":\"2021-04-29T14:46:19.637Z\",\"time_switch\":157526.687},{\"sender\":\"trial_screen\",\"sender_type\":\"canvas.Screen\",\"sender_id\":\"9_26\",\"correct\":false,\"trial_ID\":27,\"word1\":\"Haskisch\",\"word2\":\"Asmisch\",\"word3\":\"Schisma\",\"word4\":\"Rasthmie\",\"word5\":\"Ilschah\",\"response\":\"2\",\"response_action\":\"keypress(2)\",\"correctResponse\":\"3\",\"ended_on\":\"response\",\"duration\":6680.552999901498,\"time_run\":157518.68500001729,\"time_render\":157509.998,\"time_show\":157526.687,\"time_end\":164207.2399999015,\"time_commit\":164208.96499976516,\"timestamp\":\"2021-04-29T14:46:26.335Z\",\"time_switch\":164219.025},{\"sender\":\"trial_screen\",\"sender_type\":\"canvas.Screen\",\"sender_id\":\"9_27\",\"correct\":false,\"trial_ID\":28,\"word1\":\"Sallose\",\"word2\":\"Lordose\",\"word3\":\"Dormase\",\"word4\":\"Rollase\",\"word5\":\"Ardierole\",\"response\":\"5\",\"response_action\":\"keypress(5)\",\"correctResponse\":\"2\",\"ended_on\":\"response\",\"duration\":4252.764999865001,\"time_run\":164216.89999988303,\"time_render\":164202.336,\"time_show\":164219.025,\"time_end\":168471.789999865,\"time_commit\":168473.55999983847,\"timestamp\":\"2021-04-29T14:46:30.599Z\",\"time_switch\":168491.503},{\"sender\":\"trial_screen\",\"sender_type\":\"canvas.Screen\",\"sender_id\":\"9_28\",\"correct\":true,\"trial_ID\":29,\"word1\":\"Intranotion\",\"word2\":\"Infranatura\",\"word3\":\"Internodium\",\"word4\":\"Indotalie\",\"word5\":\"Indosta\",\"response\":\"3\",\"response_action\":\"keypress(3)\",\"correctResponse\":\"3\",\"ended_on\":\"response\",\"duration\":4742.556999696913,\"time_run\":168481.52999999002,\"time_render\":168474.814,\"time_show\":168491.503,\"time_end\":173234.0599996969,\"time_commit\":173235.74999999255,\"timestamp\":\"2021-04-29T14:46:35.361Z\",\"time_switch\":173247.965},{\"sender\":\"trial_screen\",\"sender_type\":\"canvas.Screen\",\"sender_id\":\"9_29\",\"correct\":true,\"trial_ID\":30,\"word1\":\"Idaste\",\"word2\":\"Dastrix\",\"word3\":\"Astike\",\"word4\":\"Sadile\",\"word5\":\"Kasside\",\"response\":\"5\",\"response_action\":\"keypress(5)\",\"correctResponse\":\"5\",\"ended_on\":\"response\",\"duration\":5378.86999976993,\"time_run\":173244.5950000547,\"time_render\":173231.276,\"time_show\":173247.965,\"time_end\":178626.83499976993,\"time_commit\":178628.81499994546,\"timestamp\":\"2021-04-29T14:46:40.754Z\",\"time_switch\":178637.896},{\"sender\":\"trial_screen\",\"sender_type\":\"canvas.Screen\",\"sender_id\":\"9_30\",\"correct\":true,\"trial_ID\":31,\"word1\":\"Libration\",\"word2\":\"Bilation\",\"word3\":\"Arlation\",\"word4\":\"Iberation\",\"word5\":\"Tiradon\",\"response\":\"1\",\"response_action\":\"keypress(1)\",\"correctResponse\":\"1\",\"ended_on\":\"response\",\"duration\":2237.263999821327,\"time_run\":178636.96500007063,\"time_render\":178621.208,\"time_show\":178637.896,\"time_end\":180875.15999982134,\"time_commit\":180877.07499973476,\"timestamp\":\"2021-04-29T14:46:43.004Z\",\"time_switch\":180891.102},{\"sender\":\"trial_screen\",\"sender_type\":\"canvas.Screen\",\"sender_id\":\"9_31\",\"correct\":false,\"trial_ID\":32,\"word1\":\"Pucker\",\"word2\":\"Keuper\",\"word3\":\"Eucker\",\"word4\":\"Reuspeck\",\"word5\":\"Urkane\",\"response\":\"1\",\"response_action\":\"keypress(1)\",\"correctResponse\":\"2\",\"ended_on\":\"response\",\"duration\":4647.262999927567,\"time_run\":180884.73499985412,\"time_render\":180874.414,\"time_show\":180891.102,\"time_end\":185538.36499992758,\"time_commit\":185539.89999974146,\"timestamp\":\"2021-04-29T14:46:47.667Z\",\"time_switch\":185564.658},{\"sender\":\"trial_screen\",\"sender_type\":\"canvas.Screen\",\"sender_id\":\"9_32\",\"correct\":true,\"trial_ID\":33,\"word1\":\"Sickaber\",\"word2\":\"Bassiker\",\"word3\":\"Kassiber\",\"word4\":\"Sassiker\",\"word5\":\"Askiber\",\"response\":\"3\",\"response_action\":\"keypress(3)\",\"correctResponse\":\"3\",\"ended_on\":\"response\",\"duration\":2983.2519997319323,\"time_run\":185547.50999994576,\"time_render\":185547.969,\"time_show\":185564.658,\"time_end\":188547.90999973193,\"time_commit\":188549.71499973908,\"timestamp\":\"2021-04-29T14:46:50.677Z\",\"time_switch\":188568.754},{\"sender\":\"trial_screen\",\"sender_type\":\"canvas.Screen\",\"sender_id\":\"9_33\",\"correct\":false,\"trial_ID\":34,\"word1\":\"Alquallon\",\"word2\":\"Lisqualien\",\"word3\":\"Talquallen\",\"word4\":\"Quisquilien\",\"word5\":\"Rielquellen\",\"response\":\"3\",\"response_action\":\"keypress(3)\",\"correctResponse\":\"4\",\"ended_on\":\"response\",\"duration\":2500.786000054999,\"time_run\":188557.3649997823,\"time_render\":188552.065,\"time_show\":188568.754,\"time_end\":191069.54000005499,\"time_commit\":191071.19000004604,\"timestamp\":\"2021-04-29T14:46:53.198Z\",\"time_switch\":191088.568},{\"sender\":\"trial_screen\",\"sender_type\":\"canvas.Screen\",\"sender_id\":\"9_34\",\"correct\":false,\"trial_ID\":35,\"word1\":\"Berkiza\",\"word2\":\"Brekzie\",\"word3\":\"Birakzie\",\"word4\":\"Brikazie\",\"word5\":\"Bakiria\",\"response\":\"5\",\"response_action\":\"keypress(5)\",\"correctResponse\":\"2\",\"ended_on\":\"response\",\"duration\":4155.5370000488765,\"time_run\":191078.73999979347,\"time_render\":191071.88,\"time_show\":191088.568,\"time_end\":195244.10500004888,\"time_commit\":195245.87500002235,\"timestamp\":\"2021-04-29T14:46:57.373Z\",\"time_switch\":195261.148},{\"sender\":\"loop_trial\",\"sender_type\":\"flow.Loop\",\"sender_id\":\"9\",\"ended_on\":\"completion\",\"duration\":123533.90500004888,\"time_run\":71689.04999969527,\"time_render\":71693.511,\"time_show\":71710.2,\"time_end\":195244.10500004888,\"time_commit\":195251.62500003353,\"timestamp\":\"2021-04-29T14:46:57.379Z\",\"time_switch\":195261.148},{\"sender\":\"end_html\",\"sender_type\":\"html.Screen\",\"sender_id\":\"10\",\"ended_on\":\"timeout\",\"duration\":6008.112000000023,\"time_run\":195252.07499973476,\"time_render\":195244.459,\"time_show\":195261.148,\"time_end\":201252.571,\"time_commit\":201259.09999990836,\"timestamp\":\"2021-04-29T14:47:03.386Z\",\"time_switch\":201269.26},{\"sender\":\"root\",\"sender_type\":\"flow.Sequence\",\"sender_id\":null,\"ended_on\":\"completion\",\"duration\":200672.029,\"time_run\":580.224999692291,\"time_render\":563.864,\"time_show\":580.542,\"time_end\":201252.571,\"time_commit\":201260.38499968126,\"timestamp\":\"2021-04-29T14:47:03.387Z\",\"time_switch\":201269.26}]",
    "metadata": "{\"slice\":0,\"id\":\"ebaadd11-f669-430e-a235-a7dc456e9d21\",\"payload\":\"full\"}",
    "url": "https://exp02.zih.tu-dresden.de/experiments/spot_a_word_task/"
}