{
    "data": "[{\"url\":{},\"meta\":{\"labjs_version\":\"20.1.1\",\"labjs_build\":{\"flavor\":\"production\",\"commit\":\"cd5695f774968f50499757c1423bd95d033ea08e\"},\"location\":\"https://exp02.zih.tu-dresden.de/experiments/raven_task/\",\"userAgent\":\"Mozilla/5.0 (Macintosh; Intel Mac OS X 10_15_6) AppleWebKit/605.1.15 (KHTML, like Gecko) Version/14.0.3 Safari/605.1.15\",\"platform\":\"MacIntel\",\"language\":\"de-de\",\"locale\":\"de-DE\",\"timeZone\":\"Europe/Berlin\",\"timezoneOffset\":-120,\"screen_width\":1440,\"screen_height\":900,\"scroll_width\":1319,\"scroll_height\":647,\"window_innerWidth\":1319,\"window_innerHeight\":695,\"devicePixelRatio\":1},\"sender\":\"welcome\",\"sender_type\":\"canvas.Screen\",\"sender_id\":\"0\",\"ended_on\":\"timeout\",\"duration\":8004,\"time_run\":6941,\"time_render\":6952,\"time_show\":6969,\"time_end\":14953,\"time_commit\":14954,\"timestamp\":\"2021-04-29T17:44:23.480Z\",\"time_switch\":14973},{\"sender\":\"instructions\",\"sender_type\":\"html.Page\",\"sender_id\":\"1\",\"response\":\"Space\",\"response_action\":\"keypress(Space)\",\"ended_on\":\"response\",\"duration\":25083,\"time_run\":14954,\"time_render\":14953,\"time_show\":14973,\"time_end\":40036,\"time_commit\":40224.00000000001,\"timestamp\":\"2021-04-29T17:44:48.750Z\",\"time_switch\":40362},{\"sender\":\"example1\",\"sender_type\":\"canvas.Screen\",\"sender_id\":\"2\",\"response\":\"8\",\"response_action\":\"click(0) @8\",\"correctResponse\":\"8\",\"correct\":true,\"ended_on\":\"response\",\"duration\":13683,\"time_run\":40224.00000000001,\"time_render\":40238,\"time_show\":40362,\"time_end\":53921,\"time_commit\":53995.00000000001,\"timestamp\":\"2021-04-29T17:45:02.521Z\",\"time_switch\":54093},{\"sender\":\"example1_feedback\",\"sender_type\":\"canvas.Screen\",\"sender_id\":\"3\",\"response\":\"space\",\"response_action\":\"keypress(Space)\",\"ended_on\":\"response\",\"duration\":15380,\"time_run\":53996,\"time_render\":54022,\"time_show\":54093,\"time_end\":69402,\"time_commit\":69475.00000000001,\"timestamp\":\"2021-04-29T17:45:18.002Z\",\"time_switch\":69616},{\"sender\":\"example2\",\"sender_type\":\"canvas.Screen\",\"sender_id\":\"4\",\"response\":\"4\",\"response_action\":\"click(0) @4\",\"correctResponse\":\"4\",\"correct\":true,\"ended_on\":\"response\",\"duration\":12117.000000000015,\"time_run\":69476,\"time_render\":69489,\"time_show\":69616,\"time_end\":81606.00000000001,\"time_commit\":81679,\"timestamp\":\"2021-04-29T17:45:30.206Z\",\"time_switch\":81772},{\"sender\":\"example2_feedback\",\"sender_type\":\"canvas.Screen\",\"sender_id\":\"5\",\"response\":\"space\",\"response_action\":\"keypress(Space)\",\"ended_on\":\"response\",\"duration\":2457,\"time_run\":81681,\"time_render\":81707,\"time_show\":81772,\"time_end\":84164,\"time_commit\":84237,\"timestamp\":\"2021-04-29T17:45:32.763Z\",\"time_switch\":84274},{\"sender\":\"get ready\",\"sender_type\":\"canvas.Screen\",\"sender_id\":\"6\",\"response\":\"Space\",\"response_action\":\"keypress(Space)\",\"ended_on\":\"response\",\"duration\":8650,\"time_run\":84237,\"time_render\":84257,\"time_show\":84274,\"time_end\":92907,\"time_commit\":92981.00000000001,\"timestamp\":\"2021-04-29T17:45:41.507Z\",\"time_switch\":93117},{\"sender\":\"test01\",\"sender_type\":\"canvas.Screen\",\"sender_id\":\"7_0\",\"response\":\"7\",\"response_action\":\"click(0) @7\",\"correctResponse\":\"7\",\"correct\":true,\"ended_on\":\"response\",\"duration\":14151,\"time_run\":92981.00000000001,\"time_render\":92992,\"time_show\":93117,\"time_end\":107143,\"time_commit\":107216.00000000001,\"timestamp\":\"2021-04-29T17:45:55.743Z\",\"time_switch\":107354},{\"sender\":\"test02\",\"sender_type\":\"canvas.Screen\",\"sender_id\":\"7_1\",\"response\":\"8\",\"response_action\":\"click(0) @8\",\"correctResponse\":\"4\",\"correct\":false,\"ended_on\":\"response\",\"duration\":19475,\"time_run\":107217,\"time_render\":107242,\"time_show\":107354,\"time_end\":126717,\"time_commit\":126791,\"timestamp\":\"2021-04-29T17:46:15.317Z\",\"time_switch\":126928},{\"sender\":\"test03\",\"sender_type\":\"canvas.Screen\",\"sender_id\":\"7_2\",\"response\":\"6\",\"response_action\":\"click(0) @6\",\"correctResponse\":\"6\",\"correct\":true,\"ended_on\":\"response\",\"duration\":12709,\"time_run\":126791,\"time_render\":126810,\"time_show\":126928,\"time_end\":139519,\"time_commit\":139593,\"timestamp\":\"2021-04-29T17:46:28.120Z\",\"time_switch\":139726},{\"sender\":\"test04\",\"sender_type\":\"canvas.Screen\",\"sender_id\":\"7_3\",\"response\":\"2\",\"response_action\":\"click(0) @2\",\"correctResponse\":\"2\",\"correct\":true,\"ended_on\":\"response\",\"duration\":25321.00000000003,\"time_run\":139594,\"time_render\":139611,\"time_show\":139726,\"time_end\":164932.00000000003,\"time_commit\":165006,\"timestamp\":\"2021-04-29T17:46:53.533Z\",\"time_switch\":165145},{\"sender\":\"test05\",\"sender_type\":\"canvas.Screen\",\"sender_id\":\"7_4\",\"response\":\"4\",\"response_action\":\"click(0) @4\",\"correctResponse\":\"4\",\"correct\":true,\"ended_on\":\"response\",\"duration\":29117,\"time_run\":165006,\"time_render\":165030,\"time_show\":165145,\"time_end\":194147,\"time_commit\":194222,\"timestamp\":\"2021-04-29T17:47:22.749Z\",\"time_switch\":194361},{\"sender\":\"test06\",\"sender_type\":\"canvas.Screen\",\"sender_id\":\"7_5\",\"response\":\"1\",\"response_action\":\"click(0) @1\",\"correctResponse\":\"7\",\"correct\":false,\"ended_on\":\"response\",\"duration\":20913,\"time_run\":194222,\"time_render\":194248,\"time_show\":194361,\"time_end\":215161,\"time_commit\":215235,\"timestamp\":\"2021-04-29T17:47:43.762Z\",\"time_switch\":215370},{\"sender\":\"test07\",\"sender_type\":\"canvas.Screen\",\"sender_id\":\"7_6\",\"response\":\"1\",\"response_action\":\"click(0) @1\",\"correctResponse\":\"8\",\"correct\":false,\"ended_on\":\"response\",\"duration\":41433,\"time_run\":215235,\"time_render\":215250,\"time_show\":215370,\"time_end\":256683,\"time_commit\":256757,\"timestamp\":\"2021-04-29T17:48:25.285Z\",\"time_switch\":256882},{\"sender\":\"test08\",\"sender_type\":\"canvas.Screen\",\"sender_id\":\"7_7\",\"response\":\"7\",\"response_action\":\"click(0) @7\",\"correctResponse\":\"7\",\"correct\":true,\"ended_on\":\"response\",\"duration\":58412,\"time_run\":256757.99999999997,\"time_render\":256769,\"time_show\":256882,\"time_end\":315181,\"time_commit\":315258,\"timestamp\":\"2021-04-29T17:49:23.785Z\",\"time_switch\":315389},{\"sender\":\"test09\",\"sender_type\":\"canvas.Screen\",\"sender_id\":\"7_8\",\"response\":\"5\",\"response_action\":\"click(0) @5\",\"correctResponse\":\"5\",\"correct\":true,\"ended_on\":\"response\",\"duration\":69239,\"time_run\":315258,\"time_render\":315273,\"time_show\":315389,\"time_end\":384512,\"time_commit\":384588,\"timestamp\":\"2021-04-29T17:50:33.116Z\",\"time_switch\":384728},{\"sender\":\"test10\",\"sender_type\":\"canvas.Screen\",\"sender_id\":\"7_9\",\"response\":\"5\",\"response_action\":\"click(0) @5\",\"correctResponse\":\"5\",\"correct\":true,\"ended_on\":\"response\",\"duration\":101755,\"time_run\":384588,\"time_render\":384611,\"time_show\":384728,\"time_end\":486366,\"time_commit\":486443,\"timestamp\":\"2021-04-29T17:52:14.971Z\",\"time_switch\":486587},{\"sender\":\"test11\",\"sender_type\":\"canvas.Screen\",\"sender_id\":\"7_10\",\"response\":\"8\",\"response_action\":\"click(0) @8\",\"correctResponse\":\"4\",\"correct\":false,\"ended_on\":\"response\",\"duration\":101369,\"time_run\":486443,\"time_render\":486468,\"time_show\":486587,\"time_end\":587837,\"time_commit\":587914,\"timestamp\":\"2021-04-29T17:53:56.443Z\",\"time_switch\":588040},{\"sender\":\"test12\",\"sender_type\":\"canvas.Screen\",\"sender_id\":\"7_11\",\"response\":\"2\",\"response_action\":\"click(0) @2\",\"correctResponse\":\"1\",\"correct\":false,\"ended_on\":\"response\",\"duration\":48870,\"time_run\":587914,\"time_render\":587925,\"time_show\":588040,\"time_end\":636795,\"time_commit\":636874,\"timestamp\":\"2021-04-29T17:54:45.404Z\",\"time_switch\":636912},{\"sender\":\"tests (15min)\",\"sender_type\":\"flow.Sequence\",\"sender_id\":\"7\",\"ended_on\":\"completion\",\"duration\":543678,\"time_run\":92981.00000000001,\"time_render\":92992,\"time_show\":93117,\"time_end\":636795,\"time_commit\":636875,\"timestamp\":\"2021-04-29T17:54:45.405Z\",\"time_switch\":636912},{\"sender\":\"good bye\",\"sender_type\":\"canvas.Screen\",\"sender_id\":\"8\",\"ended_on\":\"timeout\",\"duration\":4000,\"time_run\":636875,\"time_render\":636895,\"time_show\":636912,\"time_end\":640895,\"time_commit\":640897,\"timestamp\":\"2021-04-29T17:54:49.427Z\",\"time_switch\":640912},{\"sender\":\"root\",\"sender_type\":\"flow.Sequence\",\"sender_id\":null,\"ended_on\":\"completion\",\"duration\":633926,\"time_run\":6941,\"time_render\":6952,\"time_show\":6969,\"time_end\":640895,\"time_commit\":640898,\"timestamp\":\"2021-04-29T17:54:49.427Z\",\"time_switch\":640912}]",
    "metadata": "{\"slice\":0,\"id\":\"74a0d0d4-3677-4769-a0a4-148a30d9e768\",\"payload\":\"full\"}",
    "url": "https://exp02.zih.tu-dresden.de/experiments/raven_task/"
}