{
    "data": "[{\"url\":{},\"meta\":{\"labjs_version\":\"20.1.1\",\"labjs_build\":{\"flavor\":\"production\",\"commit\":\"cd5695f774968f50499757c1423bd95d033ea08e\"},\"location\":\"https://exp02.zih.tu-dresden.de/experiments/identical_pictures_task/\",\"userAgent\":\"Mozilla/5.0 (Windows NT 10.0; Win64; x64; rv:88.0) Gecko/20100101 Firefox/88.0\",\"platform\":\"Win32\",\"language\":\"de\",\"locale\":\"de-DE\",\"timeZone\":\"Europe/Berlin\",\"timezoneOffset\":-120,\"screen_width\":1920,\"screen_height\":1080,\"scroll_width\":1920,\"scroll_height\":890,\"window_innerWidth\":1920,\"window_innerHeight\":938,\"devicePixelRatio\":1},\"sender\":\"start_html\",\"sender_type\":\"html.Screen\",\"sender_id\":\"0\",\"response\":\"keypress\",\"response_action\":\"keypress\",\"ended_on\":\"response\",\"duration\":5082.48,\"time_run\":475,\"time_render\":496.84,\"time_show\":513.52,\"time_end\":5596,\"time_commit\":5619,\"timestamp\":\"2021-05-04T21:11:06.805Z\",\"time_switch\":5635.42},{\"sender\":\"manual_html\",\"sender_type\":\"html.Screen\",\"sender_id\":\"1\",\"response\":\"space\",\"response_action\":\"keypress(Space)\",\"ended_on\":\"response\",\"duration\":28320.58,\"time_run\":5626,\"time_render\":5626.82,\"time_show\":5635.42,\"time_end\":33956,\"time_commit\":33976,\"timestamp\":\"2021-05-04T21:11:35.162Z\",\"time_switch\":34097.4},{\"sender\":\"example1_screen\",\"sender_type\":\"canvas.Screen\",\"sender_id\":\"2\",\"response\":\"3\",\"response_action\":\"keypress(3)\",\"correctResponse\":\"3\",\"correct\":true,\"ended_on\":\"response\",\"duration\":3075.5999999999985,\"time_run\":34089,\"time_render\":34090.16,\"time_show\":34097.4,\"time_end\":37173,\"time_commit\":37187,\"timestamp\":\"2021-05-04T21:11:38.373Z\",\"time_switch\":37217.14},{\"sender\":\"example1_feedback\",\"sender_type\":\"canvas.Screen\",\"sender_id\":\"3\",\"response\":\"space\",\"response_action\":\"keypress(Space)\",\"ended_on\":\"response\",\"duration\":1753.8600000000006,\"time_run\":37212,\"time_render\":37212.18,\"time_show\":37217.14,\"time_end\":38971,\"time_commit\":38988,\"timestamp\":\"2021-05-04T21:11:40.173Z\",\"time_switch\":39102.36},{\"sender\":\"example2_screen\",\"sender_type\":\"canvas.Screen\",\"sender_id\":\"4\",\"response\":\"5\",\"response_action\":\"keypress(5)\",\"correctResponse\":\"5\",\"correct\":true,\"ended_on\":\"response\",\"duration\":4899.639999999999,\"time_run\":39093,\"time_render\":39093.24,\"time_show\":39102.36,\"time_end\":44002,\"time_commit\":44010,\"timestamp\":\"2021-05-04T21:11:45.195Z\",\"time_switch\":44040.74},{\"sender\":\"example2_feedback\",\"sender_type\":\"canvas.Screen\",\"sender_id\":\"5\",\"response\":\"Space\",\"response_action\":\"keypress(Space)\",\"ended_on\":\"response\",\"duration\":1226.260000000002,\"time_run\":44028,\"time_render\":44028.3,\"time_show\":44040.74,\"time_end\":45267,\"time_commit\":45282,\"timestamp\":\"2021-05-04T21:11:46.467Z\",\"time_switch\":45408.76},{\"sender\":\"example3_screen\",\"sender_type\":\"canvas.Screen\",\"sender_id\":\"6\",\"response\":\"4\",\"response_action\":\"keypress(4)\",\"correctResponse\":\"4\",\"correct\":true,\"ended_on\":\"response\",\"duration\":4186.239999999998,\"time_run\":45392,\"time_render\":45391.92,\"time_show\":45408.76,\"time_end\":49595,\"time_commit\":49610,\"timestamp\":\"2021-05-04T21:11:50.795Z\",\"time_switch\":49646.34},{\"sender\":\"example3_feedback\",\"sender_type\":\"canvas.Screen\",\"sender_id\":\"7\",\"response\":\"Space\",\"response_action\":\"keypress(Space)\",\"ended_on\":\"response\",\"duration\":933.6600000000035,\"time_run\":49630,\"time_render\":49630.08,\"time_show\":49646.34,\"time_end\":50580,\"time_commit\":50594,\"timestamp\":\"2021-05-04T21:11:51.779Z\",\"time_switch\":50597.32},{\"sender\":\"get_ready_html\",\"sender_type\":\"html.Screen\",\"sender_id\":\"8\",\"response\":\"space\",\"response_action\":\"keypress(Space)\",\"ended_on\":\"response\",\"duration\":3748.6800000000003,\"time_run\":50595,\"time_render\":50595.58,\"time_show\":50597.32,\"time_end\":54346,\"time_commit\":54361,\"timestamp\":\"2021-05-04T21:11:55.546Z\",\"time_switch\":54584.66},{\"sender\":\"trial_screen\",\"sender_type\":\"canvas.Screen\",\"sender_id\":\"9_0\",\"image1\":\"embedded/be71ead77eb97295e0d7b9a7e8184ab0675740a0c1de4bc194c3421d08eac3a7.JPG\",\"image2\":\"embedded/eae95e51b254ad68e95a3fa516ded6062f0eac5b81eb10bfa9fc77af464ee6c5.JPG\",\"image3\":\"embedded/536074044c1694129b9cc36c5c21eca42e553859d300aff7dc5f3a9b64408c3f.JPG\",\"image4\":\"embedded/d10716993eeebe9ee3b4ee16be4ef83675909c999f9237b3f27f7f7379cb3052.JPG\",\"image5\":\"embedded/0f58f8018381a55afd1fb3f4bf214495f637d461c480dd996c95abb02d0dd371.JPG\",\"image6\":\"embedded/03d6f2067936c08545b80be762f9ebd78c246f2e4418af4419ddd2673fdefee9.JPG\",\"correct\":true,\"trial_ID\":1,\"response\":\"3\",\"response_action\":\"keypress(3)\",\"correctResponse\":\"3\",\"ended_on\":\"response\",\"duration\":3557.3399999999965,\"time_run\":54568,\"time_render\":54568.48,\"time_show\":54584.66,\"time_end\":58142,\"time_commit\":58158,\"timestamp\":\"2021-05-04T21:11:59.344Z\",\"time_switch\":58255.02},{\"sender\":\"trial_screen\",\"sender_type\":\"canvas.Screen\",\"sender_id\":\"9_1\",\"image1\":\"embedded/a815ea543b9da4c93c65c904605b22e5cb0869653011514a95e3e79823bb2ed9.JPG\",\"image2\":\"embedded/4cc2b92c22c4626cf2ec1386eca28a00d052721dbfa2e127157546f105193189.JPG\",\"image3\":\"embedded/c53511c14819f76fd339f96d8b4a5c3656632879e80001d6fb3fa7ab0e53c966.JPG\",\"image4\":\"embedded/a139cb8aec2fad456a64689e874811fc6ef69e8cded05dc3d9a7661813b9cd58.JPG\",\"image5\":\"embedded/1b5efceab9e8e197a81df2625bd336deaebe54d5eb5722eadfe7ae412dc20210.JPG\",\"image6\":\"embedded/6b41302da90440de6d2da204e8d623e3686e09e302f1627bc2d72862609c2dc7.JPG\",\"correct\":true,\"trial_ID\":2,\"response\":\"5\",\"response_action\":\"keypress(5)\",\"correctResponse\":\"5\",\"ended_on\":\"response\",\"duration\":4917.980000000003,\"time_run\":58244,\"time_render\":58244.46,\"time_show\":58255.02,\"time_end\":63173,\"time_commit\":63186,\"timestamp\":\"2021-05-04T21:12:04.372Z\",\"time_switch\":63310.12},{\"sender\":\"trial_screen\",\"sender_type\":\"canvas.Screen\",\"sender_id\":\"9_2\",\"image1\":\"embedded/9716ec8f70bf0762c9bc746e8c9546d82e3a12d318b25727b4608a3b701bb88f.JPG\",\"image2\":\"embedded/49697aa23e7fed60109571bdf2c30a8d5516c072f8b8762fec748ba43a3c0fce.JPG\",\"image3\":\"embedded/5923810d269e0097e324d26e67ad336596d95a79ae561fe0d97201231d5f4b89.JPG\",\"image4\":\"embedded/7bd7ba6081a8aa1020288518166e8d142fcac3062528ec52c19c83d640383590.JPG\",\"image5\":\"embedded/0e329efd566c7b60a3f466b5adba4b8bdc9d42e298ff55c0938fbe58a0b4604b.JPG\",\"image6\":\"embedded/8c21123a7236ab39c762f1222a24042aff3b0004e3acec4baa6e8a9a982df9c8.JPG\",\"correct\":true,\"trial_ID\":3,\"response\":\"2\",\"response_action\":\"keypress(2)\",\"correctResponse\":\"2\",\"ended_on\":\"response\",\"duration\":2988.8799999999974,\"time_run\":63297,\"time_render\":63296.54,\"time_show\":63310.12,\"time_end\":66299,\"time_commit\":66318,\"timestamp\":\"2021-05-04T21:12:07.503Z\",\"time_switch\":66446.6},{\"sender\":\"trial_screen\",\"sender_type\":\"canvas.Screen\",\"sender_id\":\"9_3\",\"image1\":\"embedded/75f6527706857290f4a9251ae4aa0f421a10e5773c57f05e198800a5a523d13d.JPG\",\"image2\":\"embedded/4506516badf5da36ed8986786bbc3437c7741565fe38065c9ff05474b1b5e0ef.JPG\",\"image3\":\"embedded/1f2ef486c88473cecd7352bc12ca6e419e8d00e87f9d3b9bab3f3ff076d90bd2.JPG\",\"image4\":\"embedded/6ce252ccc493b8aba9f6fc3a7514d35bce7f085ae624f2b85d937ddda1e3e757.JPG\",\"image5\":\"embedded/8a95b6c1dcda328afb9c4956f1352f2ed303222b7587e9eab0d27dd05e5083c4.JPG\",\"image6\":\"embedded/7e05afa7b0820704a35ba4bb6572617e3accd7710c8a82c28852f00a7963a68c.JPG\",\"correct\":true,\"trial_ID\":4,\"response\":\"4\",\"response_action\":\"keypress(4)\",\"correctResponse\":\"4\",\"ended_on\":\"response\",\"duration\":4101.399999999994,\"time_run\":66438,\"time_render\":66437.64,\"time_show\":66446.6,\"time_end\":70548,\"time_commit\":70569,\"timestamp\":\"2021-05-04T21:12:11.754Z\",\"time_switch\":70700.9},{\"sender\":\"trial_screen\",\"sender_type\":\"canvas.Screen\",\"sender_id\":\"9_4\",\"image1\":\"embedded/33d10c8509856a909068a5696eb6cb1e67ee4ddfe131c85ff4aa564bde9ad576.JPG\",\"image2\":\"embedded/d9214d99aa66f2bcbd7ba8f8427d486ad64869d7336679c5f70ff26631c397b8.JPG\",\"image3\":\"embedded/39d878b9baacb696402870042c654a04c6279bcdd543f5363eb618553a8c1b7c.JPG\",\"image4\":\"embedded/a2d1e717a41838ba3008e375df31cc80b3699d3e0676680a752c196ee8d41253.JPG\",\"image5\":\"embedded/0a2a31229b3d47a9ba900ee1c3a8939cd5855dcc16e5d330b4a0ee683ff2ced4.JPG\",\"image6\":\"embedded/8a00507325ba2c2df573f0bdcf9df586374454dcfae65d9d4ace76bd33a95b16.JPG\",\"correct\":true,\"trial_ID\":5,\"response\":\"1\",\"response_action\":\"keypress(1)\",\"correctResponse\":\"1\",\"ended_on\":\"response\",\"duration\":3051.100000000006,\"time_run\":70685,\"time_render\":70685,\"time_show\":70700.9,\"time_end\":73752,\"time_commit\":73761,\"timestamp\":\"2021-05-04T21:12:14.947Z\",\"time_switch\":73870.7},{\"sender\":\"trial_screen\",\"sender_type\":\"canvas.Screen\",\"sender_id\":\"9_5\",\"image1\":\"embedded/5d5fccc4585b9d63464d8bcdfca8b9f710e172923ffff2714cd3be42ae7d388b.JPG\",\"image2\":\"embedded/cd31649ce7c7a2b398e2662fbca306c425b28768781a551c496916eb43eb3d45.JPG\",\"image3\":\"embedded/c610efa2e0b0a08678cb9e30daddf3d4bad48a7014e417433d9f068885752cb0.JPG\",\"image4\":\"embedded/8f94ea8c58d07d04b340717a0c1cd08bcb3b959e5fcb063aa75026d1a3335964.JPG\",\"image5\":\"embedded/c33e457c1c4aaf5196fcdb9a13292d28d1b7c99319a9556b37c53f3660bc2392.JPG\",\"image6\":\"embedded/3f24d7234b857ffac5d6deeb59d2f0c669fc32751ab36586b1f387279b4e568b.JPG\",\"correct\":true,\"trial_ID\":6,\"response\":\"4\",\"response_action\":\"keypress(4)\",\"correctResponse\":\"4\",\"ended_on\":\"response\",\"duration\":3396.300000000003,\"time_run\":73864,\"time_render\":73864.24,\"time_show\":73870.7,\"time_end\":77267,\"time_commit\":77288,\"timestamp\":\"2021-05-04T21:12:18.474Z\",\"time_switch\":77457.66},{\"sender\":\"trial_screen\",\"sender_type\":\"canvas.Screen\",\"sender_id\":\"9_6\",\"image1\":\"embedded/e62241aa503b963ca56bb9f7327e943e88f4b6e7ed6f5991a6eda11bf4ed3c64.JPG\",\"image2\":\"embedded/f062807faf2fe129078f155b4806f060df4461413cd063e217e31bd6df25b2f5.JPG\",\"image3\":\"embedded/49eaecf5c746cfffbe1c860985bf2b0b06c5ef93bb9e25cadef2428ee84f5d7f.JPG\",\"image4\":\"embedded/eaa44db3672f49a5efe8f326633813671b1b90d23f26622ae4d5484ddcf9c73f.JPG\",\"image5\":\"embedded/b5e9357c2518b21e581f7ded8830b46b410fcecaaf2b3b995572062e701ed29a.JPG\",\"image6\":\"embedded/b830331fb6a7946afd62aa08008c8176622c2cae288c743d2a36e8d14deee8c7.JPG\",\"correct\":true,\"trial_ID\":7,\"response\":\"3\",\"response_action\":\"keypress(3)\",\"correctResponse\":\"3\",\"ended_on\":\"response\",\"duration\":3684.3399999999965,\"time_run\":77444,\"time_render\":77445,\"time_show\":77457.66,\"time_end\":81142,\"time_commit\":81154,\"timestamp\":\"2021-05-04T21:12:22.340Z\",\"time_switch\":81278.22},{\"sender\":\"trial_screen\",\"sender_type\":\"canvas.Screen\",\"sender_id\":\"9_7\",\"image1\":\"embedded/6bf18ec01dd938d7288fc8b64697bf13a710a9a8fd7e26d5fd91ca4cc3dbb2df.JPG\",\"image2\":\"embedded/f361753568d428c7cb9f20b91170d5952199378b55315dc271fdba4d33209c23.JPG\",\"image3\":\"embedded/92a6d535894d2d6c243b065287db2d43748761ca2e4edd173f9d1b1ef37ae365.JPG\",\"image4\":\"embedded/5a8a46e635e7d4238c451d5d9f5a8454c27ebc8cf99e256e9952b36443680f6d.JPG\",\"image5\":\"embedded/c707a46deee4e46e24d6297318cb6cb2f0da948e7412cae5be44cea2dae9aca7.JPG\",\"image6\":\"embedded/32ebcf795d58bdea6c08199497cf1a529e7fbd8e8e91fc8c46226a606bc8851f.JPG\",\"correct\":true,\"trial_ID\":8,\"response\":\"3\",\"response_action\":\"keypress(3)\",\"correctResponse\":\"3\",\"ended_on\":\"response\",\"duration\":3207.779999999999,\"time_run\":81266,\"time_render\":81266.76,\"time_show\":81278.22,\"time_end\":84486,\"time_commit\":84495,\"timestamp\":\"2021-05-04T21:12:25.680Z\",\"time_switch\":84614.96},{\"sender\":\"trial_screen\",\"sender_type\":\"canvas.Screen\",\"sender_id\":\"9_8\",\"image1\":\"embedded/a068ec99563d5ab895e9659b846126e869999ecb8cfcf191f30bfaeede6ae917.JPG\",\"image2\":\"embedded/0c1458121bd5eef598620ddeb16da964d8be05ecf1992404b0080c6d0e2d81be.JPG\",\"image3\":\"embedded/6fb65789d2d79d920c19494aa0da281a3595d3b5a747b122c1878c96e69f2840.JPG\",\"image4\":\"embedded/64f5dddba2d87d338fcb1f1e047f3b1e4184e6056ca79d70696b55c85f8a1d02.JPG\",\"image5\":\"embedded/68fd233b0c72b093ad21085b4bab6068343b9e185f1fc9b940c53d603b1af90e.JPG\",\"image6\":\"embedded/2ce185b017047415200299919792581f95f3606582aa7614f81d203b5a2ed159.JPG\",\"correct\":true,\"trial_ID\":9,\"response\":\"4\",\"response_action\":\"keypress(4)\",\"correctResponse\":\"4\",\"ended_on\":\"response\",\"duration\":2371.0399999999936,\"time_run\":84605,\"time_render\":84604.94,\"time_show\":84614.96,\"time_end\":86986,\"time_commit\":87004,\"timestamp\":\"2021-05-04T21:12:28.189Z\",\"time_switch\":87100.74},{\"sender\":\"trial_screen\",\"sender_type\":\"canvas.Screen\",\"sender_id\":\"9_9\",\"image1\":\"embedded/ff8d3dd5092f0168c55f7ca0d612231c0573a1bd5ebed0c5189dd44c7aadab7b.JPG\",\"image2\":\"embedded/5dddad3148ecfbbe036261f4d2462dc8f5c937c145d103390ab692d9fc52e069.JPG\",\"image3\":\"embedded/87565073acb1b836e4b1f30d16667a47fe62c4e5374ce89a07f4a2c6b8d68de6.JPG\",\"image4\":\"embedded/bcc36dd2411d3779b06ab44a4b6622bfab9b5a8a09925d37f92dfc7d455874de.JPG\",\"image5\":\"embedded/c9f5836e6661461601b2eb4d2fe1970a1d6f81bc444dff3b35a4efbd5ae7aee5.JPG\",\"image6\":\"embedded/52d3777c13a1d0853b4c9f221c6e805028ac88c1a6c563d997f0a238d6c40cc4.JPG\",\"correct\":true,\"trial_ID\":10,\"response\":\"3\",\"response_action\":\"keypress(3)\",\"correctResponse\":\"3\",\"ended_on\":\"response\",\"duration\":2213.2599999999948,\"time_run\":87089,\"time_render\":87089.66,\"time_show\":87100.74,\"time_end\":89314,\"time_commit\":89329,\"timestamp\":\"2021-05-04T21:12:30.514Z\",\"time_switch\":89436.38},{\"sender\":\"trial_screen\",\"sender_type\":\"canvas.Screen\",\"sender_id\":\"9_10\",\"image1\":\"embedded/148b4ffb0824d65da25423f3651976bfea23ae52505e87e1eed725bb0614b83a.JPG\",\"image2\":\"embedded/97af074959fbd3a3705d41bba7e306f9cb25f63e5f7ff7c8ea7415bb84314ed1.JPG\",\"image3\":\"embedded/8c4c59cc3c76628623d637dcec64c00c5605ece4c2870ba92a545540a2dcab13.JPG\",\"image4\":\"embedded/0d84c35089540a84f9f7e4d57142a6455b176690f1b8b926a02283d53848afb8.JPG\",\"image5\":\"embedded/efccdda17a0ea054f28662c4a0f10758f4a58fa9b62a12b3eb1ad25204ae2ff7.JPG\",\"image6\":\"embedded/9edf5f5db387c370fd760f9237eb7a63f73dfa298d6f676ec9da53e79efc619a.JPG\",\"correct\":true,\"trial_ID\":11,\"response\":\"1\",\"response_action\":\"keypress(1)\",\"correctResponse\":\"1\",\"ended_on\":\"response\",\"duration\":2550.6199999999953,\"time_run\":89434,\"time_render\":89433.36,\"time_show\":89436.38,\"time_end\":91987,\"time_commit\":92000,\"timestamp\":\"2021-05-04T21:12:33.186Z\",\"time_switch\":92122.54},{\"sender\":\"trial_screen\",\"sender_type\":\"canvas.Screen\",\"sender_id\":\"9_11\",\"image1\":\"embedded/5258b03b190a7fdab4a32f9cd12194484cfd5d8ecf3cb98e111eedc80ccfd5df.JPG\",\"image2\":\"embedded/dce8cb61538d51253956b6f0aa372f7e3340d4605ab73c763bbcaded024f44fd.JPG\",\"image3\":\"embedded/6b34bb13c8ca98dbaeda091184a575e239ff2ea9905db4bc6a572132598ded81.JPG\",\"image4\":\"embedded/2675620f7ff4837ea5819697972e37364f037132acbf83e3d03e0d70f16b21a4.JPG\",\"image5\":\"embedded/e3e1113cd6692b20fa85905c1fed0ef85ea24f289308a6eb0a6cd435ee861b69.JPG\",\"image6\":\"embedded/908c17df23bf7cba4873188e52427071f11d87e4b013386fff7a441b7e629537.JPG\",\"correct\":true,\"trial_ID\":12,\"response\":\"1\",\"response_action\":\"keypress(1)\",\"correctResponse\":\"1\",\"ended_on\":\"response\",\"duration\":2035.4600000000064,\"time_run\":92112,\"time_render\":92111.68,\"time_show\":92122.54,\"time_end\":94158,\"time_commit\":94175,\"timestamp\":\"2021-05-04T21:12:35.361Z\",\"time_switch\":94274.62},{\"sender\":\"trial_screen\",\"sender_type\":\"canvas.Screen\",\"sender_id\":\"9_12\",\"image1\":\"embedded/9ae46441cda43cc6501c471f3594fa4addecbe4b728cea583d6bf2f928c0c90e.JPG\",\"image2\":\"embedded/ef2796ea9158ee05600766eb64432bcfd5af4daf3c19a707091b547ed1982054.JPG\",\"image3\":\"embedded/7949e60a2810859cec6cf211ec596f0d2f28417755f9029174cd8702354af50f.JPG\",\"image4\":\"embedded/4b8ce3984e53740d2ba6d143c21bd54475c99dd68edcc756c4de3d439ca26ee6.JPG\",\"image5\":\"embedded/93e6910bfd94f90e204eedffb309b6a421094c26cf1f226c60a4223495bed739.JPG\",\"image6\":\"embedded/4e4ccc81f42cbcc85b6874caa05154b3f0ec80cdfe116ff842ba2c8a02ba28af.JPG\",\"correct\":true,\"trial_ID\":13,\"response\":\"4\",\"response_action\":\"keypress(4)\",\"correctResponse\":\"4\",\"ended_on\":\"response\",\"duration\":2539.3800000000047,\"time_run\":94263,\"time_render\":94263.72,\"time_show\":94274.62,\"time_end\":96814,\"time_commit\":96824,\"timestamp\":\"2021-05-04T21:12:38.011Z\",\"time_switch\":96943.94},{\"sender\":\"trial_screen\",\"sender_type\":\"canvas.Screen\",\"sender_id\":\"9_13\",\"image1\":\"embedded/59abf8c9bddc375defad9bbbafadc3f07a28887c9aa80d6780e026978645fa6f.JPG\",\"image2\":\"embedded/6833790947588f26b067d4b94f5716b919e60241486d6ce78029826eb6b20cb6.JPG\",\"image3\":\"embedded/a7363817a880a298becc2544cb1dc8e3b216b266d5e31c4cb1390b005100aa54.JPG\",\"image4\":\"embedded/58e892ed441733932de6151f44ea63cfc3d2bd8774e97686f30a7a13c7fc5349.JPG\",\"image5\":\"embedded/e7a292f7fd3b9f91fc46f2b055e3e3d92a68599cb53a4c1a08527c69c7d80dc2.JPG\",\"image6\":\"embedded/f59e87f2670aa5d609cba45150771ea071bc5ae3b9233c437c437d43fd9b1403.JPG\",\"correct\":true,\"trial_ID\":14,\"response\":\"4\",\"response_action\":\"keypress(4)\",\"correctResponse\":\"4\",\"ended_on\":\"response\",\"duration\":3293.0599999999977,\"time_run\":96936,\"time_render\":96936.54,\"time_show\":96943.94,\"time_end\":100237,\"time_commit\":100246,\"timestamp\":\"2021-05-04T21:12:41.432Z\",\"time_switch\":100364.08},{\"sender\":\"trial_screen\",\"sender_type\":\"canvas.Screen\",\"sender_id\":\"9_14\",\"image1\":\"embedded/453642645201b48165f868a5890f3f20e34c31b9eeed5ddea98d9436ebe84617.JPG\",\"image2\":\"embedded/1d8cda0ab218802cc82978c9141cdcc569273e24d13a67736c9e1e40e43b452d.JPG\",\"image3\":\"embedded/a89d26cdcfaaea3840983d7f08b78ff783ea8e57ccb4a01f33838751cecd3dec.JPG\",\"image4\":\"embedded/afa94680d8b2e6d50ca40a63704ec1434f5355c6b2cd83b70f2eda28fa40ea01.JPG\",\"image5\":\"embedded/b01e84d049a407921efafe60977072d1db8643514d863328fc6c64c39f336849.JPG\",\"image6\":\"embedded/5a55e20cf08251cdd53d6721d29c2356fa7e9555cf18dbbbd76e696ed0c7ea81.JPG\",\"correct\":true,\"trial_ID\":15,\"response\":\"1\",\"response_action\":\"keypress(1)\",\"correctResponse\":\"1\",\"ended_on\":\"response\",\"duration\":2761.9199999999983,\"time_run\":100355,\"time_render\":100355.2,\"time_show\":100364.08,\"time_end\":103126,\"time_commit\":103133,\"timestamp\":\"2021-05-04T21:12:44.319Z\",\"time_switch\":103250.38},{\"sender\":\"trial_screen\",\"sender_type\":\"canvas.Screen\",\"sender_id\":\"9_15\",\"image1\":\"embedded/4d0d8ee818dda371d8b8c2079845d0827b5fc8c5066646586d711fe16e9c207a.JPG\",\"image2\":\"embedded/c11cad2331cf90605ce6964e8be4c6d1b6ad24b9974b86a8106cfeab04a59ca6.JPG\",\"image3\":\"embedded/b872c18b2b6f2b0a7efbd1c2294cafc168f268a97e4c8fccff65aeda87af2393.JPG\",\"image4\":\"embedded/bd684d4750cac17b8ae90a6a98d51d7efb958d6de406e04c1bad91713df20448.JPG\",\"image5\":\"embedded/13913f171a5aa126d0a18d58697f630b26590f51346f0174d6d338e6d8e6a855.JPG\",\"image6\":\"embedded/bab6fcc9a4bf9918ea562ce09be4fe3286e6ff95d361c5f544a629cf0b9084bf.JPG\",\"correct\":true,\"trial_ID\":16,\"response\":\"1\",\"response_action\":\"keypress(1)\",\"correctResponse\":\"1\",\"ended_on\":\"response\",\"duration\":1297.6199999999953,\"time_run\":103236,\"time_render\":103236.26,\"time_show\":103250.38,\"time_end\":104548,\"time_commit\":104566,\"timestamp\":\"2021-05-04T21:12:45.751Z\",\"time_switch\":104668.38},{\"sender\":\"trial_screen\",\"sender_type\":\"canvas.Screen\",\"sender_id\":\"9_16\",\"image1\":\"embedded/d62c18deb063ecf7c34b94b2d109605bc68db5384f5895b3b1a3ab418514300a.JPG\",\"image2\":\"embedded/450b7a365a131d042ce242fc7313002e7180ff1fa14161316a285dc961cf72f9.JPG\",\"image3\":\"embedded/71454b6ba35a524b7e80f35872444d89782efcc1fb00a7dc78ad902543c5feef.JPG\",\"image4\":\"embedded/e82ff10221a5ce127ad593ec660e33fe044a9f1a9bcad7ffb6f05442bd0fe540.JPG\",\"image5\":\"embedded/22164a447ca05bfe1694f7ddea06e16fea89674448906ccdfd915d4fbe83b494.JPG\",\"image6\":\"embedded/ec48f8052e484a8a0e47686f644d16adc3bef771a7dc9c67c12503c92aa57967.JPG\",\"correct\":false,\"trial_ID\":17,\"response\":\"4\",\"response_action\":\"keypress(4)\",\"correctResponse\":\"5\",\"ended_on\":\"response\",\"duration\":3754.6199999999953,\"time_run\":104665,\"time_render\":104665.62,\"time_show\":104668.38,\"time_end\":108423,\"time_commit\":108446,\"timestamp\":\"2021-05-04T21:12:49.631Z\",\"time_switch\":108555.66},{\"sender\":\"trial_screen\",\"sender_type\":\"canvas.Screen\",\"sender_id\":\"9_17\",\"image1\":\"embedded/9a0eece04e0f8c582835046016d0a8370639cd8885ffd714e7cd5adada07c88f.JPG\",\"image2\":\"embedded/3da51bba3b72e77f2f1b9708b04b640ce97bdd1a35c357793a4fb76faca5f082.JPG\",\"image3\":\"embedded/afc7ca2241f7c16f0aee88966fe81447b2c9a392b04c7540c43c4bfe69441b8d.JPG\",\"image4\":\"embedded/19e819d3e7284c08ddad3d8e6b208711178e6142ed2c243adb7f9092df384de0.JPG\",\"image5\":\"embedded/9650c594ba93aeb4a7fe8c053ebef70840754fb6863884567c279fe7477185bd.JPG\",\"image6\":\"embedded/fddc262a91e604fd23f94e34aac6f80a093f1535400ccbce1f7ce13b1d599724.JPG\",\"correct\":true,\"trial_ID\":18,\"response\":\"2\",\"response_action\":\"keypress(2)\",\"correctResponse\":\"2\",\"ended_on\":\"response\",\"duration\":4462.3399999999965,\"time_run\":108546,\"time_render\":108546.32,\"time_show\":108555.66,\"time_end\":113018,\"time_commit\":113030,\"timestamp\":\"2021-05-04T21:12:54.216Z\",\"time_switch\":113143.58},{\"sender\":\"trial_screen\",\"sender_type\":\"canvas.Screen\",\"sender_id\":\"9_18\",\"image1\":\"embedded/cbe7474f1dad6e9f7c5cbe85d55e093c32b3509160a2771dab875bc556eddb96.JPG\",\"image2\":\"embedded/1c3d84eb9a4c8f4c6b1797124e42a3a039203fe2f11b63148e631a6e7471627f.JPG\",\"image3\":\"embedded/f58ab21863fa8c3a784dd3ce4cdbae9f0722e39625a7bc88e21114b1bddc47a0.JPG\",\"image4\":\"embedded/2462f7734b4e9ea076b5ff018380929cd503d5779d5676864e17d08484731fec.JPG\",\"image5\":\"embedded/9dbbbdb11843b66cc6df38dbef70d101599ce0b16594a96aa5f42184fc93e358.JPG\",\"image6\":\"embedded/04cb147ca78609a1697300e18149b915294779b71f0b6a67f4fa3d60a8d6a609.JPG\",\"correct\":true,\"trial_ID\":19,\"response\":\"2\",\"response_action\":\"keypress(2)\",\"correctResponse\":\"2\",\"ended_on\":\"response\",\"duration\":3577.4199999999983,\"time_run\":113133,\"time_render\":113133.5,\"time_show\":113143.58,\"time_end\":116721,\"time_commit\":116733,\"timestamp\":\"2021-05-04T21:12:57.918Z\",\"time_switch\":116864.04},{\"sender\":\"trial_screen\",\"sender_type\":\"canvas.Screen\",\"sender_id\":\"9_19\",\"image1\":\"embedded/f453a77e3deaed9060a6104c6b0a7934499398ed644577f864a31cd42d9f43f0.JPG\",\"image2\":\"embedded/2d47c06449ee9371384582dc5af3c6cd3b5d2dca03d7db0a0d327bf200a89491.JPG\",\"image3\":\"embedded/f2f93b81d817074f207b11621bb8102bf64183f83469c2e37f8b230c5a9d366a.JPG\",\"image4\":\"embedded/dfaf08b89eb6f9162330abb3d1a1bfc4789f9781ac1ec21026726c174a2f8f94.JPG\",\"image5\":\"embedded/bd85641c3b9b8426404c74693554ac6bd1455a5c232fbbf227d18fd5063b12c9.JPG\",\"image6\":\"embedded/f4c7e73d3a9a6f5d59e37865af5506553d803e6559fabb25eb9bde96c9c5fdf1.JPG\",\"correct\":true,\"trial_ID\":20,\"response\":\"4\",\"response_action\":\"keypress(4)\",\"correctResponse\":\"4\",\"ended_on\":\"response\",\"duration\":4215.960000000006,\"time_run\":116850,\"time_render\":116850.28,\"time_show\":116864.04,\"time_end\":121080,\"time_commit\":121100,\"timestamp\":\"2021-05-04T21:13:02.287Z\",\"time_switch\":121218.42},{\"sender\":\"trial_screen\",\"sender_type\":\"canvas.Screen\",\"sender_id\":\"9_20\",\"image1\":\"embedded/7de51f4e58a8050759c5d3f5e4e7feff7c099d9e1e8f2d98e4accd9719b72316.JPG\",\"image2\":\"embedded/baa4fe9f3b740ff5f43599f5e35f8029d2ec785d14a33f7602b5a82db4936cec.JPG\",\"image3\":\"embedded/9db950f8de273498bac2eb9f0ff39f86dca1e7931cb449d84e2612ea6b12e264.JPG\",\"image4\":\"embedded/c501a3f923ff2febd2e9a42220166315eca0013b74e830e098b0f663ebc78a4e.JPG\",\"image5\":\"embedded/7716dd247b0d46dd3f4ea4945f3f3f233aad470bac6c553bb80c299e13ca972e.JPG\",\"image6\":\"embedded/f89cca4d9e1d47449db34dc9e05b1c0dd9b0eb62d3a126dcd4b9300c9801e13f.JPG\",\"correct\":true,\"trial_ID\":21,\"response\":\"4\",\"response_action\":\"keypress(4)\",\"correctResponse\":\"4\",\"ended_on\":\"response\",\"duration\":2657.5800000000017,\"time_run\":121203,\"time_render\":121203.38,\"time_show\":121218.42,\"time_end\":123876,\"time_commit\":123894,\"timestamp\":\"2021-05-04T21:13:05.080Z\",\"time_switch\":124004.56},{\"sender\":\"trial_screen\",\"sender_type\":\"canvas.Screen\",\"sender_id\":\"9_21\",\"image1\":\"embedded/08efb99342da5ae327688ae9ba90c045c76c69b3763822e1df95425c4aa431b7.JPG\",\"image2\":\"embedded/d0ee00077896221d557d91b2ecd407f505ae7de3479627e0792cfc52cc9b80ee.JPG\",\"image3\":\"embedded/0499403a67459f29975f32dea8e26b9d2eefdc492d1ace63f73f4b2b5fff5e65.JPG\",\"image4\":\"embedded/f74fa28dd2f2a30ae4e00110081d0a17ad3484570f5da2b33048d66b6f42a509.JPG\",\"image5\":\"embedded/71079f9c239361424a73bd335ea90b2404e5e8bc9da6041513f1efda110fdbb0.JPG\",\"image6\":\"embedded/cceccfbd331572214cf6ed1631b10f03ca285cf77f31581db28345be53568dd3.JPG\",\"correct\":true,\"trial_ID\":22,\"response\":\"3\",\"response_action\":\"keypress(3)\",\"correctResponse\":\"3\",\"ended_on\":\"response\",\"duration\":3826.4400000000023,\"time_run\":123996,\"time_render\":123996.08,\"time_show\":124004.56,\"time_end\":127831,\"time_commit\":127845,\"timestamp\":\"2021-05-04T21:13:09.030Z\",\"time_switch\":128025.24},{\"sender\":\"trial_screen\",\"sender_type\":\"canvas.Screen\",\"sender_id\":\"9_22\",\"image1\":\"embedded/74a82e45c82c39ae92310fb430b3ec4c38798649dda1512cae202797e7e9c72f.JPG\",\"image2\":\"embedded/c26fdc8e4434add316f752bb2dd0b7ae41caca074082ad50fae15c0ba7dac6c1.JPG\",\"image3\":\"embedded/9f4661a32756106851568bebcb73af9fd54dc73503719749e2e282d97e6d8c47.JPG\",\"image4\":\"embedded/67fc9d21e5b0e89dc8228cb627126c985eeb00e48b80daf574a1996d9c1439b4.JPG\",\"image5\":\"embedded/bb38b129d53ac43eb56f10946dbbf58f2befbd3702701fb7dd78fe52342a4404.JPG\",\"image6\":\"embedded/3b4c154dd2b571241c9ef4f45b8e7bb5c39ee4e01cc771c32e2809ad347ced08.JPG\",\"correct\":true,\"trial_ID\":23,\"response\":\"4\",\"response_action\":\"keypress(4)\",\"correctResponse\":\"4\",\"ended_on\":\"response\",\"duration\":2522.7599999999948,\"time_run\":128020,\"time_render\":128020.66,\"time_show\":128025.24,\"time_end\":130548,\"time_commit\":130564,\"timestamp\":\"2021-05-04T21:13:11.750Z\",\"time_switch\":130694.62},{\"sender\":\"trial_screen\",\"sender_type\":\"canvas.Screen\",\"sender_id\":\"9_23\",\"image1\":\"embedded/a7651d2535084e026ab3fa25cee69ed74db5fd0dff38c24d40db5f04da8e5854.JPG\",\"image2\":\"embedded/8540fd964796d50d51069e3de2555e7dab182da0140e999fdc98d1369365a772.JPG\",\"image3\":\"embedded/6b053f138af2ca3fd62162eeaeba9947c29531aaf8d5cc9a7b34985ccf2d2bea.JPG\",\"image4\":\"embedded/007295db4cb3bde01a057ef78b02674167a008ad0d5e77544fffe4bb1a07efe2.JPG\",\"image5\":\"embedded/a7651d2535084e026ab3fa25cee69ed74db5fd0dff38c24d40db5f04da8e5854.JPG\",\"image6\":\"embedded/0829baebfae91a74100aae32657161b42f51edbbecd4a49ca00da59be9a16958.JPG\",\"correct\":true,\"trial_ID\":24,\"response\":\"4\",\"response_action\":\"keypress(4)\",\"correctResponse\":\"4\",\"ended_on\":\"response\",\"duration\":4135.380000000005,\"time_run\":130677,\"time_render\":130677.26,\"time_show\":130694.62,\"time_end\":134830,\"time_commit\":134836,\"timestamp\":\"2021-05-04T21:13:16.022Z\",\"time_switch\":134948.92},{\"sender\":\"trial_screen\",\"sender_type\":\"canvas.Screen\",\"sender_id\":\"9_24\",\"image1\":\"embedded/f0f4f3cd0ec78d5d880fc78e41360a356eb3864d984fc0b731156a766855f576.JPG\",\"image2\":\"embedded/fb03a6b12d1fcfeccb58ef8893cb213772066e6bf2ae1104aab9c237ca861f4b.JPG\",\"image3\":\"embedded/6133b17c8de716b8efcc01c788e96fddb029eea8b3ebb448544849e8e72b747c.JPG\",\"image4\":\"embedded/828c5678ac750526e67dc24d90963961caf8b17d4110b7a5f9a17c5c58eda867.JPG\",\"image5\":\"embedded/4eae7ba4460cd98998392f5076fee82bf713c4dcaf848640efae03049145bdf9.JPG\",\"image6\":\"embedded/7dc741389995b20a7490b49bf22bea620a6219c21424621dd7dca176be1e7de2.JPG\",\"correct\":true,\"trial_ID\":25,\"response\":\"3\",\"response_action\":\"keypress(3)\",\"correctResponse\":\"3\",\"ended_on\":\"response\",\"duration\":4600.079999999987,\"time_run\":134942,\"time_render\":134941.96,\"time_show\":134948.92,\"time_end\":139549,\"time_commit\":139563,\"timestamp\":\"2021-05-04T21:13:20.749Z\",\"time_switch\":139687.02},{\"sender\":\"trial_screen\",\"sender_type\":\"canvas.Screen\",\"sender_id\":\"9_25\",\"image1\":\"embedded/046e29677cc68d5f59bfea65b8353eec009c4bd60e259fd24b5690394a8e382c.JPG\",\"image2\":\"embedded/861a7b8de96c8a7502131a8c29c1eb09c8943315526dc6b538cd8c8c694f509f.JPG\",\"image3\":\"embedded/a6935b3e399dd2b2d0e097f688a8915b8b5630c6121613a07d9125a7ad9a2dab.JPG\",\"image4\":\"embedded/58553e5e229a36edf36c040e50ba6df5aa928447dd29369fde0b0d8e68b1efbb.JPG\",\"image5\":\"embedded/5425e12c034cd26c85a1a41091f9b11586d78d965ae7a33eb5f5def87732b224.JPG\",\"image6\":\"embedded/fcdc9d55ae389c886bdf488445def2ce26ca63071a17feb4c225722169d75169.JPG\",\"correct\":true,\"trial_ID\":26,\"response\":\"1\",\"response_action\":\"keypress(1)\",\"correctResponse\":\"1\",\"ended_on\":\"response\",\"duration\":2408.9800000000105,\"time_run\":139673,\"time_render\":139673.76,\"time_show\":139687.02,\"time_end\":142096,\"time_commit\":142107,\"timestamp\":\"2021-05-04T21:13:23.293Z\",\"time_switch\":142222.96},{\"sender\":\"trial_screen\",\"sender_type\":\"canvas.Screen\",\"sender_id\":\"9_26\",\"image1\":\"embedded/8269fc6cf5d43d2d23723e28602968764ec5156fac193688b0eab1549809c6eb.JPG\",\"image2\":\"embedded/2d16337fd1932470c5f06ba217dee00a11c3d5355eed173adf549196c2177c22.JPG\",\"image3\":\"embedded/d87a21a8c2d256356bb229311bed700374ee6ce4f0922bf6b6ce110e8536f990.JPG\",\"image4\":\"embedded/c90a70d17df85f92f555854d8009be5cc63e11eb6d2b82278e3303b4530ee960.JPG\",\"image5\":\"embedded/a34603df84e7b1877b0b7c65ef90442427eb3e84ace088847d3c3833974a9c5b.JPG\",\"image6\":\"embedded/2457a9dfbe2c5c720c7aeb426d4ca470937e27a31961daa640fdad984fee3cbb.JPG\",\"correct\":true,\"trial_ID\":27,\"response\":\"2\",\"response_action\":\"keypress(2)\",\"correctResponse\":\"2\",\"ended_on\":\"response\",\"duration\":4247.040000000008,\"time_run\":142206,\"time_render\":142205.92,\"time_show\":142222.96,\"time_end\":146470,\"time_commit\":146485,\"timestamp\":\"2021-05-04T21:13:27.671Z\",\"time_switch\":146593.96},{\"sender\":\"trial_screen\",\"sender_type\":\"canvas.Screen\",\"sender_id\":\"9_27\",\"image1\":\"embedded/72d83af38cd8d8d9c06df7b40bec5ba0f133f66c8ec64c93810e32c561d9fda8.JPG\",\"image2\":\"embedded/b510933df1e77aebf440bfd1b3f4859de40dffc9ef2f2e24d5513ba3a34f4621.JPG\",\"image3\":\"embedded/68432697cc680548be489c1e1dfdc41db01bed06d6e6d0f51979d03f44471423.JPG\",\"image4\":\"embedded/2f59dc9083e5d7cc9310d91fa8f7e1aecc774ed38f775e2cefcc0081ed37839e.JPG\",\"image5\":\"embedded/3de060adb2b68a5d613900b64662861a280e5dfce96a11f1da1d2de60c420f1c.JPG\",\"image6\":\"embedded/743a29bb49e5a3d5f21efb99aaaf3f99788be0b0fb730ee090cfb5c7661bca7c.JPG\",\"correct\":true,\"trial_ID\":28,\"response\":\"4\",\"response_action\":\"keypress(4)\",\"correctResponse\":\"4\",\"ended_on\":\"response\",\"duration\":4220.040000000008,\"time_run\":146591,\"time_render\":146591.14,\"time_show\":146593.96,\"time_end\":150814,\"time_commit\":150844,\"timestamp\":\"2021-05-04T21:13:32.029Z\",\"time_switch\":150981.72},{\"sender\":\"trial_screen\",\"sender_type\":\"canvas.Screen\",\"sender_id\":\"9_28\",\"image1\":\"embedded/817b4feb8c66d78b53cbb0a1f98b7b4a7afea5f008d4328991539315c7e91f54.JPG\",\"image2\":\"embedded/53a4074a0f298e3523358f8be2f86554b16381e3b04de8a727ef3102ffda980f.JPG\",\"image3\":\"embedded/db015f6cfc4342f53f9a4933c6b1acb9fc79d09d52ae9a89c8335f2d82aa685f.JPG\",\"image4\":\"embedded/63debf4bfed1af1e477cd3b0648502012d1224288baa63fa1afeb1db91c6bb18.JPG\",\"image5\":\"embedded/1aa1ab481fbbd0d85b6dc5af7a6a40db1309d8e080a756081cd6db1324db0a81.JPG\",\"image6\":\"embedded/3d3bbea9d586be1a9309e4b83b47b739fc42b8861b4addc6bbb0935aa69f1d6b.JPG\",\"correct\":true,\"trial_ID\":29,\"response\":\"1\",\"response_action\":\"keypress(1)\",\"correctResponse\":\"1\",\"ended_on\":\"response\",\"duration\":2911.279999999999,\"time_run\":150969,\"time_render\":150969.5,\"time_show\":150981.72,\"time_end\":153893,\"time_commit\":153900,\"timestamp\":\"2021-05-04T21:13:35.086Z\",\"time_switch\":154018.08},{\"sender\":\"trial_screen\",\"sender_type\":\"canvas.Screen\",\"sender_id\":\"9_29\",\"image1\":\"embedded/9c49f206dd429c639f5d0dff78e0bd4b56a996abd16ac9a74b2daebf7113566f.JPG\",\"image2\":\"embedded/82ac986a775a8ff209a4594e3c27a9f7fa9c960c10bb96b070eb15969286bfe3.JPG\",\"image3\":\"embedded/1b04f867a4a1b1ba3cb0691e2e7105908ec2313980c72172cdac14e583d412d7.JPG\",\"image4\":\"embedded/8ea2603123ab85baf12b5a0050c59d881190f2e2aff9cba8dd5cb7c34ed861ef.JPG\",\"image5\":\"embedded/4bf04d8780ef64ee28d36facd54008ac5fdb549d184d3f76783b87019162871e.JPG\",\"image6\":\"embedded/7a94d57e93270ac9b1b86d4ffbc33436036282da2819504b2da35f2ea5fe9d5a.JPG\",\"correct\":true,\"trial_ID\":30,\"response\":\"3\",\"response_action\":\"keypress(3)\",\"correctResponse\":\"3\",\"ended_on\":\"response\",\"duration\":2842.920000000013,\"time_run\":154016,\"time_render\":154016.82,\"time_show\":154018.08,\"time_end\":156861,\"time_commit\":156885,\"timestamp\":\"2021-05-04T21:13:38.070Z\",\"time_switch\":157004.44},{\"sender\":\"trial_screen\",\"sender_type\":\"canvas.Screen\",\"sender_id\":\"9_30\",\"image1\":\"embedded/5288291db9166c838b14861655d1dc87d21c5202f0867fb98aae65d75322587c.JPG\",\"image2\":\"embedded/738a19a421e37dfe47cdeac764711d9f506fa553f85f95f4386ea53bb7572416.JPG\",\"image3\":\"embedded/3ee87c6d316b9a1c4c371268445fb2d3e4e91c6ff4b3d4439bac8863947a35f9.JPG\",\"image4\":\"embedded/a218d6a1d60e98440ecd2c71d9f42c75c15d45ee313257e22de9909586fb89b3.JPG\",\"image5\":\"embedded/b01f678498f43b3bf9598048395f895b436d6be9e3c7c5229e0905b4b500a398.JPG\",\"image6\":\"embedded/49e256be8f5763e5077d9499adc6deecf05794b31fcdb1730938551f8c7bc645.JPG\",\"correct\":true,\"trial_ID\":31,\"response\":\"4\",\"response_action\":\"keypress(4)\",\"correctResponse\":\"4\",\"ended_on\":\"response\",\"duration\":2482.5599999999977,\"time_run\":156996,\"time_render\":156996.14,\"time_show\":157004.44,\"time_end\":159487,\"time_commit\":159499,\"timestamp\":\"2021-05-04T21:13:40.685Z\",\"time_switch\":159623.72},{\"sender\":\"trial_screen\",\"sender_type\":\"canvas.Screen\",\"sender_id\":\"9_31\",\"image1\":\"embedded/55d5a1a19e0d0e37b60e63ea5613d7dce7f75de8ed7dafa6dde80b52214bbae4.JPG\",\"image2\":\"embedded/feec39a992b52cf1f8ba359e5ff727b184d102bd2a6b2b317eb1a4fd4e27f3d6.JPG\",\"image3\":\"embedded/4d8cfa643cdd00769cd381dd0f4d648caeaae34281f09a981dbe068e4bd8a06f.JPG\",\"image4\":\"embedded/6a8811dd99ad997e3ba89ed364091a45001d1cdd34e9582c27494825298d2588.JPG\",\"image5\":\"embedded/9174e88262e1477e4bfa4e4b37aec65b353f9391473bb0a2be3896ea0bff0f18.JPG\",\"image6\":\"embedded/fbdba7702fe51ca07012749aa7ac4198a2c7cc1ee9c0b5635c311f34b775d79b.JPG\",\"correct\":true,\"trial_ID\":32,\"response\":\"5\",\"response_action\":\"keypress(5)\",\"correctResponse\":\"5\",\"ended_on\":\"response\",\"duration\":3565.279999999999,\"time_run\":159606,\"time_render\":159606.52,\"time_show\":159623.72,\"time_end\":163189,\"time_commit\":163212,\"timestamp\":\"2021-05-04T21:13:44.398Z\",\"time_switch\":163327.44},{\"sender\":\"trial_screen\",\"sender_type\":\"canvas.Screen\",\"sender_id\":\"9_32\",\"image1\":\"embedded/e56857263235039058f800740b62a42ee8e354bf66eb821ed1bd0e2d842c3161.JPG\",\"image2\":\"embedded/ce23c91333304b065f6741b7b019f4bcfd3b3d24e7ff77248a1e9817c8c2cdcb.JPG\",\"image3\":\"embedded/50c69ab5427de5d1801f2c61b953d066ec94e862752f255ed881c37a59506ec1.JPG\",\"image4\":\"embedded/fcf47a147052439be2e6fad30b496b69c0478f934935b3c6fec5eb6a1c2dbcaf.JPG\",\"image5\":\"embedded/04eee079bc4fb3c565ea900dac0b606ab3ed658d2a2b57d0181e3f5abe22146a.JPG\",\"image6\":\"embedded/d3160e0d620fe2199376b6ec2edab9091593e98089eed1dbf7708942648630ba.JPG\",\"correct\":true,\"trial_ID\":33,\"response\":\"4\",\"response_action\":\"keypress(4)\",\"correctResponse\":\"4\",\"ended_on\":\"response\",\"duration\":7830.559999999998,\"time_run\":163322,\"time_render\":163321.82,\"time_show\":163327.44,\"time_end\":171158,\"time_commit\":171179,\"timestamp\":\"2021-05-04T21:13:52.365Z\",\"time_switch\":171285.44},{\"sender\":\"trial_screen\",\"sender_type\":\"canvas.Screen\",\"sender_id\":\"9_33\",\"image1\":\"embedded/f389578182f8c64d6074ba9a51e95b6fc2728aec0c9ddb808c04fb54ab1914a9.JPG\",\"image2\":\"embedded/423f690e26f8b2b5ffa82e1328175b7f420b68850e616f449dcd2022839ac26b.JPG\",\"image3\":\"embedded/b564bf64f82d72fac1918991f0ba13eb842e2ab992d99f4362d86d0467b68713.JPG\",\"image4\":\"embedded/a4f0c144c54057ee0e420a45a83f6f3649c1178d77bece37a93a27406e39d3a8.JPG\",\"image5\":\"embedded/b2a9615cb38fb85067c96d60d8dc70a4f719f7f00651c3f5ebffafd416964cd5.JPG\",\"image6\":\"embedded/cc7b6f86db64c61bda89abb75126d2a05172b31e1cb30dfc014d1a44ce883e11.JPG\",\"correct\":true,\"trial_ID\":34,\"response\":\"2\",\"response_action\":\"keypress(2)\",\"correctResponse\":\"2\",\"ended_on\":\"response\",\"duration\":2701.5599999999977,\"time_run\":171281,\"time_render\":171281.44,\"time_show\":171285.44,\"time_end\":173987,\"time_commit\":173993,\"timestamp\":\"2021-05-04T21:13:55.179Z\",\"time_switch\":174104.98},{\"sender\":\"trial_screen\",\"sender_type\":\"canvas.Screen\",\"sender_id\":\"9_34\",\"image1\":\"embedded/a6efbc883a80afb2056f0a95ef60ac01732b326d2b8eff1a9cecdeadbb8f7eb5.JPG\",\"image2\":\"embedded/88dc294a58d5bfaca9948295f005210da004328bfd3ee9edde391b416fec4ccc.JPG\",\"image3\":\"embedded/0da96c12da09175a1f304fefdbb2b58db3a5d31832db91b55d9df085c22b522b.JPG\",\"image4\":\"embedded/af4983855ca0eee3c4597312e8dbdb31c0634fc8e2d76cca8bea3bb3f000f2aa.JPG\",\"image5\":\"embedded/cf3b5dde76db99b8d622619353a1efea005b2becce381a05f9f4766ea931d573.JPG\",\"image6\":\"embedded/ab5704661fd9d4a222b52811b936754dd9b58bf70ff14e2fa159cff762ca6937.JPG\",\"correct\":true,\"trial_ID\":35,\"response\":\"3\",\"response_action\":\"keypress(3)\",\"correctResponse\":\"3\",\"ended_on\":\"response\",\"duration\":5865.0199999999895,\"time_run\":174096,\"time_render\":174096.18,\"time_show\":174104.98,\"time_end\":179970,\"time_commit\":179987,\"timestamp\":\"2021-05-04T21:14:01.173Z\",\"time_switch\":180094.32},{\"sender\":\"trial_screen\",\"sender_type\":\"canvas.Screen\",\"sender_id\":\"9_35\",\"image1\":\"embedded/6cd7fd4c88197c0e8d6ef6f80f1d474bf24b7fd4595bf66cffa2d90c876ade57.JPG\",\"image2\":\"embedded/dee132616825b44745a8e6c3ec65c5e8001de6f91f16b47ff31a84f135b61543.JPG\",\"image3\":\"embedded/d4b97d5fb1ffb4931940968e0fba83f28f98e4101fb45673be82cd0dcc15ddc2.JPG\",\"image4\":\"embedded/9a3caa74163504f19ac5c8f2fb9fc7f291fff7be924c98672b6cfc50c4a8f94b.JPG\",\"image5\":\"embedded/a84389f319add93e781490bf669ec787d527ed0f8b922c4690f0a1bbc6f5313d.JPG\",\"image6\":\"embedded/fa3785e61b064bb104bb3b5e99ce52a40f9e2ae9c45c2fa12bb63b452f99804c.JPG\",\"correct\":true,\"trial_ID\":36,\"response\":\"4\",\"response_action\":\"keypress(4)\",\"correctResponse\":\"4\",\"ended_on\":\"response\",\"duration\":2720.679999999993,\"time_run\":180090,\"time_render\":180090.28,\"time_show\":180094.32,\"time_end\":182815,\"time_commit\":182826,\"timestamp\":\"2021-05-04T21:14:04.012Z\",\"time_switch\":182947.2},{\"sender\":\"trial_screen\",\"sender_type\":\"canvas.Screen\",\"sender_id\":\"9_36\",\"image1\":\"embedded/a6c887c0a1744c12773538e6b9333410703f7219de26349da953d433661008b8.JPG\",\"image2\":\"embedded/1f84c67447069815fc667f4424a14f5234f138a8b69c5d1b83aeb23b5bc8cd94.JPG\",\"image3\":\"embedded/e39ce6f1382ef54792cada784ec2b54667256b959b6f6b78a4176e1687026f09.JPG\",\"image4\":\"embedded/aa63e56b98112e996b8a5bd319927d35f1583922fbb349deab96034ee49fcb0a.JPG\",\"image5\":\"embedded/9b7d023c0acbfc9e721fa9a9b6068885f6e0fd68d698d3788516aceb8b51e16e.JPG\",\"image6\":\"embedded/01c3dc146e147a3722f9c85e5ffadb653d0bd43efff0a4f0779d30179e3f8c4a.JPG\",\"correct\":true,\"trial_ID\":37,\"response\":\"1\",\"response_action\":\"keypress(1)\",\"correctResponse\":\"1\",\"ended_on\":\"response\",\"duration\":2601.7999999999884,\"time_run\":182940,\"time_render\":182940.86,\"time_show\":182947.2,\"time_end\":185549,\"time_commit\":185561,\"timestamp\":\"2021-05-04T21:14:06.747Z\",\"time_switch\":185683.32},{\"sender\":\"trial_screen\",\"sender_type\":\"canvas.Screen\",\"sender_id\":\"9_37\",\"image1\":\"embedded/7d9c399ec76c5427806100ef60ccc804089ab6a91fed8ec69a28ba0ea32bbca5.JPG\",\"image2\":\"embedded/56e102fdf934db627bc591435ecdb81cc219516721147130d43cbc3f09d98f12.JPG\",\"image3\":\"embedded/77a47ea0c6efcfb9675ecc7840943a19a1e55f1b795d079fb9e4f3b68960b491.JPG\",\"image4\":\"embedded/efac4ec1e34d5fe61a9ec79f762afc6cab82664a1dc93bf2c64b2abe78a7992c.JPG\",\"image5\":\"embedded/83b034eff8c0bb5379dfd658cf8291642bdd24e59a340611eaf7299f88265086.JPG\",\"image6\":\"embedded/1c2ac64e2257cee9e9e9e3d83d07e3579453ee5633f921fbdb047d9d4e8e0b4e.JPG\",\"correct\":false,\"trial_ID\":38,\"response\":\"2\",\"response_action\":\"keypress(2)\",\"correctResponse\":\"4\",\"ended_on\":\"response\",\"duration\":3661.679999999993,\"time_run\":185672,\"time_render\":185671.52,\"time_show\":185683.32,\"time_end\":189345,\"time_commit\":189355,\"timestamp\":\"2021-05-04T21:14:10.541Z\",\"time_switch\":189470.46},{\"sender\":\"trial_screen\",\"sender_type\":\"canvas.Screen\",\"sender_id\":\"9_38\",\"image1\":\"embedded/f9d8952d77f1b49e3450d59393e806ae95d7fba71d45bc87a8e86f8f45e5f9a2.JPG\",\"image2\":\"embedded/4d396677feb49d61ca1ef71551452b1a3108ed899c59624da2551c7805dc7bb0.JPG\",\"image3\":\"embedded/1de299a381178c368d8c34a2a9aaf0aed93057df0cfd330fe016b195a085472a.JPG\",\"image4\":\"embedded/e08dec845a94a059437d86801cd943d071f7479d91819cf0bf3b7219e3f65c54.JPG\",\"image5\":\"embedded/e3e896e7d5963049a132018c935425652734fe7642b8733de81c0897eeed5f06.JPG\",\"image6\":\"embedded/8a307089f361717cef82513e105b7fee3d1b88e83ceb3267437d358380d8be40.JPG\",\"correct\":true,\"trial_ID\":39,\"response\":\"2\",\"response_action\":\"keypress(2)\",\"correctResponse\":\"2\",\"ended_on\":\"response\",\"duration\":2093.540000000008,\"time_run\":189459,\"time_render\":189459.34,\"time_show\":189470.46,\"time_end\":191564,\"time_commit\":191578,\"timestamp\":\"2021-05-04T21:14:12.764Z\",\"time_switch\":191689.36},{\"sender\":\"trial_screen\",\"sender_type\":\"canvas.Screen\",\"sender_id\":\"9_39\",\"image1\":\"embedded/fe96dac774b8a25481c1c40a25fc7800c36a55331ca145f809d7e465afd76343.JPG\",\"image2\":\"embedded/fe96dac774b8a25481c1c40a25fc7800c36a55331ca145f809d7e465afd76343.JPG\",\"image3\":\"embedded/77a1d250809bb6fbee597acf6286014504ccea24f354595210e725608daa2d5a.JPG\",\"image4\":\"embedded/f6b4252a0962b6d79854362e739ad1b0fe9a0c6577cd0041a8be3bd522b92097.JPG\",\"image5\":\"embedded/d2aa9b3cc8b531f7468cd64ee31c3ad62704c70ab992ba637e1be98207338512.JPG\",\"image6\":\"embedded/c17c9dcc01dd42189b688ede4dcd8212365c9f41f697f6075bd06d724d5b069e.JPG\",\"correct\":true,\"trial_ID\":40,\"response\":\"1\",\"response_action\":\"keypress(1)\",\"correctResponse\":\"1\",\"ended_on\":\"response\",\"duration\":1843.640000000014,\"time_run\":191677,\"time_render\":191677.2,\"time_show\":191689.36,\"time_end\":193533,\"time_commit\":193545,\"timestamp\":\"2021-05-04T21:14:14.731Z\",\"time_switch\":193657.98},{\"sender\":\"trial_screen\",\"sender_type\":\"canvas.Screen\",\"sender_id\":\"9_40\",\"image1\":\"embedded/eda26e8a511246548a8175ca26cf4fdb9b9218e15a85e86f970e99746028c0f2.JPG\",\"image2\":\"embedded/9e48d869919ade50a716f949d4157f51976846a556f577094bc94aa738696292.JPG\",\"image3\":\"embedded/9c366f2838b7f396db9db657a338002269636263f44580a0269f61841cb77dd1.JPG\",\"image4\":\"embedded/00442c28fea6e753c600b1e7b7dc784d008e5710d6920713640989668b1c44d6.JPG\",\"image5\":\"embedded/ae40ba27cfd957f9522866077648777b840810a053b673eefe7e3d86da3f2c98.JPG\",\"image6\":\"embedded/1dfa9b34afa9be8af4c716fe20a621afe4d98597e7db00070d410d56777deae1.JPG\",\"correct\":true,\"trial_ID\":41,\"response\":\"3\",\"response_action\":\"keypress(3)\",\"correctResponse\":\"3\",\"ended_on\":\"response\",\"duration\":8078.0199999999895,\"time_run\":193653,\"time_render\":193653.2,\"time_show\":193657.98,\"time_end\":201736,\"time_commit\":201744,\"timestamp\":\"2021-05-04T21:14:22.930Z\",\"time_switch\":201849.52},{\"sender\":\"trial_screen\",\"sender_type\":\"canvas.Screen\",\"sender_id\":\"9_41\",\"image1\":\"embedded/3b658429066ce64f711982802a9f15a40ee1ee2deecf033dd0629093ffca432c.JPG\",\"image2\":\"embedded/9d33ed8e9c9af961d68f983621075d456ccd96866a05061c230370cf8e061c9b.JPG\",\"image3\":\"embedded/21fe439c8dd6b8db0a3695f61e8821712214074b9e7b69859ddb5a241ddc2e82.JPG\",\"image4\":\"embedded/be967c65fe719bce1aa40d14e31d06838a70a8f8330badc9ffd8e6b955f900ef.JPG\",\"image5\":\"embedded/8f557c17257dd3fc2f542f066c6df891c6b14289009b0305c3fdfc04b4ff3f8f.JPG\",\"image6\":\"embedded/a0abc47b568fef9cd012712bfc873458886b0106d720b9f2a8da783084d7f147.JPG\",\"correct\":true,\"trial_ID\":42,\"response\":\"5\",\"response_action\":\"keypress(5)\",\"correctResponse\":\"5\",\"ended_on\":\"response\",\"duration\":4120.4800000000105,\"time_run\":201844,\"time_render\":201843.62,\"time_show\":201849.52,\"time_end\":205970,\"time_commit\":205984,\"timestamp\":\"2021-05-04T21:14:27.169Z\",\"time_switch\":206103.8},{\"sender\":\"trial_screen\",\"sender_type\":\"canvas.Screen\",\"sender_id\":\"9_42\",\"image1\":\"embedded/ef7d519320c39e00a349b313bd78eda9e90c8a1011bcc78c4444e537ae7f2f92.JPG\",\"image2\":\"embedded/0ae0245371e15c9ace3762ee6587a878201c745ffad340501d6964e74824315f.JPG\",\"image3\":\"embedded/ef7d519320c39e00a349b313bd78eda9e90c8a1011bcc78c4444e537ae7f2f92.JPG\",\"image4\":\"embedded/1d4a5da9de3748636fb56e99f2a12845bd1a66dc6c54c683cceea699af043ade.JPG\",\"image5\":\"embedded/b5dec9b8fe007ad187a589c249da6d2f705b6c965cd51c2ec06f2f4887871445.JPG\",\"image6\":\"embedded/622e9c42b517b05b55a403a07fa66348b56e984378d84319cbfe8632073bf8c3.JPG\",\"correct\":true,\"trial_ID\":43,\"response\":\"2\",\"response_action\":\"keypress(2)\",\"correctResponse\":\"2\",\"ended_on\":\"response\",\"duration\":4148.200000000012,\"time_run\":206097,\"time_render\":206097.4,\"time_show\":206103.8,\"time_end\":210252,\"time_commit\":210273,\"timestamp\":\"2021-05-04T21:14:31.458Z\",\"time_switch\":210391.46},{\"sender\":\"trial_screen\",\"sender_type\":\"canvas.Screen\",\"sender_id\":\"9_43\",\"image1\":\"embedded/2a52ccd62720bedf20b804648bc631af75f330895dbb6a09fdab0c9ebca896b0.JPG\",\"image2\":\"embedded/eea75bf41e87ab377805d443a528ed4027376b21d1aab00f9285d0d50b3360a2.JPG\",\"image3\":\"embedded/0f7199bc4386d3fe3f38c5c7702a4c0d5cec6624947ea36049b528e7928e0278.JPG\",\"image4\":\"embedded/afb774510b74e2ad8ac56772e620077eda8103b7e09f50ac3dac5154b2e83b86.JPG\",\"image5\":\"embedded/e2fc14e2a006d29c3a4238b2c26df6303cdeed21371aa702668def1a77cda16c.JPG\",\"image6\":\"embedded/f1f0918b32d49aa9c40654c0c0950bf3fb17e5767cb382e9c44363f59ba356b1.JPG\",\"correct\":true,\"trial_ID\":44,\"response\":\"5\",\"response_action\":\"keypress(5)\",\"correctResponse\":\"5\",\"ended_on\":\"response\",\"duration\":3875.540000000008,\"time_run\":210381,\"time_render\":210381.68,\"time_show\":210391.46,\"time_end\":214267,\"time_commit\":214280,\"timestamp\":\"2021-05-04T21:14:35.465Z\",\"time_switch\":214395.54},{\"sender\":\"trial_screen\",\"sender_type\":\"canvas.Screen\",\"sender_id\":\"9_44\",\"image1\":\"embedded/23424ef9d325b3b1ab1d7323b3174b19c45ed4aaabdbb3a2a2bb2201fe189b7b.JPG\",\"image2\":\"embedded/8d1a57e75d31ccb8d6bff95020477bd249cdbe267b44e4d55c7531dbb203e94d.JPG\",\"image3\":\"embedded/b3400498f41a6cc00512812442c2b1fb2e0fd5f2957d5e13791b8ca347ac19ed.JPG\",\"image4\":\"embedded/9ae0ee3349f18058791cc488716433f92884e9f6a203b344da38e49462b4a817.JPG\",\"image5\":\"embedded/a0826f4981e386c92b576522b21de3f21633f7a907b232fdfe9069123f93e2fe.JPG\",\"image6\":\"embedded/461cd6e2e86a1d93dff402c7eab94f1fba4fc38da2d062403dea83618ba54c69.JPG\",\"correct\":true,\"trial_ID\":45,\"response\":\"1\",\"response_action\":\"keypress(1)\",\"correctResponse\":\"1\",\"ended_on\":\"response\",\"duration\":2902.459999999992,\"time_run\":214383,\"time_render\":214383.74,\"time_show\":214395.54,\"time_end\":217298,\"time_commit\":217311,\"timestamp\":\"2021-05-04T21:14:38.497Z\",\"time_switch\":217415.22},{\"sender\":\"trial_screen\",\"sender_type\":\"canvas.Screen\",\"sender_id\":\"9_45\",\"image1\":\"embedded/2502a9f5898e292851c28bea43529bd75c6ae710b95ccb5146d6f12b5e78f328.JPG\",\"image2\":\"embedded/f9cea8b14760b928aa9c09294e44ae43446b4e69543707d44720813bcaad0d41.JPG\",\"image3\":\"embedded/5057bc51dd1a3ffa8cfe8437b90f25672fc57f9470ba4402cfb762d7bb0268c2.JPG\",\"image4\":\"embedded/e6c375c1416374d2ea26606ade713434dc70a334badac64496a34957edf3337f.JPG\",\"image5\":\"embedded/f3d0a28d818094915ef07f2c224b425ff6e5c3f3d417a8cb3a98bd277e00aba8.JPG\",\"image6\":\"embedded/50362e7a289af4e4642436c802c4edc5f71a338f0f33cd802934e0bdc0c00090.JPG\",\"correct\":true,\"trial_ID\":46,\"response\":\"1\",\"response_action\":\"keypress(1)\",\"correctResponse\":\"1\",\"ended_on\":\"response\",\"duration\":1711.7799999999988,\"time_run\":217411,\"time_render\":217411.2,\"time_show\":217415.22,\"time_end\":219127,\"time_commit\":219135,\"timestamp\":\"2021-05-04T21:14:40.321Z\",\"time_switch\":219150.34},{\"sender\":\"loop_trial\",\"sender_type\":\"flow.Loop\",\"sender_id\":\"9\",\"ended_on\":\"completion\",\"duration\":164542.34,\"time_run\":54479,\"time_render\":54568.48,\"time_show\":54584.66,\"time_end\":219127,\"time_commit\":219140,\"timestamp\":\"2021-05-04T21:14:40.325Z\",\"time_switch\":219150.34},{\"sender\":\"end_html\",\"sender_type\":\"html.Screen\",\"sender_id\":\"10\",\"response\":\"anykey\",\"response_action\":\"keypress\",\"ended_on\":\"response\",\"duration\":3663.6600000000035,\"time_run\":219140,\"time_render\":219140.56,\"time_show\":219150.34,\"time_end\":222814,\"time_commit\":222823,\"timestamp\":\"2021-05-04T21:14:44.008Z\",\"time_switch\":222837.7},{\"sender\":\"root\",\"sender_type\":\"flow.Sequence\",\"sender_id\":null,\"ended_on\":\"completion\",\"duration\":222300.48,\"time_run\":474,\"time_render\":496.84,\"time_show\":513.52,\"time_end\":222814,\"time_commit\":222824,\"timestamp\":\"2021-05-04T21:14:44.010Z\",\"time_switch\":222837.7}]",
    "metadata": "{\"slice\":0,\"id\":\"5661348e-03eb-4035-9cec-8a7f0189e717\",\"payload\":\"full\"}",
    "url": "https://exp02.zih.tu-dresden.de/experiments/identical_pictures_task/"
}