{
    "data": "[{\"url\":{},\"meta\":{\"labjs_version\":\"20.1.1\",\"labjs_build\":{\"flavor\":\"production\",\"commit\":\"cd5695f774968f50499757c1423bd95d033ea08e\"},\"location\":\"https://exp02.zih.tu-dresden.de/experiments/spot_a_word_task/\",\"userAgent\":\"Mozilla/5.0 (Windows NT 10.0; Win64; x64; rv:88.0) Gecko/20100101 Firefox/88.0\",\"platform\":\"Win32\",\"language\":\"de\",\"locale\":\"de-DE\",\"timeZone\":\"Europe/Berlin\",\"timezoneOffset\":-120,\"screen_width\":1920,\"screen_height\":1080,\"scroll_width\":1920,\"scroll_height\":890,\"window_innerWidth\":1920,\"window_innerHeight\":938,\"devicePixelRatio\":1},\"sender\":\"start_html\",\"sender_type\":\"html.Screen\",\"sender_id\":\"0\",\"ended_on\":\"timeout\",\"duration\":6006.1,\"time_run\":469,\"time_render\":494.76,\"time_show\":511.42,\"time_end\":6500.82,\"time_commit\":6507,\"timestamp\":\"2021-05-04T21:06:53.171Z\",\"time_switch\":6517.52},{\"sender\":\"manual_html\",\"sender_type\":\"html.Screen\",\"sender_id\":\"1\",\"response\":\"space\",\"response_action\":\"keypress(Space)\",\"ended_on\":\"response\",\"duration\":41879.479999999996,\"time_run\":6509,\"time_render\":6500.82,\"time_show\":6517.52,\"time_end\":48397,\"time_commit\":48416,\"timestamp\":\"2021-05-04T21:07:35.080Z\",\"time_switch\":48459.76},{\"sender\":\"example1_screen\",\"sender_type\":\"canvas.Screen\",\"sender_id\":\"2\",\"response\":\"4\",\"response_action\":\"keypress(4)\",\"correctResponse\":\"4\",\"correct\":true,\"ended_on\":\"response\",\"duration\":3422.239999999998,\"time_run\":48450,\"time_render\":48450.04,\"time_show\":48459.76,\"time_end\":51882,\"time_commit\":51908,\"timestamp\":\"2021-05-04T21:07:38.573Z\",\"time_switch\":51946.58},{\"sender\":\"example1_feedback\",\"sender_type\":\"canvas.Screen\",\"sender_id\":\"3\",\"response\":\"Space\",\"response_action\":\"keypress(Space)\",\"ended_on\":\"response\",\"duration\":2170.4199999999983,\"time_run\":51927,\"time_render\":51929.9,\"time_show\":51946.58,\"time_end\":54117,\"time_commit\":54128,\"timestamp\":\"2021-05-04T21:07:40.794Z\",\"time_switch\":54165.44},{\"sender\":\"example2_screen\",\"sender_type\":\"canvas.Screen\",\"sender_id\":\"4\",\"response\":\"5\",\"response_action\":\"keypress(5)\",\"correctResponse\":\"5\",\"correct\":true,\"ended_on\":\"response\",\"duration\":3216.5599999999977,\"time_run\":54161,\"time_render\":54162.02,\"time_show\":54165.44,\"time_end\":57382,\"time_commit\":57402,\"timestamp\":\"2021-05-04T21:07:44.067Z\",\"time_switch\":57435.38},{\"sender\":\"example2_feedback\",\"sender_type\":\"canvas.Screen\",\"sender_id\":\"5\",\"response\":\"Space\",\"response_action\":\"keypress(Space)\",\"ended_on\":\"response\",\"duration\":1149.6200000000026,\"time_run\":57423,\"time_render\":57423.18,\"time_show\":57435.38,\"time_end\":58585,\"time_commit\":58600,\"timestamp\":\"2021-05-04T21:07:45.265Z\",\"time_switch\":58636.66},{\"sender\":\"example3_screen\",\"sender_type\":\"canvas.Screen\",\"sender_id\":\"6\",\"response\":\"1\",\"response_action\":\"keypress(1)\",\"correctResponse\":\"1\",\"correct\":true,\"ended_on\":\"response\",\"duration\":2323.3399999999965,\"time_run\":58620,\"time_render\":58621.16,\"time_show\":58636.66,\"time_end\":60960,\"time_commit\":60967,\"timestamp\":\"2021-05-04T21:07:47.632Z\",\"time_switch\":61005.7},{\"sender\":\"example3_feedback\",\"sender_type\":\"canvas.Screen\",\"sender_id\":\"7\",\"response\":\"Space\",\"response_action\":\"keypress(Space)\",\"ended_on\":\"response\",\"duration\":2063.300000000003,\"time_run\":60987,\"time_render\":60989.02,\"time_show\":61005.7,\"time_end\":63069,\"time_commit\":63089,\"timestamp\":\"2021-05-04T21:07:49.754Z\",\"time_switch\":63107.82},{\"sender\":\"get_ready_html\",\"sender_type\":\"html.Screen\",\"sender_id\":\"8\",\"response\":\"space\",\"response_action\":\"keypress(Space)\",\"ended_on\":\"response\",\"duration\":7664.18,\"time_run\":63090,\"time_render\":63091.48,\"time_show\":63107.82,\"time_end\":70772,\"time_commit\":70805,\"timestamp\":\"2021-05-04T21:07:57.470Z\",\"time_switch\":70932.32},{\"sender\":\"trial_screen\",\"sender_type\":\"canvas.Screen\",\"sender_id\":\"9_0\",\"correct\":true,\"trial_ID\":1,\"word1\":\"siziol\",\"word2\":\"salzahl\",\"word3\":\"sozihl\",\"word4\":\"sziam\",\"word5\":\"sozial\",\"response\":\"5\",\"response_action\":\"keypress(5)\",\"correctResponse\":\"5\",\"ended_on\":\"response\",\"duration\":3152.679999999993,\"time_run\":70921,\"time_render\":70920.36,\"time_show\":70932.32,\"time_end\":74085,\"time_commit\":74105,\"timestamp\":\"2021-05-04T21:08:00.770Z\",\"time_switch\":74135.56},{\"sender\":\"trial_screen\",\"sender_type\":\"canvas.Screen\",\"sender_id\":\"9_1\",\"correct\":true,\"trial_ID\":2,\"word1\":\"Lamone\",\"word2\":\"Talane\",\"word3\":\"Matrone\",\"word4\":\"Tarone\",\"word5\":\"Malonte\",\"response\":\"3\",\"response_action\":\"keypress(3)\",\"correctResponse\":\"3\",\"ended_on\":\"response\",\"duration\":3433.4400000000023,\"time_run\":74129,\"time_render\":74129.86,\"time_show\":74135.56,\"time_end\":77569,\"time_commit\":77582,\"timestamp\":\"2021-05-04T21:08:04.247Z\",\"time_switch\":77605.7},{\"sender\":\"trial_screen\",\"sender_type\":\"canvas.Screen\",\"sender_id\":\"9_2\",\"correct\":true,\"trial_ID\":3,\"word1\":\"kurinesisch\",\"word2\":\"kulinarisch\",\"word3\":\"kumenisch\",\"word4\":\"kulissarisch\",\"word5\":\"kannastrisch\",\"response\":\"2\",\"response_action\":\"keypress(2)\",\"correctResponse\":\"2\",\"ended_on\":\"response\",\"duration\":2698.300000000003,\"time_run\":77601,\"time_render\":77601.42,\"time_show\":77605.7,\"time_end\":80304,\"time_commit\":80320,\"timestamp\":\"2021-05-04T21:08:06.985Z\",\"time_switch\":80358.6},{\"sender\":\"trial_screen\",\"sender_type\":\"canvas.Screen\",\"sender_id\":\"9_3\",\"correct\":true,\"trial_ID\":4,\"word1\":\"Tinxur\",\"word2\":\"Kukutur\",\"word3\":\"Fraktan\",\"word4\":\"Tinktur\",\"word5\":\"Rimsuhr\",\"response\":\"4\",\"response_action\":\"keypress(4)\",\"correctResponse\":\"4\",\"ended_on\":\"response\",\"duration\":3555.399999999994,\"time_run\":80351,\"time_render\":80351.36,\"time_show\":80358.6,\"time_end\":83914,\"time_commit\":83933,\"timestamp\":\"2021-05-04T21:08:10.599Z\",\"time_switch\":83962.22},{\"sender\":\"trial_screen\",\"sender_type\":\"canvas.Screen\",\"sender_id\":\"9_4\",\"correct\":true,\"trial_ID\":5,\"word1\":\"beralen\",\"word2\":\"ger\u00e4ltet\",\"word3\":\"an\u00e4lteren\",\"word4\":\"unt\u00e4ren\",\"word5\":\"verbr\u00e4men\",\"response\":\"5\",\"response_action\":\"keypress(5)\",\"correctResponse\":\"5\",\"ended_on\":\"response\",\"duration\":4544.779999999999,\"time_run\":83953,\"time_render\":83953.22,\"time_show\":83962.22,\"time_end\":88507,\"time_commit\":88520,\"timestamp\":\"2021-05-04T21:08:15.185Z\",\"time_switch\":88550.08},{\"sender\":\"trial_screen\",\"sender_type\":\"canvas.Screen\",\"sender_id\":\"9_5\",\"correct\":true,\"trial_ID\":6,\"word1\":\"Rosto\",\"word2\":\"Torso\",\"word3\":\"Soro\",\"word4\":\"Torgos\",\"word5\":\"Tosor\",\"response\":\"2\",\"response_action\":\"keypress(2)\",\"correctResponse\":\"2\",\"ended_on\":\"response\",\"duration\":4221.919999999998,\"time_run\":88542,\"time_render\":88542.94,\"time_show\":88550.08,\"time_end\":92772,\"time_commit\":92791,\"timestamp\":\"2021-05-04T21:08:19.455Z\",\"time_switch\":92821.02},{\"sender\":\"trial_screen\",\"sender_type\":\"canvas.Screen\",\"sender_id\":\"9_6\",\"correct\":true,\"trial_ID\":7,\"word1\":\"Redor\",\"word2\":\"Radium\",\"word3\":\"Terion\",\"word4\":\"Dramin\",\"word5\":\"Orakium\",\"response\":\"2\",\"response_action\":\"keypress(2)\",\"correctResponse\":\"2\",\"ended_on\":\"response\",\"duration\":2279.979999999996,\"time_run\":92805,\"time_render\":92807.46,\"time_show\":92821.02,\"time_end\":95101,\"time_commit\":95117,\"timestamp\":\"2021-05-04T21:08:21.782Z\",\"time_switch\":95156.78},{\"sender\":\"trial_screen\",\"sender_type\":\"canvas.Screen\",\"sender_id\":\"9_7\",\"correct\":true,\"trial_ID\":8,\"word1\":\"Nale\",\"word2\":\"Sahe\",\"word3\":\"Nase\",\"word4\":\"Nesa\",\"word5\":\"Sehna\",\"response\":\"3\",\"response_action\":\"keypress(3)\",\"correctResponse\":\"3\",\"ended_on\":\"response\",\"duration\":3944.220000000001,\"time_run\":95144,\"time_render\":95144.92,\"time_show\":95156.78,\"time_end\":99101,\"time_commit\":99117,\"timestamp\":\"2021-05-04T21:08:25.782Z\",\"time_switch\":99144.08},{\"sender\":\"trial_screen\",\"sender_type\":\"canvas.Screen\",\"sender_id\":\"9_8\",\"correct\":true,\"trial_ID\":9,\"word1\":\"Rilkiase\",\"word2\":\"Kilister\",\"word3\":\"Riliker\",\"word4\":\"Klistier\",\"word5\":\"Linkure\",\"response\":\"4\",\"response_action\":\"keypress(4)\",\"correctResponse\":\"4\",\"ended_on\":\"response\",\"duration\":2752.9199999999983,\"time_run\":99141,\"time_render\":99141.74,\"time_show\":99144.08,\"time_end\":101897,\"time_commit\":101909,\"timestamp\":\"2021-05-04T21:08:28.574Z\",\"time_switch\":101930.16},{\"sender\":\"trial_screen\",\"sender_type\":\"canvas.Screen\",\"sender_id\":\"9_9\",\"correct\":true,\"trial_ID\":10,\"word1\":\"kentern\",\"word2\":\"knerte\",\"word3\":\"kanzen\",\"word4\":\"kretern\",\"word5\":\"trekern\",\"response\":\"1\",\"response_action\":\"keypress(1)\",\"correctResponse\":\"1\",\"ended_on\":\"response\",\"duration\":3498.8399999999965,\"time_run\":101928,\"time_render\":101927.76,\"time_show\":101930.16,\"time_end\":105429,\"time_commit\":105445,\"timestamp\":\"2021-05-04T21:08:32.110Z\",\"time_switch\":105483.8},{\"sender\":\"trial_screen\",\"sender_type\":\"canvas.Screen\",\"sender_id\":\"9_10\",\"correct\":true,\"trial_ID\":11,\"word1\":\"Sorekin\",\"word2\":\"Sarowin\",\"word3\":\"Rosakin\",\"word4\":\"Narosin\",\"word5\":\"Kerosin\",\"response\":\"5\",\"response_action\":\"keypress(5)\",\"correctResponse\":\"5\",\"ended_on\":\"response\",\"duration\":4601.199999999997,\"time_run\":105466,\"time_render\":105466.54,\"time_show\":105483.8,\"time_end\":110085,\"time_commit\":110101,\"timestamp\":\"2021-05-04T21:08:36.766Z\",\"time_switch\":110121.8},{\"sender\":\"trial_screen\",\"sender_type\":\"canvas.Screen\",\"sender_id\":\"9_11\",\"correct\":true,\"trial_ID\":12,\"word1\":\"Ralke\",\"word2\":\"Korre\",\"word3\":\"Ruckse\",\"word4\":\"Recke\",\"word5\":\"Ulte\",\"response\":\"4\",\"response_action\":\"keypress(4)\",\"correctResponse\":\"4\",\"ended_on\":\"response\",\"duration\":4510.199999999997,\"time_run\":110112,\"time_render\":110113.12,\"time_show\":110121.8,\"time_end\":114632,\"time_commit\":114652,\"timestamp\":\"2021-05-04T21:08:41.316Z\",\"time_switch\":114676.34},{\"sender\":\"trial_screen\",\"sender_type\":\"canvas.Screen\",\"sender_id\":\"9_12\",\"correct\":true,\"trial_ID\":13,\"word1\":\"Kapaun\",\"word2\":\"Paukan\",\"word3\":\"Naupack\",\"word4\":\"Aupeck\",\"word5\":\"Ankepran\",\"response\":\"1\",\"response_action\":\"keypress(1)\",\"correctResponse\":\"1\",\"ended_on\":\"response\",\"duration\":3174.6600000000035,\"time_run\":114671,\"time_render\":114671.18,\"time_show\":114676.34,\"time_end\":117851,\"time_commit\":117869,\"timestamp\":\"2021-05-04T21:08:44.534Z\",\"time_switch\":117896.3},{\"sender\":\"trial_screen\",\"sender_type\":\"canvas.Screen\",\"sender_id\":\"9_13\",\"correct\":true,\"trial_ID\":14,\"word1\":\"Dissonanz\",\"word2\":\"Diskrisanz\",\"word3\":\"Distranz\",\"word4\":\"Dinotanz\",\"word5\":\"Sidonenz\",\"response\":\"1\",\"response_action\":\"keypress(1)\",\"correctResponse\":\"1\",\"ended_on\":\"response\",\"duration\":3641.699999999997,\"time_run\":117884,\"time_render\":117884.6,\"time_show\":117896.3,\"time_end\":121538,\"time_commit\":121549,\"timestamp\":\"2021-05-04T21:08:48.213Z\",\"time_switch\":121583.36},{\"sender\":\"trial_screen\",\"sender_type\":\"canvas.Screen\",\"sender_id\":\"9_14\",\"correct\":true,\"trial_ID\":15,\"word1\":\"Kirse\",\"word2\":\"Sirke\",\"word3\":\"Krise\",\"word4\":\"Krospe\",\"word5\":\"Seris\",\"response\":\"3\",\"response_action\":\"keypress(3)\",\"correctResponse\":\"3\",\"ended_on\":\"response\",\"duration\":2845.6399999999994,\"time_run\":121568,\"time_render\":121568.36,\"time_show\":121583.36,\"time_end\":124429,\"time_commit\":124445,\"timestamp\":\"2021-05-04T21:08:51.110Z\",\"time_switch\":124469.56},{\"sender\":\"trial_screen\",\"sender_type\":\"canvas.Screen\",\"sender_id\":\"9_15\",\"correct\":true,\"trial_ID\":16,\"word1\":\"Tume\",\"word2\":\"Umat\",\"word3\":\"Maut\",\"word4\":\"Taum\",\"word5\":\"Muta\",\"response\":\"3\",\"response_action\":\"keypress(3)\",\"correctResponse\":\"3\",\"ended_on\":\"response\",\"duration\":2381.4400000000023,\"time_run\":124467,\"time_render\":124466.72,\"time_show\":124469.56,\"time_end\":126851,\"time_commit\":126860,\"timestamp\":\"2021-05-04T21:08:53.525Z\",\"time_switch\":126888.64},{\"sender\":\"trial_screen\",\"sender_type\":\"canvas.Screen\",\"sender_id\":\"9_16\",\"correct\":true,\"trial_ID\":17,\"word1\":\"Tuhl\",\"word2\":\"Lar\",\"word3\":\"Lest\",\"word4\":\"Dall\",\"word5\":\"Lid\",\"response\":\"5\",\"response_action\":\"keypress(5)\",\"correctResponse\":\"5\",\"ended_on\":\"response\",\"duration\":4118.360000000001,\"time_run\":126881,\"time_render\":126881.14,\"time_show\":126888.64,\"time_end\":131007,\"time_commit\":131020,\"timestamp\":\"2021-05-04T21:08:57.685Z\",\"time_switch\":131059.54},{\"sender\":\"trial_screen\",\"sender_type\":\"canvas.Screen\",\"sender_id\":\"9_17\",\"correct\":false,\"trial_ID\":18,\"word1\":\"Adept\",\"word2\":\"Padet\",\"word3\":\"Edapt\",\"word4\":\"Epatt\",\"word5\":\"Taped\",\"response\":\"2\",\"response_action\":\"keypress(2)\",\"correctResponse\":\"1\",\"ended_on\":\"response\",\"duration\":12759.460000000006,\"time_run\":131041,\"time_render\":131042.86,\"time_show\":131059.54,\"time_end\":143819,\"time_commit\":143835,\"timestamp\":\"2021-05-04T21:09:10.500Z\",\"time_switch\":143872.46},{\"sender\":\"trial_screen\",\"sender_type\":\"canvas.Screen\",\"sender_id\":\"9_18\",\"correct\":false,\"trial_ID\":19,\"word1\":\"Spirine\",\"word2\":\"Saprin\",\"word3\":\"Parsin\",\"word4\":\"Purin\",\"word5\":\"Asprint\",\"response\":\"3\",\"response_action\":\"keypress(3)\",\"correctResponse\":\"4\",\"ended_on\":\"response\",\"duration\":5384.540000000008,\"time_run\":143858,\"time_render\":143857.98,\"time_show\":143872.46,\"time_end\":149257,\"time_commit\":149273,\"timestamp\":\"2021-05-04T21:09:15.939Z\",\"time_switch\":149294.62},{\"sender\":\"trial_screen\",\"sender_type\":\"canvas.Screen\",\"sender_id\":\"9_19\",\"correct\":false,\"trial_ID\":20,\"word1\":\"Kulon\",\"word2\":\"Solgun\",\"word3\":\"Koskan\",\"word4\":\"Soran\",\"word5\":\"Klonus\",\"response\":\"4\",\"response_action\":\"keypress(4)\",\"correctResponse\":\"5\",\"ended_on\":\"response\",\"duration\":7806.380000000005,\"time_run\":149293,\"time_render\":149293.02,\"time_show\":149294.62,\"time_end\":157101,\"time_commit\":157115,\"timestamp\":\"2021-05-04T21:09:23.781Z\",\"time_switch\":157152.44},{\"sender\":\"trial_screen\",\"sender_type\":\"canvas.Screen\",\"sender_id\":\"9_20\",\"correct\":true,\"trial_ID\":21,\"word1\":\"Tronke\",\"word2\":\"Nocktherm\",\"word3\":\"Teronk\",\"word4\":\"Komtur\",\"word5\":\"Rocktur\",\"response\":\"4\",\"response_action\":\"keypress(4)\",\"correctResponse\":\"4\",\"ended_on\":\"response\",\"duration\":7089.559999999998,\"time_run\":157129,\"time_render\":157135.76,\"time_show\":157152.44,\"time_end\":164242,\"time_commit\":164255,\"timestamp\":\"2021-05-04T21:09:30.919Z\",\"time_switch\":164309.66},{\"sender\":\"trial_screen\",\"sender_type\":\"canvas.Screen\",\"sender_id\":\"9_21\",\"correct\":true,\"trial_ID\":22,\"word1\":\"Ripat\",\"word2\":\"Patinatte\",\"word3\":\"Tapir\",\"word4\":\"Apitt\",\"word5\":\"Padir\",\"response\":\"3\",\"response_action\":\"keypress(3)\",\"correctResponse\":\"3\",\"ended_on\":\"response\",\"duration\":3587.3399999999965,\"time_run\":164296,\"time_render\":164296.52,\"time_show\":164309.66,\"time_end\":167897,\"time_commit\":167907,\"timestamp\":\"2021-05-04T21:09:34.572Z\",\"time_switch\":167929.94},{\"sender\":\"trial_screen\",\"sender_type\":\"canvas.Screen\",\"sender_id\":\"9_22\",\"correct\":true,\"trial_ID\":23,\"word1\":\"Akifer\",\"word2\":\"Fiaker\",\"word3\":\"Kiaffa\",\"word4\":\"Sariffer\",\"word5\":\"Refisker\",\"response\":\"2\",\"response_action\":\"keypress(2)\",\"correctResponse\":\"2\",\"ended_on\":\"response\",\"duration\":2452.0599999999977,\"time_run\":167928,\"time_render\":167928.44,\"time_show\":167929.94,\"time_end\":170382,\"time_commit\":170403,\"timestamp\":\"2021-05-04T21:09:37.068Z\",\"time_switch\":170449.16},{\"sender\":\"trial_screen\",\"sender_type\":\"canvas.Screen\",\"sender_id\":\"9_23\",\"correct\":true,\"trial_ID\":24,\"word1\":\"Kleiber\",\"word2\":\"Beikel\",\"word3\":\"Keibel\",\"word4\":\"Reikler\",\"word5\":\"Biekerl\",\"response\":\"1\",\"response_action\":\"keypress(1)\",\"correctResponse\":\"1\",\"ended_on\":\"response\",\"duration\":4183.8399999999965,\"time_run\":170433,\"time_render\":170433.24,\"time_show\":170449.16,\"time_end\":174633,\"time_commit\":174651,\"timestamp\":\"2021-05-04T21:09:41.316Z\",\"time_switch\":174686.74},{\"sender\":\"trial_screen\",\"sender_type\":\"canvas.Screen\",\"sender_id\":\"9_24\",\"correct\":true,\"trial_ID\":25,\"word1\":\"Ig\u00e4de\",\"word2\":\"D\u00e4gie\",\"word3\":\"\u00c4gide\",\"word4\":\"Dig\u00e4de\",\"word5\":\"Giad\",\"response\":\"3\",\"response_action\":\"keypress(3)\",\"correctResponse\":\"3\",\"ended_on\":\"response\",\"duration\":4961.260000000009,\"time_run\":174673,\"time_render\":174672.74,\"time_show\":174686.74,\"time_end\":179648,\"time_commit\":179667,\"timestamp\":\"2021-05-04T21:09:46.332Z\",\"time_switch\":179691.78},{\"sender\":\"trial_screen\",\"sender_type\":\"canvas.Screen\",\"sender_id\":\"9_25\",\"correct\":true,\"trial_ID\":26,\"word1\":\"Rixal\",\"word2\":\"Irtax\",\"word3\":\"Rackizie\",\"word4\":\"Matrix\",\"word5\":\"Atrige\",\"response\":\"4\",\"response_action\":\"keypress(4)\",\"correctResponse\":\"4\",\"ended_on\":\"response\",\"duration\":3659.220000000001,\"time_run\":179686,\"time_render\":179685.8,\"time_show\":179691.78,\"time_end\":183351,\"time_commit\":183369,\"timestamp\":\"2021-05-04T21:09:50.034Z\",\"time_switch\":183412.2},{\"sender\":\"trial_screen\",\"sender_type\":\"canvas.Screen\",\"sender_id\":\"9_26\",\"correct\":false,\"trial_ID\":27,\"word1\":\"Haskisch\",\"word2\":\"Asmisch\",\"word3\":\"Schisma\",\"word4\":\"Rasthmie\",\"word5\":\"Ilschah\",\"response\":\"2\",\"response_action\":\"keypress(2)\",\"correctResponse\":\"3\",\"ended_on\":\"response\",\"duration\":6782.799999999988,\"time_run\":183400,\"time_render\":183399.94,\"time_show\":183412.2,\"time_end\":190195,\"time_commit\":190209,\"timestamp\":\"2021-05-04T21:09:56.874Z\",\"time_switch\":190252.46},{\"sender\":\"trial_screen\",\"sender_type\":\"canvas.Screen\",\"sender_id\":\"9_27\",\"correct\":true,\"trial_ID\":28,\"word1\":\"Sallose\",\"word2\":\"Lordose\",\"word3\":\"Dormase\",\"word4\":\"Rollase\",\"word5\":\"Ardierole\",\"response\":\"2\",\"response_action\":\"keypress(2)\",\"correctResponse\":\"2\",\"ended_on\":\"response\",\"duration\":4269.540000000008,\"time_run\":190238,\"time_render\":190238.22,\"time_show\":190252.46,\"time_end\":194522,\"time_commit\":194541,\"timestamp\":\"2021-05-04T21:10:01.206Z\",\"time_switch\":194556.8},{\"sender\":\"trial_screen\",\"sender_type\":\"canvas.Screen\",\"sender_id\":\"9_28\",\"correct\":false,\"trial_ID\":29,\"word1\":\"Intranotion\",\"word2\":\"Infranatura\",\"word3\":\"Internodium\",\"word4\":\"Indotalie\",\"word5\":\"Indosta\",\"response\":\"2\",\"response_action\":\"keypress(2)\",\"correctResponse\":\"3\",\"ended_on\":\"response\",\"duration\":11934.200000000012,\"time_run\":194549,\"time_render\":194549.06,\"time_show\":194556.8,\"time_end\":206491,\"time_commit\":206511,\"timestamp\":\"2021-05-04T21:10:13.176Z\",\"time_switch\":206552.2},{\"sender\":\"trial_screen\",\"sender_type\":\"canvas.Screen\",\"sender_id\":\"9_29\",\"correct\":false,\"trial_ID\":30,\"word1\":\"Idaste\",\"word2\":\"Dastrix\",\"word3\":\"Astike\",\"word4\":\"Sadile\",\"word5\":\"Kasside\",\"response\":\"4\",\"response_action\":\"keypress(4)\",\"correctResponse\":\"5\",\"ended_on\":\"response\",\"duration\":7219.799999999988,\"time_run\":206536,\"time_render\":206536.44,\"time_show\":206552.2,\"time_end\":213772,\"time_commit\":213792,\"timestamp\":\"2021-05-04T21:10:20.457Z\",\"time_switch\":213826.14},{\"sender\":\"trial_screen\",\"sender_type\":\"canvas.Screen\",\"sender_id\":\"9_30\",\"correct\":false,\"trial_ID\":31,\"word1\":\"Libration\",\"word2\":\"Bilation\",\"word3\":\"Arlation\",\"word4\":\"Iberation\",\"word5\":\"Tiradon\",\"response\":\"5\",\"response_action\":\"keypress(5)\",\"correctResponse\":\"1\",\"ended_on\":\"response\",\"duration\":6587.859999999986,\"time_run\":213821,\"time_render\":213821.92,\"time_show\":213826.14,\"time_end\":220414,\"time_commit\":220425,\"timestamp\":\"2021-05-04T21:10:27.090Z\",\"time_switch\":220466.3},{\"sender\":\"trial_screen\",\"sender_type\":\"canvas.Screen\",\"sender_id\":\"9_31\",\"correct\":false,\"trial_ID\":32,\"word1\":\"Pucker\",\"word2\":\"Keuper\",\"word3\":\"Eucker\",\"word4\":\"Reuspeck\",\"word5\":\"Urkane\",\"response\":\"1\",\"response_action\":\"keypress(1)\",\"correctResponse\":\"2\",\"ended_on\":\"response\",\"duration\":6697.700000000012,\"time_run\":220455,\"time_render\":220455.12,\"time_show\":220466.3,\"time_end\":227164,\"time_commit\":227182,\"timestamp\":\"2021-05-04T21:10:33.847Z\",\"time_switch\":227223},{\"sender\":\"trial_screen\",\"sender_type\":\"canvas.Screen\",\"sender_id\":\"9_32\",\"correct\":true,\"trial_ID\":33,\"word1\":\"Sickaber\",\"word2\":\"Bassiker\",\"word3\":\"Kassiber\",\"word4\":\"Sassiker\",\"word5\":\"Askiber\",\"response\":\"3\",\"response_action\":\"keypress(3)\",\"correctResponse\":\"3\",\"ended_on\":\"response\",\"duration\":3315,\"time_run\":227206,\"time_render\":227206.18,\"time_show\":227223,\"time_end\":230538,\"time_commit\":230550,\"timestamp\":\"2021-05-04T21:10:37.215Z\",\"time_switch\":230576.34},{\"sender\":\"trial_screen\",\"sender_type\":\"canvas.Screen\",\"sender_id\":\"9_33\",\"correct\":false,\"trial_ID\":34,\"word1\":\"Alquallon\",\"word2\":\"Lisqualien\",\"word3\":\"Talquallen\",\"word4\":\"Quisquilien\",\"word5\":\"Rielquellen\",\"response\":\"3\",\"response_action\":\"keypress(3)\",\"correctResponse\":\"4\",\"ended_on\":\"response\",\"duration\":11664.660000000003,\"time_run\":230573,\"time_render\":230573.6,\"time_show\":230576.34,\"time_end\":242241,\"time_commit\":242253,\"timestamp\":\"2021-05-04T21:10:48.918Z\",\"time_switch\":242288.3},{\"sender\":\"trial_screen\",\"sender_type\":\"canvas.Screen\",\"sender_id\":\"9_34\",\"correct\":false,\"trial_ID\":35,\"word1\":\"Berkiza\",\"word2\":\"Brekzie\",\"word3\":\"Birakzie\",\"word4\":\"Brikazie\",\"word5\":\"Bakiria\",\"response\":\"4\",\"response_action\":\"keypress(4)\",\"correctResponse\":\"2\",\"ended_on\":\"response\",\"duration\":6015.700000000012,\"time_run\":242270,\"time_render\":242271.3,\"time_show\":242288.3,\"time_end\":248304,\"time_commit\":248326,\"timestamp\":\"2021-05-04T21:10:54.991Z\",\"time_switch\":248344.28},{\"sender\":\"loop_trial\",\"sender_type\":\"flow.Loop\",\"sender_id\":\"9\",\"ended_on\":\"completion\",\"duration\":177371.68,\"time_run\":70913,\"time_render\":70920.36,\"time_show\":70932.32,\"time_end\":248304,\"time_commit\":248329,\"timestamp\":\"2021-05-04T21:10:54.994Z\",\"time_switch\":248344.28},{\"sender\":\"end_html\",\"sender_type\":\"html.Screen\",\"sender_id\":\"10\",\"ended_on\":\"timeout\",\"duration\":6005.9800000000105,\"time_run\":248330,\"time_render\":248330.62,\"time_show\":248344.28,\"time_end\":254333.58,\"time_commit\":254334,\"timestamp\":\"2021-05-04T21:11:00.999Z\",\"time_switch\":254350.26},{\"sender\":\"root\",\"sender_type\":\"flow.Sequence\",\"sender_id\":null,\"ended_on\":\"completion\",\"duration\":253822.15999999997,\"time_run\":468,\"time_render\":494.76,\"time_show\":511.42,\"time_end\":254333.58,\"time_commit\":254335,\"timestamp\":\"2021-05-04T21:11:01.000Z\",\"time_switch\":254350.26}]",
    "metadata": "{\"slice\":0,\"id\":\"2bc41228-b55a-42ac-943d-7aeb5fb048d7\",\"payload\":\"full\"}",
    "url": "https://exp02.zih.tu-dresden.de/experiments/spot_a_word_task/"
}