{
    "data": "[{\"url\":{},\"meta\":{\"labjs_version\":\"20.1.1\",\"labjs_build\":{\"flavor\":\"production\",\"commit\":\"cd5695f774968f50499757c1423bd95d033ea08e\"},\"location\":\"https://exp01.zih.tu-dresden.de/experiments/spot_a_word_task/\",\"userAgent\":\"Mozilla/5.0 (Macintosh; Intel Mac OS X 10_15_6) AppleWebKit/605.1.15 (KHTML, like Gecko) Version/14.0.3 Safari/605.1.15\",\"platform\":\"MacIntel\",\"language\":\"el-gr\",\"locale\":\"el-GR\",\"timeZone\":\"Europe/Berlin\",\"timezoneOffset\":-120,\"screen_width\":1440,\"screen_height\":900,\"scroll_width\":1440,\"scroll_height\":772,\"window_innerWidth\":1440,\"window_innerHeight\":820,\"devicePixelRatio\":2},\"sender\":\"start_html\",\"sender_type\":\"html.Screen\",\"sender_id\":\"0\",\"ended_on\":\"timeout\",\"duration\":6005,\"time_run\":405,\"time_render\":406,\"time_show\":421,\"time_end\":6409,\"time_commit\":6411.000000000001,\"timestamp\":\"2021-05-13T16:52:00.920Z\",\"time_switch\":6426},{\"sender\":\"manual_html\",\"sender_type\":\"html.Screen\",\"sender_id\":\"1\",\"response\":\"space\",\"response_action\":\"keypress(Space)\",\"ended_on\":\"response\",\"duration\":15885,\"time_run\":6411.000000000001,\"time_render\":6409,\"time_show\":6426,\"time_end\":22294,\"time_commit\":22371.000000000004,\"timestamp\":\"2021-05-13T16:52:16.880Z\",\"time_switch\":22418},{\"sender\":\"example1_screen\",\"sender_type\":\"canvas.Screen\",\"sender_id\":\"2\",\"response\":\"4\",\"response_action\":\"keypress(4)\",\"correctResponse\":\"4\",\"correct\":true,\"ended_on\":\"response\",\"duration\":2374.0000000000036,\"time_run\":22376,\"time_render\":22401,\"time_show\":22418,\"time_end\":24775.000000000004,\"time_commit\":24798,\"timestamp\":\"2021-05-13T16:52:19.307Z\",\"time_switch\":24839},{\"sender\":\"example1_feedback\",\"sender_type\":\"canvas.Screen\",\"sender_id\":\"3\",\"response\":\"Space\",\"response_action\":\"keypress(Space)\",\"ended_on\":\"response\",\"duration\":1092,\"time_run\":24800,\"time_render\":24823,\"time_show\":24839,\"time_end\":25915,\"time_commit\":25939,\"timestamp\":\"2021-05-13T16:52:20.448Z\",\"time_switch\":25980},{\"sender\":\"example2_screen\",\"sender_type\":\"canvas.Screen\",\"sender_id\":\"4\",\"response\":\"5\",\"response_action\":\"keypress(5)\",\"correctResponse\":\"5\",\"correct\":true,\"ended_on\":\"response\",\"duration\":3147,\"time_run\":25947,\"time_render\":25964,\"time_show\":25980,\"time_end\":29111,\"time_commit\":29134,\"timestamp\":\"2021-05-13T16:52:23.644Z\",\"time_switch\":29169},{\"sender\":\"example2_feedback\",\"sender_type\":\"canvas.Screen\",\"sender_id\":\"5\",\"response\":\"Space\",\"response_action\":\"keypress(Space)\",\"ended_on\":\"response\",\"duration\":776,\"time_run\":29136,\"time_render\":29152,\"time_show\":29169,\"time_end\":29928,\"time_commit\":29951,\"timestamp\":\"2021-05-13T16:52:24.460Z\",\"time_switch\":29991},{\"sender\":\"example3_screen\",\"sender_type\":\"canvas.Screen\",\"sender_id\":\"6\",\"response\":\"1\",\"response_action\":\"keypress(1)\",\"correctResponse\":\"1\",\"correct\":true,\"ended_on\":\"response\",\"duration\":1961,\"time_run\":29953,\"time_render\":29975,\"time_show\":29991,\"time_end\":31936,\"time_commit\":31960,\"timestamp\":\"2021-05-13T16:52:26.469Z\",\"time_switch\":31996},{\"sender\":\"example3_feedback\",\"sender_type\":\"canvas.Screen\",\"sender_id\":\"7\",\"response\":\"Space\",\"response_action\":\"keypress(Space)\",\"ended_on\":\"response\",\"duration\":435,\"time_run\":31965,\"time_render\":31980,\"time_show\":31996,\"time_end\":32415,\"time_commit\":32439,\"timestamp\":\"2021-05-13T16:52:26.948Z\",\"time_switch\":32468},{\"sender\":\"get_ready_html\",\"sender_type\":\"html.Screen\",\"sender_id\":\"8\",\"response\":\"space\",\"response_action\":\"keypress(Space)\",\"ended_on\":\"response\",\"duration\":2091,\"time_run\":32439,\"time_render\":32452,\"time_show\":32468,\"time_end\":34543,\"time_commit\":34567,\"timestamp\":\"2021-05-13T16:52:29.076Z\",\"time_switch\":34622},{\"sender\":\"trial_screen\",\"sender_type\":\"canvas.Screen\",\"sender_id\":\"9_0\",\"correct\":true,\"trial_ID\":1,\"word1\":\"siziol\",\"word2\":\"salzahl\",\"word3\":\"sozihl\",\"word4\":\"sziam\",\"word5\":\"sozial\",\"response\":\"5\",\"response_action\":\"keypress(5)\",\"correctResponse\":\"5\",\"ended_on\":\"response\",\"duration\":2472,\"time_run\":34591,\"time_render\":34605,\"time_show\":34622,\"time_end\":37077,\"time_commit\":37101,\"timestamp\":\"2021-05-13T16:52:31.610Z\",\"time_switch\":37143},{\"sender\":\"trial_screen\",\"sender_type\":\"canvas.Screen\",\"sender_id\":\"9_1\",\"correct\":true,\"trial_ID\":2,\"word1\":\"Lamone\",\"word2\":\"Talane\",\"word3\":\"Matrone\",\"word4\":\"Tarone\",\"word5\":\"Malonte\",\"response\":\"3\",\"response_action\":\"keypress(3)\",\"correctResponse\":\"3\",\"ended_on\":\"response\",\"duration\":2361,\"time_run\":37106,\"time_render\":37126,\"time_show\":37143,\"time_end\":39487,\"time_commit\":39512,\"timestamp\":\"2021-05-13T16:52:34.022Z\",\"time_switch\":39547},{\"sender\":\"trial_screen\",\"sender_type\":\"canvas.Screen\",\"sender_id\":\"9_2\",\"correct\":true,\"trial_ID\":3,\"word1\":\"kurinesisch\",\"word2\":\"kulinarisch\",\"word3\":\"kumenisch\",\"word4\":\"kulissarisch\",\"word5\":\"kannastrisch\",\"response\":\"2\",\"response_action\":\"keypress(2)\",\"correctResponse\":\"2\",\"ended_on\":\"response\",\"duration\":1786,\"time_run\":39514,\"time_render\":39530,\"time_show\":39547,\"time_end\":41316,\"time_commit\":41339,\"timestamp\":\"2021-05-13T16:52:35.849Z\",\"time_switch\":41368},{\"sender\":\"trial_screen\",\"sender_type\":\"canvas.Screen\",\"sender_id\":\"9_3\",\"correct\":true,\"trial_ID\":4,\"word1\":\"Tinxur\",\"word2\":\"Kukutur\",\"word3\":\"Fraktan\",\"word4\":\"Tinktur\",\"word5\":\"Rimsuhr\",\"response\":\"4\",\"response_action\":\"keypress(4)\",\"correctResponse\":\"4\",\"ended_on\":\"response\",\"duration\":4232,\"time_run\":41341,\"time_render\":41351,\"time_show\":41368,\"time_end\":45583,\"time_commit\":45607,\"timestamp\":\"2021-05-13T16:52:40.116Z\",\"time_switch\":45638},{\"sender\":\"trial_screen\",\"sender_type\":\"canvas.Screen\",\"sender_id\":\"9_4\",\"correct\":true,\"trial_ID\":5,\"word1\":\"beralen\",\"word2\":\"ger\u00e4ltet\",\"word3\":\"an\u00e4lteren\",\"word4\":\"unt\u00e4ren\",\"word5\":\"verbr\u00e4men\",\"response\":\"5\",\"response_action\":\"keypress(5)\",\"correctResponse\":\"5\",\"ended_on\":\"response\",\"duration\":3674.0000000000073,\"time_run\":45608.00000000001,\"time_render\":45623,\"time_show\":45638,\"time_end\":49297.00000000001,\"time_commit\":49322,\"timestamp\":\"2021-05-13T16:52:43.831Z\",\"time_switch\":49363},{\"sender\":\"trial_screen\",\"sender_type\":\"canvas.Screen\",\"sender_id\":\"9_5\",\"correct\":false,\"trial_ID\":6,\"word1\":\"Rosto\",\"word2\":\"Torso\",\"word3\":\"Soro\",\"word4\":\"Torgos\",\"word5\":\"Tosor\",\"response\":\"3\",\"response_action\":\"keypress(3)\",\"correctResponse\":\"2\",\"ended_on\":\"response\",\"duration\":4579,\"time_run\":49323,\"time_render\":49347,\"time_show\":49363,\"time_end\":53926,\"time_commit\":53950,\"timestamp\":\"2021-05-13T16:52:48.460Z\",\"time_switch\":53985},{\"sender\":\"trial_screen\",\"sender_type\":\"canvas.Screen\",\"sender_id\":\"9_6\",\"correct\":true,\"trial_ID\":7,\"word1\":\"Redor\",\"word2\":\"Radium\",\"word3\":\"Terion\",\"word4\":\"Dramin\",\"word5\":\"Orakium\",\"response\":\"2\",\"response_action\":\"keypress(2)\",\"correctResponse\":\"2\",\"ended_on\":\"response\",\"duration\":2977,\"time_run\":53956,\"time_render\":53969,\"time_show\":53985,\"time_end\":56946,\"time_commit\":56969,\"timestamp\":\"2021-05-13T16:52:51.479Z\",\"time_switch\":57010},{\"sender\":\"trial_screen\",\"sender_type\":\"canvas.Screen\",\"sender_id\":\"9_7\",\"correct\":true,\"trial_ID\":8,\"word1\":\"Nale\",\"word2\":\"Sahe\",\"word3\":\"Nase\",\"word4\":\"Nesa\",\"word5\":\"Sehna\",\"response\":\"3\",\"response_action\":\"keypress(3)\",\"correctResponse\":\"3\",\"ended_on\":\"response\",\"duration\":1129,\"time_run\":56971,\"time_render\":56993,\"time_show\":57010,\"time_end\":58122,\"time_commit\":58147,\"timestamp\":\"2021-05-13T16:52:52.656Z\",\"time_switch\":58182},{\"sender\":\"trial_screen\",\"sender_type\":\"canvas.Screen\",\"sender_id\":\"9_8\",\"correct\":false,\"trial_ID\":9,\"word1\":\"Rilkiase\",\"word2\":\"Kilister\",\"word3\":\"Riliker\",\"word4\":\"Klistier\",\"word5\":\"Linkure\",\"response\":\"2\",\"response_action\":\"keypress(2)\",\"correctResponse\":\"4\",\"ended_on\":\"response\",\"duration\":3409,\"time_run\":58152,\"time_render\":58164,\"time_show\":58182,\"time_end\":61573,\"time_commit\":61597,\"timestamp\":\"2021-05-13T16:52:56.107Z\",\"time_switch\":61637},{\"sender\":\"trial_screen\",\"sender_type\":\"canvas.Screen\",\"sender_id\":\"9_9\",\"correct\":false,\"trial_ID\":10,\"word1\":\"kentern\",\"word2\":\"knerte\",\"word3\":\"kanzen\",\"word4\":\"kretern\",\"word5\":\"trekern\",\"response\":\"5\",\"response_action\":\"keypress(5)\",\"correctResponse\":\"1\",\"ended_on\":\"response\",\"duration\":5328.000000000015,\"time_run\":61599.00000000001,\"time_render\":61620,\"time_show\":61637,\"time_end\":66948.00000000001,\"time_commit\":66972.00000000001,\"timestamp\":\"2021-05-13T16:53:01.482Z\",\"time_switch\":67011},{\"sender\":\"trial_screen\",\"sender_type\":\"canvas.Screen\",\"sender_id\":\"9_10\",\"correct\":true,\"trial_ID\":11,\"word1\":\"Sorekin\",\"word2\":\"Sarowin\",\"word3\":\"Rosakin\",\"word4\":\"Narosin\",\"word5\":\"Kerosin\",\"response\":\"5\",\"response_action\":\"keypress(5)\",\"correctResponse\":\"5\",\"ended_on\":\"response\",\"duration\":3037,\"time_run\":66977,\"time_render\":66995,\"time_show\":67011,\"time_end\":70032,\"time_commit\":70056,\"timestamp\":\"2021-05-13T16:53:04.565Z\",\"time_switch\":70085},{\"sender\":\"trial_screen\",\"sender_type\":\"canvas.Screen\",\"sender_id\":\"9_11\",\"correct\":true,\"trial_ID\":12,\"word1\":\"Ralke\",\"word2\":\"Korre\",\"word3\":\"Ruckse\",\"word4\":\"Recke\",\"word5\":\"Ulte\",\"response\":\"4\",\"response_action\":\"keypress(4)\",\"correctResponse\":\"4\",\"ended_on\":\"response\",\"duration\":4787,\"time_run\":70057,\"time_render\":70067,\"time_show\":70085,\"time_end\":74854,\"time_commit\":74879,\"timestamp\":\"2021-05-13T16:53:09.388Z\",\"time_switch\":74915},{\"sender\":\"trial_screen\",\"sender_type\":\"canvas.Screen\",\"sender_id\":\"9_12\",\"correct\":true,\"trial_ID\":13,\"word1\":\"Kapaun\",\"word2\":\"Paukan\",\"word3\":\"Naupack\",\"word4\":\"Aupeck\",\"word5\":\"Ankepran\",\"response\":\"1\",\"response_action\":\"keypress(1)\",\"correctResponse\":\"1\",\"ended_on\":\"response\",\"duration\":5828,\"time_run\":74884,\"time_render\":74898,\"time_show\":74915,\"time_end\":80726,\"time_commit\":80749,\"timestamp\":\"2021-05-13T16:53:15.259Z\",\"time_switch\":80787},{\"sender\":\"trial_screen\",\"sender_type\":\"canvas.Screen\",\"sender_id\":\"9_13\",\"correct\":true,\"trial_ID\":14,\"word1\":\"Dissonanz\",\"word2\":\"Diskrisanz\",\"word3\":\"Distranz\",\"word4\":\"Dinotanz\",\"word5\":\"Sidonenz\",\"response\":\"1\",\"response_action\":\"keypress(1)\",\"correctResponse\":\"1\",\"ended_on\":\"response\",\"duration\":1446.0000000000146,\"time_run\":80751,\"time_render\":80770,\"time_show\":80787,\"time_end\":82216.00000000001,\"time_commit\":82241,\"timestamp\":\"2021-05-13T16:53:16.750Z\",\"time_switch\":82278},{\"sender\":\"trial_screen\",\"sender_type\":\"canvas.Screen\",\"sender_id\":\"9_14\",\"correct\":true,\"trial_ID\":15,\"word1\":\"Kirse\",\"word2\":\"Sirke\",\"word3\":\"Krise\",\"word4\":\"Krospe\",\"word5\":\"Seris\",\"response\":\"3\",\"response_action\":\"keypress(3)\",\"correctResponse\":\"3\",\"ended_on\":\"response\",\"duration\":2699,\"time_run\":82246,\"time_render\":82262,\"time_show\":82278,\"time_end\":84961,\"time_commit\":84985,\"timestamp\":\"2021-05-13T16:53:19.494Z\",\"time_switch\":85018},{\"sender\":\"trial_screen\",\"sender_type\":\"canvas.Screen\",\"sender_id\":\"9_15\",\"correct\":false,\"trial_ID\":16,\"word1\":\"Tume\",\"word2\":\"Umat\",\"word3\":\"Maut\",\"word4\":\"Taum\",\"word5\":\"Muta\",\"response\":\"4\",\"response_action\":\"keypress(4)\",\"correctResponse\":\"3\",\"ended_on\":\"response\",\"duration\":4199,\"time_run\":84987,\"time_render\":85001,\"time_show\":85018,\"time_end\":89200,\"time_commit\":89224,\"timestamp\":\"2021-05-13T16:53:23.733Z\",\"time_switch\":89256},{\"sender\":\"trial_screen\",\"sender_type\":\"canvas.Screen\",\"sender_id\":\"9_16\",\"correct\":true,\"trial_ID\":17,\"word1\":\"Tuhl\",\"word2\":\"Lar\",\"word3\":\"Lest\",\"word4\":\"Dall\",\"word5\":\"Lid\",\"response\":\"5\",\"response_action\":\"keypress(5)\",\"correctResponse\":\"5\",\"ended_on\":\"response\",\"duration\":2545,\"time_run\":89229,\"time_render\":89240,\"time_show\":89256,\"time_end\":91785,\"time_commit\":91808,\"timestamp\":\"2021-05-13T16:53:26.318Z\",\"time_switch\":91848},{\"sender\":\"trial_screen\",\"sender_type\":\"canvas.Screen\",\"sender_id\":\"9_17\",\"correct\":true,\"trial_ID\":18,\"word1\":\"Adept\",\"word2\":\"Padet\",\"word3\":\"Edapt\",\"word4\":\"Epatt\",\"word5\":\"Taped\",\"response\":\"1\",\"response_action\":\"keypress(1)\",\"correctResponse\":\"1\",\"ended_on\":\"response\",\"duration\":1697,\"time_run\":91809,\"time_render\":91831,\"time_show\":91848,\"time_end\":93528,\"time_commit\":93552,\"timestamp\":\"2021-05-13T16:53:28.061Z\",\"time_switch\":93587},{\"sender\":\"trial_screen\",\"sender_type\":\"canvas.Screen\",\"sender_id\":\"9_18\",\"correct\":true,\"trial_ID\":19,\"word1\":\"Spirine\",\"word2\":\"Saprin\",\"word3\":\"Parsin\",\"word4\":\"Purin\",\"word5\":\"Asprint\",\"response\":\"4\",\"response_action\":\"keypress(4)\",\"correctResponse\":\"4\",\"ended_on\":\"response\",\"duration\":4194,\"time_run\":93556,\"time_render\":93570,\"time_show\":93587,\"time_end\":97764,\"time_commit\":97788,\"timestamp\":\"2021-05-13T16:53:32.297Z\",\"time_switch\":97825},{\"sender\":\"trial_screen\",\"sender_type\":\"canvas.Screen\",\"sender_id\":\"9_19\",\"correct\":true,\"trial_ID\":20,\"word1\":\"Kulon\",\"word2\":\"Solgun\",\"word3\":\"Koskan\",\"word4\":\"Soran\",\"word5\":\"Klonus\",\"response\":\"5\",\"response_action\":\"keypress(5)\",\"correctResponse\":\"5\",\"ended_on\":\"response\",\"duration\":3073,\"time_run\":97789,\"time_render\":97808,\"time_show\":97825,\"time_end\":100881,\"time_commit\":100905,\"timestamp\":\"2021-05-13T16:53:35.415Z\",\"time_switch\":100950},{\"sender\":\"trial_screen\",\"sender_type\":\"canvas.Screen\",\"sender_id\":\"9_20\",\"correct\":false,\"trial_ID\":21,\"word1\":\"Tronke\",\"word2\":\"Nocktherm\",\"word3\":\"Teronk\",\"word4\":\"Komtur\",\"word5\":\"Rocktur\",\"response\":\"1\",\"response_action\":\"keypress(1)\",\"correctResponse\":\"4\",\"ended_on\":\"response\",\"duration\":2225,\"time_run\":100910,\"time_render\":100933,\"time_show\":100950,\"time_end\":103158,\"time_commit\":103182,\"timestamp\":\"2021-05-13T16:53:37.691Z\",\"time_switch\":103224},{\"sender\":\"trial_screen\",\"sender_type\":\"canvas.Screen\",\"sender_id\":\"9_21\",\"correct\":false,\"trial_ID\":22,\"word1\":\"Ripat\",\"word2\":\"Patinatte\",\"word3\":\"Tapir\",\"word4\":\"Apitt\",\"word5\":\"Padir\",\"response\":\"2\",\"response_action\":\"keypress(2)\",\"correctResponse\":\"3\",\"ended_on\":\"response\",\"duration\":3907,\"time_run\":103183,\"time_render\":103207,\"time_show\":103224,\"time_end\":107114,\"time_commit\":107139,\"timestamp\":\"2021-05-13T16:53:41.649Z\",\"time_switch\":107180},{\"sender\":\"trial_screen\",\"sender_type\":\"canvas.Screen\",\"sender_id\":\"9_22\",\"correct\":false,\"trial_ID\":23,\"word1\":\"Akifer\",\"word2\":\"Fiaker\",\"word3\":\"Kiaffa\",\"word4\":\"Sariffer\",\"word5\":\"Refisker\",\"response\":\"5\",\"response_action\":\"keypress(5)\",\"correctResponse\":\"2\",\"ended_on\":\"response\",\"duration\":4216,\"time_run\":107144,\"time_render\":107163,\"time_show\":107180,\"time_end\":111379,\"time_commit\":111403,\"timestamp\":\"2021-05-13T16:53:45.913Z\",\"time_switch\":111437},{\"sender\":\"trial_screen\",\"sender_type\":\"canvas.Screen\",\"sender_id\":\"9_23\",\"correct\":false,\"trial_ID\":24,\"word1\":\"Kleiber\",\"word2\":\"Beikel\",\"word3\":\"Keibel\",\"word4\":\"Reikler\",\"word5\":\"Biekerl\",\"response\":\"3\",\"response_action\":\"keypress(3)\",\"correctResponse\":\"1\",\"ended_on\":\"response\",\"duration\":3571,\"time_run\":111404,\"time_render\":111421,\"time_show\":111437,\"time_end\":114992,\"time_commit\":115017,\"timestamp\":\"2021-05-13T16:53:49.526Z\",\"time_switch\":115061},{\"sender\":\"trial_screen\",\"sender_type\":\"canvas.Screen\",\"sender_id\":\"9_24\",\"correct\":true,\"trial_ID\":25,\"word1\":\"Ig\u00e4de\",\"word2\":\"D\u00e4gie\",\"word3\":\"\u00c4gide\",\"word4\":\"Dig\u00e4de\",\"word5\":\"Giad\",\"response\":\"3\",\"response_action\":\"keypress(3)\",\"correctResponse\":\"3\",\"ended_on\":\"response\",\"duration\":4382,\"time_run\":115021,\"time_render\":115044,\"time_show\":115061,\"time_end\":119426,\"time_commit\":119450,\"timestamp\":\"2021-05-13T16:53:53.960Z\",\"time_switch\":119482},{\"sender\":\"trial_screen\",\"sender_type\":\"canvas.Screen\",\"sender_id\":\"9_25\",\"correct\":true,\"trial_ID\":26,\"word1\":\"Rixal\",\"word2\":\"Irtax\",\"word3\":\"Rackizie\",\"word4\":\"Matrix\",\"word5\":\"Atrige\",\"response\":\"4\",\"response_action\":\"keypress(4)\",\"correctResponse\":\"4\",\"ended_on\":\"response\",\"duration\":2210,\"time_run\":119451.00000000001,\"time_render\":119466,\"time_show\":119482,\"time_end\":121676,\"time_commit\":121700,\"timestamp\":\"2021-05-13T16:53:56.210Z\",\"time_switch\":121738},{\"sender\":\"trial_screen\",\"sender_type\":\"canvas.Screen\",\"sender_id\":\"9_26\",\"correct\":false,\"trial_ID\":27,\"word1\":\"Haskisch\",\"word2\":\"Asmisch\",\"word3\":\"Schisma\",\"word4\":\"Rasthmie\",\"word5\":\"Ilschah\",\"response\":\"1\",\"response_action\":\"keypress(1)\",\"correctResponse\":\"3\",\"ended_on\":\"response\",\"duration\":2981,\"time_run\":121705,\"time_render\":121721,\"time_show\":121738,\"time_end\":124702,\"time_commit\":124725.00000000001,\"timestamp\":\"2021-05-13T16:53:59.235Z\",\"time_switch\":124759},{\"sender\":\"trial_screen\",\"sender_type\":\"canvas.Screen\",\"sender_id\":\"9_27\",\"correct\":true,\"trial_ID\":28,\"word1\":\"Sallose\",\"word2\":\"Lordose\",\"word3\":\"Dormase\",\"word4\":\"Rollase\",\"word5\":\"Ardierole\",\"response\":\"2\",\"response_action\":\"keypress(2)\",\"correctResponse\":\"2\",\"ended_on\":\"response\",\"duration\":2040,\"time_run\":124727,\"time_render\":124743,\"time_show\":124759,\"time_end\":126783,\"time_commit\":126807,\"timestamp\":\"2021-05-13T16:54:01.317Z\",\"time_switch\":126847},{\"sender\":\"trial_screen\",\"sender_type\":\"canvas.Screen\",\"sender_id\":\"9_28\",\"correct\":true,\"trial_ID\":29,\"word1\":\"Intranotion\",\"word2\":\"Infranatura\",\"word3\":\"Internodium\",\"word4\":\"Indotalie\",\"word5\":\"Indosta\",\"response\":\"3\",\"response_action\":\"keypress(3)\",\"correctResponse\":\"3\",\"ended_on\":\"response\",\"duration\":3398.9999999999854,\"time_run\":126812,\"time_render\":126831,\"time_show\":126847,\"time_end\":130229.99999999999,\"time_commit\":130255,\"timestamp\":\"2021-05-13T16:54:04.764Z\",\"time_switch\":130286},{\"sender\":\"trial_screen\",\"sender_type\":\"canvas.Screen\",\"sender_id\":\"9_29\",\"correct\":false,\"trial_ID\":30,\"word1\":\"Idaste\",\"word2\":\"Dastrix\",\"word3\":\"Astike\",\"word4\":\"Sadile\",\"word5\":\"Kasside\",\"response\":\"2\",\"response_action\":\"keypress(2)\",\"correctResponse\":\"5\",\"ended_on\":\"response\",\"duration\":6370,\"time_run\":130256,\"time_render\":130269,\"time_show\":130286,\"time_end\":136639,\"time_commit\":136663,\"timestamp\":\"2021-05-13T16:54:11.173Z\",\"time_switch\":136700},{\"sender\":\"trial_screen\",\"sender_type\":\"canvas.Screen\",\"sender_id\":\"9_30\",\"correct\":true,\"trial_ID\":31,\"word1\":\"Libration\",\"word2\":\"Bilation\",\"word3\":\"Arlation\",\"word4\":\"Iberation\",\"word5\":\"Tiradon\",\"response\":\"1\",\"response_action\":\"keypress(1)\",\"correctResponse\":\"1\",\"ended_on\":\"response\",\"duration\":1946,\"time_run\":136668,\"time_render\":136683,\"time_show\":136700,\"time_end\":138629,\"time_commit\":138653,\"timestamp\":\"2021-05-13T16:54:13.163Z\",\"time_switch\":138690},{\"sender\":\"trial_screen\",\"sender_type\":\"canvas.Screen\",\"sender_id\":\"9_31\",\"correct\":false,\"trial_ID\":32,\"word1\":\"Pucker\",\"word2\":\"Keuper\",\"word3\":\"Eucker\",\"word4\":\"Reuspeck\",\"word5\":\"Urkane\",\"response\":\"1\",\"response_action\":\"keypress(1)\",\"correctResponse\":\"2\",\"ended_on\":\"response\",\"duration\":2812,\"time_run\":138655,\"time_render\":138674,\"time_show\":138690,\"time_end\":141486,\"time_commit\":141512,\"timestamp\":\"2021-05-13T16:54:16.021Z\",\"time_switch\":141546},{\"sender\":\"trial_screen\",\"sender_type\":\"canvas.Screen\",\"sender_id\":\"9_32\",\"correct\":false,\"trial_ID\":33,\"word1\":\"Sickaber\",\"word2\":\"Bassiker\",\"word3\":\"Kassiber\",\"word4\":\"Sassiker\",\"word5\":\"Askiber\",\"response\":\"2\",\"response_action\":\"keypress(2)\",\"correctResponse\":\"3\",\"ended_on\":\"response\",\"duration\":3505,\"time_run\":141517,\"time_render\":141530,\"time_show\":141546,\"time_end\":145035,\"time_commit\":145059,\"timestamp\":\"2021-05-13T16:54:19.569Z\",\"time_switch\":145101},{\"sender\":\"trial_screen\",\"sender_type\":\"canvas.Screen\",\"sender_id\":\"9_33\",\"correct\":false,\"trial_ID\":34,\"word1\":\"Alquallon\",\"word2\":\"Lisqualien\",\"word3\":\"Talquallen\",\"word4\":\"Quisquilien\",\"word5\":\"Rielquellen\",\"response\":\"2\",\"response_action\":\"keypress(2)\",\"correctResponse\":\"4\",\"ended_on\":\"response\",\"duration\":4639,\"time_run\":145061,\"time_render\":145084,\"time_show\":145101,\"time_end\":149723,\"time_commit\":149747,\"timestamp\":\"2021-05-13T16:54:24.257Z\",\"time_switch\":149791},{\"sender\":\"trial_screen\",\"sender_type\":\"canvas.Screen\",\"sender_id\":\"9_34\",\"correct\":false,\"trial_ID\":35,\"word1\":\"Berkiza\",\"word2\":\"Brekzie\",\"word3\":\"Birakzie\",\"word4\":\"Brikazie\",\"word5\":\"Bakiria\",\"response\":\"4\",\"response_action\":\"keypress(4)\",\"correctResponse\":\"2\",\"ended_on\":\"response\",\"duration\":3361,\"time_run\":149752,\"time_render\":149774,\"time_show\":149791,\"time_end\":153135,\"time_commit\":153159,\"timestamp\":\"2021-05-13T16:54:27.668Z\",\"time_switch\":153199},{\"sender\":\"loop_trial\",\"sender_type\":\"flow.Loop\",\"sender_id\":\"9\",\"ended_on\":\"completion\",\"duration\":118513,\"time_run\":34589,\"time_render\":34605,\"time_show\":34622,\"time_end\":153135,\"time_commit\":153159,\"timestamp\":\"2021-05-13T16:54:27.669Z\",\"time_switch\":153199},{\"sender\":\"end_html\",\"sender_type\":\"html.Screen\",\"sender_id\":\"10\",\"ended_on\":\"timeout\",\"duration\":5992,\"time_run\":153159,\"time_render\":153182,\"time_show\":153199,\"time_end\":159174,\"time_commit\":159176.00000000003,\"timestamp\":\"2021-05-13T16:54:33.686Z\",\"time_switch\":159191},{\"sender\":\"root\",\"sender_type\":\"flow.Sequence\",\"sender_id\":null,\"ended_on\":\"completion\",\"duration\":158753,\"time_run\":405,\"time_render\":406,\"time_show\":421,\"time_end\":159174,\"time_commit\":159177,\"timestamp\":\"2021-05-13T16:54:33.686Z\",\"time_switch\":159191}]",
    "metadata": "{\"slice\":0,\"id\":\"15036e51-5fea-4c6f-b560-1ddfd38030ab\",\"payload\":\"full\"}",
    "url": "https://exp01.zih.tu-dresden.de/experiments/spot_a_word_task/"
}