{
    "data": "[{\"url\":{},\"meta\":{\"labjs_version\":\"20.1.1\",\"labjs_build\":{\"flavor\":\"production\",\"commit\":\"cd5695f774968f50499757c1423bd95d033ea08e\"},\"location\":\"https://exp02.zih.tu-dresden.de/experiments/raven_task/\",\"userAgent\":\"Mozilla/5.0 (Windows NT 10.0; Win64; x64; rv:89.0) Gecko/20100101 Firefox/89.0\",\"platform\":\"Win32\",\"language\":\"de\",\"locale\":\"de-DE\",\"timeZone\":\"Europe/Berlin\",\"timezoneOffset\":-120,\"screen_width\":1536,\"screen_height\":864,\"scroll_width\":1536,\"scroll_height\":663,\"window_innerWidth\":1536,\"window_innerHeight\":711,\"devicePixelRatio\":1.25},\"sender\":\"welcome\",\"sender_type\":\"canvas.Screen\",\"sender_id\":\"0\",\"ended_on\":\"timeout\",\"duration\":7998.780000000001,\"time_run\":11710,\"time_render\":11709.84,\"time_show\":11719.62,\"time_end\":19701.74,\"time_commit\":19704,\"timestamp\":\"2021-06-19T11:48:41.583Z\",\"time_switch\":19718.4},{\"sender\":\"instructions\",\"sender_type\":\"html.Page\",\"sender_id\":\"1\",\"response\":\"Space\",\"response_action\":\"keypress(Space)\",\"ended_on\":\"response\",\"duration\":37245.6,\"time_run\":19705,\"time_render\":19701.74,\"time_show\":19718.4,\"time_end\":56964,\"time_commit\":56970,\"timestamp\":\"2021-06-19T11:49:18.848Z\",\"time_switch\":56969.78},{\"sender\":\"example1\",\"sender_type\":\"canvas.Screen\",\"sender_id\":\"2\",\"response\":\"8\",\"response_action\":\"click(0) @8\",\"correctResponse\":\"8\",\"correct\":true,\"ended_on\":\"response\",\"duration\":10885.220000000001,\"time_run\":56970,\"time_render\":56969.7,\"time_show\":56969.78,\"time_end\":67855,\"time_commit\":67871,\"timestamp\":\"2021-06-19T11:49:29.749Z\",\"time_switch\":67893.98},{\"sender\":\"example1_feedback\",\"sender_type\":\"canvas.Screen\",\"sender_id\":\"3\",\"response\":\"space\",\"response_action\":\"keypress(Space)\",\"ended_on\":\"response\",\"duration\":2039.020000000004,\"time_run\":67877,\"time_render\":67877.32,\"time_show\":67893.98,\"time_end\":69933,\"time_commit\":69941,\"timestamp\":\"2021-06-19T11:49:31.820Z\",\"time_switch\":69943.62},{\"sender\":\"example2\",\"sender_type\":\"canvas.Screen\",\"sender_id\":\"4\",\"response\":\"4\",\"response_action\":\"click(0) @4\",\"correctResponse\":\"4\",\"correct\":true,\"ended_on\":\"response\",\"duration\":8144.380000000005,\"time_run\":69941,\"time_render\":69941.18,\"time_show\":69943.62,\"time_end\":78088,\"time_commit\":78099,\"timestamp\":\"2021-06-19T11:49:39.977Z\",\"time_switch\":78125.7},{\"sender\":\"example2_feedback\",\"sender_type\":\"canvas.Screen\",\"sender_id\":\"5\",\"response\":\"space\",\"response_action\":\"keypress(Space)\",\"ended_on\":\"response\",\"duration\":2025.300000000003,\"time_run\":78103,\"time_render\":78109.04,\"time_show\":78125.7,\"time_end\":80151,\"time_commit\":80159,\"timestamp\":\"2021-06-19T11:49:42.037Z\",\"time_switch\":80160.08},{\"sender\":\"get ready\",\"sender_type\":\"canvas.Screen\",\"sender_id\":\"6\",\"response\":\"Space\",\"response_action\":\"keypress(Space)\",\"ended_on\":\"response\",\"duration\":3319.9199999999983,\"time_run\":80159,\"time_render\":80159.64,\"time_show\":80160.08,\"time_end\":83480,\"time_commit\":83482,\"timestamp\":\"2021-06-19T11:49:45.360Z\",\"time_switch\":83481.56},{\"sender\":\"test01\",\"sender_type\":\"canvas.Screen\",\"sender_id\":\"7_0\",\"response\":\"7\",\"response_action\":\"click(0) @7\",\"correctResponse\":\"7\",\"correct\":true,\"ended_on\":\"response\",\"duration\":9826.440000000002,\"time_run\":83482,\"time_render\":83481.44,\"time_show\":83481.56,\"time_end\":93308,\"time_commit\":93311,\"timestamp\":\"2021-06-19T11:49:55.191Z\",\"time_switch\":93323.16},{\"sender\":\"test02\",\"sender_type\":\"canvas.Screen\",\"sender_id\":\"7_1\",\"response\":\"4\",\"response_action\":\"click(0) @4\",\"correctResponse\":\"4\",\"correct\":true,\"ended_on\":\"response\",\"duration\":15344.839999999997,\"time_run\":93313,\"time_render\":93311.22,\"time_show\":93323.16,\"time_end\":108668,\"time_commit\":108682,\"timestamp\":\"2021-06-19T11:50:10.561Z\",\"time_switch\":108687.52},{\"sender\":\"test03\",\"sender_type\":\"canvas.Screen\",\"sender_id\":\"7_2\",\"response\":\"6\",\"response_action\":\"click(0) @6\",\"correctResponse\":\"6\",\"correct\":true,\"ended_on\":\"response\",\"duration\":12776.479999999996,\"time_run\":108684,\"time_render\":108681.32,\"time_show\":108687.52,\"time_end\":121464,\"time_commit\":121469,\"timestamp\":\"2021-06-19T11:50:23.348Z\",\"time_switch\":121485.28},{\"sender\":\"test04\",\"sender_type\":\"canvas.Screen\",\"sender_id\":\"7_3\",\"response\":\"2\",\"response_action\":\"click(0) @2\",\"correctResponse\":\"2\",\"correct\":true,\"ended_on\":\"response\",\"duration\":17963.72,\"time_run\":121469,\"time_render\":121468.5,\"time_show\":121485.28,\"time_end\":139449,\"time_commit\":139462,\"timestamp\":\"2021-06-19T11:50:41.341Z\",\"time_switch\":139465.72},{\"sender\":\"test05\",\"sender_type\":\"canvas.Screen\",\"sender_id\":\"7_4\",\"response\":\"4\",\"response_action\":\"click(0) @4\",\"correctResponse\":\"4\",\"correct\":true,\"ended_on\":\"response\",\"duration\":17264.28,\"time_run\":139463,\"time_render\":139459.44,\"time_show\":139465.72,\"time_end\":156730,\"time_commit\":156745,\"timestamp\":\"2021-06-19T11:50:58.623Z\",\"time_switch\":156746.42},{\"sender\":\"test06\",\"sender_type\":\"canvas.Screen\",\"sender_id\":\"7_5\",\"response\":\"7\",\"response_action\":\"click(0) @7\",\"correctResponse\":\"7\",\"correct\":true,\"ended_on\":\"response\",\"duration\":35232.57999999999,\"time_run\":156745,\"time_render\":156743.2,\"time_show\":156746.42,\"time_end\":191979,\"time_commit\":191994,\"timestamp\":\"2021-06-19T11:51:33.872Z\",\"time_switch\":192007.28},{\"sender\":\"test07\",\"sender_type\":\"canvas.Screen\",\"sender_id\":\"7_6\",\"response\":\"7\",\"response_action\":\"click(0) @7\",\"correctResponse\":\"8\",\"correct\":false,\"ended_on\":\"response\",\"duration\":37580.72,\"time_run\":191995,\"time_render\":191992.84,\"time_show\":192007.28,\"time_end\":229588,\"time_commit\":229605,\"timestamp\":\"2021-06-19T11:52:11.484Z\",\"time_switch\":229617.94},{\"sender\":\"test08\",\"sender_type\":\"canvas.Screen\",\"sender_id\":\"7_7\",\"response\":\"7\",\"response_action\":\"click(0) @7\",\"correctResponse\":\"7\",\"correct\":true,\"ended_on\":\"response\",\"duration\":38455.06,\"time_run\":229606,\"time_render\":229603.94,\"time_show\":229617.94,\"time_end\":268073,\"time_commit\":268075,\"timestamp\":\"2021-06-19T11:52:49.954Z\",\"time_switch\":268078.32},{\"sender\":\"test09\",\"sender_type\":\"canvas.Screen\",\"sender_id\":\"7_8\",\"response\":\"2\",\"response_action\":\"click(0) @2\",\"correctResponse\":\"5\",\"correct\":false,\"ended_on\":\"response\",\"duration\":74650.68,\"time_run\":268075,\"time_render\":268074.38,\"time_show\":268078.32,\"time_end\":342729,\"time_commit\":342737,\"timestamp\":\"2021-06-19T11:54:04.616Z\",\"time_switch\":342749.66},{\"sender\":\"test10\",\"sender_type\":\"canvas.Screen\",\"sender_id\":\"7_9\",\"response\":\"1\",\"response_action\":\"click(0) @1\",\"correctResponse\":\"5\",\"correct\":false,\"ended_on\":\"response\",\"duration\":55713.340000000026,\"time_run\":342738,\"time_render\":342735.32,\"time_show\":342749.66,\"time_end\":398463,\"time_commit\":398476,\"timestamp\":\"2021-06-19T11:55:00.354Z\",\"time_switch\":398490.6},{\"sender\":\"test11\",\"sender_type\":\"canvas.Screen\",\"sender_id\":\"7_10\",\"response\":\"5\",\"response_action\":\"click(0) @5\",\"correctResponse\":\"4\",\"correct\":false,\"ended_on\":\"response\",\"duration\":37145.40000000002,\"time_run\":398477,\"time_render\":398473.52,\"time_show\":398490.6,\"time_end\":435636,\"time_commit\":435640,\"timestamp\":\"2021-06-19T11:55:37.518Z\",\"time_switch\":435651.28},{\"sender\":\"test12\",\"sender_type\":\"canvas.Screen\",\"sender_id\":\"7_11\",\"response\":\"1\",\"response_action\":\"click(0) @1\",\"correctResponse\":\"1\",\"correct\":true,\"ended_on\":\"response\",\"duration\":80141.71999999997,\"time_run\":435640,\"time_render\":435638.88,\"time_show\":435651.28,\"time_end\":515793,\"time_commit\":515800,\"timestamp\":\"2021-06-19T11:56:57.679Z\",\"time_switch\":515805.04},{\"sender\":\"tests (15min)\",\"sender_type\":\"flow.Sequence\",\"sender_id\":\"7\",\"ended_on\":\"completion\",\"duration\":432311.44,\"time_run\":83482,\"time_render\":83481.44,\"time_show\":83481.56,\"time_end\":515793,\"time_commit\":515801,\"timestamp\":\"2021-06-19T11:56:57.679Z\",\"time_switch\":515805.04},{\"sender\":\"good bye\",\"sender_type\":\"canvas.Screen\",\"sender_id\":\"8\",\"ended_on\":\"timeout\",\"duration\":3999.460000000021,\"time_run\":515801,\"time_render\":515799.32,\"time_show\":515805.04,\"time_end\":519787.82,\"time_commit\":519790,\"timestamp\":\"2021-06-19T11:57:01.668Z\",\"time_switch\":519804.5},{\"sender\":\"root\",\"sender_type\":\"flow.Sequence\",\"sender_id\":null,\"ended_on\":\"completion\",\"duration\":508068.2,\"time_run\":11710,\"time_render\":11709.84,\"time_show\":11719.62,\"time_end\":519787.82,\"time_commit\":519791,\"timestamp\":\"2021-06-19T11:57:01.669Z\",\"time_switch\":519804.5}]",
    "metadata": "{\"slice\":0,\"id\":\"d2770035-5ad2-41f9-b6c8-26a2f71ac934\",\"payload\":\"full\"}",
    "url": "https://exp02.zih.tu-dresden.de/experiments/raven_task/"
}