{
    "data": "[{\"url\":{},\"meta\":{\"labjs_version\":\"20.1.1\",\"labjs_build\":{\"flavor\":\"production\",\"commit\":\"cd5695f774968f50499757c1423bd95d033ea08e\"},\"location\":\"https://exp02.zih.tu-dresden.de/experiments/spot_a_word_task/\",\"userAgent\":\"Mozilla/5.0 (Windows NT 10.0; Win64; x64; rv:89.0) Gecko/20100101 Firefox/89.0\",\"platform\":\"Win32\",\"language\":\"de\",\"locale\":\"de-DE\",\"timeZone\":\"Europe/Berlin\",\"timezoneOffset\":-120,\"screen_width\":1536,\"screen_height\":864,\"scroll_width\":1536,\"scroll_height\":663,\"window_innerWidth\":1536,\"window_innerHeight\":711,\"devicePixelRatio\":1.25},\"sender\":\"start_html\",\"sender_type\":\"html.Screen\",\"sender_id\":\"0\",\"ended_on\":\"timeout\",\"duration\":5999.099999999999,\"time_run\":1217,\"time_render\":1240.68,\"time_show\":1257.34,\"time_end\":7239.82,\"time_commit\":7245,\"timestamp\":\"2021-06-19T11:38:01.788Z\",\"time_switch\":7256.44},{\"sender\":\"manual_html\",\"sender_type\":\"html.Screen\",\"sender_id\":\"1\",\"response\":\"space\",\"response_action\":\"keypress(Space)\",\"ended_on\":\"response\",\"duration\":55463.56,\"time_run\":7248,\"time_render\":7239.82,\"time_show\":7256.44,\"time_end\":62720,\"time_commit\":62725,\"timestamp\":\"2021-06-19T11:38:57.269Z\",\"time_switch\":62751.98},{\"sender\":\"example1_screen\",\"sender_type\":\"canvas.Screen\",\"sender_id\":\"2\",\"response\":\"4\",\"response_action\":\"keypress(4)\",\"correctResponse\":\"4\",\"correct\":true,\"ended_on\":\"response\",\"duration\":2187.019999999997,\"time_run\":62751,\"time_render\":62751.5,\"time_show\":62751.98,\"time_end\":64939,\"time_commit\":64949,\"timestamp\":\"2021-06-19T11:38:59.492Z\",\"time_switch\":64954.24},{\"sender\":\"example1_feedback\",\"sender_type\":\"canvas.Screen\",\"sender_id\":\"3\",\"response\":\"Space\",\"response_action\":\"keypress(Space)\",\"ended_on\":\"response\",\"duration\":1391.760000000002,\"time_run\":64955,\"time_render\":64954.14,\"time_show\":64954.24,\"time_end\":66346,\"time_commit\":66350,\"timestamp\":\"2021-06-19T11:39:00.894Z\",\"time_switch\":66383.44},{\"sender\":\"example2_screen\",\"sender_type\":\"canvas.Screen\",\"sender_id\":\"4\",\"response\":\"5\",\"response_action\":\"keypress(5)\",\"correctResponse\":\"5\",\"correct\":true,\"ended_on\":\"response\",\"duration\":2259.5599999999977,\"time_run\":66383,\"time_render\":66383.26,\"time_show\":66383.44,\"time_end\":68643,\"time_commit\":68649,\"timestamp\":\"2021-06-19T11:39:03.193Z\",\"time_switch\":68654.5},{\"sender\":\"example2_feedback\",\"sender_type\":\"canvas.Screen\",\"sender_id\":\"5\",\"response\":\"Space\",\"response_action\":\"keypress(Space)\",\"ended_on\":\"response\",\"duration\":690.5,\"time_run\":68654,\"time_render\":68654.28,\"time_show\":68654.5,\"time_end\":69345,\"time_commit\":69351,\"timestamp\":\"2021-06-19T11:39:03.895Z\",\"time_switch\":69369.66},{\"sender\":\"example3_screen\",\"sender_type\":\"canvas.Screen\",\"sender_id\":\"6\",\"response\":\"1\",\"response_action\":\"keypress(1)\",\"correctResponse\":\"1\",\"correct\":true,\"ended_on\":\"response\",\"duration\":1444.3399999999965,\"time_run\":69370,\"time_render\":69369.52,\"time_show\":69369.66,\"time_end\":70814,\"time_commit\":70815,\"timestamp\":\"2021-06-19T11:39:05.359Z\",\"time_switch\":70820.22},{\"sender\":\"example3_feedback\",\"sender_type\":\"canvas.Screen\",\"sender_id\":\"7\",\"response\":\"Space\",\"response_action\":\"keypress(Space)\",\"ended_on\":\"response\",\"duration\":868.7799999999988,\"time_run\":70820,\"time_render\":70820.12,\"time_show\":70820.22,\"time_end\":71689,\"time_commit\":71706,\"timestamp\":\"2021-06-19T11:39:06.250Z\",\"time_switch\":71706.48},{\"sender\":\"get_ready_html\",\"sender_type\":\"html.Screen\",\"sender_id\":\"8\",\"response\":\"space\",\"response_action\":\"keypress(Space)\",\"ended_on\":\"response\",\"duration\":14655.520000000004,\"time_run\":71706,\"time_render\":71706.3,\"time_show\":71706.48,\"time_end\":86362,\"time_commit\":86364,\"timestamp\":\"2021-06-19T11:39:20.908Z\",\"time_switch\":86478.48},{\"sender\":\"trial_screen\",\"sender_type\":\"canvas.Screen\",\"sender_id\":\"9_0\",\"correct\":true,\"trial_ID\":1,\"word1\":\"siziol\",\"word2\":\"salzahl\",\"word3\":\"sozihl\",\"word4\":\"sziam\",\"word5\":\"sozial\",\"response\":\"5\",\"response_action\":\"keypress(5)\",\"correctResponse\":\"5\",\"ended_on\":\"response\",\"duration\":2210.520000000004,\"time_run\":86478,\"time_render\":86478.32,\"time_show\":86478.48,\"time_end\":88689,\"time_commit\":88697,\"timestamp\":\"2021-06-19T11:39:23.241Z\",\"time_switch\":88703.44},{\"sender\":\"trial_screen\",\"sender_type\":\"canvas.Screen\",\"sender_id\":\"9_1\",\"correct\":true,\"trial_ID\":2,\"word1\":\"Lamone\",\"word2\":\"Talane\",\"word3\":\"Matrone\",\"word4\":\"Tarone\",\"word5\":\"Malonte\",\"response\":\"3\",\"response_action\":\"keypress(3)\",\"correctResponse\":\"3\",\"ended_on\":\"response\",\"duration\":2470.5599999999977,\"time_run\":88703,\"time_render\":88703.32,\"time_show\":88703.44,\"time_end\":91174,\"time_commit\":91182,\"timestamp\":\"2021-06-19T11:39:25.725Z\",\"time_switch\":91187.98},{\"sender\":\"trial_screen\",\"sender_type\":\"canvas.Screen\",\"sender_id\":\"9_2\",\"correct\":true,\"trial_ID\":3,\"word1\":\"kurinesisch\",\"word2\":\"kulinarisch\",\"word3\":\"kumenisch\",\"word4\":\"kulissarisch\",\"word5\":\"kannastrisch\",\"response\":\"2\",\"response_action\":\"keypress(2)\",\"correctResponse\":\"2\",\"ended_on\":\"response\",\"duration\":1971.020000000004,\"time_run\":91188,\"time_render\":91187.86,\"time_show\":91187.98,\"time_end\":93159,\"time_commit\":93167,\"timestamp\":\"2021-06-19T11:39:27.710Z\",\"time_switch\":93172.64},{\"sender\":\"trial_screen\",\"sender_type\":\"canvas.Screen\",\"sender_id\":\"9_3\",\"correct\":true,\"trial_ID\":4,\"word1\":\"Tinxur\",\"word2\":\"Kukutur\",\"word3\":\"Fraktan\",\"word4\":\"Tinktur\",\"word5\":\"Rimsuhr\",\"response\":\"4\",\"response_action\":\"keypress(4)\",\"correctResponse\":\"4\",\"ended_on\":\"response\",\"duration\":3048.3600000000006,\"time_run\":93172,\"time_render\":93172.46,\"time_show\":93172.64,\"time_end\":96221,\"time_commit\":96229,\"timestamp\":\"2021-06-19T11:39:30.773Z\",\"time_switch\":96235.92},{\"sender\":\"trial_screen\",\"sender_type\":\"canvas.Screen\",\"sender_id\":\"9_4\",\"correct\":true,\"trial_ID\":5,\"word1\":\"beralen\",\"word2\":\"ger\u00e4ltet\",\"word3\":\"an\u00e4lteren\",\"word4\":\"unt\u00e4ren\",\"word5\":\"verbr\u00e4men\",\"response\":\"5\",\"response_action\":\"keypress(5)\",\"correctResponse\":\"5\",\"ended_on\":\"response\",\"duration\":2703.0800000000017,\"time_run\":96236,\"time_render\":96235.76,\"time_show\":96235.92,\"time_end\":98939,\"time_commit\":98944,\"timestamp\":\"2021-06-19T11:39:33.488Z\",\"time_switch\":98949.6},{\"sender\":\"trial_screen\",\"sender_type\":\"canvas.Screen\",\"sender_id\":\"9_5\",\"correct\":true,\"trial_ID\":6,\"word1\":\"Rosto\",\"word2\":\"Torso\",\"word3\":\"Soro\",\"word4\":\"Torgos\",\"word5\":\"Tosor\",\"response\":\"2\",\"response_action\":\"keypress(2)\",\"correctResponse\":\"2\",\"ended_on\":\"response\",\"duration\":1599.3999999999942,\"time_run\":98950,\"time_render\":98949.48,\"time_show\":98949.6,\"time_end\":100549,\"time_commit\":100558,\"timestamp\":\"2021-06-19T11:39:35.102Z\",\"time_switch\":100563.82},{\"sender\":\"trial_screen\",\"sender_type\":\"canvas.Screen\",\"sender_id\":\"9_6\",\"correct\":true,\"trial_ID\":7,\"word1\":\"Redor\",\"word2\":\"Radium\",\"word3\":\"Terion\",\"word4\":\"Dramin\",\"word5\":\"Orakium\",\"response\":\"2\",\"response_action\":\"keypress(2)\",\"correctResponse\":\"2\",\"ended_on\":\"response\",\"duration\":1656.179999999993,\"time_run\":100564,\"time_render\":100563.64,\"time_show\":100563.82,\"time_end\":102220,\"time_commit\":102232,\"timestamp\":\"2021-06-19T11:39:36.775Z\",\"time_switch\":102240.36},{\"sender\":\"trial_screen\",\"sender_type\":\"canvas.Screen\",\"sender_id\":\"9_7\",\"correct\":true,\"trial_ID\":8,\"word1\":\"Nale\",\"word2\":\"Sahe\",\"word3\":\"Nase\",\"word4\":\"Nesa\",\"word5\":\"Sehna\",\"response\":\"3\",\"response_action\":\"keypress(3)\",\"correctResponse\":\"3\",\"ended_on\":\"response\",\"duration\":2387.6399999999994,\"time_run\":102240,\"time_render\":102240.14,\"time_show\":102240.36,\"time_end\":104628,\"time_commit\":104633,\"timestamp\":\"2021-06-19T11:39:39.178Z\",\"time_switch\":104640.52},{\"sender\":\"trial_screen\",\"sender_type\":\"canvas.Screen\",\"sender_id\":\"9_8\",\"correct\":true,\"trial_ID\":9,\"word1\":\"Rilkiase\",\"word2\":\"Kilister\",\"word3\":\"Riliker\",\"word4\":\"Klistier\",\"word5\":\"Linkure\",\"response\":\"4\",\"response_action\":\"keypress(4)\",\"correctResponse\":\"4\",\"ended_on\":\"response\",\"duration\":2986.479999999996,\"time_run\":104641,\"time_render\":104640.4,\"time_show\":104640.52,\"time_end\":107627,\"time_commit\":107629,\"timestamp\":\"2021-06-19T11:39:42.173Z\",\"time_switch\":107636.52},{\"sender\":\"trial_screen\",\"sender_type\":\"canvas.Screen\",\"sender_id\":\"9_9\",\"correct\":true,\"trial_ID\":10,\"word1\":\"kentern\",\"word2\":\"knerte\",\"word3\":\"kanzen\",\"word4\":\"kretern\",\"word5\":\"trekern\",\"response\":\"1\",\"response_action\":\"keypress(1)\",\"correctResponse\":\"1\",\"ended_on\":\"response\",\"duration\":1505.479999999996,\"time_run\":107636,\"time_render\":107636.3,\"time_show\":107636.52,\"time_end\":109142,\"time_commit\":109150,\"timestamp\":\"2021-06-19T11:39:43.693Z\",\"time_switch\":109155.68},{\"sender\":\"trial_screen\",\"sender_type\":\"canvas.Screen\",\"sender_id\":\"9_10\",\"correct\":true,\"trial_ID\":11,\"word1\":\"Sorekin\",\"word2\":\"Sarowin\",\"word3\":\"Rosakin\",\"word4\":\"Narosin\",\"word5\":\"Kerosin\",\"response\":\"5\",\"response_action\":\"keypress(5)\",\"correctResponse\":\"5\",\"ended_on\":\"response\",\"duration\":2361.320000000007,\"time_run\":109155,\"time_render\":109155.38,\"time_show\":109155.68,\"time_end\":111517,\"time_commit\":111530,\"timestamp\":\"2021-06-19T11:39:46.073Z\",\"time_switch\":111535.68},{\"sender\":\"trial_screen\",\"sender_type\":\"canvas.Screen\",\"sender_id\":\"9_11\",\"correct\":true,\"trial_ID\":12,\"word1\":\"Ralke\",\"word2\":\"Korre\",\"word3\":\"Ruckse\",\"word4\":\"Recke\",\"word5\":\"Ulte\",\"response\":\"4\",\"response_action\":\"keypress(4)\",\"correctResponse\":\"4\",\"ended_on\":\"response\",\"duration\":3762.320000000007,\"time_run\":111535,\"time_render\":111535.44,\"time_show\":111535.68,\"time_end\":115298,\"time_commit\":115310,\"timestamp\":\"2021-06-19T11:39:49.854Z\",\"time_switch\":115335.96},{\"sender\":\"trial_screen\",\"sender_type\":\"canvas.Screen\",\"sender_id\":\"9_12\",\"correct\":true,\"trial_ID\":13,\"word1\":\"Kapaun\",\"word2\":\"Paukan\",\"word3\":\"Naupack\",\"word4\":\"Aupeck\",\"word5\":\"Ankepran\",\"response\":\"1\",\"response_action\":\"keypress(1)\",\"correctResponse\":\"1\",\"ended_on\":\"response\",\"duration\":3416.0399999999936,\"time_run\":115335,\"time_render\":115335.7,\"time_show\":115335.96,\"time_end\":118752,\"time_commit\":118770,\"timestamp\":\"2021-06-19T11:39:53.314Z\",\"time_switch\":118779},{\"sender\":\"trial_screen\",\"sender_type\":\"canvas.Screen\",\"sender_id\":\"9_13\",\"correct\":true,\"trial_ID\":14,\"word1\":\"Dissonanz\",\"word2\":\"Diskrisanz\",\"word3\":\"Distranz\",\"word4\":\"Dinotanz\",\"word5\":\"Sidonenz\",\"response\":\"1\",\"response_action\":\"keypress(1)\",\"correctResponse\":\"1\",\"ended_on\":\"response\",\"duration\":1348,\"time_run\":118779,\"time_render\":118778.9,\"time_show\":118779,\"time_end\":120127,\"time_commit\":120129,\"timestamp\":\"2021-06-19T11:39:54.673Z\",\"time_switch\":120135.84},{\"sender\":\"trial_screen\",\"sender_type\":\"canvas.Screen\",\"sender_id\":\"9_14\",\"correct\":true,\"trial_ID\":15,\"word1\":\"Kirse\",\"word2\":\"Sirke\",\"word3\":\"Krise\",\"word4\":\"Krospe\",\"word5\":\"Seris\",\"response\":\"3\",\"response_action\":\"keypress(3)\",\"correctResponse\":\"3\",\"ended_on\":\"response\",\"duration\":1990.1600000000035,\"time_run\":120136,\"time_render\":120135.72,\"time_show\":120135.84,\"time_end\":122126,\"time_commit\":122144,\"timestamp\":\"2021-06-19T11:39:56.688Z\",\"time_switch\":122150.32},{\"sender\":\"trial_screen\",\"sender_type\":\"canvas.Screen\",\"sender_id\":\"9_15\",\"correct\":true,\"trial_ID\":16,\"word1\":\"Tume\",\"word2\":\"Umat\",\"word3\":\"Maut\",\"word4\":\"Taum\",\"word5\":\"Muta\",\"response\":\"3\",\"response_action\":\"keypress(3)\",\"correctResponse\":\"3\",\"ended_on\":\"response\",\"duration\":2397.679999999993,\"time_run\":122150,\"time_render\":122150.2,\"time_show\":122150.32,\"time_end\":124548,\"time_commit\":124566,\"timestamp\":\"2021-06-19T11:39:59.109Z\",\"time_switch\":124588.86},{\"sender\":\"trial_screen\",\"sender_type\":\"canvas.Screen\",\"sender_id\":\"9_16\",\"correct\":true,\"trial_ID\":17,\"word1\":\"Tuhl\",\"word2\":\"Lar\",\"word3\":\"Lest\",\"word4\":\"Dall\",\"word5\":\"Lid\",\"response\":\"5\",\"response_action\":\"keypress(5)\",\"correctResponse\":\"5\",\"ended_on\":\"response\",\"duration\":2194.1399999999994,\"time_run\":124588,\"time_render\":124588.6,\"time_show\":124588.86,\"time_end\":126783,\"time_commit\":126786,\"timestamp\":\"2021-06-19T11:40:01.330Z\",\"time_switch\":126792.42},{\"sender\":\"trial_screen\",\"sender_type\":\"canvas.Screen\",\"sender_id\":\"9_17\",\"correct\":true,\"trial_ID\":18,\"word1\":\"Adept\",\"word2\":\"Padet\",\"word3\":\"Edapt\",\"word4\":\"Epatt\",\"word5\":\"Taped\",\"response\":\"1\",\"response_action\":\"keypress(1)\",\"correctResponse\":\"1\",\"ended_on\":\"response\",\"duration\":1615.5800000000017,\"time_run\":126792,\"time_render\":126792.32,\"time_show\":126792.42,\"time_end\":128408,\"time_commit\":128418,\"timestamp\":\"2021-06-19T11:40:02.961Z\",\"time_switch\":128423.36},{\"sender\":\"trial_screen\",\"sender_type\":\"canvas.Screen\",\"sender_id\":\"9_18\",\"correct\":true,\"trial_ID\":19,\"word1\":\"Spirine\",\"word2\":\"Saprin\",\"word3\":\"Parsin\",\"word4\":\"Purin\",\"word5\":\"Asprint\",\"response\":\"4\",\"response_action\":\"keypress(4)\",\"correctResponse\":\"4\",\"ended_on\":\"response\",\"duration\":4781.639999999999,\"time_run\":128423,\"time_render\":128423.08,\"time_show\":128423.36,\"time_end\":133205,\"time_commit\":133213,\"timestamp\":\"2021-06-19T11:40:07.757Z\",\"time_switch\":133219.04},{\"sender\":\"trial_screen\",\"sender_type\":\"canvas.Screen\",\"sender_id\":\"9_19\",\"correct\":false,\"trial_ID\":20,\"word1\":\"Kulon\",\"word2\":\"Solgun\",\"word3\":\"Koskan\",\"word4\":\"Soran\",\"word5\":\"Klonus\",\"response\":\"3\",\"response_action\":\"keypress(3)\",\"correctResponse\":\"5\",\"ended_on\":\"response\",\"duration\":7516.959999999992,\"time_run\":133219,\"time_render\":133218.92,\"time_show\":133219.04,\"time_end\":140736,\"time_commit\":140748,\"timestamp\":\"2021-06-19T11:40:15.291Z\",\"time_switch\":140752.94},{\"sender\":\"trial_screen\",\"sender_type\":\"canvas.Screen\",\"sender_id\":\"9_20\",\"correct\":true,\"trial_ID\":21,\"word1\":\"Tronke\",\"word2\":\"Nocktherm\",\"word3\":\"Teronk\",\"word4\":\"Komtur\",\"word5\":\"Rocktur\",\"response\":\"4\",\"response_action\":\"keypress(4)\",\"correctResponse\":\"4\",\"ended_on\":\"response\",\"duration\":6077.059999999998,\"time_run\":140753,\"time_render\":140752.78,\"time_show\":140752.94,\"time_end\":146830,\"time_commit\":146844,\"timestamp\":\"2021-06-19T11:40:21.388Z\",\"time_switch\":146849.98},{\"sender\":\"trial_screen\",\"sender_type\":\"canvas.Screen\",\"sender_id\":\"9_21\",\"correct\":true,\"trial_ID\":22,\"word1\":\"Ripat\",\"word2\":\"Patinatte\",\"word3\":\"Tapir\",\"word4\":\"Apitt\",\"word5\":\"Padir\",\"response\":\"3\",\"response_action\":\"keypress(3)\",\"correctResponse\":\"3\",\"ended_on\":\"response\",\"duration\":2369.0199999999895,\"time_run\":146850,\"time_render\":146849.88,\"time_show\":146849.98,\"time_end\":149219,\"time_commit\":149226,\"timestamp\":\"2021-06-19T11:40:23.770Z\",\"time_switch\":149231.4},{\"sender\":\"trial_screen\",\"sender_type\":\"canvas.Screen\",\"sender_id\":\"9_22\",\"correct\":true,\"trial_ID\":23,\"word1\":\"Akifer\",\"word2\":\"Fiaker\",\"word3\":\"Kiaffa\",\"word4\":\"Sariffer\",\"word5\":\"Refisker\",\"response\":\"2\",\"response_action\":\"keypress(2)\",\"correctResponse\":\"2\",\"ended_on\":\"response\",\"duration\":2754.600000000006,\"time_run\":149231,\"time_render\":149231.26,\"time_show\":149231.4,\"time_end\":151986,\"time_commit\":152003,\"timestamp\":\"2021-06-19T11:40:26.547Z\",\"time_switch\":152009.64},{\"sender\":\"trial_screen\",\"sender_type\":\"canvas.Screen\",\"sender_id\":\"9_23\",\"correct\":true,\"trial_ID\":24,\"word1\":\"Kleiber\",\"word2\":\"Beikel\",\"word3\":\"Keibel\",\"word4\":\"Reikler\",\"word5\":\"Biekerl\",\"response\":\"1\",\"response_action\":\"keypress(1)\",\"correctResponse\":\"1\",\"ended_on\":\"response\",\"duration\":1226.359999999986,\"time_run\":152009,\"time_render\":152009.54,\"time_show\":152009.64,\"time_end\":153236,\"time_commit\":153247,\"timestamp\":\"2021-06-19T11:40:27.791Z\",\"time_switch\":153254.22},{\"sender\":\"trial_screen\",\"sender_type\":\"canvas.Screen\",\"sender_id\":\"9_24\",\"correct\":true,\"trial_ID\":25,\"word1\":\"Ig\u00e4de\",\"word2\":\"D\u00e4gie\",\"word3\":\"\u00c4gide\",\"word4\":\"Dig\u00e4de\",\"word5\":\"Giad\",\"response\":\"3\",\"response_action\":\"keypress(3)\",\"correctResponse\":\"3\",\"ended_on\":\"response\",\"duration\":2168.779999999999,\"time_run\":153254,\"time_render\":153254.1,\"time_show\":153254.22,\"time_end\":155423,\"time_commit\":155436,\"timestamp\":\"2021-06-19T11:40:29.980Z\",\"time_switch\":155441.7},{\"sender\":\"trial_screen\",\"sender_type\":\"canvas.Screen\",\"sender_id\":\"9_25\",\"correct\":true,\"trial_ID\":26,\"word1\":\"Rixal\",\"word2\":\"Irtax\",\"word3\":\"Rackizie\",\"word4\":\"Matrix\",\"word5\":\"Atrige\",\"response\":\"4\",\"response_action\":\"keypress(4)\",\"correctResponse\":\"4\",\"ended_on\":\"response\",\"duration\":1919.2999999999884,\"time_run\":155442,\"time_render\":155441.46,\"time_show\":155441.7,\"time_end\":157361,\"time_commit\":157377,\"timestamp\":\"2021-06-19T11:40:31.921Z\",\"time_switch\":157382.96},{\"sender\":\"trial_screen\",\"sender_type\":\"canvas.Screen\",\"sender_id\":\"9_26\",\"correct\":true,\"trial_ID\":27,\"word1\":\"Haskisch\",\"word2\":\"Asmisch\",\"word3\":\"Schisma\",\"word4\":\"Rasthmie\",\"word5\":\"Ilschah\",\"response\":\"3\",\"response_action\":\"keypress(3)\",\"correctResponse\":\"3\",\"ended_on\":\"response\",\"duration\":4728.040000000008,\"time_run\":157383,\"time_render\":157382.84,\"time_show\":157382.96,\"time_end\":162111,\"time_commit\":162122,\"timestamp\":\"2021-06-19T11:40:36.665Z\",\"time_switch\":162128.66},{\"sender\":\"trial_screen\",\"sender_type\":\"canvas.Screen\",\"sender_id\":\"9_27\",\"correct\":true,\"trial_ID\":28,\"word1\":\"Sallose\",\"word2\":\"Lordose\",\"word3\":\"Dormase\",\"word4\":\"Rollase\",\"word5\":\"Ardierole\",\"response\":\"2\",\"response_action\":\"keypress(2)\",\"correctResponse\":\"2\",\"ended_on\":\"response\",\"duration\":1357.3399999999965,\"time_run\":162129,\"time_render\":162128.52,\"time_show\":162128.66,\"time_end\":163486,\"time_commit\":163489,\"timestamp\":\"2021-06-19T11:40:38.032Z\",\"time_switch\":163494.38},{\"sender\":\"trial_screen\",\"sender_type\":\"canvas.Screen\",\"sender_id\":\"9_28\",\"correct\":true,\"trial_ID\":29,\"word1\":\"Intranotion\",\"word2\":\"Infranatura\",\"word3\":\"Internodium\",\"word4\":\"Indotalie\",\"word5\":\"Indosta\",\"response\":\"3\",\"response_action\":\"keypress(3)\",\"correctResponse\":\"3\",\"ended_on\":\"response\",\"duration\":7100.619999999995,\"time_run\":163495,\"time_render\":163494.22,\"time_show\":163494.38,\"time_end\":170595,\"time_commit\":170608,\"timestamp\":\"2021-06-19T11:40:45.153Z\",\"time_switch\":170628.26},{\"sender\":\"trial_screen\",\"sender_type\":\"canvas.Screen\",\"sender_id\":\"9_29\",\"correct\":true,\"trial_ID\":30,\"word1\":\"Idaste\",\"word2\":\"Dastrix\",\"word3\":\"Astike\",\"word4\":\"Sadile\",\"word5\":\"Kasside\",\"response\":\"5\",\"response_action\":\"keypress(5)\",\"correctResponse\":\"5\",\"ended_on\":\"response\",\"duration\":3982.7399999999907,\"time_run\":170628,\"time_render\":170627.96,\"time_show\":170628.26,\"time_end\":174611,\"time_commit\":174617,\"timestamp\":\"2021-06-19T11:40:49.161Z\",\"time_switch\":174624.14},{\"sender\":\"trial_screen\",\"sender_type\":\"canvas.Screen\",\"sender_id\":\"9_30\",\"correct\":true,\"trial_ID\":31,\"word1\":\"Libration\",\"word2\":\"Bilation\",\"word3\":\"Arlation\",\"word4\":\"Iberation\",\"word5\":\"Tiradon\",\"response\":\"1\",\"response_action\":\"keypress(1)\",\"correctResponse\":\"1\",\"ended_on\":\"response\",\"duration\":2548.859999999986,\"time_run\":174624,\"time_render\":174623.88,\"time_show\":174624.14,\"time_end\":177173,\"time_commit\":177176,\"timestamp\":\"2021-06-19T11:40:51.720Z\",\"time_switch\":177181.94},{\"sender\":\"trial_screen\",\"sender_type\":\"canvas.Screen\",\"sender_id\":\"9_31\",\"correct\":true,\"trial_ID\":32,\"word1\":\"Pucker\",\"word2\":\"Keuper\",\"word3\":\"Eucker\",\"word4\":\"Reuspeck\",\"word5\":\"Urkane\",\"response\":\"2\",\"response_action\":\"keypress(2)\",\"correctResponse\":\"2\",\"ended_on\":\"response\",\"duration\":1662.0599999999977,\"time_run\":177182,\"time_render\":177181.76,\"time_show\":177181.94,\"time_end\":178844,\"time_commit\":178850,\"timestamp\":\"2021-06-19T11:40:53.394Z\",\"time_switch\":178855.36},{\"sender\":\"trial_screen\",\"sender_type\":\"canvas.Screen\",\"sender_id\":\"9_32\",\"correct\":false,\"trial_ID\":33,\"word1\":\"Sickaber\",\"word2\":\"Bassiker\",\"word3\":\"Kassiber\",\"word4\":\"Sassiker\",\"word5\":\"Askiber\",\"response\":\"2\",\"response_action\":\"keypress(2)\",\"correctResponse\":\"3\",\"ended_on\":\"response\",\"duration\":7427.640000000014,\"time_run\":178855,\"time_render\":178855.16,\"time_show\":178855.36,\"time_end\":186283,\"time_commit\":186291,\"timestamp\":\"2021-06-19T11:41:00.834Z\",\"time_switch\":186298.96},{\"sender\":\"trial_screen\",\"sender_type\":\"canvas.Screen\",\"sender_id\":\"9_33\",\"correct\":false,\"trial_ID\":34,\"word1\":\"Alquallon\",\"word2\":\"Lisqualien\",\"word3\":\"Talquallen\",\"word4\":\"Quisquilien\",\"word5\":\"Rielquellen\",\"response\":\"3\",\"response_action\":\"keypress(3)\",\"correctResponse\":\"4\",\"ended_on\":\"response\",\"duration\":7795.040000000008,\"time_run\":186299,\"time_render\":186298.78,\"time_show\":186298.96,\"time_end\":194094,\"time_commit\":194109,\"timestamp\":\"2021-06-19T11:41:08.653Z\",\"time_switch\":194116.3},{\"sender\":\"trial_screen\",\"sender_type\":\"canvas.Screen\",\"sender_id\":\"9_34\",\"correct\":true,\"trial_ID\":35,\"word1\":\"Berkiza\",\"word2\":\"Brekzie\",\"word3\":\"Birakzie\",\"word4\":\"Brikazie\",\"word5\":\"Bakiria\",\"response\":\"2\",\"response_action\":\"keypress(2)\",\"correctResponse\":\"2\",\"ended_on\":\"response\",\"duration\":2165.7000000000116,\"time_run\":194117,\"time_render\":194116.16,\"time_show\":194116.3,\"time_end\":196282,\"time_commit\":196287,\"timestamp\":\"2021-06-19T11:41:10.831Z\",\"time_switch\":196288.44},{\"sender\":\"loop_trial\",\"sender_type\":\"flow.Loop\",\"sender_id\":\"9\",\"ended_on\":\"completion\",\"duration\":109803.52,\"time_run\":86468,\"time_render\":86478.32,\"time_show\":86478.48,\"time_end\":196282,\"time_commit\":196288,\"timestamp\":\"2021-06-19T11:41:10.832Z\",\"time_switch\":196288.44},{\"sender\":\"end_html\",\"sender_type\":\"html.Screen\",\"sender_id\":\"10\",\"ended_on\":\"timeout\",\"duration\":6003.260000000009,\"time_run\":196288,\"time_render\":196288.32,\"time_show\":196288.44,\"time_end\":202275.02,\"time_commit\":202275,\"timestamp\":\"2021-06-19T11:41:16.820Z\",\"time_switch\":202291.7},{\"sender\":\"root\",\"sender_type\":\"flow.Sequence\",\"sender_id\":null,\"ended_on\":\"completion\",\"duration\":201017.68,\"time_run\":1216,\"time_render\":1240.68,\"time_show\":1257.34,\"time_end\":202275.02,\"time_commit\":202276,\"timestamp\":\"2021-06-19T11:41:16.820Z\",\"time_switch\":202291.7}]",
    "metadata": "{\"slice\":0,\"id\":\"c22ea5b2-af07-49c1-890d-541b2616625f\",\"payload\":\"full\"}",
    "url": "https://exp02.zih.tu-dresden.de/experiments/spot_a_word_task/"
}