{
    "data": "[{\"url\":{},\"meta\":{\"labjs_version\":\"20.1.1\",\"labjs_build\":{\"flavor\":\"production\",\"commit\":\"cd5695f774968f50499757c1423bd95d033ea08e\"},\"location\":\"https://exp02.zih.tu-dresden.de/experiments/spot_a_word_task/\",\"userAgent\":\"Mozilla/5.0 (Windows NT 10.0; Win64; x64) AppleWebKit/537.36 (KHTML, like Gecko) Chrome/90.0.4430.212 Safari/537.36\",\"platform\":\"Win32\",\"language\":\"de-DE\",\"locale\":\"de\",\"timeZone\":\"Europe/Berlin\",\"timezoneOffset\":-120,\"screen_width\":1600,\"screen_height\":900,\"scroll_width\":1484,\"scroll_height\":680,\"window_innerWidth\":1484,\"window_innerHeight\":728,\"devicePixelRatio\":1},\"sender\":\"start_html\",\"sender_type\":\"html.Screen\",\"sender_id\":\"0\",\"ended_on\":\"timeout\",\"duration\":5999.51,\"time_run\":890.9150003455579,\"time_render\":880.161,\"time_show\":896.828,\"time_end\":6879.671,\"time_commit\":6888.890000060201,\"timestamp\":\"2021-05-27T11:51:00.693Z\",\"time_switch\":6896.338},{\"sender\":\"manual_html\",\"sender_type\":\"html.Screen\",\"sender_id\":\"1\",\"response\":\"space\",\"response_action\":\"keypress(Space)\",\"ended_on\":\"response\",\"duration\":37619.917000140515,\"time_run\":6890.185000374913,\"time_render\":6879.671,\"time_show\":6896.338,\"time_end\":44516.25500014052,\"time_commit\":44524.255000054836,\"timestamp\":\"2021-05-27T11:51:38.329Z\",\"time_switch\":44535.554},{\"sender\":\"example1_screen\",\"sender_type\":\"canvas.Screen\",\"sender_id\":\"2\",\"response\":\"4\",\"response_action\":\"keypress(4)\",\"correctResponse\":\"4\",\"correct\":true,\"ended_on\":\"response\",\"duration\":6422.826000200126,\"time_run\":44539.665000047535,\"time_render\":44502.22,\"time_show\":44535.554,\"time_end\":50958.38000020012,\"time_commit\":50964.4250003621,\"timestamp\":\"2021-05-27T11:51:44.769Z\",\"time_switch\":50981.975},{\"sender\":\"example1_feedback\",\"sender_type\":\"canvas.Screen\",\"sender_id\":\"3\",\"response\":\"Space\",\"response_action\":\"keypress(Space)\",\"ended_on\":\"response\",\"duration\":5913.235000220688,\"time_run\":50974.27000012249,\"time_render\":50965.308,\"time_show\":50981.975,\"time_end\":56895.210000220686,\"time_commit\":56896.76500018686,\"timestamp\":\"2021-05-27T11:51:50.701Z\",\"time_switch\":56908.842},{\"sender\":\"example2_screen\",\"sender_type\":\"canvas.Screen\",\"sender_id\":\"4\",\"response\":\"5\",\"response_action\":\"keypress(5)\",\"correctResponse\":\"5\",\"correct\":true,\"ended_on\":\"response\",\"duration\":7385.858000435117,\"time_run\":56907.5600001961,\"time_render\":56892.175,\"time_show\":56908.842,\"time_end\":64294.700000435114,\"time_commit\":64296.41500022262,\"timestamp\":\"2021-05-27T11:51:58.101Z\",\"time_switch\":64318.997},{\"sender\":\"example2_feedback\",\"sender_type\":\"canvas.Screen\",\"sender_id\":\"5\",\"response\":\"Space\",\"response_action\":\"keypress(Space)\",\"ended_on\":\"response\",\"duration\":6854.9630002765625,\"time_run\":64305.76500017196,\"time_render\":64302.33,\"time_show\":64318.997,\"time_end\":71173.96000027657,\"time_commit\":71175.6450003013,\"timestamp\":\"2021-05-27T11:52:04.981Z\",\"time_switch\":71194.269},{\"sender\":\"example3_screen\",\"sender_type\":\"canvas.Screen\",\"sender_id\":\"6\",\"response\":\"1\",\"response_action\":\"keypress(1)\",\"correctResponse\":\"1\",\"correct\":true,\"ended_on\":\"response\",\"duration\":2791.941000235587,\"time_run\":71185.18500030041,\"time_render\":71177.602,\"time_show\":71194.269,\"time_end\":73986.21000023559,\"time_commit\":73987.76500020176,\"timestamp\":\"2021-05-27T11:52:07.793Z\",\"time_switch\":74008.823},{\"sender\":\"example3_feedback\",\"sender_type\":\"canvas.Screen\",\"sender_id\":\"7\",\"response\":\"Space\",\"response_action\":\"keypress(Space)\",\"ended_on\":\"response\",\"duration\":5215.112000132765,\"time_run\":73996.85500003397,\"time_render\":73992.156,\"time_show\":74008.823,\"time_end\":79223.93500013277,\"time_commit\":79225.58000031859,\"timestamp\":\"2021-05-27T11:52:13.031Z\",\"time_switch\":79236.732},{\"sender\":\"get_ready_html\",\"sender_type\":\"html.Screen\",\"sender_id\":\"8\",\"response\":\"space\",\"response_action\":\"keypress(Space)\",\"ended_on\":\"response\",\"duration\":7389.958000295635,\"time_run\":79226.45000042394,\"time_render\":79220.065,\"time_show\":79236.732,\"time_end\":86626.69000029564,\"time_commit\":86628.0500004068,\"timestamp\":\"2021-05-27T11:52:20.433Z\",\"time_switch\":86711.252},{\"sender\":\"trial_screen\",\"sender_type\":\"canvas.Screen\",\"sender_id\":\"9_0\",\"correct\":true,\"trial_ID\":1,\"word1\":\"siziol\",\"word2\":\"salzahl\",\"word3\":\"sozihl\",\"word4\":\"sziam\",\"word5\":\"sozial\",\"response\":\"5\",\"response_action\":\"keypress(5)\",\"correctResponse\":\"5\",\"ended_on\":\"response\",\"duration\":4093.572999999262,\"time_run\":86704.75000003353,\"time_render\":86694.585,\"time_show\":86711.252,\"time_end\":90804.82499999925,\"time_commit\":90806.74500018358,\"timestamp\":\"2021-05-27T11:52:24.612Z\",\"time_switch\":90827.992},{\"sender\":\"trial_screen\",\"sender_type\":\"canvas.Screen\",\"sender_id\":\"9_1\",\"correct\":true,\"trial_ID\":2,\"word1\":\"Lamone\",\"word2\":\"Talane\",\"word3\":\"Matrone\",\"word4\":\"Tarone\",\"word5\":\"Malonte\",\"response\":\"3\",\"response_action\":\"keypress(3)\",\"correctResponse\":\"3\",\"ended_on\":\"response\",\"duration\":4410.413000418426,\"time_run\":90818.04500008002,\"time_render\":90811.325,\"time_show\":90827.992,\"time_end\":95238.40500041842,\"time_commit\":95240.19500007853,\"timestamp\":\"2021-05-27T11:52:29.045Z\",\"time_switch\":95265.252},{\"sender\":\"trial_screen\",\"sender_type\":\"canvas.Screen\",\"sender_id\":\"9_2\",\"correct\":true,\"trial_ID\":3,\"word1\":\"kurinesisch\",\"word2\":\"kulinarisch\",\"word3\":\"kumenisch\",\"word4\":\"kulissarisch\",\"word5\":\"kannastrisch\",\"response\":\"2\",\"response_action\":\"keypress(2)\",\"correctResponse\":\"2\",\"ended_on\":\"response\",\"duration\":3299.2580004039773,\"time_run\":95251.90500030294,\"time_render\":95248.585,\"time_show\":95265.252,\"time_end\":98564.51000040397,\"time_commit\":98566.18000008166,\"timestamp\":\"2021-05-27T11:52:32.371Z\",\"time_switch\":98577.053},{\"sender\":\"trial_screen\",\"sender_type\":\"canvas.Screen\",\"sender_id\":\"9_3\",\"correct\":true,\"trial_ID\":4,\"word1\":\"Tinxur\",\"word2\":\"Kukutur\",\"word3\":\"Fraktan\",\"word4\":\"Tinktur\",\"word5\":\"Rimsuhr\",\"response\":\"4\",\"response_action\":\"keypress(4)\",\"correctResponse\":\"4\",\"ended_on\":\"response\",\"duration\":5804.727000403524,\"time_run\":98575.28500026092,\"time_render\":98560.386,\"time_show\":98577.053,\"time_end\":104381.78000040352,\"time_commit\":104383.65500001237,\"timestamp\":\"2021-05-27T11:52:38.189Z\",\"time_switch\":104406.737},{\"sender\":\"trial_screen\",\"sender_type\":\"canvas.Screen\",\"sender_id\":\"9_4\",\"correct\":true,\"trial_ID\":5,\"word1\":\"beralen\",\"word2\":\"ger\u00e4ltet\",\"word3\":\"an\u00e4lteren\",\"word4\":\"unt\u00e4ren\",\"word5\":\"verbr\u00e4men\",\"response\":\"5\",\"response_action\":\"keypress(5)\",\"correctResponse\":\"5\",\"ended_on\":\"response\",\"duration\":6344.528000086284,\"time_run\":104393.0300003849,\"time_render\":104390.07,\"time_show\":104406.737,\"time_end\":110751.26500008628,\"time_commit\":110753.03000025451,\"timestamp\":\"2021-05-27T11:52:44.558Z\",\"time_switch\":110767.13},{\"sender\":\"trial_screen\",\"sender_type\":\"canvas.Screen\",\"sender_id\":\"9_5\",\"correct\":true,\"trial_ID\":6,\"word1\":\"Rosto\",\"word2\":\"Torso\",\"word3\":\"Soro\",\"word4\":\"Torgos\",\"word5\":\"Tosor\",\"response\":\"2\",\"response_action\":\"keypress(2)\",\"correctResponse\":\"2\",\"ended_on\":\"response\",\"duration\":3309.9150001582457,\"time_run\":110764.61000042036,\"time_render\":110750.463,\"time_show\":110767.13,\"time_end\":114077.04500015825,\"time_commit\":114079.11500008777,\"timestamp\":\"2021-05-27T11:52:47.884Z\",\"time_switch\":114093.424},{\"sender\":\"trial_screen\",\"sender_type\":\"canvas.Screen\",\"sender_id\":\"9_6\",\"correct\":true,\"trial_ID\":7,\"word1\":\"Redor\",\"word2\":\"Radium\",\"word3\":\"Terion\",\"word4\":\"Dramin\",\"word5\":\"Orakium\",\"response\":\"2\",\"response_action\":\"keypress(2)\",\"correctResponse\":\"2\",\"ended_on\":\"response\",\"duration\":3688.611000156612,\"time_run\":114091.50500036776,\"time_render\":114076.757,\"time_show\":114093.424,\"time_end\":117782.03500015661,\"time_commit\":117783.7150003761,\"timestamp\":\"2021-05-27T11:52:51.589Z\",\"time_switch\":117806.461},{\"sender\":\"trial_screen\",\"sender_type\":\"canvas.Screen\",\"sender_id\":\"9_7\",\"correct\":true,\"trial_ID\":8,\"word1\":\"Nale\",\"word2\":\"Sahe\",\"word3\":\"Nase\",\"word4\":\"Nesa\",\"word5\":\"Sehna\",\"response\":\"3\",\"response_action\":\"keypress(3)\",\"correctResponse\":\"3\",\"ended_on\":\"response\",\"duration\":2792.44400037,\"time_run\":117792.7600000985,\"time_render\":117789.794,\"time_show\":117806.461,\"time_end\":120598.90500037,\"time_commit\":120600.51500005648,\"timestamp\":\"2021-05-27T11:52:54.406Z\",\"time_switch\":120619.037},{\"sender\":\"trial_screen\",\"sender_type\":\"canvas.Screen\",\"sender_id\":\"9_8\",\"correct\":true,\"trial_ID\":9,\"word1\":\"Rilkiase\",\"word2\":\"Kilister\",\"word3\":\"Riliker\",\"word4\":\"Klistier\",\"word5\":\"Linkure\",\"response\":\"4\",\"response_action\":\"keypress(4)\",\"correctResponse\":\"4\",\"ended_on\":\"response\",\"duration\":7063.6980002713535,\"time_run\":120609.31500000879,\"time_render\":120602.37,\"time_show\":120619.037,\"time_end\":127682.73500027135,\"time_commit\":127684.44000044838,\"timestamp\":\"2021-05-27T11:53:01.489Z\",\"time_switch\":127699.376},{\"sender\":\"trial_screen\",\"sender_type\":\"canvas.Screen\",\"sender_id\":\"9_9\",\"correct\":true,\"trial_ID\":10,\"word1\":\"kentern\",\"word2\":\"knerte\",\"word3\":\"kanzen\",\"word4\":\"kretern\",\"word5\":\"trekern\",\"response\":\"1\",\"response_action\":\"keypress(1)\",\"correctResponse\":\"1\",\"ended_on\":\"response\",\"duration\":3606.984000278797,\"time_run\":127693.09000018984,\"time_render\":127682.709,\"time_show\":127699.376,\"time_end\":131306.3600002788,\"time_commit\":131308.020000346,\"timestamp\":\"2021-05-27T11:53:05.113Z\",\"time_switch\":131326.487},{\"sender\":\"trial_screen\",\"sender_type\":\"canvas.Screen\",\"sender_id\":\"9_10\",\"correct\":true,\"trial_ID\":11,\"word1\":\"Sorekin\",\"word2\":\"Sarowin\",\"word3\":\"Rosakin\",\"word4\":\"Narosin\",\"word5\":\"Kerosin\",\"response\":\"5\",\"response_action\":\"keypress(5)\",\"correctResponse\":\"5\",\"ended_on\":\"response\",\"duration\":5487.188000332302,\"time_run\":131316.2650000304,\"time_render\":131309.82,\"time_show\":131326.487,\"time_end\":136813.6750003323,\"time_commit\":136815.3300001286,\"timestamp\":\"2021-05-27T11:53:10.620Z\",\"time_switch\":136841.684},{\"sender\":\"trial_screen\",\"sender_type\":\"canvas.Screen\",\"sender_id\":\"9_11\",\"correct\":true,\"trial_ID\":12,\"word1\":\"Ralke\",\"word2\":\"Korre\",\"word3\":\"Ruckse\",\"word4\":\"Recke\",\"word5\":\"Ulte\",\"response\":\"4\",\"response_action\":\"keypress(4)\",\"correctResponse\":\"4\",\"ended_on\":\"response\",\"duration\":5355.941000029794,\"time_run\":136825.58500021696,\"time_render\":136825.017,\"time_show\":136841.684,\"time_end\":142197.6250000298,\"time_commit\":142199.4400001131,\"timestamp\":\"2021-05-27T11:53:16.004Z\",\"time_switch\":142214.977},{\"sender\":\"trial_screen\",\"sender_type\":\"canvas.Screen\",\"sender_id\":\"9_12\",\"correct\":false,\"trial_ID\":13,\"word1\":\"Kapaun\",\"word2\":\"Paukan\",\"word3\":\"Naupack\",\"word4\":\"Aupeck\",\"word5\":\"Ankepran\",\"response\":\"4\",\"response_action\":\"keypress(4)\",\"correctResponse\":\"1\",\"ended_on\":\"response\",\"duration\":7115.478000046627,\"time_run\":142208.38000020012,\"time_render\":142198.31,\"time_show\":142214.977,\"time_end\":149330.45500004664,\"time_commit\":149332.1100003086,\"timestamp\":\"2021-05-27T11:53:23.137Z\",\"time_switch\":149348.385},{\"sender\":\"trial_screen\",\"sender_type\":\"canvas.Screen\",\"sender_id\":\"9_13\",\"correct\":true,\"trial_ID\":14,\"word1\":\"Dissonanz\",\"word2\":\"Diskrisanz\",\"word3\":\"Distranz\",\"word4\":\"Dinotanz\",\"word5\":\"Sidonenz\",\"response\":\"1\",\"response_action\":\"keypress(1)\",\"correctResponse\":\"1\",\"ended_on\":\"response\",\"duration\":8209.404999991646,\"time_run\":149344.44000013173,\"time_render\":149331.718,\"time_show\":149348.385,\"time_end\":157557.78999999166,\"time_commit\":157559.6750001423,\"timestamp\":\"2021-05-27T11:53:31.365Z\",\"time_switch\":157584.665},{\"sender\":\"trial_screen\",\"sender_type\":\"canvas.Screen\",\"sender_id\":\"9_14\",\"correct\":true,\"trial_ID\":15,\"word1\":\"Kirse\",\"word2\":\"Sirke\",\"word3\":\"Krise\",\"word4\":\"Krospe\",\"word5\":\"Seris\",\"response\":\"3\",\"response_action\":\"keypress(3)\",\"correctResponse\":\"3\",\"ended_on\":\"response\",\"duration\":6849.10500000327,\"time_run\":157568.26500035822,\"time_render\":157567.998,\"time_show\":157584.665,\"time_end\":164433.77000000328,\"time_commit\":164435.3950000368,\"timestamp\":\"2021-05-27T11:53:38.240Z\",\"time_switch\":164458.961},{\"sender\":\"trial_screen\",\"sender_type\":\"canvas.Screen\",\"sender_id\":\"9_15\",\"correct\":true,\"trial_ID\":16,\"word1\":\"Tume\",\"word2\":\"Umat\",\"word3\":\"Maut\",\"word4\":\"Taum\",\"word5\":\"Muta\",\"response\":\"3\",\"response_action\":\"keypress(3)\",\"correctResponse\":\"3\",\"ended_on\":\"response\",\"duration\":7306.839000168373,\"time_run\":164443.6700004153,\"time_render\":164442.294,\"time_show\":164458.961,\"time_end\":171765.80000016838,\"time_commit\":171767.39000016823,\"timestamp\":\"2021-05-27T11:53:45.572Z\",\"time_switch\":171784.811},{\"sender\":\"trial_screen\",\"sender_type\":\"canvas.Screen\",\"sender_id\":\"9_16\",\"correct\":true,\"trial_ID\":17,\"word1\":\"Tuhl\",\"word2\":\"Lar\",\"word3\":\"Lest\",\"word4\":\"Dall\",\"word5\":\"Lid\",\"response\":\"5\",\"response_action\":\"keypress(5)\",\"correctResponse\":\"5\",\"ended_on\":\"response\",\"duration\":5388.55900044064,\"time_run\":171775.33000009134,\"time_render\":171768.144,\"time_show\":171784.811,\"time_end\":177173.37000044063,\"time_commit\":177175.03000004217,\"timestamp\":\"2021-05-27T11:53:50.980Z\",\"time_switch\":177201.571},{\"sender\":\"trial_screen\",\"sender_type\":\"canvas.Screen\",\"sender_id\":\"9_17\",\"correct\":false,\"trial_ID\":18,\"word1\":\"Adept\",\"word2\":\"Padet\",\"word3\":\"Edapt\",\"word4\":\"Epatt\",\"word5\":\"Taped\",\"response\":\"3\",\"response_action\":\"keypress(3)\",\"correctResponse\":\"1\",\"ended_on\":\"response\",\"duration\":14390.014000045601,\"time_run\":177185.1400001906,\"time_render\":177184.904,\"time_show\":177201.571,\"time_end\":191591.5850000456,\"time_commit\":191593.3199999854,\"timestamp\":\"2021-05-27T11:54:05.398Z\",\"time_switch\":191610.288},{\"sender\":\"trial_screen\",\"sender_type\":\"canvas.Screen\",\"sender_id\":\"9_18\",\"correct\":true,\"trial_ID\":19,\"word1\":\"Spirine\",\"word2\":\"Saprin\",\"word3\":\"Parsin\",\"word4\":\"Purin\",\"word5\":\"Asprint\",\"response\":\"4\",\"response_action\":\"keypress(4)\",\"correctResponse\":\"4\",\"ended_on\":\"response\",\"duration\":8396.76200013113,\"time_run\":191602.42000035942,\"time_render\":191593.621,\"time_show\":191610.288,\"time_end\":200007.05000013113,\"time_commit\":200008.74000042677,\"timestamp\":\"2021-05-27T11:54:13.813Z\",\"time_switch\":200021.778},{\"sender\":\"trial_screen\",\"sender_type\":\"canvas.Screen\",\"sender_id\":\"9_19\",\"correct\":false,\"trial_ID\":20,\"word1\":\"Kulon\",\"word2\":\"Solgun\",\"word3\":\"Koskan\",\"word4\":\"Soran\",\"word5\":\"Klonus\",\"response\":\"4\",\"response_action\":\"keypress(4)\",\"correctResponse\":\"5\",\"ended_on\":\"response\",\"duration\":10271.662000154087,\"time_run\":200017.33000017703,\"time_render\":200005.111,\"time_show\":200021.778,\"time_end\":210293.44000015408,\"time_commit\":210295.06000038236,\"timestamp\":\"2021-05-27T11:54:24.100Z\",\"time_switch\":210305.346},{\"sender\":\"trial_screen\",\"sender_type\":\"canvas.Screen\",\"sender_id\":\"9_20\",\"correct\":false,\"trial_ID\":21,\"word1\":\"Tronke\",\"word2\":\"Nocktherm\",\"word3\":\"Teronk\",\"word4\":\"Komtur\",\"word5\":\"Rocktur\",\"response\":\"5\",\"response_action\":\"keypress(5)\",\"correctResponse\":\"4\",\"ended_on\":\"response\",\"duration\":6985.8940001660085,\"time_run\":210303.1200002879,\"time_render\":210288.679,\"time_show\":210305.346,\"time_end\":217291.240000166,\"time_commit\":217292.78500005603,\"timestamp\":\"2021-05-27T11:54:31.097Z\",\"time_switch\":217312.768},{\"sender\":\"trial_screen\",\"sender_type\":\"canvas.Screen\",\"sender_id\":\"9_21\",\"correct\":true,\"trial_ID\":22,\"word1\":\"Ripat\",\"word2\":\"Patinatte\",\"word3\":\"Tapir\",\"word4\":\"Apitt\",\"word5\":\"Padir\",\"response\":\"3\",\"response_action\":\"keypress(3)\",\"correctResponse\":\"3\",\"ended_on\":\"response\",\"duration\":4947.312000385631,\"time_run\":217300.82000000402,\"time_render\":217296.101,\"time_show\":217312.768,\"time_end\":222260.08000038564,\"time_commit\":222261.69500034302,\"timestamp\":\"2021-05-27T11:54:36.066Z\",\"time_switch\":222284.735},{\"sender\":\"trial_screen\",\"sender_type\":\"canvas.Screen\",\"sender_id\":\"9_22\",\"correct\":true,\"trial_ID\":23,\"word1\":\"Akifer\",\"word2\":\"Fiaker\",\"word3\":\"Kiaffa\",\"word4\":\"Sariffer\",\"word5\":\"Refisker\",\"response\":\"2\",\"response_action\":\"keypress(2)\",\"correctResponse\":\"2\",\"ended_on\":\"response\",\"duration\":3791.555000230088,\"time_run\":222270.175000187,\"time_render\":222268.068,\"time_show\":222284.735,\"time_end\":226076.29000023007,\"time_commit\":226077.84500019625,\"timestamp\":\"2021-05-27T11:54:39.883Z\",\"time_switch\":226108.584},{\"sender\":\"trial_screen\",\"sender_type\":\"canvas.Screen\",\"sender_id\":\"9_23\",\"correct\":true,\"trial_ID\":24,\"word1\":\"Kleiber\",\"word2\":\"Beikel\",\"word3\":\"Keibel\",\"word4\":\"Reikler\",\"word5\":\"Biekerl\",\"response\":\"1\",\"response_action\":\"keypress(1)\",\"correctResponse\":\"1\",\"ended_on\":\"response\",\"duration\":2669.8560000236903,\"time_run\":226087.38500019535,\"time_render\":226075.25,\"time_show\":226108.584,\"time_end\":228778.4400000237,\"time_commit\":228779.97500030324,\"timestamp\":\"2021-05-27T11:54:42.585Z\",\"time_switch\":228800.645},{\"sender\":\"trial_screen\",\"sender_type\":\"canvas.Screen\",\"sender_id\":\"9_24\",\"correct\":true,\"trial_ID\":25,\"word1\":\"Ig\u00e4de\",\"word2\":\"D\u00e4gie\",\"word3\":\"\u00c4gide\",\"word4\":\"Dig\u00e4de\",\"word5\":\"Giad\",\"response\":\"3\",\"response_action\":\"keypress(3)\",\"correctResponse\":\"3\",\"ended_on\":\"response\",\"duration\":11233.450000009994,\"time_run\":228788.5100003332,\"time_render\":228783.978,\"time_show\":228800.645,\"time_end\":240034.09500000998,\"time_commit\":240035.8750000596,\"timestamp\":\"2021-05-27T11:54:53.841Z\",\"time_switch\":240047.796},{\"sender\":\"trial_screen\",\"sender_type\":\"canvas.Screen\",\"sender_id\":\"9_25\",\"correct\":true,\"trial_ID\":26,\"word1\":\"Rixal\",\"word2\":\"Irtax\",\"word3\":\"Rackizie\",\"word4\":\"Matrix\",\"word5\":\"Atrige\",\"response\":\"4\",\"response_action\":\"keypress(4)\",\"correctResponse\":\"4\",\"ended_on\":\"response\",\"duration\":4935.089000295935,\"time_run\":240044.10000005737,\"time_render\":240031.129,\"time_show\":240047.796,\"time_end\":244982.88500029594,\"time_commit\":244984.4550001435,\"timestamp\":\"2021-05-27T11:54:58.789Z\",\"time_switch\":244997.884},{\"sender\":\"trial_screen\",\"sender_type\":\"canvas.Screen\",\"sender_id\":\"9_26\",\"correct\":false,\"trial_ID\":27,\"word1\":\"Haskisch\",\"word2\":\"Asmisch\",\"word3\":\"Schisma\",\"word4\":\"Rasthmie\",\"word5\":\"Ilschah\",\"response\":\"1\",\"response_action\":\"keypress(1)\",\"correctResponse\":\"3\",\"ended_on\":\"response\",\"duration\":15082.990999985108,\"time_run\":244992.3950000666,\"time_render\":244981.217,\"time_show\":244997.884,\"time_end\":260080.8749999851,\"time_commit\":260082.41000026464,\"timestamp\":\"2021-05-27T11:55:13.887Z\",\"time_switch\":260096.909},{\"sender\":\"trial_screen\",\"sender_type\":\"canvas.Screen\",\"sender_id\":\"9_27\",\"correct\":false,\"trial_ID\":28,\"word1\":\"Sallose\",\"word2\":\"Lordose\",\"word3\":\"Dormase\",\"word4\":\"Rollase\",\"word5\":\"Ardierole\",\"response\":\"3\",\"response_action\":\"keypress(3)\",\"correctResponse\":\"2\",\"ended_on\":\"response\",\"duration\":11248.71100026925,\"time_run\":260090.85500007495,\"time_render\":260080.242,\"time_show\":260096.909,\"time_end\":271345.62000026926,\"time_commit\":271347.37000009045,\"timestamp\":\"2021-05-27T11:55:25.152Z\",\"time_switch\":271361.957},{\"sender\":\"trial_screen\",\"sender_type\":\"canvas.Screen\",\"sender_id\":\"9_28\",\"correct\":false,\"trial_ID\":29,\"word1\":\"Intranotion\",\"word2\":\"Infranatura\",\"word3\":\"Internodium\",\"word4\":\"Indotalie\",\"word5\":\"Indosta\",\"response\":\"1\",\"response_action\":\"keypress(1)\",\"correctResponse\":\"3\",\"ended_on\":\"response\",\"duration\":23286.738000447338,\"time_run\":271355.7900004089,\"time_render\":271345.29,\"time_show\":271361.957,\"time_end\":294648.69500044733,\"time_commit\":294650.3400001675,\"timestamp\":\"2021-05-27T11:55:48.455Z\",\"time_switch\":294664.096},{\"sender\":\"trial_screen\",\"sender_type\":\"canvas.Screen\",\"sender_id\":\"9_29\",\"correct\":false,\"trial_ID\":30,\"word1\":\"Idaste\",\"word2\":\"Dastrix\",\"word3\":\"Astike\",\"word4\":\"Sadile\",\"word5\":\"Kasside\",\"response\":\"3\",\"response_action\":\"keypress(3)\",\"correctResponse\":\"5\",\"ended_on\":\"response\",\"duration\":11239.05900041468,\"time_run\":294659.22500006855,\"time_render\":294647.429,\"time_show\":294664.096,\"time_end\":305903.1550004147,\"time_commit\":305904.7500002198,\"timestamp\":\"2021-05-27T11:55:59.710Z\",\"time_switch\":305918.377},{\"sender\":\"trial_screen\",\"sender_type\":\"canvas.Screen\",\"sender_id\":\"9_30\",\"correct\":false,\"trial_ID\":31,\"word1\":\"Libration\",\"word2\":\"Bilation\",\"word3\":\"Arlation\",\"word4\":\"Iberation\",\"word5\":\"Tiradon\",\"response\":\"5\",\"response_action\":\"keypress(5)\",\"correctResponse\":\"1\",\"ended_on\":\"response\",\"duration\":10636.763000302366,\"time_run\":305913.1350000389,\"time_render\":305901.71,\"time_show\":305918.377,\"time_end\":316555.14000030234,\"time_commit\":316556.74000037834,\"timestamp\":\"2021-05-27T11:56:10.362Z\",\"time_switch\":316576.046},{\"sender\":\"trial_screen\",\"sender_type\":\"canvas.Screen\",\"sender_id\":\"9_31\",\"correct\":false,\"trial_ID\":32,\"word1\":\"Pucker\",\"word2\":\"Keuper\",\"word3\":\"Eucker\",\"word4\":\"Reuspeck\",\"word5\":\"Urkane\",\"response\":\"1\",\"response_action\":\"keypress(1)\",\"correctResponse\":\"2\",\"ended_on\":\"response\",\"duration\":12861.879000209388,\"time_run\":316564.74000029266,\"time_render\":316559.379,\"time_show\":316576.046,\"time_end\":329437.92500020936,\"time_commit\":329439.4400003366,\"timestamp\":\"2021-05-27T11:56:23.244Z\",\"time_switch\":329451.933},{\"sender\":\"trial_screen\",\"sender_type\":\"canvas.Screen\",\"sender_id\":\"9_32\",\"correct\":false,\"trial_ID\":33,\"word1\":\"Sickaber\",\"word2\":\"Bassiker\",\"word3\":\"Kassiber\",\"word4\":\"Sassiker\",\"word5\":\"Askiber\",\"response\":\"2\",\"response_action\":\"keypress(2)\",\"correctResponse\":\"3\",\"ended_on\":\"response\",\"duration\":9026.377000151377,\"time_run\":329447.4150002934,\"time_render\":329435.266,\"time_show\":329451.933,\"time_end\":338478.3100001514,\"time_commit\":338479.84500043094,\"timestamp\":\"2021-05-27T11:56:32.285Z\",\"time_switch\":338502.109},{\"sender\":\"trial_screen\",\"sender_type\":\"canvas.Screen\",\"sender_id\":\"9_33\",\"correct\":false,\"trial_ID\":34,\"word1\":\"Alquallon\",\"word2\":\"Lisqualien\",\"word3\":\"Talquallen\",\"word4\":\"Quisquilien\",\"word5\":\"Rielquellen\",\"response\":\"5\",\"response_action\":\"keypress(5)\",\"correctResponse\":\"4\",\"ended_on\":\"response\",\"duration\":13736.106000368658,\"time_run\":338489.5450002514,\"time_render\":338485.442,\"time_show\":338502.109,\"time_end\":352238.21500036865,\"time_commit\":352240.00500002876,\"timestamp\":\"2021-05-27T11:56:46.045Z\",\"time_switch\":352254.691},{\"sender\":\"trial_screen\",\"sender_type\":\"canvas.Screen\",\"sender_id\":\"9_34\",\"correct\":false,\"trial_ID\":35,\"word1\":\"Berkiza\",\"word2\":\"Brekzie\",\"word3\":\"Birakzie\",\"word4\":\"Brikazie\",\"word5\":\"Bakiria\",\"response\":\"5\",\"response_action\":\"keypress(5)\",\"correctResponse\":\"2\",\"ended_on\":\"response\",\"duration\":9333.194000277319,\"time_run\":352248.84000001475,\"time_render\":352238.024,\"time_show\":352254.691,\"time_end\":361587.8850002773,\"time_commit\":361589.5450003445,\"timestamp\":\"2021-05-27T11:56:55.394Z\",\"time_switch\":361610.811},{\"sender\":\"loop_trial\",\"sender_type\":\"flow.Loop\",\"sender_id\":\"9\",\"ended_on\":\"completion\",\"duration\":274876.63300027733,\"time_run\":86700.85000013933,\"time_render\":86694.585,\"time_show\":86711.252,\"time_end\":361587.8850002773,\"time_commit\":361596.1950002238,\"timestamp\":\"2021-05-27T11:56:55.401Z\",\"time_switch\":361610.811},{\"sender\":\"end_html\",\"sender_type\":\"html.Screen\",\"sender_id\":\"10\",\"ended_on\":\"timeout\",\"duration\":6002.119000000006,\"time_run\":361596.66500007734,\"time_render\":361594.144,\"time_show\":361610.811,\"time_end\":367596.263,\"time_commit\":367604.0550000034,\"timestamp\":\"2021-05-27T11:57:01.409Z\",\"time_switch\":367612.93},{\"sender\":\"root\",\"sender_type\":\"flow.Sequence\",\"sender_id\":null,\"ended_on\":\"completion\",\"duration\":366699.435,\"time_run\":890.5800003558397,\"time_render\":880.161,\"time_show\":896.828,\"time_end\":367596.263,\"time_commit\":367605.429999996,\"timestamp\":\"2021-05-27T11:57:01.410Z\",\"time_switch\":367612.93}]",
    "metadata": "{\"slice\":0,\"id\":\"54946ea6-cf01-48b8-8669-5728e4a0e802\",\"payload\":\"full\"}",
    "url": "https://exp02.zih.tu-dresden.de/experiments/spot_a_word_task/"
}