{
    "data": "[{\"url\":{},\"meta\":{\"labjs_version\":\"20.1.1\",\"labjs_build\":{\"flavor\":\"production\",\"commit\":\"cd5695f774968f50499757c1423bd95d033ea08e\"},\"location\":\"https://exp01.zih.tu-dresden.de/experiments/raven_task/\",\"userAgent\":\"Mozilla/5.0 (Windows NT 10.0; Win64; x64) AppleWebKit/537.36 (KHTML, like Gecko) Chrome/90.0.4430.85 Safari/537.36 Edg/90.0.818.46\",\"platform\":\"Win32\",\"language\":\"de\",\"locale\":\"de\",\"timeZone\":\"Europe/Berlin\",\"timezoneOffset\":-120,\"screen_width\":1280,\"screen_height\":720,\"scroll_width\":1829,\"scroll_height\":981,\"window_innerWidth\":1829,\"window_innerHeight\":1029,\"devicePixelRatio\":1.0499999523162842},\"sender\":\"welcome\",\"sender_type\":\"canvas.Screen\",\"sender_id\":\"0\",\"ended_on\":\"timeout\",\"duration\":8007.438999999999,\"time_run\":3203.540000016801,\"time_render\":2873.085,\"time_show\":3206.013,\"time_end\":11196.813,\"time_commit\":11201.285000017378,\"timestamp\":\"2021-04-26T19:25:14.645Z\",\"time_switch\":11213.452},{\"sender\":\"instructions\",\"sender_type\":\"html.Page\",\"sender_id\":\"1\",\"response\":\"Space\",\"response_action\":\"keypress(Space)\",\"ended_on\":\"response\",\"duration\":10641.16799999825,\"time_run\":11202.385000011418,\"time_render\":11196.813,\"time_show\":11213.452,\"time_end\":21854.61999999825,\"time_commit\":21858.995000016876,\"timestamp\":\"2021-04-26T19:25:25.303Z\",\"time_switch\":21917.767},{\"sender\":\"example1\",\"sender_type\":\"canvas.Screen\",\"sender_id\":\"2\",\"response\":\"8\",\"response_action\":\"click(0) @8\",\"correctResponse\":\"8\",\"correct\":true,\"ended_on\":\"response\",\"duration\":9685.482999985565,\"time_run\":21859.30999997072,\"time_render\":21851.421,\"time_show\":21917.767,\"time_end\":31603.249999985565,\"time_commit\":31610.485000011977,\"timestamp\":\"2021-04-26T19:25:35.055Z\",\"time_switch\":31806.373},{\"sender\":\"example1_feedback\",\"sender_type\":\"canvas.Screen\",\"sender_id\":\"3\",\"response\":\"space\",\"response_action\":\"keypress(Space)\",\"ended_on\":\"response\",\"duration\":1554.986999980778,\"time_run\":31766.569999977946,\"time_render\":31756.627,\"time_show\":31806.373,\"time_end\":33361.35999998078,\"time_commit\":33362.1399999829,\"timestamp\":\"2021-04-26T19:25:36.807Z\",\"time_switch\":33371.239},{\"sender\":\"example2\",\"sender_type\":\"canvas.Screen\",\"sender_id\":\"4\",\"response\":\"4\",\"response_action\":\"click(0) @4\",\"correctResponse\":\"4\",\"correct\":true,\"ended_on\":\"response\",\"duration\":15046.100999985414,\"time_run\":33362.37499996787,\"time_render\":33354.666,\"time_show\":33371.239,\"time_end\":48417.339999985415,\"time_commit\":48418.60999999335,\"timestamp\":\"2021-04-26T19:25:51.863Z\",\"time_switch\":48603.65},{\"sender\":\"example2_feedback\",\"sender_type\":\"canvas.Screen\",\"sender_id\":\"5\",\"response\":\"space\",\"response_action\":\"keypress(Space)\",\"ended_on\":\"response\",\"duration\":1345.954999972506,\"time_run\":48576.18999999249,\"time_render\":48570.491,\"time_show\":48603.65,\"time_end\":49949.60499997251,\"time_commit\":49950.46500000171,\"timestamp\":\"2021-04-26T19:25:53.395Z\",\"time_switch\":50018.689},{\"sender\":\"get ready\",\"sender_type\":\"canvas.Screen\",\"sender_id\":\"6\",\"response\":\"Space\",\"response_action\":\"keypress(Space)\",\"ended_on\":\"response\",\"duration\":2630.0509999750793,\"time_run\":49950.76500001596,\"time_render\":49935.515,\"time_show\":50018.689,\"time_end\":52648.73999997508,\"time_commit\":52649.67999997316,\"timestamp\":\"2021-04-26T19:25:56.094Z\",\"time_switch\":52665.635},{\"sender\":\"test01\",\"sender_type\":\"canvas.Screen\",\"sender_id\":\"7_0\",\"response\":\"7\",\"response_action\":\"click(0) @7\",\"correctResponse\":\"7\",\"correct\":true,\"ended_on\":\"response\",\"duration\":26607.66000002088,\"time_run\":52650.04500001669,\"time_render\":52649.382,\"time_show\":52665.635,\"time_end\":79273.29500002088,\"time_commit\":79274.57999996841,\"timestamp\":\"2021-04-26T19:26:22.719Z\",\"time_switch\":79318.224},{\"sender\":\"test02\",\"sender_type\":\"canvas.Screen\",\"sender_id\":\"7_1\",\"response\":\"4\",\"response_action\":\"click(0) @4\",\"correctResponse\":\"4\",\"correct\":true,\"ended_on\":\"response\",\"duration\":12513.045999966023,\"time_run\":79274.90999997826,\"time_render\":79268.288,\"time_show\":79318.224,\"time_end\":91831.26999996603,\"time_commit\":91832.38500001607,\"timestamp\":\"2021-04-26T19:26:35.276Z\",\"time_switch\":91870.41},{\"sender\":\"test03\",\"sender_type\":\"canvas.Screen\",\"sender_id\":\"7_2\",\"response\":\"6\",\"response_action\":\"click(0) @6\",\"correctResponse\":\"6\",\"correct\":true,\"ended_on\":\"response\",\"duration\":15460.884999981761,\"time_run\":91832.69000001019,\"time_render\":91820.466,\"time_show\":91870.41,\"time_end\":107331.29499998176,\"time_commit\":107332.65499997651,\"timestamp\":\"2021-04-26T19:26:50.777Z\",\"time_switch\":107369.195},{\"sender\":\"test04\",\"sender_type\":\"canvas.Screen\",\"sender_id\":\"7_3\",\"response\":\"2\",\"response_action\":\"click(0) @2\",\"correctResponse\":\"2\",\"correct\":true,\"ended_on\":\"response\",\"duration\":36320.19999999396,\"time_run\":107332.98999996623,\"time_render\":107320.526,\"time_show\":107369.195,\"time_end\":143689.39499999397,\"time_commit\":143690.5549999792,\"timestamp\":\"2021-04-26T19:27:27.135Z\",\"time_switch\":143727.245},{\"sender\":\"test05\",\"sender_type\":\"canvas.Screen\",\"sender_id\":\"7_4\",\"response\":\"4\",\"response_action\":\"click(0) @4\",\"correctResponse\":\"4\",\"correct\":true,\"ended_on\":\"response\",\"duration\":28780.210000013583,\"time_run\":143690.81499997992,\"time_render\":143677.313,\"time_show\":143727.245,\"time_end\":172507.45500001358,\"time_commit\":172508.73499998124,\"timestamp\":\"2021-04-26T19:27:55.953Z\",\"time_switch\":172544.001},{\"sender\":\"test06\",\"sender_type\":\"canvas.Screen\",\"sender_id\":\"7_5\",\"response\":\"7\",\"response_action\":\"click(0) @7\",\"correctResponse\":\"7\",\"correct\":true,\"ended_on\":\"response\",\"duration\":20151.393999987922,\"time_run\":172509.05499997316,\"time_render\":172494.129,\"time_show\":172544.001,\"time_end\":192695.3949999879,\"time_commit\":192696.4900000021,\"timestamp\":\"2021-04-26T19:28:16.141Z\",\"time_switch\":192737.362},{\"sender\":\"test07\",\"sender_type\":\"canvas.Screen\",\"sender_id\":\"7_6\",\"response\":\"3\",\"response_action\":\"click(0) @3\",\"correctResponse\":\"8\",\"correct\":false,\"ended_on\":\"response\",\"duration\":50684.072999967466,\"time_run\":192696.7500000028,\"time_render\":192687.466,\"time_show\":192737.362,\"time_end\":243421.43499996746,\"time_commit\":243422.5500000175,\"timestamp\":\"2021-04-26T19:29:06.867Z\",\"time_switch\":243478.863},{\"sender\":\"test08\",\"sender_type\":\"canvas.Screen\",\"sender_id\":\"7_7\",\"response\":\"7\",\"response_action\":\"click(0) @7\",\"correctResponse\":\"7\",\"correct\":true,\"ended_on\":\"response\",\"duration\":28098.741999998572,\"time_run\":243422.82999999588,\"time_render\":243412.431,\"time_show\":243478.863,\"time_end\":271577.6049999986,\"time_commit\":271578.6649999791,\"timestamp\":\"2021-04-26T19:29:35.023Z\",\"time_switch\":271613.187},{\"sender\":\"test09\",\"sender_type\":\"canvas.Screen\",\"sender_id\":\"7_8\",\"response\":\"2\",\"response_action\":\"click(0) @2\",\"correctResponse\":\"5\",\"correct\":false,\"ended_on\":\"response\",\"duration\":144992.4430000055,\"time_run\":271578.8900000043,\"time_render\":271564.295,\"time_show\":271613.187,\"time_end\":416605.6300000055,\"time_commit\":416606.9649999845,\"timestamp\":\"2021-04-26T19:32:00.052Z\",\"time_switch\":416662.371},{\"sender\":\"test10\",\"sender_type\":\"canvas.Screen\",\"sender_id\":\"7_9\",\"response\":\"8\",\"response_action\":\"click(0) @8\",\"correctResponse\":\"5\",\"correct\":false,\"ended_on\":\"response\",\"duration\":58935.368999997445,\"time_run\":416607.314999972,\"time_render\":416595.85,\"time_show\":416662.371,\"time_end\":475597.73999999743,\"time_commit\":475598.9749999717,\"timestamp\":\"2021-04-26T19:32:59.043Z\",\"time_switch\":475644.31},{\"sender\":\"test11\",\"sender_type\":\"canvas.Screen\",\"sender_id\":\"7_10\",\"response\":\"4\",\"response_action\":\"click(0) @4\",\"correctResponse\":\"4\",\"correct\":true,\"ended_on\":\"response\",\"duration\":43415.364999967685,\"time_run\":475599.22999999253,\"time_render\":475594.412,\"time_show\":475644.31,\"time_end\":519059.6749999677,\"time_commit\":519061.2899999833,\"timestamp\":\"2021-04-26T19:33:42.505Z\",\"time_switch\":519094.183},{\"sender\":\"test12\",\"sender_type\":\"canvas.Screen\",\"sender_id\":\"7_11\",\"response\":\"5\",\"response_action\":\"click(0) @5\",\"correctResponse\":\"1\",\"correct\":false,\"ended_on\":\"response\",\"duration\":56851.72199997137,\"time_run\":519061.6549999686,\"time_render\":519060.955,\"time_show\":519094.183,\"time_end\":575945.9049999714,\"time_commit\":575947.0149999834,\"timestamp\":\"2021-04-26T19:34:39.391Z\",\"time_switch\":575961.899},{\"sender\":\"tests (15min)\",\"sender_type\":\"flow.Sequence\",\"sender_id\":\"7\",\"ended_on\":\"completion\",\"duration\":523280.2699999714,\"time_run\":52649.924999976065,\"time_render\":52649.382,\"time_show\":52665.635,\"time_end\":575945.9049999714,\"time_commit\":575950.7800000138,\"timestamp\":\"2021-04-26T19:34:39.395Z\",\"time_switch\":575961.899},{\"sender\":\"good bye\",\"sender_type\":\"canvas.Screen\",\"sender_id\":\"8\",\"ended_on\":\"timeout\",\"duration\":3995.405000000028,\"time_run\":575951.0700000101,\"time_render\":575945.29,\"time_show\":575961.899,\"time_end\":579940.659,\"time_commit\":579941.5799999842,\"timestamp\":\"2021-04-26T19:34:43.386Z\",\"time_switch\":579957.304},{\"sender\":\"root\",\"sender_type\":\"flow.Sequence\",\"sender_id\":null,\"ended_on\":\"completion\",\"duration\":576734.646,\"time_run\":3203.255000000354,\"time_render\":2873.085,\"time_show\":3206.013,\"time_end\":579940.659,\"time_commit\":579942.3800000222,\"timestamp\":\"2021-04-26T19:34:43.386Z\",\"time_switch\":579957.304}]",
    "metadata": "{\"slice\":0,\"id\":\"98900814-969c-4107-bafb-f5431dc22d1a\",\"payload\":\"full\"}",
    "url": "https://exp01.zih.tu-dresden.de/experiments/raven_task/"
}