{
    "data": "[{\"url\":{},\"meta\":{\"labjs_version\":\"20.1.1\",\"labjs_build\":{\"flavor\":\"production\",\"commit\":\"cd5695f774968f50499757c1423bd95d033ea08e\"},\"location\":\"https://exp01.zih.tu-dresden.de/experiments/spot_a_word_task/\",\"userAgent\":\"Mozilla/5.0 (Windows NT 10.0; Win64; x64) AppleWebKit/537.36 (KHTML, like Gecko) Chrome/90.0.4430.85 Safari/537.36 Edg/90.0.818.46\",\"platform\":\"Win32\",\"language\":\"de\",\"locale\":\"de\",\"timeZone\":\"Europe/Berlin\",\"timezoneOffset\":-120,\"screen_width\":1280,\"screen_height\":720,\"scroll_width\":1829,\"scroll_height\":981,\"window_innerWidth\":1829,\"window_innerHeight\":1029,\"devicePixelRatio\":1.0499999523162842},\"sender\":\"start_html\",\"sender_type\":\"html.Screen\",\"sender_id\":\"0\",\"ended_on\":\"timeout\",\"duration\":5993.081,\"time_run\":1053.7599999806844,\"time_render\":986.774,\"time_show\":1053.366,\"time_end\":7029.805,\"time_commit\":7033.804999955464,\"timestamp\":\"2021-04-26T19:19:40.281Z\",\"time_switch\":7046.447},{\"sender\":\"manual_html\",\"sender_type\":\"html.Screen\",\"sender_id\":\"1\",\"response\":\"space\",\"response_action\":\"keypress(Space)\",\"ended_on\":\"response\",\"duration\":18853.02300000393,\"time_run\":7034.3749999883585,\"time_render\":7029.805,\"time_show\":7046.447,\"time_end\":25899.47000000393,\"time_commit\":25903.200000000652,\"timestamp\":\"2021-04-26T19:19:59.150Z\",\"time_switch\":25908.032},{\"sender\":\"example1_screen\",\"sender_type\":\"canvas.Screen\",\"sender_id\":\"2\",\"response\":\"4\",\"response_action\":\"keypress(4)\",\"correctResponse\":\"4\",\"correct\":true,\"ended_on\":\"response\",\"duration\":2179.712999967982,\"time_run\":25911.959999997634,\"time_render\":25894.002,\"time_show\":25908.032,\"time_end\":28087.74499996798,\"time_commit\":28089.034999953583,\"timestamp\":\"2021-04-26T19:20:01.336Z\",\"time_switch\":28105.539},{\"sender\":\"example1_feedback\",\"sender_type\":\"canvas.Screen\",\"sender_id\":\"3\",\"response\":\"Space\",\"response_action\":\"keypress(Space)\",\"ended_on\":\"response\",\"duration\":1838.9410000055686,\"time_run\":28094.78499996476,\"time_render\":28089.185,\"time_show\":28105.539,\"time_end\":29944.48000000557,\"time_commit\":29945.21499995608,\"timestamp\":\"2021-04-26T19:20:03.192Z\",\"time_switch\":29953.373},{\"sender\":\"example2_screen\",\"sender_type\":\"canvas.Screen\",\"sender_id\":\"4\",\"response\":\"5\",\"response_action\":\"keypress(5)\",\"correctResponse\":\"5\",\"correct\":true,\"ended_on\":\"response\",\"duration\":2177.431999964312,\"time_run\":29951.304999995045,\"time_render\":29936.982,\"time_show\":29953.373,\"time_end\":32130.80499996431,\"time_commit\":32131.67999999132,\"timestamp\":\"2021-04-26T19:20:05.379Z\",\"time_switch\":32150.837},{\"sender\":\"example2_feedback\",\"sender_type\":\"canvas.Screen\",\"sender_id\":\"5\",\"response\":\"Space\",\"response_action\":\"keypress(Space)\",\"ended_on\":\"response\",\"duration\":1000.1930000081775,\"time_run\":32136.68499997584,\"time_render\":32134.517,\"time_show\":32150.837,\"time_end\":33151.03000000818,\"time_commit\":33151.74499998102,\"timestamp\":\"2021-04-26T19:20:06.399Z\",\"time_switch\":33166.315},{\"sender\":\"example3_screen\",\"sender_type\":\"canvas.Screen\",\"sender_id\":\"6\",\"response\":\"1\",\"response_action\":\"keypress(1)\",\"correctResponse\":\"1\",\"correct\":true,\"ended_on\":\"response\",\"duration\":1388.9799999691895,\"time_run\":33156.14999999525,\"time_render\":33149.821,\"time_show\":33166.315,\"time_end\":34555.29499996919,\"time_commit\":34556.1549999984,\"timestamp\":\"2021-04-26T19:20:07.804Z\",\"time_switch\":34564.7},{\"sender\":\"example3_feedback\",\"sender_type\":\"canvas.Screen\",\"sender_id\":\"7\",\"response\":\"Space\",\"response_action\":\"keypress(Space)\",\"ended_on\":\"response\",\"duration\":996.3599999781727,\"time_run\":34561.264999967534,\"time_render\":34548.268,\"time_show\":34564.7,\"time_end\":35561.05999997817,\"time_commit\":35561.905000009574,\"timestamp\":\"2021-04-26T19:20:08.809Z\",\"time_switch\":35580.232},{\"sender\":\"get_ready_html\",\"sender_type\":\"html.Screen\",\"sender_id\":\"8\",\"response\":\"space\",\"response_action\":\"keypress(Space)\",\"ended_on\":\"response\",\"duration\":3080.197999988988,\"time_run\":35562.279999954626,\"time_render\":35563.707,\"time_show\":35580.232,\"time_end\":38660.42999998899,\"time_commit\":38661.16499999771,\"timestamp\":\"2021-04-26T19:20:11.909Z\",\"time_switch\":38759.879},{\"sender\":\"trial_screen\",\"sender_type\":\"canvas.Screen\",\"sender_id\":\"9_0\",\"correct\":true,\"trial_ID\":1,\"word1\":\"siziol\",\"word2\":\"salzahl\",\"word3\":\"sozihl\",\"word4\":\"sziam\",\"word5\":\"sozial\",\"response\":\"5\",\"response_action\":\"keypress(5)\",\"correctResponse\":\"5\",\"ended_on\":\"response\",\"duration\":1997.240999965652,\"time_run\":38755.13999996474,\"time_render\":38743.695,\"time_show\":38759.879,\"time_end\":40757.11999996565,\"time_commit\":40758.05499998387,\"timestamp\":\"2021-04-26T19:20:14.005Z\",\"time_switch\":40774.222},{\"sender\":\"trial_screen\",\"sender_type\":\"canvas.Screen\",\"sender_id\":\"9_1\",\"correct\":true,\"trial_ID\":2,\"word1\":\"Lamone\",\"word2\":\"Talane\",\"word3\":\"Matrone\",\"word4\":\"Tarone\",\"word5\":\"Malonte\",\"response\":\"3\",\"response_action\":\"keypress(3)\",\"correctResponse\":\"3\",\"ended_on\":\"response\",\"duration\":2593.5780000072627,\"time_run\":40764.039999980014,\"time_render\":40757.864,\"time_show\":40774.222,\"time_end\":43367.800000007264,\"time_commit\":43368.61999996472,\"timestamp\":\"2021-04-26T19:20:16.616Z\",\"time_switch\":43387.873},{\"sender\":\"trial_screen\",\"sender_type\":\"canvas.Screen\",\"sender_id\":\"9_2\",\"correct\":true,\"trial_ID\":3,\"word1\":\"kurinesisch\",\"word2\":\"kulinarisch\",\"word3\":\"kumenisch\",\"word4\":\"kulissarisch\",\"word5\":\"kannastrisch\",\"response\":\"2\",\"response_action\":\"keypress(2)\",\"correctResponse\":\"2\",\"ended_on\":\"response\",\"duration\":2168.482000007898,\"time_run\":43375.39999996079,\"time_render\":43371.661,\"time_show\":43387.873,\"time_end\":45556.3550000079,\"time_commit\":45557.339999999385,\"timestamp\":\"2021-04-26T19:20:18.805Z\",\"time_switch\":45568.676},{\"sender\":\"trial_screen\",\"sender_type\":\"canvas.Screen\",\"sender_id\":\"9_3\",\"correct\":true,\"trial_ID\":4,\"word1\":\"Tinxur\",\"word2\":\"Kukutur\",\"word3\":\"Fraktan\",\"word4\":\"Tinktur\",\"word5\":\"Rimsuhr\",\"response\":\"4\",\"response_action\":\"keypress(4)\",\"correctResponse\":\"4\",\"ended_on\":\"response\",\"duration\":2297.21399995729,\"time_run\":45562.67499999376,\"time_render\":45552.356,\"time_show\":45568.676,\"time_end\":47865.88999995729,\"time_commit\":47866.84499995317,\"timestamp\":\"2021-04-26T19:20:21.114Z\",\"time_switch\":47882.68},{\"sender\":\"trial_screen\",\"sender_type\":\"canvas.Screen\",\"sender_id\":\"9_4\",\"correct\":true,\"trial_ID\":5,\"word1\":\"beralen\",\"word2\":\"ger\u00e4ltet\",\"word3\":\"an\u00e4lteren\",\"word4\":\"unt\u00e4ren\",\"word5\":\"verbr\u00e4men\",\"response\":\"5\",\"response_action\":\"keypress(5)\",\"correctResponse\":\"5\",\"ended_on\":\"response\",\"duration\":3738.8350000061837,\"time_run\":47871.8499999959,\"time_render\":47866.38,\"time_show\":47882.68,\"time_end\":51621.515000006184,\"time_commit\":51622.67499999143,\"timestamp\":\"2021-04-26T19:20:24.870Z\",\"time_switch\":51645.083},{\"sender\":\"trial_screen\",\"sender_type\":\"canvas.Screen\",\"sender_id\":\"9_5\",\"correct\":true,\"trial_ID\":6,\"word1\":\"Rosto\",\"word2\":\"Torso\",\"word3\":\"Soro\",\"word4\":\"Torgos\",\"word5\":\"Tosor\",\"response\":\"2\",\"response_action\":\"keypress(2)\",\"correctResponse\":\"2\",\"ended_on\":\"response\",\"duration\":3067.5319999676285,\"time_run\":51629.16499999119,\"time_render\":51628.923,\"time_show\":51645.083,\"time_end\":54712.61499996763,\"time_commit\":54713.515000010375,\"timestamp\":\"2021-04-26T19:20:27.961Z\",\"time_switch\":54724.774},{\"sender\":\"trial_screen\",\"sender_type\":\"canvas.Screen\",\"sender_id\":\"9_6\",\"correct\":true,\"trial_ID\":7,\"word1\":\"Redor\",\"word2\":\"Radium\",\"word3\":\"Terion\",\"word4\":\"Dramin\",\"word5\":\"Orakium\",\"response\":\"2\",\"response_action\":\"keypress(2)\",\"correctResponse\":\"2\",\"ended_on\":\"response\",\"duration\":1220.235999966717,\"time_run\":54719.41999997944,\"time_render\":54708.601,\"time_show\":54724.774,\"time_end\":55945.009999966715,\"time_commit\":55945.724999997765,\"timestamp\":\"2021-04-26T19:20:29.193Z\",\"time_switch\":55956.698},{\"sender\":\"trial_screen\",\"sender_type\":\"canvas.Screen\",\"sender_id\":\"9_7\",\"correct\":true,\"trial_ID\":8,\"word1\":\"Nale\",\"word2\":\"Sahe\",\"word3\":\"Nase\",\"word4\":\"Nesa\",\"word5\":\"Sehna\",\"response\":\"3\",\"response_action\":\"keypress(3)\",\"correctResponse\":\"3\",\"ended_on\":\"response\",\"duration\":3739.272000000674,\"time_run\":55949.80000000214,\"time_render\":55940.255,\"time_show\":55956.698,\"time_end\":59695.97000000067,\"time_commit\":59696.69499999145,\"timestamp\":\"2021-04-26T19:20:32.944Z\",\"time_switch\":59702.364},{\"sender\":\"trial_screen\",\"sender_type\":\"canvas.Screen\",\"sender_id\":\"9_8\",\"correct\":false,\"trial_ID\":9,\"word1\":\"Rilkiase\",\"word2\":\"Kilister\",\"word3\":\"Riliker\",\"word4\":\"Klistier\",\"word5\":\"Linkure\",\"response\":\"2\",\"response_action\":\"keypress(2)\",\"correctResponse\":\"4\",\"ended_on\":\"response\",\"duration\":7486.585999981558,\"time_run\":59700.51999995485,\"time_render\":59686.284,\"time_show\":59702.364,\"time_end\":67188.94999998156,\"time_commit\":67190.2199999895,\"timestamp\":\"2021-04-26T19:20:40.438Z\",\"time_switch\":67210.393},{\"sender\":\"trial_screen\",\"sender_type\":\"canvas.Screen\",\"sender_id\":\"9_9\",\"correct\":true,\"trial_ID\":10,\"word1\":\"kentern\",\"word2\":\"knerte\",\"word3\":\"kanzen\",\"word4\":\"kretern\",\"word5\":\"trekern\",\"response\":\"1\",\"response_action\":\"keypress(1)\",\"correctResponse\":\"1\",\"ended_on\":\"response\",\"duration\":2065.6269999902433,\"time_run\":67195.84499998018,\"time_render\":67194.896,\"time_show\":67210.393,\"time_end\":69276.01999999024,\"time_commit\":69276.91999997478,\"timestamp\":\"2021-04-26T19:20:42.524Z\",\"time_switch\":69291.429},{\"sender\":\"trial_screen\",\"sender_type\":\"canvas.Screen\",\"sender_id\":\"9_10\",\"correct\":true,\"trial_ID\":11,\"word1\":\"Sorekin\",\"word2\":\"Sarowin\",\"word3\":\"Rosakin\",\"word4\":\"Narosin\",\"word5\":\"Kerosin\",\"response\":\"5\",\"response_action\":\"keypress(5)\",\"correctResponse\":\"5\",\"ended_on\":\"response\",\"duration\":2716.7159999706782,\"time_run\":69282.20499999588,\"time_render\":69274.981,\"time_show\":69291.429,\"time_end\":72008.14499997068,\"time_commit\":72009.44999995409,\"timestamp\":\"2021-04-26T19:20:45.257Z\",\"time_switch\":72021.49},{\"sender\":\"trial_screen\",\"sender_type\":\"canvas.Screen\",\"sender_id\":\"9_11\",\"correct\":true,\"trial_ID\":12,\"word1\":\"Ralke\",\"word2\":\"Korre\",\"word3\":\"Ruckse\",\"word4\":\"Recke\",\"word5\":\"Ulte\",\"response\":\"4\",\"response_action\":\"keypress(4)\",\"correctResponse\":\"4\",\"ended_on\":\"response\",\"duration\":3689.4299999831564,\"time_run\":72015.33999998355,\"time_render\":72005.307,\"time_show\":72021.49,\"time_end\":75710.91999998316,\"time_commit\":75711.77999995416,\"timestamp\":\"2021-04-26T19:20:48.959Z\",\"time_switch\":75734.481},{\"sender\":\"trial_screen\",\"sender_type\":\"canvas.Screen\",\"sender_id\":\"9_12\",\"correct\":true,\"trial_ID\":13,\"word1\":\"Kapaun\",\"word2\":\"Paukan\",\"word3\":\"Naupack\",\"word4\":\"Aupeck\",\"word5\":\"Ankepran\",\"response\":\"1\",\"response_action\":\"keypress(1)\",\"correctResponse\":\"1\",\"ended_on\":\"response\",\"duration\":3694.604000010673,\"time_run\":75716.58999996725,\"time_render\":75701.14,\"time_show\":75734.481,\"time_end\":79429.08500001067,\"time_commit\":79430.20499998238,\"timestamp\":\"2021-04-26T19:20:52.678Z\",\"time_switch\":79446.251},{\"sender\":\"trial_screen\",\"sender_type\":\"canvas.Screen\",\"sender_id\":\"9_13\",\"correct\":true,\"trial_ID\":14,\"word1\":\"Dissonanz\",\"word2\":\"Diskrisanz\",\"word3\":\"Distranz\",\"word4\":\"Dinotanz\",\"word5\":\"Sidonenz\",\"response\":\"1\",\"response_action\":\"keypress(1)\",\"correctResponse\":\"1\",\"ended_on\":\"response\",\"duration\":1660.4089999903663,\"time_run\":79436.02999998257,\"time_render\":79430.171,\"time_show\":79446.251,\"time_end\":81106.65999999037,\"time_commit\":81107.65999997966,\"timestamp\":\"2021-04-26T19:20:54.355Z\",\"time_switch\":81127.663},{\"sender\":\"trial_screen\",\"sender_type\":\"canvas.Screen\",\"sender_id\":\"9_14\",\"correct\":true,\"trial_ID\":15,\"word1\":\"Kirse\",\"word2\":\"Sirke\",\"word3\":\"Krise\",\"word4\":\"Krospe\",\"word5\":\"Seris\",\"response\":\"3\",\"response_action\":\"keypress(3)\",\"correctResponse\":\"3\",\"ended_on\":\"response\",\"duration\":2973.5569999531726,\"time_run\":81112.369999988,\"time_render\":81111.295,\"time_show\":81127.663,\"time_end\":84101.21999995317,\"time_commit\":84102.259999956,\"timestamp\":\"2021-04-26T19:20:57.350Z\",\"time_switch\":84107.541},{\"sender\":\"trial_screen\",\"sender_type\":\"canvas.Screen\",\"sender_id\":\"9_15\",\"correct\":true,\"trial_ID\":16,\"word1\":\"Tume\",\"word2\":\"Umat\",\"word3\":\"Maut\",\"word4\":\"Taum\",\"word5\":\"Muta\",\"response\":\"3\",\"response_action\":\"keypress(3)\",\"correctResponse\":\"3\",\"ended_on\":\"response\",\"duration\":2134.358999964519,\"time_run\":84106.21499997796,\"time_render\":84091.35,\"time_show\":84107.541,\"time_end\":86241.89999996452,\"time_commit\":86242.66499996884,\"timestamp\":\"2021-04-26T19:20:59.490Z\",\"time_switch\":86255.068},{\"sender\":\"trial_screen\",\"sender_type\":\"canvas.Screen\",\"sender_id\":\"9_16\",\"correct\":true,\"trial_ID\":17,\"word1\":\"Tuhl\",\"word2\":\"Lar\",\"word3\":\"Lest\",\"word4\":\"Dall\",\"word5\":\"Lid\",\"response\":\"5\",\"response_action\":\"keypress(5)\",\"correctResponse\":\"5\",\"ended_on\":\"response\",\"duration\":2359.6769999698445,\"time_run\":86246.57499999739,\"time_render\":86238.744,\"time_show\":86255.068,\"time_end\":88614.74499996984,\"time_commit\":88615.58499996318,\"timestamp\":\"2021-04-26T19:21:01.863Z\",\"time_switch\":88635.661},{\"sender\":\"trial_screen\",\"sender_type\":\"canvas.Screen\",\"sender_id\":\"9_17\",\"correct\":true,\"trial_ID\":18,\"word1\":\"Adept\",\"word2\":\"Padet\",\"word3\":\"Edapt\",\"word4\":\"Epatt\",\"word5\":\"Taped\",\"response\":\"1\",\"response_action\":\"keypress(1)\",\"correctResponse\":\"1\",\"ended_on\":\"response\",\"duration\":2882.1789999858884,\"time_run\":88619.94999996386,\"time_render\":88619.38,\"time_show\":88635.661,\"time_end\":91517.83999998588,\"time_commit\":91519.13999998942,\"timestamp\":\"2021-04-26T19:21:04.767Z\",\"time_switch\":91532.344},{\"sender\":\"trial_screen\",\"sender_type\":\"canvas.Screen\",\"sender_id\":\"9_18\",\"correct\":true,\"trial_ID\":19,\"word1\":\"Spirine\",\"word2\":\"Saprin\",\"word3\":\"Parsin\",\"word4\":\"Purin\",\"word5\":\"Asprint\",\"response\":\"4\",\"response_action\":\"keypress(4)\",\"correctResponse\":\"4\",\"ended_on\":\"response\",\"duration\":4662.045999960552,\"time_run\":91525.03999997862,\"time_render\":91516.093,\"time_show\":91532.344,\"time_end\":96194.38999996055,\"time_commit\":96195.23999997182,\"timestamp\":\"2021-04-26T19:21:09.442Z\",\"time_switch\":96210.37},{\"sender\":\"trial_screen\",\"sender_type\":\"canvas.Screen\",\"sender_id\":\"9_19\",\"correct\":false,\"trial_ID\":20,\"word1\":\"Kulon\",\"word2\":\"Solgun\",\"word3\":\"Koskan\",\"word4\":\"Soran\",\"word5\":\"Klonus\",\"response\":\"2\",\"response_action\":\"keypress(2)\",\"correctResponse\":\"5\",\"ended_on\":\"response\",\"duration\":5688.390000010957,\"time_run\":96200.03000000725,\"time_render\":96194.349,\"time_show\":96210.37,\"time_end\":101898.76000001095,\"time_commit\":101899.64499999769,\"timestamp\":\"2021-04-26T19:21:15.147Z\",\"time_switch\":101937.001},{\"sender\":\"trial_screen\",\"sender_type\":\"canvas.Screen\",\"sender_id\":\"9_20\",\"correct\":true,\"trial_ID\":21,\"word1\":\"Tronke\",\"word2\":\"Nocktherm\",\"word3\":\"Teronk\",\"word4\":\"Komtur\",\"word5\":\"Rocktur\",\"response\":\"4\",\"response_action\":\"keypress(4)\",\"correctResponse\":\"4\",\"ended_on\":\"response\",\"duration\":5389.063999972001,\"time_run\":101904.26999999909,\"time_render\":101920.325,\"time_show\":101937.001,\"time_end\":107326.064999972,\"time_commit\":107326.82499999646,\"timestamp\":\"2021-04-26T19:21:20.574Z\",\"time_switch\":107347.399},{\"sender\":\"trial_screen\",\"sender_type\":\"canvas.Screen\",\"sender_id\":\"9_21\",\"correct\":true,\"trial_ID\":22,\"word1\":\"Ripat\",\"word2\":\"Patinatte\",\"word3\":\"Tapir\",\"word4\":\"Apitt\",\"word5\":\"Padir\",\"response\":\"3\",\"response_action\":\"keypress(3)\",\"correctResponse\":\"3\",\"ended_on\":\"response\",\"duration\":3242.4610000073153,\"time_run\":107330.92999999644,\"time_render\":107314.922,\"time_show\":107347.399,\"time_end\":110589.86000000732,\"time_commit\":110590.89499997208,\"timestamp\":\"2021-04-26T19:21:23.838Z\",\"time_switch\":110610.329},{\"sender\":\"trial_screen\",\"sender_type\":\"canvas.Screen\",\"sender_id\":\"9_22\",\"correct\":true,\"trial_ID\":23,\"word1\":\"Akifer\",\"word2\":\"Fiaker\",\"word3\":\"Kiaffa\",\"word4\":\"Sariffer\",\"word5\":\"Refisker\",\"response\":\"2\",\"response_action\":\"keypress(2)\",\"correctResponse\":\"2\",\"ended_on\":\"response\",\"duration\":1685.2409999583906,\"time_run\":110596.53999999864,\"time_render\":110594.154,\"time_show\":110610.329,\"time_end\":112295.56999995839,\"time_commit\":112296.35499999858,\"timestamp\":\"2021-04-26T19:21:25.543Z\",\"time_switch\":112308.345},{\"sender\":\"trial_screen\",\"sender_type\":\"canvas.Screen\",\"sender_id\":\"9_23\",\"correct\":true,\"trial_ID\":24,\"word1\":\"Kleiber\",\"word2\":\"Beikel\",\"word3\":\"Keibel\",\"word4\":\"Reikler\",\"word5\":\"Biekerl\",\"response\":\"1\",\"response_action\":\"keypress(1)\",\"correctResponse\":\"1\",\"ended_on\":\"response\",\"duration\":3374.370000002644,\"time_run\":112300.33499997808,\"time_render\":112291.95,\"time_show\":112308.345,\"time_end\":115682.71500000264,\"time_commit\":115683.51499998244,\"timestamp\":\"2021-04-26T19:21:28.930Z\",\"time_switch\":115704.467},{\"sender\":\"trial_screen\",\"sender_type\":\"canvas.Screen\",\"sender_id\":\"9_24\",\"correct\":true,\"trial_ID\":25,\"word1\":\"Ig\u00e4de\",\"word2\":\"D\u00e4gie\",\"word3\":\"\u00c4gide\",\"word4\":\"Dig\u00e4de\",\"word5\":\"Giad\",\"response\":\"3\",\"response_action\":\"keypress(3)\",\"correctResponse\":\"3\",\"ended_on\":\"response\",\"duration\":2310.9079999590176,\"time_run\":115688.7299999944,\"time_render\":115688.295,\"time_show\":115704.467,\"time_end\":118015.37499995902,\"time_commit\":118016.08999999007,\"timestamp\":\"2021-04-26T19:21:31.263Z\",\"time_switch\":118035.095},{\"sender\":\"trial_screen\",\"sender_type\":\"canvas.Screen\",\"sender_id\":\"9_25\",\"correct\":true,\"trial_ID\":26,\"word1\":\"Rixal\",\"word2\":\"Irtax\",\"word3\":\"Rackizie\",\"word4\":\"Matrix\",\"word5\":\"Atrige\",\"response\":\"4\",\"response_action\":\"keypress(4)\",\"correctResponse\":\"4\",\"ended_on\":\"response\",\"duration\":2591.5049999595794,\"time_run\":118019.30499996524,\"time_render\":118018.762,\"time_show\":118035.095,\"time_end\":120626.59999995958,\"time_commit\":120627.44499999098,\"timestamp\":\"2021-04-26T19:21:33.874Z\",\"time_switch\":120648.718},{\"sender\":\"trial_screen\",\"sender_type\":\"canvas.Screen\",\"sender_id\":\"9_26\",\"correct\":true,\"trial_ID\":27,\"word1\":\"Haskisch\",\"word2\":\"Asmisch\",\"word3\":\"Schisma\",\"word4\":\"Rasthmie\",\"word5\":\"Ilschah\",\"response\":\"3\",\"response_action\":\"keypress(3)\",\"correctResponse\":\"3\",\"ended_on\":\"response\",\"duration\":1584.5870000015711,\"time_run\":120632.85999995423,\"time_render\":120632.51,\"time_show\":120648.718,\"time_end\":122233.30500000156,\"time_commit\":122234.15499995463,\"timestamp\":\"2021-04-26T19:21:35.481Z\",\"time_switch\":122246.913},{\"sender\":\"trial_screen\",\"sender_type\":\"canvas.Screen\",\"sender_id\":\"9_27\",\"correct\":true,\"trial_ID\":28,\"word1\":\"Sallose\",\"word2\":\"Lordose\",\"word3\":\"Dormase\",\"word4\":\"Rollase\",\"word5\":\"Ardierole\",\"response\":\"2\",\"response_action\":\"keypress(2)\",\"correctResponse\":\"2\",\"ended_on\":\"response\",\"duration\":3755.442000004172,\"time_run\":122238.95500000799,\"time_render\":122230.469,\"time_show\":122246.913,\"time_end\":126002.35500000417,\"time_commit\":126003.13999998616,\"timestamp\":\"2021-04-26T19:21:39.250Z\",\"time_switch\":126009.205},{\"sender\":\"trial_screen\",\"sender_type\":\"canvas.Screen\",\"sender_id\":\"9_28\",\"correct\":false,\"trial_ID\":29,\"word1\":\"Intranotion\",\"word2\":\"Infranatura\",\"word3\":\"Internodium\",\"word4\":\"Indotalie\",\"word5\":\"Indosta\",\"response\":\"1\",\"response_action\":\"keypress(1)\",\"correctResponse\":\"3\",\"ended_on\":\"response\",\"duration\":4527.349999998769,\"time_run\":126007.19999999274,\"time_render\":125993.14,\"time_show\":126009.205,\"time_end\":130536.55499999877,\"time_commit\":130537.30999998515,\"timestamp\":\"2021-04-26T19:21:43.784Z\",\"time_switch\":130553.971},{\"sender\":\"trial_screen\",\"sender_type\":\"canvas.Screen\",\"sender_id\":\"9_29\",\"correct\":false,\"trial_ID\":30,\"word1\":\"Idaste\",\"word2\":\"Dastrix\",\"word3\":\"Astike\",\"word4\":\"Sadile\",\"word5\":\"Kasside\",\"response\":\"2\",\"response_action\":\"keypress(2)\",\"correctResponse\":\"5\",\"ended_on\":\"response\",\"duration\":4401.833999975948,\"time_run\":130541.68500000378,\"time_render\":130538.002,\"time_show\":130553.971,\"time_end\":134955.80499997595,\"time_commit\":134956.59999997588,\"timestamp\":\"2021-04-26T19:21:48.204Z\",\"time_switch\":134965.651},{\"sender\":\"trial_screen\",\"sender_type\":\"canvas.Screen\",\"sender_id\":\"9_30\",\"correct\":false,\"trial_ID\":31,\"word1\":\"Libration\",\"word2\":\"Bilation\",\"word3\":\"Arlation\",\"word4\":\"Iberation\",\"word5\":\"Tiradon\",\"response\":\"3\",\"response_action\":\"keypress(3)\",\"correctResponse\":\"1\",\"ended_on\":\"response\",\"duration\":5026.443999994139,\"time_run\":134961.32000000216,\"time_render\":134949.559,\"time_show\":134965.651,\"time_end\":139992.09499999415,\"time_commit\":139993.5599999735,\"timestamp\":\"2021-04-26T19:21:53.240Z\",\"time_switch\":140009.746},{\"sender\":\"trial_screen\",\"sender_type\":\"canvas.Screen\",\"sender_id\":\"9_31\",\"correct\":true,\"trial_ID\":32,\"word1\":\"Pucker\",\"word2\":\"Keuper\",\"word3\":\"Eucker\",\"word4\":\"Reuspeck\",\"word5\":\"Urkane\",\"response\":\"2\",\"response_action\":\"keypress(2)\",\"correctResponse\":\"2\",\"ended_on\":\"response\",\"duration\":3082.853999974468,\"time_run\":139997.23999999696,\"time_render\":139993.835,\"time_show\":140009.746,\"time_end\":143092.59999997448,\"time_commit\":143093.92999997362,\"timestamp\":\"2021-04-26T19:21:56.341Z\",\"time_switch\":143106.13},{\"sender\":\"trial_screen\",\"sender_type\":\"canvas.Screen\",\"sender_id\":\"9_32\",\"correct\":false,\"trial_ID\":33,\"word1\":\"Sickaber\",\"word2\":\"Bassiker\",\"word3\":\"Kassiber\",\"word4\":\"Sassiker\",\"word5\":\"Askiber\",\"response\":\"2\",\"response_action\":\"keypress(2)\",\"correctResponse\":\"3\",\"ended_on\":\"response\",\"duration\":5408.809999964549,\"time_run\":143101.3699999894,\"time_render\":143089.962,\"time_show\":143106.13,\"time_end\":148514.93999996455,\"time_commit\":148516.59999997355,\"timestamp\":\"2021-04-26T19:22:01.764Z\",\"time_switch\":148533.251},{\"sender\":\"trial_screen\",\"sender_type\":\"canvas.Screen\",\"sender_id\":\"9_33\",\"correct\":false,\"trial_ID\":34,\"word1\":\"Alquallon\",\"word2\":\"Lisqualien\",\"word3\":\"Talquallen\",\"word4\":\"Quisquilien\",\"word5\":\"Rielquellen\",\"response\":\"5\",\"response_action\":\"keypress(5)\",\"correctResponse\":\"4\",\"ended_on\":\"response\",\"duration\":4426.648999958008,\"time_run\":148524.4749999838,\"time_render\":148517.386,\"time_show\":148533.251,\"time_end\":152959.899999958,\"time_commit\":152960.6550000026,\"timestamp\":\"2021-04-26T19:22:06.208Z\",\"time_switch\":152978.103},{\"sender\":\"trial_screen\",\"sender_type\":\"canvas.Screen\",\"sender_id\":\"9_34\",\"correct\":false,\"trial_ID\":35,\"word1\":\"Berkiza\",\"word2\":\"Brekzie\",\"word3\":\"Birakzie\",\"word4\":\"Brikazie\",\"word5\":\"Bakiria\",\"response\":\"4\",\"response_action\":\"keypress(4)\",\"correctResponse\":\"2\",\"ended_on\":\"response\",\"duration\":3164.0169999749633,\"time_run\":152964.554999955,\"time_render\":152962.358,\"time_show\":152978.103,\"time_end\":156142.11999997497,\"time_commit\":156143.1299999822,\"timestamp\":\"2021-04-26T19:22:09.390Z\",\"time_switch\":156157.757},{\"sender\":\"loop_trial\",\"sender_type\":\"flow.Loop\",\"sender_id\":\"9\",\"ended_on\":\"completion\",\"duration\":117382.24099997497,\"time_run\":38747.23499995889,\"time_render\":38743.695,\"time_show\":38759.879,\"time_end\":156142.11999997497,\"time_commit\":156146.7699999921,\"timestamp\":\"2021-04-26T19:22:09.394Z\",\"time_switch\":156157.757},{\"sender\":\"end_html\",\"sender_type\":\"html.Screen\",\"sender_id\":\"10\",\"ended_on\":\"timeout\",\"duration\":5993.0869999999995,\"time_run\":156147.28999999352,\"time_render\":156141.578,\"time_show\":156157.757,\"time_end\":162134.19,\"time_commit\":162137.94499996584,\"timestamp\":\"2021-04-26T19:22:15.385Z\",\"time_switch\":162150.844},{\"sender\":\"root\",\"sender_type\":\"flow.Sequence\",\"sender_id\":null,\"ended_on\":\"completion\",\"duration\":161080.824,\"time_run\":1053.0699999653734,\"time_render\":986.774,\"time_show\":1053.366,\"time_end\":162134.19,\"time_commit\":162138.6599999969,\"timestamp\":\"2021-04-26T19:22:15.386Z\",\"time_switch\":162150.844}]",
    "metadata": "{\"slice\":0,\"id\":\"3cd40afd-e991-4c2c-92c1-42d679be038f\",\"payload\":\"full\"}",
    "url": "https://exp01.zih.tu-dresden.de/experiments/spot_a_word_task/"
}