{
    "data": "[{\"url\":{},\"meta\":{\"labjs_version\":\"20.1.1\",\"labjs_build\":{\"flavor\":\"production\",\"commit\":\"cd5695f774968f50499757c1423bd95d033ea08e\"},\"location\":\"https://exp01.zih.tu-dresden.de/experiments/raven_task/\",\"userAgent\":\"Mozilla/5.0 (Windows NT 10.0; Win64; x64; rv:88.0) Gecko/20100101 Firefox/88.0\",\"platform\":\"Win32\",\"language\":\"de\",\"locale\":\"de-DE\",\"timeZone\":\"Europe/Berlin\",\"timezoneOffset\":-120,\"screen_width\":1536,\"screen_height\":864,\"scroll_width\":1536,\"scroll_height\":702,\"window_innerWidth\":1536,\"window_innerHeight\":750,\"devicePixelRatio\":1.25},\"sender\":\"welcome\",\"sender_type\":\"canvas.Screen\",\"sender_id\":\"0\",\"ended_on\":\"timeout\",\"duration\":7998.9800000000005,\"time_run\":5294,\"time_render\":5300.64,\"time_show\":5317.3,\"time_end\":13299.62,\"time_commit\":13302,\"timestamp\":\"2021-05-26T20:16:55.237Z\",\"time_switch\":13316.28},{\"sender\":\"instructions\",\"sender_type\":\"html.Page\",\"sender_id\":\"1\",\"response\":\"Space\",\"response_action\":\"keypress(Space)\",\"ended_on\":\"response\",\"duration\":32152.72,\"time_run\":13304,\"time_render\":13299.62,\"time_show\":13316.28,\"time_end\":45469,\"time_commit\":45482,\"timestamp\":\"2021-05-26T20:17:27.417Z\",\"time_switch\":45495.54},{\"sender\":\"example1\",\"sender_type\":\"canvas.Screen\",\"sender_id\":\"2\",\"response\":\"8\",\"response_action\":\"click(0) @8\",\"correctResponse\":\"8\",\"correct\":true,\"ended_on\":\"response\",\"duration\":9519.46,\"time_run\":45483,\"time_render\":45482.82,\"time_show\":45495.54,\"time_end\":55015,\"time_commit\":55022,\"timestamp\":\"2021-05-26T20:17:36.956Z\",\"time_switch\":55061},{\"sender\":\"example1_feedback\",\"sender_type\":\"canvas.Screen\",\"sender_id\":\"3\",\"response\":\"space\",\"response_action\":\"keypress(Space)\",\"ended_on\":\"response\",\"duration\":1672,\"time_run\":55030,\"time_render\":55044.34,\"time_show\":55061,\"time_end\":56733,\"time_commit\":56743,\"timestamp\":\"2021-05-26T20:17:38.677Z\",\"time_switch\":56760.7},{\"sender\":\"example2\",\"sender_type\":\"canvas.Screen\",\"sender_id\":\"4\",\"response\":\"4\",\"response_action\":\"click(0) @4\",\"correctResponse\":\"4\",\"correct\":true,\"ended_on\":\"response\",\"duration\":8739.300000000003,\"time_run\":56743,\"time_render\":56743.46,\"time_show\":56760.7,\"time_end\":65500,\"time_commit\":65512,\"timestamp\":\"2021-05-26T20:17:47.448Z\",\"time_switch\":65542.94},{\"sender\":\"example2_feedback\",\"sender_type\":\"canvas.Screen\",\"sender_id\":\"5\",\"response\":\"space\",\"response_action\":\"keypress(Space)\",\"ended_on\":\"response\",\"duration\":1519.0599999999977,\"time_run\":65518,\"time_render\":65526.28,\"time_show\":65542.94,\"time_end\":67062,\"time_commit\":67072,\"timestamp\":\"2021-05-26T20:17:49.006Z\",\"time_switch\":67076.14},{\"sender\":\"get ready\",\"sender_type\":\"canvas.Screen\",\"sender_id\":\"6\",\"response\":\"Space\",\"response_action\":\"keypress(Space)\",\"ended_on\":\"response\",\"duration\":5892.860000000001,\"time_run\":67072,\"time_render\":67072.92,\"time_show\":67076.14,\"time_end\":72969,\"time_commit\":72983,\"timestamp\":\"2021-05-26T20:17:54.918Z\",\"time_switch\":72991.98},{\"sender\":\"test01\",\"sender_type\":\"canvas.Screen\",\"sender_id\":\"7_0\",\"response\":\"7\",\"response_action\":\"click(0) @7\",\"correctResponse\":\"7\",\"correct\":true,\"ended_on\":\"response\",\"duration\":20054.020000000004,\"time_run\":72987,\"time_render\":72987.66,\"time_show\":72991.98,\"time_end\":93046,\"time_commit\":93053,\"timestamp\":\"2021-05-26T20:18:14.987Z\",\"time_switch\":93072.7},{\"sender\":\"test02\",\"sender_type\":\"canvas.Screen\",\"sender_id\":\"7_1\",\"response\":\"4\",\"response_action\":\"click(0) @4\",\"correctResponse\":\"4\",\"correct\":true,\"ended_on\":\"response\",\"duration\":23614.300000000003,\"time_run\":93053,\"time_render\":93056.14,\"time_show\":93072.7,\"time_end\":116687,\"time_commit\":116697,\"timestamp\":\"2021-05-26T20:18:38.632Z\",\"time_switch\":116719.74},{\"sender\":\"test03\",\"sender_type\":\"canvas.Screen\",\"sender_id\":\"7_2\",\"response\":\"6\",\"response_action\":\"click(0) @6\",\"correctResponse\":\"6\",\"correct\":true,\"ended_on\":\"response\",\"duration\":16138.259999999995,\"time_run\":116698,\"time_render\":116703.08,\"time_show\":116719.74,\"time_end\":132858,\"time_commit\":132877,\"timestamp\":\"2021-05-26T20:18:54.811Z\",\"time_switch\":132900.9},{\"sender\":\"test04\",\"sender_type\":\"canvas.Screen\",\"sender_id\":\"7_3\",\"response\":\"2\",\"response_action\":\"click(0) @2\",\"correctResponse\":\"2\",\"correct\":true,\"ended_on\":\"response\",\"duration\":40207.100000000006,\"time_run\":132877,\"time_render\":132884.34,\"time_show\":132900.9,\"time_end\":173108,\"time_commit\":173120,\"timestamp\":\"2021-05-26T20:19:35.055Z\",\"time_switch\":173145.8},{\"sender\":\"test05\",\"sender_type\":\"canvas.Screen\",\"sender_id\":\"7_4\",\"response\":\"4\",\"response_action\":\"click(0) @4\",\"correctResponse\":\"4\",\"correct\":true,\"ended_on\":\"response\",\"duration\":19245.20000000001,\"time_run\":173121,\"time_render\":173129.14,\"time_show\":173145.8,\"time_end\":192391,\"time_commit\":192409,\"timestamp\":\"2021-05-26T20:19:54.343Z\",\"time_switch\":192426.68},{\"sender\":\"test06\",\"sender_type\":\"canvas.Screen\",\"sender_id\":\"7_5\",\"response\":\"7\",\"response_action\":\"click(0) @7\",\"correctResponse\":\"7\",\"correct\":true,\"ended_on\":\"response\",\"duration\":71931.32,\"time_run\":192409,\"time_render\":192410,\"time_show\":192426.68,\"time_end\":264358,\"time_commit\":264369,\"timestamp\":\"2021-05-26T20:21:06.303Z\",\"time_switch\":264400.72},{\"sender\":\"test07\",\"sender_type\":\"canvas.Screen\",\"sender_id\":\"7_6\",\"response\":\"8\",\"response_action\":\"click(0) @8\",\"correctResponse\":\"8\",\"correct\":true,\"ended_on\":\"response\",\"duration\":52912.28000000003,\"time_run\":264370,\"time_render\":264384.06,\"time_show\":264400.72,\"time_end\":317313,\"time_commit\":317329,\"timestamp\":\"2021-05-26T20:21:59.263Z\",\"time_switch\":317360.56},{\"sender\":\"test08\",\"sender_type\":\"canvas.Screen\",\"sender_id\":\"7_7\",\"response\":\"7\",\"response_action\":\"click(0) @7\",\"correctResponse\":\"7\",\"correct\":true,\"ended_on\":\"response\",\"duration\":50216.44,\"time_run\":317330,\"time_render\":317343.9,\"time_show\":317360.56,\"time_end\":367577,\"time_commit\":367584,\"timestamp\":\"2021-05-26T20:22:49.518Z\",\"time_switch\":367604.16},{\"sender\":\"test09\",\"sender_type\":\"canvas.Screen\",\"sender_id\":\"7_8\",\"response\":\"5\",\"response_action\":\"click(0) @5\",\"correctResponse\":\"5\",\"correct\":true,\"ended_on\":\"response\",\"duration\":144816.84000000003,\"time_run\":367584,\"time_render\":367587.58,\"time_show\":367604.16,\"time_end\":512421,\"time_commit\":512431,\"timestamp\":\"2021-05-26T20:25:14.365Z\",\"time_switch\":512452.26},{\"sender\":\"test10\",\"sender_type\":\"canvas.Screen\",\"sender_id\":\"7_9\",\"response\":\"8\",\"response_action\":\"click(0) @8\",\"correctResponse\":\"5\",\"correct\":false,\"ended_on\":\"response\",\"duration\":103562.73999999999,\"time_run\":512432,\"time_render\":512435.64,\"time_show\":512452.26,\"time_end\":616015,\"time_commit\":616033,\"timestamp\":\"2021-05-26T20:26:57.968Z\",\"time_switch\":616055.72},{\"sender\":\"test11\",\"sender_type\":\"canvas.Screen\",\"sender_id\":\"7_10\",\"response\":\"4\",\"response_action\":\"click(0) @4\",\"correctResponse\":\"4\",\"correct\":true,\"ended_on\":\"response\",\"duration\":42491.28000000003,\"time_run\":616033,\"time_render\":616039.04,\"time_show\":616055.72,\"time_end\":658547,\"time_commit\":658566,\"timestamp\":\"2021-05-26T20:27:40.501Z\",\"time_switch\":658583.44},{\"sender\":\"test12\",\"sender_type\":\"canvas.Screen\",\"sender_id\":\"7_11\",\"response\":\"5\",\"response_action\":\"click(0) @5\",\"correctResponse\":\"1\",\"correct\":false,\"ended_on\":\"response\",\"duration\":49729.560000000056,\"time_run\":658567,\"time_render\":658566.78,\"time_show\":658583.44,\"time_end\":708313,\"time_commit\":708324,\"timestamp\":\"2021-05-26T20:28:30.259Z\",\"time_switch\":708343.76},{\"sender\":\"tests (15min)\",\"sender_type\":\"flow.Sequence\",\"sender_id\":\"7\",\"ended_on\":\"completion\",\"duration\":635321.02,\"time_run\":72986,\"time_render\":72987.66,\"time_show\":72991.98,\"time_end\":708313,\"time_commit\":708326,\"timestamp\":\"2021-05-26T20:28:30.261Z\",\"time_switch\":708343.76},{\"sender\":\"good bye\",\"sender_type\":\"canvas.Screen\",\"sender_id\":\"8\",\"ended_on\":\"timeout\",\"duration\":3999.4799999999814,\"time_run\":708327,\"time_render\":708327.14,\"time_show\":708343.76,\"time_end\":712326.58,\"time_commit\":712328,\"timestamp\":\"2021-05-26T20:28:34.262Z\",\"time_switch\":712343.24},{\"sender\":\"root\",\"sender_type\":\"flow.Sequence\",\"sender_id\":null,\"ended_on\":\"completion\",\"duration\":707009.2799999999,\"time_run\":5293,\"time_render\":5300.64,\"time_show\":5317.3,\"time_end\":712326.58,\"time_commit\":712328,\"timestamp\":\"2021-05-26T20:28:34.263Z\",\"time_switch\":712343.24}]",
    "metadata": "{\"slice\":0,\"id\":\"4696835e-7f2e-419c-927c-e6281ebaa8b1\",\"payload\":\"full\"}",
    "url": "https://exp01.zih.tu-dresden.de/experiments/raven_task/"
}