{
    "data": "[{\"url\":{},\"meta\":{\"labjs_version\":\"20.1.1\",\"labjs_build\":{\"flavor\":\"production\",\"commit\":\"cd5695f774968f50499757c1423bd95d033ea08e\"},\"location\":\"https://exp01.zih.tu-dresden.de/experiments/spot_a_word_task/\",\"userAgent\":\"Mozilla/5.0 (Windows NT 10.0; Win64; x64; rv:88.0) Gecko/20100101 Firefox/88.0\",\"platform\":\"Win32\",\"language\":\"de\",\"locale\":\"de-DE\",\"timeZone\":\"Europe/Berlin\",\"timezoneOffset\":-120,\"screen_width\":1536,\"screen_height\":864,\"scroll_width\":1536,\"scroll_height\":702,\"window_innerWidth\":1536,\"window_innerHeight\":750,\"devicePixelRatio\":1.25},\"sender\":\"start_html\",\"sender_type\":\"html.Screen\",\"sender_id\":\"0\",\"ended_on\":\"timeout\",\"duration\":5999.200000000001,\"time_run\":786,\"time_render\":830.16,\"time_show\":846.82,\"time_end\":6829.34,\"time_commit\":6831,\"timestamp\":\"2021-05-26T20:11:46.576Z\",\"time_switch\":6846.02},{\"sender\":\"manual_html\",\"sender_type\":\"html.Screen\",\"sender_id\":\"1\",\"response\":\"space\",\"response_action\":\"keypress(Space)\",\"ended_on\":\"response\",\"duration\":25343.98,\"time_run\":6832,\"time_render\":6829.34,\"time_show\":6846.02,\"time_end\":32190,\"time_commit\":32209,\"timestamp\":\"2021-05-26T20:12:11.952Z\",\"time_switch\":32242.88},{\"sender\":\"example1_screen\",\"sender_type\":\"canvas.Screen\",\"sender_id\":\"2\",\"response\":\"4\",\"response_action\":\"keypress(4)\",\"correctResponse\":\"4\",\"correct\":true,\"ended_on\":\"response\",\"duration\":2134.119999999999,\"time_run\":32228,\"time_render\":32229.24,\"time_show\":32242.88,\"time_end\":34377,\"time_commit\":34389,\"timestamp\":\"2021-05-26T20:12:14.134Z\",\"time_switch\":34409.22},{\"sender\":\"example1_feedback\",\"sender_type\":\"canvas.Screen\",\"sender_id\":\"3\",\"response\":\"Space\",\"response_action\":\"keypress(Space)\",\"ended_on\":\"response\",\"duration\":1702.7799999999988,\"time_run\":34398,\"time_render\":34398.68,\"time_show\":34409.22,\"time_end\":36112,\"time_commit\":36125,\"timestamp\":\"2021-05-26T20:12:15.869Z\",\"time_switch\":36142.38},{\"sender\":\"example2_screen\",\"sender_type\":\"canvas.Screen\",\"sender_id\":\"4\",\"response\":\"5\",\"response_action\":\"keypress(5)\",\"correctResponse\":\"5\",\"correct\":true,\"ended_on\":\"response\",\"duration\":1672.6200000000026,\"time_run\":36133,\"time_render\":36133.22,\"time_show\":36142.38,\"time_end\":37815,\"time_commit\":37820,\"timestamp\":\"2021-05-26T20:12:17.565Z\",\"time_switch\":37842.14},{\"sender\":\"example2_feedback\",\"sender_type\":\"canvas.Screen\",\"sender_id\":\"5\",\"response\":\"Space\",\"response_action\":\"keypress(Space)\",\"ended_on\":\"response\",\"duration\":2065.8600000000006,\"time_run\":37827,\"time_render\":37826.98,\"time_show\":37842.14,\"time_end\":39908,\"time_commit\":39916,\"timestamp\":\"2021-05-26T20:12:19.660Z\",\"time_switch\":39925.16},{\"sender\":\"example3_screen\",\"sender_type\":\"canvas.Screen\",\"sender_id\":\"6\",\"response\":\"1\",\"response_action\":\"keypress(1)\",\"correctResponse\":\"1\",\"correct\":true,\"ended_on\":\"response\",\"duration\":1747.8399999999965,\"time_run\":39922,\"time_render\":39922.74,\"time_show\":39925.16,\"time_end\":41673,\"time_commit\":41691,\"timestamp\":\"2021-05-26T20:12:21.435Z\",\"time_switch\":41708.38},{\"sender\":\"example3_feedback\",\"sender_type\":\"canvas.Screen\",\"sender_id\":\"7\",\"response\":\"Space\",\"response_action\":\"keypress(Space)\",\"ended_on\":\"response\",\"duration\":2168.6200000000026,\"time_run\":41696,\"time_render\":41699.7,\"time_show\":41708.38,\"time_end\":43877,\"time_commit\":43893,\"timestamp\":\"2021-05-26T20:12:23.638Z\",\"time_switch\":43908},{\"sender\":\"get_ready_html\",\"sender_type\":\"html.Screen\",\"sender_id\":\"8\",\"response\":\"space\",\"response_action\":\"keypress(Space)\",\"ended_on\":\"response\",\"duration\":4501,\"time_run\":43894,\"time_render\":43894.2,\"time_show\":43908,\"time_end\":48409,\"time_commit\":48423,\"timestamp\":\"2021-05-26T20:12:28.166Z\",\"time_switch\":48474.04},{\"sender\":\"trial_screen\",\"sender_type\":\"canvas.Screen\",\"sender_id\":\"9_0\",\"correct\":true,\"trial_ID\":1,\"word1\":\"siziol\",\"word2\":\"salzahl\",\"word3\":\"sozihl\",\"word4\":\"sziam\",\"word5\":\"sozial\",\"response\":\"5\",\"response_action\":\"keypress(5)\",\"correctResponse\":\"5\",\"ended_on\":\"response\",\"duration\":1949.9599999999991,\"time_run\":48472,\"time_render\":48471.76,\"time_show\":48474.04,\"time_end\":50424,\"time_commit\":50431,\"timestamp\":\"2021-05-26T20:12:30.176Z\",\"time_switch\":50440.54},{\"sender\":\"trial_screen\",\"sender_type\":\"canvas.Screen\",\"sender_id\":\"9_1\",\"correct\":true,\"trial_ID\":2,\"word1\":\"Lamone\",\"word2\":\"Talane\",\"word3\":\"Matrone\",\"word4\":\"Tarone\",\"word5\":\"Malonte\",\"response\":\"3\",\"response_action\":\"keypress(3)\",\"correctResponse\":\"3\",\"ended_on\":\"response\",\"duration\":4202.459999999999,\"time_run\":50439,\"time_render\":50439.26,\"time_show\":50440.54,\"time_end\":54643,\"time_commit\":54649,\"timestamp\":\"2021-05-26T20:12:34.393Z\",\"time_switch\":54673.28},{\"sender\":\"trial_screen\",\"sender_type\":\"canvas.Screen\",\"sender_id\":\"9_2\",\"correct\":true,\"trial_ID\":3,\"word1\":\"kurinesisch\",\"word2\":\"kulinarisch\",\"word3\":\"kumenisch\",\"word4\":\"kulissarisch\",\"word5\":\"kannastrisch\",\"response\":\"2\",\"response_action\":\"keypress(2)\",\"correctResponse\":\"2\",\"ended_on\":\"response\",\"duration\":1922.7200000000012,\"time_run\":54659,\"time_render\":54658.88,\"time_show\":54673.28,\"time_end\":56596,\"time_commit\":56612,\"timestamp\":\"2021-05-26T20:12:36.356Z\",\"time_switch\":56623.06},{\"sender\":\"trial_screen\",\"sender_type\":\"canvas.Screen\",\"sender_id\":\"9_3\",\"correct\":true,\"trial_ID\":4,\"word1\":\"Tinxur\",\"word2\":\"Kukutur\",\"word3\":\"Fraktan\",\"word4\":\"Tinktur\",\"word5\":\"Rimsuhr\",\"response\":\"4\",\"response_action\":\"keypress(4)\",\"correctResponse\":\"4\",\"ended_on\":\"response\",\"duration\":1941.9400000000023,\"time_run\":56618,\"time_render\":56618.44,\"time_show\":56623.06,\"time_end\":58565,\"time_commit\":58573,\"timestamp\":\"2021-05-26T20:12:38.317Z\",\"time_switch\":58589.48},{\"sender\":\"trial_screen\",\"sender_type\":\"canvas.Screen\",\"sender_id\":\"9_4\",\"correct\":true,\"trial_ID\":5,\"word1\":\"beralen\",\"word2\":\"ger\u00e4ltet\",\"word3\":\"an\u00e4lteren\",\"word4\":\"unt\u00e4ren\",\"word5\":\"verbr\u00e4men\",\"response\":\"5\",\"response_action\":\"keypress(5)\",\"correctResponse\":\"5\",\"ended_on\":\"response\",\"duration\":3006.519999999997,\"time_run\":58585,\"time_render\":58585.5,\"time_show\":58589.48,\"time_end\":61596,\"time_commit\":61601,\"timestamp\":\"2021-05-26T20:12:41.346Z\",\"time_switch\":61622.36},{\"sender\":\"trial_screen\",\"sender_type\":\"canvas.Screen\",\"sender_id\":\"9_5\",\"correct\":true,\"trial_ID\":6,\"word1\":\"Rosto\",\"word2\":\"Torso\",\"word3\":\"Soro\",\"word4\":\"Torgos\",\"word5\":\"Tosor\",\"response\":\"2\",\"response_action\":\"keypress(2)\",\"correctResponse\":\"2\",\"ended_on\":\"response\",\"duration\":1895.6399999999994,\"time_run\":61607,\"time_render\":61607.78,\"time_show\":61622.36,\"time_end\":63518,\"time_commit\":63528,\"timestamp\":\"2021-05-26T20:12:43.273Z\",\"time_switch\":63538.88},{\"sender\":\"trial_screen\",\"sender_type\":\"canvas.Screen\",\"sender_id\":\"9_6\",\"correct\":true,\"trial_ID\":7,\"word1\":\"Redor\",\"word2\":\"Radium\",\"word3\":\"Terion\",\"word4\":\"Dramin\",\"word5\":\"Orakium\",\"response\":\"2\",\"response_action\":\"keypress(2)\",\"correctResponse\":\"2\",\"ended_on\":\"response\",\"duration\":1760.1200000000026,\"time_run\":63533,\"time_render\":63534.28,\"time_show\":63538.88,\"time_end\":65299,\"time_commit\":65305,\"timestamp\":\"2021-05-26T20:12:45.049Z\",\"time_switch\":65321.86},{\"sender\":\"trial_screen\",\"sender_type\":\"canvas.Screen\",\"sender_id\":\"9_7\",\"correct\":true,\"trial_ID\":8,\"word1\":\"Nale\",\"word2\":\"Sahe\",\"word3\":\"Nase\",\"word4\":\"Nesa\",\"word5\":\"Sehna\",\"response\":\"3\",\"response_action\":\"keypress(3)\",\"correctResponse\":\"3\",\"ended_on\":\"response\",\"duration\":1898.1399999999994,\"time_run\":65311,\"time_render\":65311.58,\"time_show\":65321.86,\"time_end\":67220,\"time_commit\":67226,\"timestamp\":\"2021-05-26T20:12:46.970Z\",\"time_switch\":67238.34},{\"sender\":\"trial_screen\",\"sender_type\":\"canvas.Screen\",\"sender_id\":\"9_8\",\"correct\":true,\"trial_ID\":9,\"word1\":\"Rilkiase\",\"word2\":\"Kilister\",\"word3\":\"Riliker\",\"word4\":\"Klistier\",\"word5\":\"Linkure\",\"response\":\"4\",\"response_action\":\"keypress(4)\",\"correctResponse\":\"4\",\"ended_on\":\"response\",\"duration\":4778.6600000000035,\"time_run\":67231,\"time_render\":67232.24,\"time_show\":67238.34,\"time_end\":72017,\"time_commit\":72031,\"timestamp\":\"2021-05-26T20:12:51.776Z\",\"time_switch\":72054.4},{\"sender\":\"trial_screen\",\"sender_type\":\"canvas.Screen\",\"sender_id\":\"9_9\",\"correct\":true,\"trial_ID\":10,\"word1\":\"kentern\",\"word2\":\"knerte\",\"word3\":\"kanzen\",\"word4\":\"kretern\",\"word5\":\"trekern\",\"response\":\"1\",\"response_action\":\"keypress(1)\",\"correctResponse\":\"1\",\"ended_on\":\"response\",\"duration\":2854.600000000006,\"time_run\":72040,\"time_render\":72040.76,\"time_show\":72054.4,\"time_end\":74909,\"time_commit\":74921,\"timestamp\":\"2021-05-26T20:12:54.665Z\",\"time_switch\":74937.36},{\"sender\":\"trial_screen\",\"sender_type\":\"canvas.Screen\",\"sender_id\":\"9_10\",\"correct\":true,\"trial_ID\":11,\"word1\":\"Sorekin\",\"word2\":\"Sarowin\",\"word3\":\"Rosakin\",\"word4\":\"Narosin\",\"word5\":\"Kerosin\",\"response\":\"5\",\"response_action\":\"keypress(5)\",\"correctResponse\":\"5\",\"ended_on\":\"response\",\"duration\":3346.6399999999994,\"time_run\":74931,\"time_render\":74931.08,\"time_show\":74937.36,\"time_end\":78284,\"time_commit\":78294,\"timestamp\":\"2021-05-26T20:12:58.039Z\",\"time_switch\":78303.58},{\"sender\":\"trial_screen\",\"sender_type\":\"canvas.Screen\",\"sender_id\":\"9_11\",\"correct\":true,\"trial_ID\":12,\"word1\":\"Ralke\",\"word2\":\"Korre\",\"word3\":\"Ruckse\",\"word4\":\"Recke\",\"word5\":\"Ulte\",\"response\":\"4\",\"response_action\":\"keypress(4)\",\"correctResponse\":\"4\",\"ended_on\":\"response\",\"duration\":3027.4199999999983,\"time_run\":78301,\"time_render\":78300.78,\"time_show\":78303.58,\"time_end\":81331,\"time_commit\":81344,\"timestamp\":\"2021-05-26T20:13:01.089Z\",\"time_switch\":81353.16},{\"sender\":\"trial_screen\",\"sender_type\":\"canvas.Screen\",\"sender_id\":\"9_12\",\"correct\":true,\"trial_ID\":13,\"word1\":\"Kapaun\",\"word2\":\"Paukan\",\"word3\":\"Naupack\",\"word4\":\"Aupeck\",\"word5\":\"Ankepran\",\"response\":\"1\",\"response_action\":\"keypress(1)\",\"correctResponse\":\"1\",\"ended_on\":\"response\",\"duration\":3617.8399999999965,\"time_run\":81351,\"time_render\":81351.18,\"time_show\":81353.16,\"time_end\":84971,\"time_commit\":84980,\"timestamp\":\"2021-05-26T20:13:04.725Z\",\"time_switch\":85002.72},{\"sender\":\"trial_screen\",\"sender_type\":\"canvas.Screen\",\"sender_id\":\"9_13\",\"correct\":true,\"trial_ID\":14,\"word1\":\"Dissonanz\",\"word2\":\"Diskrisanz\",\"word3\":\"Distranz\",\"word4\":\"Dinotanz\",\"word5\":\"Sidonenz\",\"response\":\"1\",\"response_action\":\"keypress(1)\",\"correctResponse\":\"1\",\"ended_on\":\"response\",\"duration\":2593.279999999999,\"time_run\":84987,\"time_render\":84987.78,\"time_show\":85002.72,\"time_end\":87596,\"time_commit\":87605,\"timestamp\":\"2021-05-26T20:13:07.350Z\",\"time_switch\":87619.14},{\"sender\":\"trial_screen\",\"sender_type\":\"canvas.Screen\",\"sender_id\":\"9_14\",\"correct\":true,\"trial_ID\":15,\"word1\":\"Kirse\",\"word2\":\"Sirke\",\"word3\":\"Krise\",\"word4\":\"Krospe\",\"word5\":\"Seris\",\"response\":\"3\",\"response_action\":\"keypress(3)\",\"correctResponse\":\"3\",\"ended_on\":\"response\",\"duration\":2461.8600000000006,\"time_run\":87612,\"time_render\":87612.3,\"time_show\":87619.14,\"time_end\":90081,\"time_commit\":90091,\"timestamp\":\"2021-05-26T20:13:09.835Z\",\"time_switch\":90102.06},{\"sender\":\"trial_screen\",\"sender_type\":\"canvas.Screen\",\"sender_id\":\"9_15\",\"correct\":true,\"trial_ID\":16,\"word1\":\"Tume\",\"word2\":\"Umat\",\"word3\":\"Maut\",\"word4\":\"Taum\",\"word5\":\"Muta\",\"response\":\"3\",\"response_action\":\"keypress(3)\",\"correctResponse\":\"3\",\"ended_on\":\"response\",\"duration\":1492.9400000000023,\"time_run\":90096,\"time_render\":90097.22,\"time_show\":90102.06,\"time_end\":91595,\"time_commit\":91612,\"timestamp\":\"2021-05-26T20:13:11.356Z\",\"time_switch\":91635.2},{\"sender\":\"trial_screen\",\"sender_type\":\"canvas.Screen\",\"sender_id\":\"9_16\",\"correct\":true,\"trial_ID\":17,\"word1\":\"Tuhl\",\"word2\":\"Lar\",\"word3\":\"Lest\",\"word4\":\"Dall\",\"word5\":\"Lid\",\"response\":\"5\",\"response_action\":\"keypress(5)\",\"correctResponse\":\"5\",\"ended_on\":\"response\",\"duration\":3617.800000000003,\"time_run\":91619,\"time_render\":91618.86,\"time_show\":91635.2,\"time_end\":95253,\"time_commit\":95266,\"timestamp\":\"2021-05-26T20:13:15.011Z\",\"time_switch\":95284.74},{\"sender\":\"trial_screen\",\"sender_type\":\"canvas.Screen\",\"sender_id\":\"9_17\",\"correct\":true,\"trial_ID\":18,\"word1\":\"Adept\",\"word2\":\"Padet\",\"word3\":\"Edapt\",\"word4\":\"Epatt\",\"word5\":\"Taped\",\"response\":\"1\",\"response_action\":\"keypress(1)\",\"correctResponse\":\"1\",\"ended_on\":\"response\",\"duration\":2702.2599999999948,\"time_run\":95273,\"time_render\":95273.46,\"time_show\":95284.74,\"time_end\":97987,\"time_commit\":98006,\"timestamp\":\"2021-05-26T20:13:17.750Z\",\"time_switch\":98017.76},{\"sender\":\"trial_screen\",\"sender_type\":\"canvas.Screen\",\"sender_id\":\"9_18\",\"correct\":true,\"trial_ID\":19,\"word1\":\"Spirine\",\"word2\":\"Saprin\",\"word3\":\"Parsin\",\"word4\":\"Purin\",\"word5\":\"Asprint\",\"response\":\"4\",\"response_action\":\"keypress(4)\",\"correctResponse\":\"4\",\"ended_on\":\"response\",\"duration\":3687.2400000000052,\"time_run\":98012,\"time_render\":98012.38,\"time_show\":98017.76,\"time_end\":101705,\"time_commit\":101712,\"timestamp\":\"2021-05-26T20:13:21.456Z\",\"time_switch\":101733.88},{\"sender\":\"trial_screen\",\"sender_type\":\"canvas.Screen\",\"sender_id\":\"9_19\",\"correct\":false,\"trial_ID\":20,\"word1\":\"Kulon\",\"word2\":\"Solgun\",\"word3\":\"Koskan\",\"word4\":\"Soran\",\"word5\":\"Klonus\",\"response\":\"1\",\"response_action\":\"keypress(1)\",\"correctResponse\":\"5\",\"ended_on\":\"response\",\"duration\":4315.119999999995,\"time_run\":101717,\"time_render\":101717.4,\"time_show\":101733.88,\"time_end\":106049,\"time_commit\":106067,\"timestamp\":\"2021-05-26T20:13:25.811Z\",\"time_switch\":106083.36},{\"sender\":\"trial_screen\",\"sender_type\":\"canvas.Screen\",\"sender_id\":\"9_20\",\"correct\":false,\"trial_ID\":21,\"word1\":\"Tronke\",\"word2\":\"Nocktherm\",\"word3\":\"Teronk\",\"word4\":\"Komtur\",\"word5\":\"Rocktur\",\"response\":\"5\",\"response_action\":\"keypress(5)\",\"correctResponse\":\"4\",\"ended_on\":\"response\",\"duration\":3402.6399999999994,\"time_run\":106073,\"time_render\":106073.26,\"time_show\":106083.36,\"time_end\":109486,\"time_commit\":109491,\"timestamp\":\"2021-05-26T20:13:29.236Z\",\"time_switch\":109499.54},{\"sender\":\"trial_screen\",\"sender_type\":\"canvas.Screen\",\"sender_id\":\"9_21\",\"correct\":true,\"trial_ID\":22,\"word1\":\"Ripat\",\"word2\":\"Patinatte\",\"word3\":\"Tapir\",\"word4\":\"Apitt\",\"word5\":\"Padir\",\"response\":\"3\",\"response_action\":\"keypress(3)\",\"correctResponse\":\"3\",\"ended_on\":\"response\",\"duration\":1534.4600000000064,\"time_run\":109497,\"time_render\":109497.6,\"time_show\":109499.54,\"time_end\":111034,\"time_commit\":111050,\"timestamp\":\"2021-05-26T20:13:30.795Z\",\"time_switch\":111066.18},{\"sender\":\"trial_screen\",\"sender_type\":\"canvas.Screen\",\"sender_id\":\"9_22\",\"correct\":true,\"trial_ID\":23,\"word1\":\"Akifer\",\"word2\":\"Fiaker\",\"word3\":\"Kiaffa\",\"word4\":\"Sariffer\",\"word5\":\"Refisker\",\"response\":\"2\",\"response_action\":\"keypress(2)\",\"correctResponse\":\"2\",\"ended_on\":\"response\",\"duration\":1795.820000000007,\"time_run\":111058,\"time_render\":111058.96,\"time_show\":111066.18,\"time_end\":112862,\"time_commit\":112868,\"timestamp\":\"2021-05-26T20:13:32.612Z\",\"time_switch\":112882.56},{\"sender\":\"trial_screen\",\"sender_type\":\"canvas.Screen\",\"sender_id\":\"9_23\",\"correct\":true,\"trial_ID\":24,\"word1\":\"Kleiber\",\"word2\":\"Beikel\",\"word3\":\"Keibel\",\"word4\":\"Reikler\",\"word5\":\"Biekerl\",\"response\":\"1\",\"response_action\":\"keypress(1)\",\"correctResponse\":\"1\",\"ended_on\":\"response\",\"duration\":1557.4400000000023,\"time_run\":112874,\"time_render\":112874.52,\"time_show\":112882.56,\"time_end\":114440,\"time_commit\":114445,\"timestamp\":\"2021-05-26T20:13:34.189Z\",\"time_switch\":114465.6},{\"sender\":\"trial_screen\",\"sender_type\":\"canvas.Screen\",\"sender_id\":\"9_24\",\"correct\":true,\"trial_ID\":25,\"word1\":\"Ig\u00e4de\",\"word2\":\"D\u00e4gie\",\"word3\":\"\u00c4gide\",\"word4\":\"Dig\u00e4de\",\"word5\":\"Giad\",\"response\":\"3\",\"response_action\":\"keypress(3)\",\"correctResponse\":\"3\",\"ended_on\":\"response\",\"duration\":2240.399999999994,\"time_run\":114450,\"time_render\":114450.76,\"time_show\":114465.6,\"time_end\":116706,\"time_commit\":116730,\"timestamp\":\"2021-05-26T20:13:36.475Z\",\"time_switch\":116748.7},{\"sender\":\"trial_screen\",\"sender_type\":\"canvas.Screen\",\"sender_id\":\"9_25\",\"correct\":true,\"trial_ID\":26,\"word1\":\"Rixal\",\"word2\":\"Irtax\",\"word3\":\"Rackizie\",\"word4\":\"Matrix\",\"word5\":\"Atrige\",\"response\":\"4\",\"response_action\":\"keypress(4)\",\"correctResponse\":\"4\",\"ended_on\":\"response\",\"duration\":1988.300000000003,\"time_run\":116743,\"time_render\":116743.66,\"time_show\":116748.7,\"time_end\":118737,\"time_commit\":118752,\"timestamp\":\"2021-05-26T20:13:38.497Z\",\"time_switch\":118765.2},{\"sender\":\"trial_screen\",\"sender_type\":\"canvas.Screen\",\"sender_id\":\"9_26\",\"correct\":true,\"trial_ID\":27,\"word1\":\"Haskisch\",\"word2\":\"Asmisch\",\"word3\":\"Schisma\",\"word4\":\"Rasthmie\",\"word5\":\"Ilschah\",\"response\":\"3\",\"response_action\":\"keypress(3)\",\"correctResponse\":\"3\",\"ended_on\":\"response\",\"duration\":5252.800000000003,\"time_run\":118760,\"time_render\":118760.54,\"time_show\":118765.2,\"time_end\":124018,\"time_commit\":124033,\"timestamp\":\"2021-05-26T20:13:43.777Z\",\"time_switch\":124047.66},{\"sender\":\"trial_screen\",\"sender_type\":\"canvas.Screen\",\"sender_id\":\"9_27\",\"correct\":true,\"trial_ID\":28,\"word1\":\"Sallose\",\"word2\":\"Lordose\",\"word3\":\"Dormase\",\"word4\":\"Rollase\",\"word5\":\"Ardierole\",\"response\":\"2\",\"response_action\":\"keypress(2)\",\"correctResponse\":\"2\",\"ended_on\":\"response\",\"duration\":4611.3399999999965,\"time_run\":124044,\"time_render\":124045.04,\"time_show\":124047.66,\"time_end\":128659,\"time_commit\":128662,\"timestamp\":\"2021-05-26T20:13:48.407Z\",\"time_switch\":128680.48},{\"sender\":\"trial_screen\",\"sender_type\":\"canvas.Screen\",\"sender_id\":\"9_28\",\"correct\":false,\"trial_ID\":29,\"word1\":\"Intranotion\",\"word2\":\"Infranatura\",\"word3\":\"Internodium\",\"word4\":\"Indotalie\",\"word5\":\"Indosta\",\"response\":\"1\",\"response_action\":\"keypress(1)\",\"correctResponse\":\"3\",\"ended_on\":\"response\",\"duration\":5603.520000000004,\"time_run\":128670,\"time_render\":128670.66,\"time_show\":128680.48,\"time_end\":134284,\"time_commit\":134300,\"timestamp\":\"2021-05-26T20:13:54.044Z\",\"time_switch\":134313.12},{\"sender\":\"trial_screen\",\"sender_type\":\"canvas.Screen\",\"sender_id\":\"9_29\",\"correct\":true,\"trial_ID\":30,\"word1\":\"Idaste\",\"word2\":\"Dastrix\",\"word3\":\"Astike\",\"word4\":\"Sadile\",\"word5\":\"Kasside\",\"response\":\"5\",\"response_action\":\"keypress(5)\",\"correctResponse\":\"5\",\"ended_on\":\"response\",\"duration\":3078.8800000000047,\"time_run\":134307,\"time_render\":134307.5,\"time_show\":134313.12,\"time_end\":137392,\"time_commit\":137402,\"timestamp\":\"2021-05-26T20:13:57.146Z\",\"time_switch\":137429.22},{\"sender\":\"trial_screen\",\"sender_type\":\"canvas.Screen\",\"sender_id\":\"9_30\",\"correct\":true,\"trial_ID\":31,\"word1\":\"Libration\",\"word2\":\"Bilation\",\"word3\":\"Arlation\",\"word4\":\"Iberation\",\"word5\":\"Tiradon\",\"response\":\"1\",\"response_action\":\"keypress(1)\",\"correctResponse\":\"1\",\"ended_on\":\"response\",\"duration\":2354.779999999999,\"time_run\":137412,\"time_render\":137411.98,\"time_show\":137429.22,\"time_end\":139784,\"time_commit\":139787,\"timestamp\":\"2021-05-26T20:13:59.531Z\",\"time_switch\":139812.28},{\"sender\":\"trial_screen\",\"sender_type\":\"canvas.Screen\",\"sender_id\":\"9_31\",\"correct\":true,\"trial_ID\":32,\"word1\":\"Pucker\",\"word2\":\"Keuper\",\"word3\":\"Eucker\",\"word4\":\"Reuspeck\",\"word5\":\"Urkane\",\"response\":\"2\",\"response_action\":\"keypress(2)\",\"correctResponse\":\"2\",\"ended_on\":\"response\",\"duration\":3674.720000000001,\"time_run\":139795,\"time_render\":139794.8,\"time_show\":139812.28,\"time_end\":143487,\"time_commit\":143504,\"timestamp\":\"2021-05-26T20:14:03.249Z\",\"time_switch\":143528.46},{\"sender\":\"trial_screen\",\"sender_type\":\"canvas.Screen\",\"sender_id\":\"9_32\",\"correct\":false,\"trial_ID\":33,\"word1\":\"Sickaber\",\"word2\":\"Bassiker\",\"word3\":\"Kassiber\",\"word4\":\"Sassiker\",\"word5\":\"Askiber\",\"response\":\"5\",\"response_action\":\"keypress(5)\",\"correctResponse\":\"3\",\"ended_on\":\"response\",\"duration\":6567.540000000008,\"time_run\":143511,\"time_render\":143510.92,\"time_show\":143528.46,\"time_end\":150096,\"time_commit\":150107,\"timestamp\":\"2021-05-26T20:14:09.852Z\",\"time_switch\":150127.74},{\"sender\":\"trial_screen\",\"sender_type\":\"canvas.Screen\",\"sender_id\":\"9_33\",\"correct\":false,\"trial_ID\":34,\"word1\":\"Alquallon\",\"word2\":\"Lisqualien\",\"word3\":\"Talquallen\",\"word4\":\"Quisquilien\",\"word5\":\"Rielquellen\",\"response\":\"3\",\"response_action\":\"keypress(3)\",\"correctResponse\":\"4\",\"ended_on\":\"response\",\"duration\":4000.2600000000093,\"time_run\":150116,\"time_render\":150116,\"time_show\":150127.74,\"time_end\":154128,\"time_commit\":154146,\"timestamp\":\"2021-05-26T20:14:13.890Z\",\"time_switch\":154160.62},{\"sender\":\"trial_screen\",\"sender_type\":\"canvas.Screen\",\"sender_id\":\"9_34\",\"correct\":false,\"trial_ID\":35,\"word1\":\"Berkiza\",\"word2\":\"Brekzie\",\"word3\":\"Birakzie\",\"word4\":\"Brikazie\",\"word5\":\"Bakiria\",\"response\":\"4\",\"response_action\":\"keypress(4)\",\"correctResponse\":\"2\",\"ended_on\":\"response\",\"duration\":6356.380000000005,\"time_run\":154155,\"time_render\":154154.74,\"time_show\":154160.62,\"time_end\":160517,\"time_commit\":160529,\"timestamp\":\"2021-05-26T20:14:20.273Z\",\"time_switch\":160543},{\"sender\":\"loop_trial\",\"sender_type\":\"flow.Loop\",\"sender_id\":\"9\",\"ended_on\":\"completion\",\"duration\":112042.95999999999,\"time_run\":48465,\"time_render\":48471.76,\"time_show\":48474.04,\"time_end\":160517,\"time_commit\":160529,\"timestamp\":\"2021-05-26T20:14:20.274Z\",\"time_switch\":160543},{\"sender\":\"end_html\",\"sender_type\":\"html.Screen\",\"sender_id\":\"10\",\"ended_on\":\"timeout\",\"duration\":5999.200000000012,\"time_run\":160530,\"time_render\":160530.4,\"time_show\":160543,\"time_end\":166525.54,\"time_commit\":166526,\"timestamp\":\"2021-05-26T20:14:26.270Z\",\"time_switch\":166542.2},{\"sender\":\"root\",\"sender_type\":\"flow.Sequence\",\"sender_id\":null,\"ended_on\":\"completion\",\"duration\":165678.72,\"time_run\":785,\"time_render\":830.16,\"time_show\":846.82,\"time_end\":166525.54,\"time_commit\":166527,\"timestamp\":\"2021-05-26T20:14:26.271Z\",\"time_switch\":166542.2}]",
    "metadata": "{\"slice\":0,\"id\":\"72945708-7b7d-4faa-a157-dc17538537b0\",\"payload\":\"full\"}",
    "url": "https://exp01.zih.tu-dresden.de/experiments/spot_a_word_task/"
}