{
    "data": "[{\"url\":{},\"meta\":{\"labjs_version\":\"20.1.1\",\"labjs_build\":{\"flavor\":\"production\",\"commit\":\"cd5695f774968f50499757c1423bd95d033ea08e\"},\"location\":\"https://exp01.zih.tu-dresden.de/experiments/raven_task/\",\"userAgent\":\"Mozilla/5.0 (Windows NT 10.0; Win64; x64) AppleWebKit/537.36 (KHTML, like Gecko) Chrome/91.0.4472.164 Safari/537.36\",\"platform\":\"Win32\",\"language\":\"de-DE\",\"locale\":\"de\",\"timeZone\":\"Europe/Berlin\",\"timezoneOffset\":-120,\"screen_width\":1067,\"screen_height\":600,\"scroll_width\":1058,\"scroll_height\":455,\"window_innerWidth\":1058,\"window_innerHeight\":455,\"devicePixelRatio\":1.8010417222976685},\"sender\":\"welcome\",\"sender_type\":\"canvas.Screen\",\"sender_id\":\"0\",\"response\":\"any\",\"response_action\":\"keypress\",\"ended_on\":\"response\",\"duration\":3545.405000011921,\"time_run\":1795.800000011921,\"time_render\":1745.897,\"time_show\":1795.895,\"time_end\":5341.300000011921,\"time_commit\":5347.699999988079,\"timestamp\":\"2021-07-20T08:58:22.053Z\",\"time_switch\":5344.343},{\"sender\":\"instructions\",\"sender_type\":\"html.Page\",\"sender_id\":\"1\",\"response\":\"Space\",\"response_action\":\"keypress(Space)\",\"ended_on\":\"response\",\"duration\":39642.05699997616,\"time_run\":5348,\"time_render\":5327.972,\"time_show\":5344.343,\"time_end\":44986.39999997616,\"time_commit\":44990.5,\"timestamp\":\"2021-07-20T08:59:01.696Z\",\"time_switch\":45010.333},{\"sender\":\"example1\",\"sender_type\":\"canvas.Screen\",\"sender_id\":\"2\",\"response\":\"8\",\"response_action\":\"click(0) @8\",\"correctResponse\":\"8\",\"correct\":true,\"ended_on\":\"response\",\"duration\":26789.56699997616,\"time_run\":44990.89999997616,\"time_render\":44977.306,\"time_show\":45010.333,\"time_end\":71799.89999997616,\"time_commit\":71803.69999998808,\"timestamp\":\"2021-07-20T08:59:28.509Z\",\"time_switch\":71848.607},{\"sender\":\"example1_feedback\",\"sender_type\":\"canvas.Screen\",\"sender_id\":\"3\",\"response\":\"space\",\"response_action\":\"keypress(Space)\",\"ended_on\":\"response\",\"duration\":23472.193000011917,\"time_run\":71838.80000001192,\"time_render\":71832.405,\"time_show\":71848.607,\"time_end\":95320.80000001192,\"time_commit\":95322,\"timestamp\":\"2021-07-20T08:59:52.028Z\",\"time_switch\":95338.376},{\"sender\":\"example2\",\"sender_type\":\"canvas.Screen\",\"sender_id\":\"4\",\"response\":\"4\",\"response_action\":\"click(0) @4\",\"correctResponse\":\"4\",\"correct\":true,\"ended_on\":\"response\",\"duration\":6036.924000011917,\"time_run\":95322.30000001192,\"time_render\":95321.689,\"time_show\":95338.376,\"time_end\":101375.30000001192,\"time_commit\":101376.39999997616,\"timestamp\":\"2021-07-20T08:59:58.082Z\",\"time_switch\":101419.04},{\"sender\":\"example2_feedback\",\"sender_type\":\"canvas.Screen\",\"sender_id\":\"5\",\"response\":\"space\",\"response_action\":\"keypress(Space)\",\"ended_on\":\"response\",\"duration\":2404.4600000000064,\"time_run\":101415.39999997616,\"time_render\":101402.749,\"time_show\":101419.04,\"time_end\":103823.5,\"time_commit\":103824.39999997616,\"timestamp\":\"2021-07-20T09:00:00.531Z\",\"time_switch\":103834.682},{\"sender\":\"get ready\",\"sender_type\":\"canvas.Screen\",\"sender_id\":\"6\",\"response\":\"Space\",\"response_action\":\"keypress(Space)\",\"ended_on\":\"response\",\"duration\":6611.717999976157,\"time_run\":103824.69999998808,\"time_render\":103817.999,\"time_show\":103834.682,\"time_end\":110446.39999997616,\"time_commit\":110447.5,\"timestamp\":\"2021-07-20T09:00:07.154Z\",\"time_switch\":110478.308},{\"sender\":\"test01\",\"sender_type\":\"canvas.Screen\",\"sender_id\":\"7_0\",\"response\":\"4\",\"response_action\":\"click(0) @4\",\"correctResponse\":\"7\",\"correct\":false,\"ended_on\":\"response\",\"duration\":1413.0919999761536,\"time_run\":110447.80000001192,\"time_render\":110431.946,\"time_show\":110478.308,\"time_end\":111891.39999997616,\"time_commit\":111892.69999998808,\"timestamp\":\"2021-07-20T09:00:08.599Z\",\"time_switch\":111897.876},{\"sender\":\"test02\",\"sender_type\":\"canvas.Screen\",\"sender_id\":\"7_1\",\"response\":\"7\",\"response_action\":\"click(0) @7\",\"correctResponse\":\"4\",\"correct\":false,\"ended_on\":\"response\",\"duration\":11393.924000011917,\"time_run\":111892.89999997616,\"time_render\":111881.192,\"time_show\":111897.876,\"time_end\":123291.80000001192,\"time_commit\":123293.19999998808,\"timestamp\":\"2021-07-20T09:00:19.999Z\",\"time_switch\":123309.5},{\"sender\":\"test03\",\"sender_type\":\"canvas.Screen\",\"sender_id\":\"7_2\",\"response\":\"8\",\"response_action\":\"click(0) @8\",\"correctResponse\":\"6\",\"correct\":false,\"ended_on\":\"response\",\"duration\":11838,\"time_run\":123293.59999996424,\"time_render\":123292.926,\"time_show\":123309.5,\"time_end\":135147.5,\"time_commit\":135148.80000001192,\"timestamp\":\"2021-07-20T09:00:31.855Z\",\"time_switch\":135154.354},{\"sender\":\"test04\",\"sender_type\":\"canvas.Screen\",\"sender_id\":\"7_3\",\"response\":\"6\",\"response_action\":\"click(0) @6\",\"correctResponse\":\"2\",\"correct\":false,\"ended_on\":\"response\",\"duration\":7505.446000011929,\"time_run\":135149.30000001192,\"time_render\":135137.785,\"time_show\":135154.354,\"time_end\":142659.80000001192,\"time_commit\":142660.5,\"timestamp\":\"2021-07-20T09:00:39.367Z\",\"time_switch\":142667.67},{\"sender\":\"test05\",\"sender_type\":\"canvas.Screen\",\"sender_id\":\"7_4\",\"response\":\"5\",\"response_action\":\"click(0) @5\",\"correctResponse\":\"4\",\"correct\":false,\"ended_on\":\"response\",\"duration\":10271.729999976145,\"time_run\":142660.59999996424,\"time_render\":142651.135,\"time_show\":142667.67,\"time_end\":152939.39999997616,\"time_commit\":152940.69999998808,\"timestamp\":\"2021-07-20T09:00:49.647Z\",\"time_switch\":152946.583},{\"sender\":\"test06\",\"sender_type\":\"canvas.Screen\",\"sender_id\":\"7_5\",\"response\":\"8\",\"response_action\":\"click(0) @8\",\"correctResponse\":\"7\",\"correct\":false,\"ended_on\":\"response\",\"duration\":14329.116999988066,\"time_run\":152940.89999997616,\"time_render\":152929.947,\"time_show\":152946.583,\"time_end\":167275.69999998808,\"time_commit\":167276.5,\"timestamp\":\"2021-07-20T09:01:03.982Z\",\"time_switch\":167290.286},{\"sender\":\"test07\",\"sender_type\":\"canvas.Screen\",\"sender_id\":\"7_6\",\"response\":\"4\",\"response_action\":\"click(0) @4\",\"correctResponse\":\"8\",\"correct\":false,\"ended_on\":\"response\",\"duration\":5729.413999988086,\"time_run\":167276.5,\"time_render\":167273.64,\"time_show\":167290.286,\"time_end\":173019.69999998808,\"time_commit\":173020.89999997616,\"timestamp\":\"2021-07-20T09:01:09.727Z\",\"time_switch\":173037.737},{\"sender\":\"test08\",\"sender_type\":\"canvas.Screen\",\"sender_id\":\"7_7\",\"response\":\"5\",\"response_action\":\"click(0) @5\",\"correctResponse\":\"7\",\"correct\":false,\"ended_on\":\"response\",\"duration\":13405.563000011927,\"time_run\":173021.09999996424,\"time_render\":173020.291,\"time_show\":173037.737,\"time_end\":186443.30000001192,\"time_commit\":186444.59999996424,\"timestamp\":\"2021-07-20T09:01:23.151Z\",\"time_switch\":186448.658},{\"sender\":\"test09\",\"sender_type\":\"canvas.Screen\",\"sender_id\":\"7_8\",\"response\":\"2\",\"response_action\":\"click(0) @2\",\"correctResponse\":\"5\",\"correct\":false,\"ended_on\":\"response\",\"duration\":9853.642000011925,\"time_run\":186444.80000001192,\"time_render\":186432.026,\"time_show\":186448.658,\"time_end\":196302.30000001192,\"time_commit\":196303.39999997616,\"timestamp\":\"2021-07-20T09:01:33.009Z\",\"time_switch\":196310.907},{\"sender\":\"test10\",\"sender_type\":\"canvas.Screen\",\"sender_id\":\"7_9\",\"response\":\"7\",\"response_action\":\"click(0) @7\",\"correctResponse\":\"5\",\"correct\":false,\"ended_on\":\"response\",\"duration\":5448.893000011914,\"time_run\":196303.59999996424,\"time_render\":196294.537,\"time_show\":196310.907,\"time_end\":201759.80000001192,\"time_commit\":201761,\"timestamp\":\"2021-07-20T09:01:38.467Z\",\"time_switch\":201775.206},{\"sender\":\"test11\",\"sender_type\":\"canvas.Screen\",\"sender_id\":\"7_10\",\"response\":\"7\",\"response_action\":\"click(0) @7\",\"correctResponse\":\"4\",\"correct\":false,\"ended_on\":\"response\",\"duration\":10321.693999976153,\"time_run\":201761.19999998808,\"time_render\":201758.703,\"time_show\":201775.206,\"time_end\":212096.89999997616,\"time_commit\":212098,\"timestamp\":\"2021-07-20T09:01:48.804Z\",\"time_switch\":212104.083},{\"sender\":\"test12\",\"sender_type\":\"canvas.Screen\",\"sender_id\":\"7_11\",\"response\":\"5\",\"response_action\":\"click(0) @5\",\"correctResponse\":\"1\",\"correct\":false,\"ended_on\":\"response\",\"duration\":8638.116999988066,\"time_run\":212098.19999998808,\"time_render\":212087.598,\"time_show\":212104.083,\"time_end\":220742.19999998808,\"time_commit\":220743.30000001192,\"timestamp\":\"2021-07-20T09:01:57.449Z\",\"time_switch\":220750.29},{\"sender\":\"tests (15min)\",\"sender_type\":\"flow.Sequence\",\"sender_id\":\"7\",\"ended_on\":\"completion\",\"duration\":110263.89199998807,\"time_run\":110447.69999998808,\"time_render\":110431.946,\"time_show\":110478.308,\"time_end\":220742.19999998808,\"time_commit\":220746.59999996424,\"timestamp\":\"2021-07-20T09:01:57.452Z\",\"time_switch\":220750.29},{\"sender\":\"good bye\",\"sender_type\":\"canvas.Screen\",\"sender_id\":\"8\",\"ended_on\":\"timeout\",\"duration\":3998.277999999991,\"time_run\":220746.80000001192,\"time_render\":220733.623,\"time_show\":220750.29,\"time_end\":224731.992,\"time_commit\":224733.09999996424,\"timestamp\":\"2021-07-20T09:02:01.439Z\",\"time_switch\":224748.568},{\"sender\":\"root\",\"sender_type\":\"flow.Sequence\",\"sender_id\":null,\"ended_on\":\"completion\",\"duration\":222936.097,\"time_run\":1795.699999988079,\"time_render\":1745.897,\"time_show\":1795.895,\"time_end\":224731.992,\"time_commit\":224733.69999998808,\"timestamp\":\"2021-07-20T09:02:01.439Z\",\"time_switch\":224748.568}]",
    "metadata": "{\"slice\":0,\"id\":\"47f4a00a-a9ef-44bf-840e-cc963ce9c2de\",\"payload\":\"full\"}",
    "url": "https://exp01.zih.tu-dresden.de/experiments/raven_task/"
}