{
    "data": "[{\"url\":{},\"meta\":{\"labjs_version\":\"20.1.1\",\"labjs_build\":{\"flavor\":\"production\",\"commit\":\"cd5695f774968f50499757c1423bd95d033ea08e\"},\"location\":\"https://exp01.zih.tu-dresden.de/experiments/spot_a_word_task/\",\"userAgent\":\"Mozilla/5.0 (Windows NT 10.0; Win64; x64) AppleWebKit/537.36 (KHTML, like Gecko) Chrome/91.0.4472.164 Safari/537.36\",\"platform\":\"Win32\",\"language\":\"de-DE\",\"locale\":\"de\",\"timeZone\":\"Europe/Berlin\",\"timezoneOffset\":-120,\"screen_width\":1067,\"screen_height\":600,\"scroll_width\":1058,\"scroll_height\":455,\"window_innerWidth\":1058,\"window_innerHeight\":455,\"devicePixelRatio\":1.8010417222976685},\"sender\":\"start_html\",\"sender_type\":\"html.Screen\",\"sender_id\":\"0\",\"ended_on\":\"timeout\",\"duration\":5997.485000000001,\"time_run\":848.9000000357628,\"time_render\":848.169,\"time_show\":864.834,\"time_end\":6845.891,\"time_commit\":6848.200000047684,\"timestamp\":\"2021-07-20T08:51:37.180Z\",\"time_switch\":6862.319},{\"sender\":\"manual_html\",\"sender_type\":\"html.Screen\",\"sender_id\":\"1\",\"response\":\"space\",\"response_action\":\"keypress(Space)\",\"ended_on\":\"response\",\"duration\":50319.681,\"time_run\":6848.700000047684,\"time_render\":6845.891,\"time_show\":6862.319,\"time_end\":57182,\"time_commit\":57185.40000003576,\"timestamp\":\"2021-07-20T08:52:27.517Z\",\"time_switch\":57190.281},{\"sender\":\"example1_screen\",\"sender_type\":\"canvas.Screen\",\"sender_id\":\"2\",\"response\":\"5\",\"response_action\":\"keypress(5)\",\"correctResponse\":\"4\",\"correct\":false,\"ended_on\":\"response\",\"duration\":3723.11900003576,\"time_run\":57188.40000003576,\"time_render\":57172.683,\"time_show\":57190.281,\"time_end\":60913.40000003576,\"time_commit\":60914.80000001192,\"timestamp\":\"2021-07-20T08:52:31.246Z\",\"time_switch\":60921.947},{\"sender\":\"example1_feedback\",\"sender_type\":\"canvas.Screen\",\"sender_id\":\"3\",\"response\":\"Space\",\"response_action\":\"keypress(Space)\",\"ended_on\":\"response\",\"duration\":4444.353000011921,\"time_run\":60917.700000047684,\"time_render\":60905.704,\"time_show\":60921.947,\"time_end\":65366.30000001192,\"time_commit\":65367.5,\"timestamp\":\"2021-07-20T08:52:35.699Z\",\"time_switch\":65387.13},{\"sender\":\"example2_screen\",\"sender_type\":\"canvas.Screen\",\"sender_id\":\"4\",\"response\":\"5\",\"response_action\":\"keypress(5)\",\"correctResponse\":\"5\",\"correct\":true,\"ended_on\":\"response\",\"duration\":3414.9700000238445,\"time_run\":65371,\"time_render\":65370.269,\"time_show\":65387.13,\"time_end\":68802.10000002384,\"time_commit\":68803.60000002384,\"timestamp\":\"2021-07-20T08:52:39.135Z\",\"time_switch\":68818.484},{\"sender\":\"example2_feedback\",\"sender_type\":\"canvas.Screen\",\"sender_id\":\"5\",\"response\":\"Space\",\"response_action\":\"keypress(Space)\",\"ended_on\":\"response\",\"duration\":3009.416000035766,\"time_run\":68806.20000004768,\"time_render\":68802.079,\"time_show\":68818.484,\"time_end\":71827.90000003576,\"time_commit\":71829.30000001192,\"timestamp\":\"2021-07-20T08:52:42.161Z\",\"time_switch\":71860.416},{\"sender\":\"example3_screen\",\"sender_type\":\"canvas.Screen\",\"sender_id\":\"6\",\"response\":\"1\",\"response_action\":\"keypress(1)\",\"correctResponse\":\"1\",\"correct\":true,\"ended_on\":\"response\",\"duration\":3041.8840000119235,\"time_run\":71833,\"time_render\":71817.478,\"time_show\":71860.416,\"time_end\":74902.30000001192,\"time_commit\":74903.40000003576,\"timestamp\":\"2021-07-20T08:52:45.235Z\",\"time_switch\":74916.348},{\"sender\":\"example3_feedback\",\"sender_type\":\"canvas.Screen\",\"sender_id\":\"7\",\"response\":\"Space\",\"response_action\":\"keypress(Space)\",\"ended_on\":\"response\",\"duration\":1857.7520000238437,\"time_run\":74906.10000002384,\"time_render\":74899.558,\"time_show\":74916.348,\"time_end\":76774.10000002384,\"time_commit\":76775.20000004768,\"timestamp\":\"2021-07-20T08:52:47.106Z\",\"time_switch\":76781.735},{\"sender\":\"get_ready_html\",\"sender_type\":\"html.Screen\",\"sender_id\":\"8\",\"response\":\"space\",\"response_action\":\"keypress(Space)\",\"ended_on\":\"response\",\"duration\":5757.365000023841,\"time_run\":76775.30000001192,\"time_render\":76765.329,\"time_show\":76781.735,\"time_end\":82539.10000002384,\"time_commit\":82540.20000004768,\"timestamp\":\"2021-07-20T08:52:52.871Z\",\"time_switch\":82579.13},{\"sender\":\"trial_screen\",\"sender_type\":\"canvas.Screen\",\"sender_id\":\"9_0\",\"correct\":true,\"trial_ID\":1,\"word1\":\"siziol\",\"word2\":\"salzahl\",\"word3\":\"sozihl\",\"word4\":\"sziam\",\"word5\":\"sozial\",\"response\":\"5\",\"response_action\":\"keypress(5)\",\"correctResponse\":\"5\",\"ended_on\":\"response\",\"duration\":3539.070000047679,\"time_run\":82571.70000004768,\"time_render\":82562.808,\"time_show\":82579.13,\"time_end\":86118.20000004768,\"time_commit\":86119.5,\"timestamp\":\"2021-07-20T08:52:56.451Z\",\"time_switch\":86127.631},{\"sender\":\"trial_screen\",\"sender_type\":\"canvas.Screen\",\"sender_id\":\"9_1\",\"correct\":true,\"trial_ID\":2,\"word1\":\"Lamone\",\"word2\":\"Talane\",\"word3\":\"Matrone\",\"word4\":\"Tarone\",\"word5\":\"Malonte\",\"response\":\"3\",\"response_action\":\"keypress(3)\",\"correctResponse\":\"3\",\"ended_on\":\"response\",\"duration\":3404.469000023848,\"time_run\":86123.10000002384,\"time_render\":86111.103,\"time_show\":86127.631,\"time_end\":89532.10000002384,\"time_commit\":89533.20000004768,\"timestamp\":\"2021-07-20T08:52:59.864Z\",\"time_switch\":89542.812},{\"sender\":\"trial_screen\",\"sender_type\":\"canvas.Screen\",\"sender_id\":\"9_2\",\"correct\":true,\"trial_ID\":3,\"word1\":\"kurinesisch\",\"word2\":\"kulinarisch\",\"word3\":\"kumenisch\",\"word4\":\"kulissarisch\",\"word5\":\"kannastrisch\",\"response\":\"2\",\"response_action\":\"keypress(2)\",\"correctResponse\":\"2\",\"ended_on\":\"response\",\"duration\":3284.3880000476784,\"time_run\":89536.80000001192,\"time_render\":89526.452,\"time_show\":89542.812,\"time_end\":92827.20000004768,\"time_commit\":92828.40000003576,\"timestamp\":\"2021-07-20T08:53:03.160Z\",\"time_switch\":92841.834},{\"sender\":\"trial_screen\",\"sender_type\":\"canvas.Screen\",\"sender_id\":\"9_3\",\"correct\":true,\"trial_ID\":4,\"word1\":\"Tinxur\",\"word2\":\"Kukutur\",\"word3\":\"Fraktan\",\"word4\":\"Tinktur\",\"word5\":\"Rimsuhr\",\"response\":\"4\",\"response_action\":\"keypress(4)\",\"correctResponse\":\"4\",\"ended_on\":\"response\",\"duration\":2257.56600003576,\"time_run\":92830.70000004768,\"time_render\":92825.131,\"time_show\":92841.834,\"time_end\":95099.40000003576,\"time_commit\":95100.5,\"timestamp\":\"2021-07-20T08:53:05.432Z\",\"time_switch\":95107.016},{\"sender\":\"trial_screen\",\"sender_type\":\"canvas.Screen\",\"sender_id\":\"9_4\",\"correct\":true,\"trial_ID\":5,\"word1\":\"beralen\",\"word2\":\"ger\u00e4ltet\",\"word3\":\"an\u00e4lteren\",\"word4\":\"unt\u00e4ren\",\"word5\":\"verbr\u00e4men\",\"response\":\"5\",\"response_action\":\"keypress(5)\",\"correctResponse\":\"5\",\"ended_on\":\"response\",\"duration\":4015.6840000476805,\"time_run\":95103,\"time_render\":95090.673,\"time_show\":95107.016,\"time_end\":99122.70000004768,\"time_commit\":99124,\"timestamp\":\"2021-07-20T08:53:09.455Z\",\"time_switch\":99138.951},{\"sender\":\"trial_screen\",\"sender_type\":\"canvas.Screen\",\"sender_id\":\"9_5\",\"correct\":true,\"trial_ID\":6,\"word1\":\"Rosto\",\"word2\":\"Torso\",\"word3\":\"Soro\",\"word4\":\"Torgos\",\"word5\":\"Tosor\",\"response\":\"2\",\"response_action\":\"keypress(2)\",\"correctResponse\":\"2\",\"ended_on\":\"response\",\"duration\":3575.84900001192,\"time_run\":99126.5,\"time_render\":99122.293,\"time_show\":99138.951,\"time_end\":102714.80000001192,\"time_commit\":102715.80000001192,\"timestamp\":\"2021-07-20T08:53:13.047Z\",\"time_switch\":102737.297},{\"sender\":\"trial_screen\",\"sender_type\":\"canvas.Screen\",\"sender_id\":\"9_6\",\"correct\":true,\"trial_ID\":7,\"word1\":\"Redor\",\"word2\":\"Radium\",\"word3\":\"Terion\",\"word4\":\"Dramin\",\"word5\":\"Orakium\",\"response\":\"2\",\"response_action\":\"keypress(2)\",\"correctResponse\":\"2\",\"ended_on\":\"response\",\"duration\":3849.303000023836,\"time_run\":102724.20000004768,\"time_render\":102720.621,\"time_show\":102737.297,\"time_end\":106586.60000002384,\"time_commit\":106587.60000002384,\"timestamp\":\"2021-07-20T08:53:16.919Z\",\"time_switch\":106602.458},{\"sender\":\"trial_screen\",\"sender_type\":\"canvas.Screen\",\"sender_id\":\"9_7\",\"correct\":true,\"trial_ID\":8,\"word1\":\"Nale\",\"word2\":\"Sahe\",\"word3\":\"Nase\",\"word4\":\"Nesa\",\"word5\":\"Sehna\",\"response\":\"3\",\"response_action\":\"keypress(3)\",\"correctResponse\":\"3\",\"ended_on\":\"response\",\"duration\":2108.942000035764,\"time_run\":106589.90000003576,\"time_render\":106585.626,\"time_show\":106602.458,\"time_end\":108711.40000003576,\"time_commit\":108712.60000002384,\"timestamp\":\"2021-07-20T08:53:19.044Z\",\"time_switch\":108717.723},{\"sender\":\"trial_screen\",\"sender_type\":\"canvas.Screen\",\"sender_id\":\"9_8\",\"correct\":true,\"trial_ID\":9,\"word1\":\"Rilkiase\",\"word2\":\"Kilister\",\"word3\":\"Riliker\",\"word4\":\"Klistier\",\"word5\":\"Linkure\",\"response\":\"4\",\"response_action\":\"keypress(4)\",\"correctResponse\":\"4\",\"ended_on\":\"response\",\"duration\":4119.477000047686,\"time_run\":108714.70000004768,\"time_render\":108701.371,\"time_show\":108717.723,\"time_end\":112837.20000004768,\"time_commit\":112838.10000002384,\"timestamp\":\"2021-07-20T08:53:23.169Z\",\"time_switch\":112849.473},{\"sender\":\"trial_screen\",\"sender_type\":\"canvas.Screen\",\"sender_id\":\"9_9\",\"correct\":true,\"trial_ID\":10,\"word1\":\"kentern\",\"word2\":\"knerte\",\"word3\":\"kanzen\",\"word4\":\"kretern\",\"word5\":\"trekern\",\"response\":\"1\",\"response_action\":\"keypress(1)\",\"correctResponse\":\"1\",\"ended_on\":\"response\",\"duration\":3136.2270000476856,\"time_run\":112840.5,\"time_render\":112833.008,\"time_show\":112849.473,\"time_end\":115985.70000004768,\"time_commit\":115986.70000004768,\"timestamp\":\"2021-07-20T08:53:26.318Z\",\"time_switch\":115997.879},{\"sender\":\"trial_screen\",\"sender_type\":\"canvas.Screen\",\"sender_id\":\"9_10\",\"correct\":true,\"trial_ID\":11,\"word1\":\"Sorekin\",\"word2\":\"Sarowin\",\"word3\":\"Rosakin\",\"word4\":\"Narosin\",\"word5\":\"Kerosin\",\"response\":\"5\",\"response_action\":\"keypress(5)\",\"correctResponse\":\"5\",\"ended_on\":\"response\",\"duration\":3911.92100001192,\"time_run\":115988.90000003576,\"time_render\":115981.431,\"time_show\":115997.879,\"time_end\":119909.80000001192,\"time_commit\":119910.90000003576,\"timestamp\":\"2021-07-20T08:53:30.242Z\",\"time_switch\":119929.587},{\"sender\":\"trial_screen\",\"sender_type\":\"canvas.Screen\",\"sender_id\":\"9_11\",\"correct\":false,\"trial_ID\":12,\"word1\":\"Ralke\",\"word2\":\"Korre\",\"word3\":\"Ruckse\",\"word4\":\"Recke\",\"word5\":\"Ulte\",\"response\":\"5\",\"response_action\":\"keypress(5)\",\"correctResponse\":\"4\",\"ended_on\":\"response\",\"duration\":4406.013000023842,\"time_run\":119913.30000001192,\"time_render\":119913.047,\"time_show\":119929.587,\"time_end\":124335.60000002384,\"time_commit\":124336.70000004768,\"timestamp\":\"2021-07-20T08:53:34.668Z\",\"time_switch\":124361.338},{\"sender\":\"trial_screen\",\"sender_type\":\"canvas.Screen\",\"sender_id\":\"9_12\",\"correct\":true,\"trial_ID\":13,\"word1\":\"Kapaun\",\"word2\":\"Paukan\",\"word3\":\"Naupack\",\"word4\":\"Aupeck\",\"word5\":\"Ankepran\",\"response\":\"1\",\"response_action\":\"keypress(1)\",\"correctResponse\":\"1\",\"ended_on\":\"response\",\"duration\":4209.462000011918,\"time_run\":124344.10000002384,\"time_render\":124327.799,\"time_show\":124361.338,\"time_end\":128570.80000001192,\"time_commit\":128571.90000003576,\"timestamp\":\"2021-07-20T08:53:38.903Z\",\"time_switch\":128592.838},{\"sender\":\"trial_screen\",\"sender_type\":\"canvas.Screen\",\"sender_id\":\"9_13\",\"correct\":true,\"trial_ID\":14,\"word1\":\"Dissonanz\",\"word2\":\"Diskrisanz\",\"word3\":\"Distranz\",\"word4\":\"Dinotanz\",\"word5\":\"Sidonenz\",\"response\":\"1\",\"response_action\":\"keypress(1)\",\"correctResponse\":\"1\",\"ended_on\":\"response\",\"duration\":2737.0620000357594,\"time_run\":128576.20000004768,\"time_render\":128576.065,\"time_show\":128592.838,\"time_end\":131329.90000003576,\"time_commit\":131330.70000004768,\"timestamp\":\"2021-07-20T08:53:41.662Z\",\"time_switch\":131341.626},{\"sender\":\"trial_screen\",\"sender_type\":\"canvas.Screen\",\"sender_id\":\"9_14\",\"correct\":true,\"trial_ID\":15,\"word1\":\"Kirse\",\"word2\":\"Sirke\",\"word3\":\"Krise\",\"word4\":\"Krospe\",\"word5\":\"Seris\",\"response\":\"3\",\"response_action\":\"keypress(3)\",\"correctResponse\":\"3\",\"ended_on\":\"response\",\"duration\":4789.2740000357735,\"time_run\":131332.70000004768,\"time_render\":131324.805,\"time_show\":131341.626,\"time_end\":136130.90000003576,\"time_commit\":136131.80000001192,\"timestamp\":\"2021-07-20T08:53:46.463Z\",\"time_switch\":136139.215},{\"sender\":\"trial_screen\",\"sender_type\":\"canvas.Screen\",\"sender_id\":\"9_15\",\"correct\":true,\"trial_ID\":16,\"word1\":\"Tume\",\"word2\":\"Umat\",\"word3\":\"Maut\",\"word4\":\"Taum\",\"word5\":\"Muta\",\"response\":\"3\",\"response_action\":\"keypress(3)\",\"correctResponse\":\"3\",\"ended_on\":\"response\",\"duration\":1584.3850000238454,\"time_run\":136133.80000001192,\"time_render\":136122.706,\"time_show\":136139.215,\"time_end\":137723.60000002384,\"time_commit\":137724.60000002384,\"timestamp\":\"2021-07-20T08:53:48.056Z\",\"time_switch\":137738.383},{\"sender\":\"trial_screen\",\"sender_type\":\"canvas.Screen\",\"sender_id\":\"9_16\",\"correct\":true,\"trial_ID\":17,\"word1\":\"Tuhl\",\"word2\":\"Lar\",\"word3\":\"Lest\",\"word4\":\"Dall\",\"word5\":\"Lid\",\"response\":\"5\",\"response_action\":\"keypress(5)\",\"correctResponse\":\"5\",\"ended_on\":\"response\",\"duration\":4053.2170000238402,\"time_run\":137726.70000004768,\"time_render\":137722.214,\"time_show\":137738.383,\"time_end\":141791.60000002384,\"time_commit\":141792.70000004768,\"timestamp\":\"2021-07-20T08:53:52.124Z\",\"time_switch\":141803.409},{\"sender\":\"trial_screen\",\"sender_type\":\"canvas.Screen\",\"sender_id\":\"9_17\",\"correct\":false,\"trial_ID\":18,\"word1\":\"Adept\",\"word2\":\"Padet\",\"word3\":\"Edapt\",\"word4\":\"Epatt\",\"word5\":\"Taped\",\"response\":\"4\",\"response_action\":\"keypress(4)\",\"correctResponse\":\"1\",\"ended_on\":\"response\",\"duration\":4772.7910000476695,\"time_run\":141795.40000003576,\"time_render\":141786.758,\"time_show\":141803.409,\"time_end\":146576.20000004768,\"time_commit\":146577.70000004768,\"timestamp\":\"2021-07-20T08:53:56.909Z\",\"time_switch\":146601.686},{\"sender\":\"trial_screen\",\"sender_type\":\"canvas.Screen\",\"sender_id\":\"9_18\",\"correct\":false,\"trial_ID\":19,\"word1\":\"Spirine\",\"word2\":\"Saprin\",\"word3\":\"Parsin\",\"word4\":\"Purin\",\"word5\":\"Asprint\",\"response\":\"5\",\"response_action\":\"keypress(5)\",\"correctResponse\":\"4\",\"ended_on\":\"response\",\"duration\":3702.714000035776,\"time_run\":146585.90000003576,\"time_render\":146584.977,\"time_show\":146601.686,\"time_end\":150304.40000003576,\"time_commit\":150305.60000002384,\"timestamp\":\"2021-07-20T08:54:00.637Z\",\"time_switch\":150316.591},{\"sender\":\"trial_screen\",\"sender_type\":\"canvas.Screen\",\"sender_id\":\"9_19\",\"correct\":true,\"trial_ID\":20,\"word1\":\"Kulon\",\"word2\":\"Solgun\",\"word3\":\"Koskan\",\"word4\":\"Soran\",\"word5\":\"Klonus\",\"response\":\"5\",\"response_action\":\"keypress(5)\",\"correctResponse\":\"5\",\"ended_on\":\"response\",\"duration\":5498.609000047698,\"time_run\":150307.80000001192,\"time_render\":150299.696,\"time_show\":150316.591,\"time_end\":155815.20000004768,\"time_commit\":155816.10000002384,\"timestamp\":\"2021-07-20T08:54:06.148Z\",\"time_switch\":155830.475},{\"sender\":\"trial_screen\",\"sender_type\":\"canvas.Screen\",\"sender_id\":\"9_20\",\"correct\":false,\"trial_ID\":21,\"word1\":\"Tronke\",\"word2\":\"Nocktherm\",\"word3\":\"Teronk\",\"word4\":\"Komtur\",\"word5\":\"Rocktur\",\"response\":\"5\",\"response_action\":\"keypress(5)\",\"correctResponse\":\"4\",\"ended_on\":\"response\",\"duration\":4487.524999999994,\"time_run\":155823.10000002384,\"time_render\":155814.022,\"time_show\":155830.475,\"time_end\":160318,\"time_commit\":160319,\"timestamp\":\"2021-07-20T08:54:10.651Z\",\"time_switch\":160328.628},{\"sender\":\"trial_screen\",\"sender_type\":\"canvas.Screen\",\"sender_id\":\"9_21\",\"correct\":true,\"trial_ID\":22,\"word1\":\"Ripat\",\"word2\":\"Patinatte\",\"word3\":\"Tapir\",\"word4\":\"Apitt\",\"word5\":\"Padir\",\"response\":\"3\",\"response_action\":\"keypress(3)\",\"correctResponse\":\"3\",\"ended_on\":\"response\",\"duration\":2246.472000023845,\"time_run\":160321.30000001192,\"time_render\":160312.091,\"time_show\":160328.628,\"time_end\":162575.10000002384,\"time_commit\":162576.10000002384,\"timestamp\":\"2021-07-20T08:54:12.908Z\",\"time_switch\":162594.691},{\"sender\":\"trial_screen\",\"sender_type\":\"canvas.Screen\",\"sender_id\":\"9_22\",\"correct\":true,\"trial_ID\":23,\"word1\":\"Akifer\",\"word2\":\"Fiaker\",\"word3\":\"Kiaffa\",\"word4\":\"Sariffer\",\"word5\":\"Refisker\",\"response\":\"2\",\"response_action\":\"keypress(2)\",\"correctResponse\":\"2\",\"ended_on\":\"response\",\"duration\":2819.3090000000084,\"time_run\":162578.30000001192,\"time_render\":162577.667,\"time_show\":162594.691,\"time_end\":165414,\"time_commit\":165415,\"timestamp\":\"2021-07-20T08:54:15.746Z\",\"time_switch\":165426.269},{\"sender\":\"trial_screen\",\"sender_type\":\"canvas.Screen\",\"sender_id\":\"9_23\",\"correct\":true,\"trial_ID\":24,\"word1\":\"Kleiber\",\"word2\":\"Beikel\",\"word3\":\"Keibel\",\"word4\":\"Reikler\",\"word5\":\"Biekerl\",\"response\":\"1\",\"response_action\":\"keypress(1)\",\"correctResponse\":\"1\",\"ended_on\":\"response\",\"duration\":1739.1310000357626,\"time_run\":165424,\"time_render\":165409.87,\"time_show\":165426.269,\"time_end\":167165.40000003576,\"time_commit\":167166.5,\"timestamp\":\"2021-07-20T08:54:17.498Z\",\"time_switch\":167175.56},{\"sender\":\"trial_screen\",\"sender_type\":\"canvas.Screen\",\"sender_id\":\"9_24\",\"correct\":true,\"trial_ID\":25,\"word1\":\"Ig\u00e4de\",\"word2\":\"D\u00e4gie\",\"word3\":\"\u00c4gide\",\"word4\":\"Dig\u00e4de\",\"word5\":\"Giad\",\"response\":\"3\",\"response_action\":\"keypress(3)\",\"correctResponse\":\"3\",\"ended_on\":\"response\",\"duration\":5320.340000035765,\"time_run\":167169.10000002384,\"time_render\":167159.225,\"time_show\":167175.56,\"time_end\":172495.90000003576,\"time_commit\":172496.90000003576,\"timestamp\":\"2021-07-20T08:54:22.828Z\",\"time_switch\":172506.552},{\"sender\":\"trial_screen\",\"sender_type\":\"canvas.Screen\",\"sender_id\":\"9_25\",\"correct\":true,\"trial_ID\":26,\"word1\":\"Rixal\",\"word2\":\"Irtax\",\"word3\":\"Rackizie\",\"word4\":\"Matrix\",\"word5\":\"Atrige\",\"response\":\"4\",\"response_action\":\"keypress(4)\",\"correctResponse\":\"4\",\"ended_on\":\"response\",\"duration\":2610.6480000476877,\"time_run\":172499.5,\"time_render\":172489.859,\"time_show\":172506.552,\"time_end\":175117.20000004768,\"time_commit\":175118.30000001192,\"timestamp\":\"2021-07-20T08:54:25.450Z\",\"time_switch\":175122.091},{\"sender\":\"trial_screen\",\"sender_type\":\"canvas.Screen\",\"sender_id\":\"9_26\",\"correct\":false,\"trial_ID\":27,\"word1\":\"Haskisch\",\"word2\":\"Asmisch\",\"word3\":\"Schisma\",\"word4\":\"Rasthmie\",\"word5\":\"Ilschah\",\"response\":\"4\",\"response_action\":\"keypress(4)\",\"correctResponse\":\"3\",\"ended_on\":\"response\",\"duration\":4984.609000047698,\"time_run\":175120.60000002384,\"time_render\":175105.856,\"time_show\":175122.091,\"time_end\":180106.70000004768,\"time_commit\":180107.60000002384,\"timestamp\":\"2021-07-20T08:54:30.439Z\",\"time_switch\":180120.003},{\"sender\":\"trial_screen\",\"sender_type\":\"canvas.Screen\",\"sender_id\":\"9_27\",\"correct\":true,\"trial_ID\":28,\"word1\":\"Sallose\",\"word2\":\"Lordose\",\"word3\":\"Dormase\",\"word4\":\"Rollase\",\"word5\":\"Ardierole\",\"response\":\"2\",\"response_action\":\"keypress(2)\",\"correctResponse\":\"2\",\"ended_on\":\"response\",\"duration\":2703.6970000476867,\"time_run\":180109.80000001192,\"time_render\":180103.594,\"time_show\":180120.003,\"time_end\":182823.70000004768,\"time_commit\":182824.60000002384,\"timestamp\":\"2021-07-20T08:54:33.156Z\",\"time_switch\":182835.355},{\"sender\":\"trial_screen\",\"sender_type\":\"canvas.Screen\",\"sender_id\":\"9_28\",\"correct\":false,\"trial_ID\":29,\"word1\":\"Intranotion\",\"word2\":\"Infranatura\",\"word3\":\"Internodium\",\"word4\":\"Indotalie\",\"word5\":\"Indosta\",\"response\":\"4\",\"response_action\":\"keypress(4)\",\"correctResponse\":\"3\",\"ended_on\":\"response\",\"duration\":4835.845000047673,\"time_run\":182826.5,\"time_render\":182818.943,\"time_show\":182835.355,\"time_end\":187671.20000004768,\"time_commit\":187672.30000001192,\"timestamp\":\"2021-07-20T08:54:38.004Z\",\"time_switch\":187683.371},{\"sender\":\"trial_screen\",\"sender_type\":\"canvas.Screen\",\"sender_id\":\"9_29\",\"correct\":false,\"trial_ID\":30,\"word1\":\"Idaste\",\"word2\":\"Dastrix\",\"word3\":\"Astike\",\"word4\":\"Sadile\",\"word5\":\"Kasside\",\"response\":\"2\",\"response_action\":\"keypress(2)\",\"correctResponse\":\"5\",\"ended_on\":\"response\",\"duration\":4632.628999999986,\"time_run\":187674.70000004768,\"time_render\":187666.515,\"time_show\":187683.371,\"time_end\":192316,\"time_commit\":192316.80000001192,\"timestamp\":\"2021-07-20T08:54:42.649Z\",\"time_switch\":192331.219},{\"sender\":\"trial_screen\",\"sender_type\":\"canvas.Screen\",\"sender_id\":\"9_30\",\"correct\":false,\"trial_ID\":31,\"word1\":\"Libration\",\"word2\":\"Bilation\",\"word3\":\"Arlation\",\"word4\":\"Iberation\",\"word5\":\"Tiradon\",\"response\":\"4\",\"response_action\":\"keypress(4)\",\"correctResponse\":\"1\",\"ended_on\":\"response\",\"duration\":4020.681000035751,\"time_run\":192321.20000004768,\"time_render\":192314.921,\"time_show\":192331.219,\"time_end\":196351.90000003576,\"time_commit\":196353,\"timestamp\":\"2021-07-20T08:54:46.685Z\",\"time_switch\":196362.962},{\"sender\":\"trial_screen\",\"sender_type\":\"canvas.Screen\",\"sender_id\":\"9_31\",\"correct\":true,\"trial_ID\":32,\"word1\":\"Pucker\",\"word2\":\"Keuper\",\"word3\":\"Eucker\",\"word4\":\"Reuspeck\",\"word5\":\"Urkane\",\"response\":\"2\",\"response_action\":\"keypress(2)\",\"correctResponse\":\"2\",\"ended_on\":\"response\",\"duration\":3624.0380000000005,\"time_run\":196355.10000002384,\"time_render\":196346.329,\"time_show\":196362.962,\"time_end\":199987,\"time_commit\":199988,\"timestamp\":\"2021-07-20T08:54:50.320Z\",\"time_switch\":199994.611},{\"sender\":\"trial_screen\",\"sender_type\":\"canvas.Screen\",\"sender_id\":\"9_32\",\"correct\":false,\"trial_ID\":33,\"word1\":\"Sickaber\",\"word2\":\"Bassiker\",\"word3\":\"Kassiber\",\"word4\":\"Sassiker\",\"word5\":\"Askiber\",\"response\":\"4\",\"response_action\":\"keypress(4)\",\"correctResponse\":\"3\",\"ended_on\":\"response\",\"duration\":4917.589000047679,\"time_run\":199990.10000002384,\"time_render\":199978.1,\"time_show\":199994.611,\"time_end\":204912.20000004768,\"time_commit\":204913.10000002384,\"timestamp\":\"2021-07-20T08:54:55.245Z\",\"time_switch\":204925.698},{\"sender\":\"trial_screen\",\"sender_type\":\"canvas.Screen\",\"sender_id\":\"9_33\",\"correct\":false,\"trial_ID\":34,\"word1\":\"Alquallon\",\"word2\":\"Lisqualien\",\"word3\":\"Talquallen\",\"word4\":\"Quisquilien\",\"word5\":\"Rielquellen\",\"response\":\"3\",\"response_action\":\"keypress(3)\",\"correctResponse\":\"4\",\"ended_on\":\"response\",\"duration\":3328.602000011917,\"time_run\":204915.30000001192,\"time_render\":204909.363,\"time_show\":204925.698,\"time_end\":208254.30000001192,\"time_commit\":208255.40000003576,\"timestamp\":\"2021-07-20T08:54:58.587Z\",\"time_switch\":208274.657},{\"sender\":\"trial_screen\",\"sender_type\":\"canvas.Screen\",\"sender_id\":\"9_34\",\"correct\":false,\"trial_ID\":35,\"word1\":\"Berkiza\",\"word2\":\"Brekzie\",\"word3\":\"Birakzie\",\"word4\":\"Brikazie\",\"word5\":\"Bakiria\",\"response\":\"5\",\"response_action\":\"keypress(5)\",\"correctResponse\":\"2\",\"ended_on\":\"response\",\"duration\":4932.043000047677,\"time_run\":208257.90000003576,\"time_render\":208257.591,\"time_show\":208274.657,\"time_end\":213206.70000004768,\"time_commit\":213207.60000002384,\"timestamp\":\"2021-07-20T08:55:03.539Z\",\"time_switch\":213222.526},{\"sender\":\"loop_trial\",\"sender_type\":\"flow.Loop\",\"sender_id\":\"9\",\"ended_on\":\"completion\",\"duration\":130627.57000004768,\"time_run\":82569.90000003576,\"time_render\":82562.808,\"time_show\":82579.13,\"time_end\":213206.70000004768,\"time_commit\":213210.30000001192,\"timestamp\":\"2021-07-20T08:55:03.542Z\",\"time_switch\":213222.526},{\"sender\":\"end_html\",\"sender_type\":\"html.Screen\",\"sender_id\":\"10\",\"ended_on\":\"timeout\",\"duration\":5996.946999999986,\"time_run\":213210.40000003576,\"time_render\":213205.634,\"time_show\":213222.526,\"time_end\":219203.321,\"time_commit\":219207,\"timestamp\":\"2021-07-20T08:55:09.539Z\",\"time_switch\":219219.473},{\"sender\":\"root\",\"sender_type\":\"flow.Sequence\",\"sender_id\":null,\"ended_on\":\"completion\",\"duration\":218338.487,\"time_run\":848.6000000238419,\"time_render\":848.169,\"time_show\":864.834,\"time_end\":219203.321,\"time_commit\":219207.80000001192,\"timestamp\":\"2021-07-20T08:55:09.539Z\",\"time_switch\":219219.473}]",
    "metadata": "{\"slice\":0,\"id\":\"5d52b42f-d28b-4b59-8dd8-4df6d7f75de0\",\"payload\":\"full\"}",
    "url": "https://exp01.zih.tu-dresden.de/experiments/spot_a_word_task/"
}