{
    "data": "[{\"url\":{},\"meta\":{\"labjs_version\":\"20.1.1\",\"labjs_build\":{\"flavor\":\"production\",\"commit\":\"cd5695f774968f50499757c1423bd95d033ea08e\"},\"location\":\"https://exp01.zih.tu-dresden.de/experiments/raven_task/\",\"userAgent\":\"Mozilla/5.0 (Windows NT 10.0; Win64; x64; rv:89.0) Gecko/20100101 Firefox/89.0\",\"platform\":\"Win32\",\"language\":\"de\",\"locale\":\"de-DE\",\"timeZone\":\"Europe/Berlin\",\"timezoneOffset\":-120,\"screen_width\":1920,\"screen_height\":1080,\"scroll_width\":1920,\"scroll_height\":907,\"window_innerWidth\":1920,\"window_innerHeight\":955,\"devicePixelRatio\":1},\"sender\":\"welcome\",\"sender_type\":\"canvas.Screen\",\"sender_id\":\"0\",\"ended_on\":\"timeout\",\"duration\":8008.26,\"time_run\":1545,\"time_render\":1552.58,\"time_show\":1569.26,\"time_end\":9560.84,\"time_commit\":9563,\"timestamp\":\"2021-06-02T11:40:12.411Z\",\"time_switch\":9577.52},{\"sender\":\"instructions\",\"sender_type\":\"html.Page\",\"sender_id\":\"1\",\"response\":\"Space\",\"response_action\":\"keypress(Space)\",\"ended_on\":\"response\",\"duration\":31242.48,\"time_run\":9563,\"time_render\":9560.84,\"time_show\":9577.52,\"time_end\":40820,\"time_commit\":40829,\"timestamp\":\"2021-06-02T11:40:43.678Z\",\"time_switch\":40830.52},{\"sender\":\"example1\",\"sender_type\":\"canvas.Screen\",\"sender_id\":\"2\",\"response\":\"8\",\"response_action\":\"click(0) @8\",\"correctResponse\":\"8\",\"correct\":true,\"ended_on\":\"response\",\"duration\":9082.480000000003,\"time_run\":40830,\"time_render\":40830.32,\"time_show\":40830.52,\"time_end\":49913,\"time_commit\":49919,\"timestamp\":\"2021-06-02T11:40:52.767Z\",\"time_switch\":49935.74},{\"sender\":\"example1_feedback\",\"sender_type\":\"canvas.Screen\",\"sender_id\":\"3\",\"response\":\"space\",\"response_action\":\"keypress(Space)\",\"ended_on\":\"response\",\"duration\":2119.260000000002,\"time_run\":49923,\"time_render\":49923,\"time_show\":49935.74,\"time_end\":52055,\"time_commit\":52063,\"timestamp\":\"2021-06-02T11:40:54.911Z\",\"time_switch\":52062.7},{\"sender\":\"example2\",\"sender_type\":\"canvas.Screen\",\"sender_id\":\"4\",\"response\":\"4\",\"response_action\":\"click(0) @4\",\"correctResponse\":\"4\",\"correct\":true,\"ended_on\":\"response\",\"duration\":7382.300000000003,\"time_run\":52063,\"time_render\":52062.58,\"time_show\":52062.7,\"time_end\":59445,\"time_commit\":59457,\"timestamp\":\"2021-06-02T11:41:02.306Z\",\"time_switch\":59478.94},{\"sender\":\"example2_feedback\",\"sender_type\":\"canvas.Screen\",\"sender_id\":\"5\",\"response\":\"space\",\"response_action\":\"keypress(Space)\",\"ended_on\":\"response\",\"duration\":857.0599999999977,\"time_run\":59460,\"time_render\":59462.24,\"time_show\":59478.94,\"time_end\":60336,\"time_commit\":60345,\"timestamp\":\"2021-06-02T11:41:03.193Z\",\"time_switch\":60345.6},{\"sender\":\"get ready\",\"sender_type\":\"canvas.Screen\",\"sender_id\":\"6\",\"response\":\"Space\",\"response_action\":\"keypress(Space)\",\"ended_on\":\"response\",\"duration\":5927.4000000000015,\"time_run\":60346,\"time_render\":60345.5,\"time_show\":60345.6,\"time_end\":66273,\"time_commit\":66287,\"timestamp\":\"2021-06-02T11:41:09.135Z\",\"time_switch\":66287.8},{\"sender\":\"test01\",\"sender_type\":\"canvas.Screen\",\"sender_id\":\"7_0\",\"response\":\"8\",\"response_action\":\"click(0) @8\",\"correctResponse\":\"7\",\"correct\":false,\"ended_on\":\"response\",\"duration\":9392.199999999997,\"time_run\":66287,\"time_render\":66287.66,\"time_show\":66287.8,\"time_end\":75680,\"time_commit\":75691,\"timestamp\":\"2021-06-02T11:41:18.540Z\",\"time_switch\":75695.64},{\"sender\":\"test02\",\"sender_type\":\"canvas.Screen\",\"sender_id\":\"7_1\",\"response\":\"4\",\"response_action\":\"click(0) @4\",\"correctResponse\":\"4\",\"correct\":true,\"ended_on\":\"response\",\"duration\":8234.36,\"time_run\":75692,\"time_render\":75690.22,\"time_show\":75695.64,\"time_end\":83930,\"time_commit\":83937,\"timestamp\":\"2021-06-02T11:41:26.785Z\",\"time_switch\":83937.46},{\"sender\":\"test03\",\"sender_type\":\"canvas.Screen\",\"sender_id\":\"7_2\",\"response\":\"6\",\"response_action\":\"click(0) @6\",\"correctResponse\":\"6\",\"correct\":true,\"ended_on\":\"response\",\"duration\":9351.539999999994,\"time_run\":83937,\"time_render\":83935.96,\"time_show\":83937.46,\"time_end\":93289,\"time_commit\":93292,\"timestamp\":\"2021-06-02T11:41:36.140Z\",\"time_switch\":93297.08},{\"sender\":\"test04\",\"sender_type\":\"canvas.Screen\",\"sender_id\":\"7_3\",\"response\":\"2\",\"response_action\":\"click(0) @2\",\"correctResponse\":\"2\",\"correct\":true,\"ended_on\":\"response\",\"duration\":10632.919999999998,\"time_run\":93292,\"time_render\":93291.06,\"time_show\":93297.08,\"time_end\":103930,\"time_commit\":103939,\"timestamp\":\"2021-06-02T11:41:46.788Z\",\"time_switch\":103941.44},{\"sender\":\"test05\",\"sender_type\":\"canvas.Screen\",\"sender_id\":\"7_4\",\"response\":\"4\",\"response_action\":\"click(0) @4\",\"correctResponse\":\"4\",\"correct\":true,\"ended_on\":\"response\",\"duration\":16440.559999999998,\"time_run\":103940,\"time_render\":103938.28,\"time_show\":103941.44,\"time_end\":120382,\"time_commit\":120397,\"timestamp\":\"2021-06-02T11:42:03.245Z\",\"time_switch\":120408.34},{\"sender\":\"test06\",\"sender_type\":\"canvas.Screen\",\"sender_id\":\"7_5\",\"response\":\"7\",\"response_action\":\"click(0) @7\",\"correctResponse\":\"7\",\"correct\":true,\"ended_on\":\"response\",\"duration\":21599.660000000003,\"time_run\":120397,\"time_render\":120396,\"time_show\":120408.34,\"time_end\":142008,\"time_commit\":142017,\"timestamp\":\"2021-06-02T11:42:24.865Z\",\"time_switch\":142030.58},{\"sender\":\"test07\",\"sender_type\":\"canvas.Screen\",\"sender_id\":\"7_6\",\"response\":\"8\",\"response_action\":\"click(0) @8\",\"correctResponse\":\"8\",\"correct\":true,\"ended_on\":\"response\",\"duration\":14336.420000000013,\"time_run\":142018,\"time_render\":142016.36,\"time_show\":142030.58,\"time_end\":156367,\"time_commit\":156381,\"timestamp\":\"2021-06-02T11:42:39.229Z\",\"time_switch\":156395.36},{\"sender\":\"test08\",\"sender_type\":\"canvas.Screen\",\"sender_id\":\"7_7\",\"response\":\"8\",\"response_action\":\"click(0) @8\",\"correctResponse\":\"7\",\"correct\":false,\"ended_on\":\"response\",\"duration\":24252.640000000014,\"time_run\":156381,\"time_render\":156378.04,\"time_show\":156395.36,\"time_end\":180648,\"time_commit\":180665,\"timestamp\":\"2021-06-02T11:43:03.513Z\",\"time_switch\":180670.32},{\"sender\":\"test09\",\"sender_type\":\"canvas.Screen\",\"sender_id\":\"7_8\",\"response\":\"4\",\"response_action\":\"click(0) @4\",\"correctResponse\":\"5\",\"correct\":false,\"ended_on\":\"response\",\"duration\":43305.67999999999,\"time_run\":180666,\"time_render\":180664.1,\"time_show\":180670.32,\"time_end\":223976,\"time_commit\":223987,\"timestamp\":\"2021-06-02T11:43:46.836Z\",\"time_switch\":223998.3},{\"sender\":\"test10\",\"sender_type\":\"canvas.Screen\",\"sender_id\":\"7_9\",\"response\":\"8\",\"response_action\":\"click(0) @8\",\"correctResponse\":\"5\",\"correct\":false,\"ended_on\":\"response\",\"duration\":74259.70000000001,\"time_run\":223988,\"time_render\":223986.82,\"time_show\":223998.3,\"time_end\":298258,\"time_commit\":298263,\"timestamp\":\"2021-06-02T11:45:01.111Z\",\"time_switch\":298274.76},{\"sender\":\"test11\",\"sender_type\":\"canvas.Screen\",\"sender_id\":\"7_10\",\"response\":\"4\",\"response_action\":\"click(0) @4\",\"correctResponse\":\"4\",\"correct\":true,\"ended_on\":\"response\",\"duration\":64826.23999999999,\"time_run\":298263,\"time_render\":298262.1,\"time_show\":298274.76,\"time_end\":363101,\"time_commit\":363115,\"timestamp\":\"2021-06-02T11:46:05.963Z\",\"time_switch\":363124.88},{\"sender\":\"test12\",\"sender_type\":\"canvas.Screen\",\"sender_id\":\"7_11\",\"response\":\"2\",\"response_action\":\"click(0) @2\",\"correctResponse\":\"1\",\"correct\":false,\"ended_on\":\"response\",\"duration\":39523.119999999995,\"time_run\":363115,\"time_render\":363114.22,\"time_show\":363124.88,\"time_end\":402648,\"time_commit\":402659,\"timestamp\":\"2021-06-02T11:46:45.507Z\",\"time_switch\":402665.56},{\"sender\":\"tests (15min)\",\"sender_type\":\"flow.Sequence\",\"sender_id\":\"7\",\"ended_on\":\"completion\",\"duration\":336360.2,\"time_run\":66287,\"time_render\":66287.66,\"time_show\":66287.8,\"time_end\":402648,\"time_commit\":402660,\"timestamp\":\"2021-06-02T11:46:45.508Z\",\"time_switch\":402665.56},{\"sender\":\"good bye\",\"sender_type\":\"canvas.Screen\",\"sender_id\":\"8\",\"ended_on\":\"timeout\",\"duration\":4004.1199999999953,\"time_run\":402660,\"time_render\":402657.84,\"time_show\":402665.56,\"time_end\":406653,\"time_commit\":406654,\"timestamp\":\"2021-06-02T11:46:49.502Z\",\"time_switch\":406669.68},{\"sender\":\"root\",\"sender_type\":\"flow.Sequence\",\"sender_id\":null,\"ended_on\":\"completion\",\"duration\":405083.74,\"time_run\":1545,\"time_render\":1552.58,\"time_show\":1569.26,\"time_end\":406653,\"time_commit\":406654,\"timestamp\":\"2021-06-02T11:46:49.502Z\",\"time_switch\":406669.68}]",
    "metadata": "{\"slice\":0,\"id\":\"364d3532-67bf-4b7a-a438-bacb48d8670c\",\"payload\":\"full\"}",
    "url": "https://exp01.zih.tu-dresden.de/experiments/raven_task/"
}