{
    "data": "[{\"url\":{},\"meta\":{\"labjs_version\":\"20.1.1\",\"labjs_build\":{\"flavor\":\"production\",\"commit\":\"cd5695f774968f50499757c1423bd95d033ea08e\"},\"location\":\"https://exp01.zih.tu-dresden.de/experiments/spot_a_word_task/\",\"userAgent\":\"Mozilla/5.0 (Windows NT 10.0; Win64; x64; rv:89.0) Gecko/20100101 Firefox/89.0\",\"platform\":\"Win32\",\"language\":\"de\",\"locale\":\"de-DE\",\"timeZone\":\"Europe/Berlin\",\"timezoneOffset\":-120,\"screen_width\":1920,\"screen_height\":1080,\"scroll_width\":1920,\"scroll_height\":907,\"window_innerWidth\":1920,\"window_innerHeight\":955,\"devicePixelRatio\":1},\"sender\":\"start_html\",\"sender_type\":\"html.Screen\",\"sender_id\":\"0\",\"ended_on\":\"timeout\",\"duration\":6006.24,\"time_run\":431,\"time_render\":453.42,\"time_show\":470.1,\"time_end\":6459.64,\"time_commit\":6461,\"timestamp\":\"2021-06-02T11:32:54.976Z\",\"time_switch\":6476.34},{\"sender\":\"manual_html\",\"sender_type\":\"html.Screen\",\"sender_id\":\"1\",\"response\":\"space\",\"response_action\":\"keypress(Space)\",\"ended_on\":\"response\",\"duration\":32363.66,\"time_run\":6461,\"time_render\":6459.64,\"time_show\":6476.34,\"time_end\":38840,\"time_commit\":38849,\"timestamp\":\"2021-06-02T11:33:27.365Z\",\"time_switch\":38859.7},{\"sender\":\"example1_screen\",\"sender_type\":\"canvas.Screen\",\"sender_id\":\"2\",\"response\":\"4\",\"response_action\":\"keypress(4)\",\"correctResponse\":\"4\",\"correct\":true,\"ended_on\":\"response\",\"duration\":4293.300000000003,\"time_run\":38855,\"time_render\":38855.6,\"time_show\":38859.7,\"time_end\":43153,\"time_commit\":43160,\"timestamp\":\"2021-06-02T11:33:31.676Z\",\"time_switch\":43163.66},{\"sender\":\"example1_feedback\",\"sender_type\":\"canvas.Screen\",\"sender_id\":\"3\",\"response\":\"Space\",\"response_action\":\"keypress(Space)\",\"ended_on\":\"response\",\"duration\":2099.3399999999965,\"time_run\":43164,\"time_render\":43163.48,\"time_show\":43163.66,\"time_end\":45263,\"time_commit\":45266,\"timestamp\":\"2021-06-02T11:33:33.782Z\",\"time_switch\":45269.98},{\"sender\":\"example2_screen\",\"sender_type\":\"canvas.Screen\",\"sender_id\":\"4\",\"response\":\"5\",\"response_action\":\"keypress(5)\",\"correctResponse\":\"5\",\"correct\":true,\"ended_on\":\"response\",\"duration\":3742.019999999997,\"time_run\":45269,\"time_render\":45269.86,\"time_show\":45269.98,\"time_end\":49012,\"time_commit\":49030,\"timestamp\":\"2021-06-02T11:33:37.546Z\",\"time_switch\":49033.42},{\"sender\":\"example2_feedback\",\"sender_type\":\"canvas.Screen\",\"sender_id\":\"5\",\"response\":\"Space\",\"response_action\":\"keypress(Space)\",\"ended_on\":\"response\",\"duration\":2618.5800000000017,\"time_run\":49034,\"time_render\":49033.24,\"time_show\":49033.42,\"time_end\":51652,\"time_commit\":51658,\"timestamp\":\"2021-06-02T11:33:40.174Z\",\"time_switch\":51660.9},{\"sender\":\"example3_screen\",\"sender_type\":\"canvas.Screen\",\"sender_id\":\"6\",\"response\":\"1\",\"response_action\":\"keypress(1)\",\"correctResponse\":\"1\",\"correct\":true,\"ended_on\":\"response\",\"duration\":3758.0999999999985,\"time_run\":51660,\"time_render\":51660.72,\"time_show\":51660.9,\"time_end\":55419,\"time_commit\":55430,\"timestamp\":\"2021-06-02T11:33:43.946Z\",\"time_switch\":55433.54},{\"sender\":\"example3_feedback\",\"sender_type\":\"canvas.Screen\",\"sender_id\":\"7\",\"response\":\"Space\",\"response_action\":\"keypress(Space)\",\"ended_on\":\"response\",\"duration\":1016.4599999999991,\"time_run\":55433,\"time_render\":55433.42,\"time_show\":55433.54,\"time_end\":56450,\"time_commit\":56459,\"timestamp\":\"2021-06-02T11:33:44.975Z\",\"time_switch\":56459.2},{\"sender\":\"get_ready_html\",\"sender_type\":\"html.Screen\",\"sender_id\":\"8\",\"response\":\"space\",\"response_action\":\"keypress(Space)\",\"ended_on\":\"response\",\"duration\":4927.800000000003,\"time_run\":56459,\"time_render\":56459.04,\"time_show\":56459.2,\"time_end\":61387,\"time_commit\":61392,\"timestamp\":\"2021-06-02T11:33:49.907Z\",\"time_switch\":61423.78},{\"sender\":\"trial_screen\",\"sender_type\":\"canvas.Screen\",\"sender_id\":\"9_0\",\"correct\":true,\"trial_ID\":1,\"word1\":\"siziol\",\"word2\":\"salzahl\",\"word3\":\"sozihl\",\"word4\":\"sziam\",\"word5\":\"sozial\",\"response\":\"5\",\"response_action\":\"keypress(5)\",\"correctResponse\":\"5\",\"ended_on\":\"response\",\"duration\":3401.220000000001,\"time_run\":61423,\"time_render\":61423.6,\"time_show\":61423.78,\"time_end\":64825,\"time_commit\":64834,\"timestamp\":\"2021-06-02T11:33:53.350Z\",\"time_switch\":64838.44},{\"sender\":\"trial_screen\",\"sender_type\":\"canvas.Screen\",\"sender_id\":\"9_1\",\"correct\":true,\"trial_ID\":2,\"word1\":\"Lamone\",\"word2\":\"Talane\",\"word3\":\"Matrone\",\"word4\":\"Tarone\",\"word5\":\"Malonte\",\"response\":\"3\",\"response_action\":\"keypress(3)\",\"correctResponse\":\"3\",\"ended_on\":\"response\",\"duration\":4783.559999999998,\"time_run\":64838,\"time_render\":64838.24,\"time_show\":64838.44,\"time_end\":69622,\"time_commit\":69625,\"timestamp\":\"2021-06-02T11:33:58.141Z\",\"time_switch\":69629.44},{\"sender\":\"trial_screen\",\"sender_type\":\"canvas.Screen\",\"sender_id\":\"9_2\",\"correct\":true,\"trial_ID\":3,\"word1\":\"kurinesisch\",\"word2\":\"kulinarisch\",\"word3\":\"kumenisch\",\"word4\":\"kulissarisch\",\"word5\":\"kannastrisch\",\"response\":\"2\",\"response_action\":\"keypress(2)\",\"correctResponse\":\"2\",\"ended_on\":\"response\",\"duration\":2944.5599999999977,\"time_run\":69629,\"time_render\":69629.28,\"time_show\":69629.44,\"time_end\":72574,\"time_commit\":72587,\"timestamp\":\"2021-06-02T11:34:01.102Z\",\"time_switch\":72590.34},{\"sender\":\"trial_screen\",\"sender_type\":\"canvas.Screen\",\"sender_id\":\"9_3\",\"correct\":true,\"trial_ID\":4,\"word1\":\"Tinxur\",\"word2\":\"Kukutur\",\"word3\":\"Fraktan\",\"word4\":\"Tinktur\",\"word5\":\"Rimsuhr\",\"response\":\"4\",\"response_action\":\"keypress(4)\",\"correctResponse\":\"4\",\"ended_on\":\"response\",\"duration\":4608.6600000000035,\"time_run\":72590,\"time_render\":72590.16,\"time_show\":72590.34,\"time_end\":77199,\"time_commit\":77215,\"timestamp\":\"2021-06-02T11:34:05.730Z\",\"time_switch\":77219.26},{\"sender\":\"trial_screen\",\"sender_type\":\"canvas.Screen\",\"sender_id\":\"9_4\",\"correct\":true,\"trial_ID\":5,\"word1\":\"beralen\",\"word2\":\"ger\u00e4ltet\",\"word3\":\"an\u00e4lteren\",\"word4\":\"unt\u00e4ren\",\"word5\":\"verbr\u00e4men\",\"response\":\"5\",\"response_action\":\"keypress(5)\",\"correctResponse\":\"5\",\"ended_on\":\"response\",\"duration\":5963.740000000005,\"time_run\":77219,\"time_render\":77219.02,\"time_show\":77219.26,\"time_end\":83183,\"time_commit\":83194,\"timestamp\":\"2021-06-02T11:34:11.710Z\",\"time_switch\":83197.46},{\"sender\":\"trial_screen\",\"sender_type\":\"canvas.Screen\",\"sender_id\":\"9_5\",\"correct\":true,\"trial_ID\":6,\"word1\":\"Rosto\",\"word2\":\"Torso\",\"word3\":\"Soro\",\"word4\":\"Torgos\",\"word5\":\"Tosor\",\"response\":\"2\",\"response_action\":\"keypress(2)\",\"correctResponse\":\"2\",\"ended_on\":\"response\",\"duration\":2907.5399999999936,\"time_run\":83197,\"time_render\":83197.34,\"time_show\":83197.46,\"time_end\":86105,\"time_commit\":86122,\"timestamp\":\"2021-06-02T11:34:14.638Z\",\"time_switch\":86126.28},{\"sender\":\"trial_screen\",\"sender_type\":\"canvas.Screen\",\"sender_id\":\"9_6\",\"correct\":true,\"trial_ID\":7,\"word1\":\"Redor\",\"word2\":\"Radium\",\"word3\":\"Terion\",\"word4\":\"Dramin\",\"word5\":\"Orakium\",\"response\":\"2\",\"response_action\":\"keypress(2)\",\"correctResponse\":\"2\",\"ended_on\":\"response\",\"duration\":2650.720000000001,\"time_run\":86126,\"time_render\":86126.16,\"time_show\":86126.28,\"time_end\":88777,\"time_commit\":88785,\"timestamp\":\"2021-06-02T11:34:17.302Z\",\"time_switch\":88789.08},{\"sender\":\"trial_screen\",\"sender_type\":\"canvas.Screen\",\"sender_id\":\"9_7\",\"correct\":true,\"trial_ID\":8,\"word1\":\"Nale\",\"word2\":\"Sahe\",\"word3\":\"Nase\",\"word4\":\"Nesa\",\"word5\":\"Sehna\",\"response\":\"3\",\"response_action\":\"keypress(3)\",\"correctResponse\":\"3\",\"ended_on\":\"response\",\"duration\":2582.9199999999983,\"time_run\":88789,\"time_render\":88788.94,\"time_show\":88789.08,\"time_end\":91372,\"time_commit\":91382,\"timestamp\":\"2021-06-02T11:34:19.898Z\",\"time_switch\":91385},{\"sender\":\"trial_screen\",\"sender_type\":\"canvas.Screen\",\"sender_id\":\"9_8\",\"correct\":true,\"trial_ID\":9,\"word1\":\"Rilkiase\",\"word2\":\"Kilister\",\"word3\":\"Riliker\",\"word4\":\"Klistier\",\"word5\":\"Linkure\",\"response\":\"4\",\"response_action\":\"keypress(4)\",\"correctResponse\":\"4\",\"ended_on\":\"response\",\"duration\":5971,\"time_run\":91385,\"time_render\":91384.86,\"time_show\":91385,\"time_end\":97356,\"time_commit\":97361,\"timestamp\":\"2021-06-02T11:34:25.876Z\",\"time_switch\":97369.22},{\"sender\":\"trial_screen\",\"sender_type\":\"canvas.Screen\",\"sender_id\":\"9_9\",\"correct\":true,\"trial_ID\":10,\"word1\":\"kentern\",\"word2\":\"knerte\",\"word3\":\"kanzen\",\"word4\":\"kretern\",\"word5\":\"trekern\",\"response\":\"1\",\"response_action\":\"keypress(1)\",\"correctResponse\":\"1\",\"ended_on\":\"response\",\"duration\":4392.779999999999,\"time_run\":97369,\"time_render\":97369.02,\"time_show\":97369.22,\"time_end\":101762,\"time_commit\":101771,\"timestamp\":\"2021-06-02T11:34:30.287Z\",\"time_switch\":101775.74},{\"sender\":\"trial_screen\",\"sender_type\":\"canvas.Screen\",\"sender_id\":\"9_10\",\"correct\":true,\"trial_ID\":11,\"word1\":\"Sorekin\",\"word2\":\"Sarowin\",\"word3\":\"Rosakin\",\"word4\":\"Narosin\",\"word5\":\"Kerosin\",\"response\":\"5\",\"response_action\":\"keypress(5)\",\"correctResponse\":\"5\",\"ended_on\":\"response\",\"duration\":5564.259999999995,\"time_run\":101776,\"time_render\":101775.56,\"time_show\":101775.74,\"time_end\":107340,\"time_commit\":107354,\"timestamp\":\"2021-06-02T11:34:35.869Z\",\"time_switch\":107358.62},{\"sender\":\"trial_screen\",\"sender_type\":\"canvas.Screen\",\"sender_id\":\"9_11\",\"correct\":true,\"trial_ID\":12,\"word1\":\"Ralke\",\"word2\":\"Korre\",\"word3\":\"Ruckse\",\"word4\":\"Recke\",\"word5\":\"Ulte\",\"response\":\"4\",\"response_action\":\"keypress(4)\",\"correctResponse\":\"4\",\"ended_on\":\"response\",\"duration\":4840.380000000005,\"time_run\":107359,\"time_render\":107358.42,\"time_show\":107358.62,\"time_end\":112199,\"time_commit\":112208,\"timestamp\":\"2021-06-02T11:34:40.724Z\",\"time_switch\":112212.58},{\"sender\":\"trial_screen\",\"sender_type\":\"canvas.Screen\",\"sender_id\":\"9_12\",\"correct\":false,\"trial_ID\":13,\"word1\":\"Kapaun\",\"word2\":\"Paukan\",\"word3\":\"Naupack\",\"word4\":\"Aupeck\",\"word5\":\"Ankepran\",\"response\":\"2\",\"response_action\":\"keypress(2)\",\"correctResponse\":\"1\",\"ended_on\":\"response\",\"duration\":5549.419999999998,\"time_run\":112213,\"time_render\":112212.38,\"time_show\":112212.58,\"time_end\":117762,\"time_commit\":117778,\"timestamp\":\"2021-06-02T11:34:46.294Z\",\"time_switch\":117781.68},{\"sender\":\"trial_screen\",\"sender_type\":\"canvas.Screen\",\"sender_id\":\"9_13\",\"correct\":false,\"trial_ID\":14,\"word1\":\"Dissonanz\",\"word2\":\"Diskrisanz\",\"word3\":\"Distranz\",\"word4\":\"Dinotanz\",\"word5\":\"Sidonenz\",\"response\":\"2\",\"response_action\":\"keypress(2)\",\"correctResponse\":\"1\",\"ended_on\":\"response\",\"duration\":3652.320000000007,\"time_run\":117782,\"time_render\":117781.48,\"time_show\":117781.68,\"time_end\":121434,\"time_commit\":121446,\"timestamp\":\"2021-06-02T11:34:49.961Z\",\"time_switch\":121449.3},{\"sender\":\"trial_screen\",\"sender_type\":\"canvas.Screen\",\"sender_id\":\"9_14\",\"correct\":true,\"trial_ID\":15,\"word1\":\"Kirse\",\"word2\":\"Sirke\",\"word3\":\"Krise\",\"word4\":\"Krospe\",\"word5\":\"Seris\",\"response\":\"3\",\"response_action\":\"keypress(3)\",\"correctResponse\":\"3\",\"ended_on\":\"response\",\"duration\":3562.699999999997,\"time_run\":121449,\"time_render\":121449.16,\"time_show\":121449.3,\"time_end\":125012,\"time_commit\":125017,\"timestamp\":\"2021-06-02T11:34:53.532Z\",\"time_switch\":125020.26},{\"sender\":\"trial_screen\",\"sender_type\":\"canvas.Screen\",\"sender_id\":\"9_15\",\"correct\":true,\"trial_ID\":16,\"word1\":\"Tume\",\"word2\":\"Umat\",\"word3\":\"Maut\",\"word4\":\"Taum\",\"word5\":\"Muta\",\"response\":\"3\",\"response_action\":\"keypress(3)\",\"correctResponse\":\"3\",\"ended_on\":\"response\",\"duration\":2834.7400000000052,\"time_run\":125020,\"time_render\":125020.1,\"time_show\":125020.26,\"time_end\":127855,\"time_commit\":127869,\"timestamp\":\"2021-06-02T11:34:56.385Z\",\"time_switch\":127872.36},{\"sender\":\"trial_screen\",\"sender_type\":\"canvas.Screen\",\"sender_id\":\"9_16\",\"correct\":false,\"trial_ID\":17,\"word1\":\"Tuhl\",\"word2\":\"Lar\",\"word3\":\"Lest\",\"word4\":\"Dall\",\"word5\":\"Lid\",\"response\":\"1\",\"response_action\":\"keypress(1)\",\"correctResponse\":\"5\",\"ended_on\":\"response\",\"duration\":6092.639999999999,\"time_run\":127872,\"time_render\":127872.2,\"time_show\":127872.36,\"time_end\":133965,\"time_commit\":133973,\"timestamp\":\"2021-06-02T11:35:02.489Z\",\"time_switch\":133977.68},{\"sender\":\"trial_screen\",\"sender_type\":\"canvas.Screen\",\"sender_id\":\"9_17\",\"correct\":true,\"trial_ID\":18,\"word1\":\"Adept\",\"word2\":\"Padet\",\"word3\":\"Edapt\",\"word4\":\"Epatt\",\"word5\":\"Taped\",\"response\":\"1\",\"response_action\":\"keypress(1)\",\"correctResponse\":\"1\",\"ended_on\":\"response\",\"duration\":2566.320000000007,\"time_run\":133977,\"time_render\":133977.52,\"time_show\":133977.68,\"time_end\":136544,\"time_commit\":136554,\"timestamp\":\"2021-06-02T11:35:05.071Z\",\"time_switch\":136558.8},{\"sender\":\"trial_screen\",\"sender_type\":\"canvas.Screen\",\"sender_id\":\"9_18\",\"correct\":false,\"trial_ID\":19,\"word1\":\"Spirine\",\"word2\":\"Saprin\",\"word3\":\"Parsin\",\"word4\":\"Purin\",\"word5\":\"Asprint\",\"response\":\"1\",\"response_action\":\"keypress(1)\",\"correctResponse\":\"4\",\"ended_on\":\"response\",\"duration\":8812.200000000012,\"time_run\":136559,\"time_render\":136558.64,\"time_show\":136558.8,\"time_end\":145371,\"time_commit\":145385,\"timestamp\":\"2021-06-02T11:35:13.901Z\",\"time_switch\":145389.44},{\"sender\":\"trial_screen\",\"sender_type\":\"canvas.Screen\",\"sender_id\":\"9_19\",\"correct\":false,\"trial_ID\":20,\"word1\":\"Kulon\",\"word2\":\"Solgun\",\"word3\":\"Koskan\",\"word4\":\"Soran\",\"word5\":\"Klonus\",\"response\":\"4\",\"response_action\":\"keypress(4)\",\"correctResponse\":\"5\",\"ended_on\":\"response\",\"duration\":7153.559999999998,\"time_run\":145389,\"time_render\":145389.26,\"time_show\":145389.44,\"time_end\":152543,\"time_commit\":152560,\"timestamp\":\"2021-06-02T11:35:21.075Z\",\"time_switch\":152563.26},{\"sender\":\"trial_screen\",\"sender_type\":\"canvas.Screen\",\"sender_id\":\"9_20\",\"correct\":false,\"trial_ID\":21,\"word1\":\"Tronke\",\"word2\":\"Nocktherm\",\"word3\":\"Teronk\",\"word4\":\"Komtur\",\"word5\":\"Rocktur\",\"response\":\"5\",\"response_action\":\"keypress(5)\",\"correctResponse\":\"4\",\"ended_on\":\"response\",\"duration\":6619.739999999991,\"time_run\":152563,\"time_render\":152563.14,\"time_show\":152563.26,\"time_end\":159183,\"time_commit\":159201,\"timestamp\":\"2021-06-02T11:35:27.718Z\",\"time_switch\":159205.38},{\"sender\":\"trial_screen\",\"sender_type\":\"canvas.Screen\",\"sender_id\":\"9_21\",\"correct\":true,\"trial_ID\":22,\"word1\":\"Ripat\",\"word2\":\"Patinatte\",\"word3\":\"Tapir\",\"word4\":\"Apitt\",\"word5\":\"Padir\",\"response\":\"3\",\"response_action\":\"keypress(3)\",\"correctResponse\":\"3\",\"ended_on\":\"response\",\"duration\":4385.619999999995,\"time_run\":159205,\"time_render\":159205.16,\"time_show\":159205.38,\"time_end\":163591,\"time_commit\":163603,\"timestamp\":\"2021-06-02T11:35:32.118Z\",\"time_switch\":163606},{\"sender\":\"trial_screen\",\"sender_type\":\"canvas.Screen\",\"sender_id\":\"9_22\",\"correct\":false,\"trial_ID\":23,\"word1\":\"Akifer\",\"word2\":\"Fiaker\",\"word3\":\"Kiaffa\",\"word4\":\"Sariffer\",\"word5\":\"Refisker\",\"response\":\"4\",\"response_action\":\"keypress(4)\",\"correctResponse\":\"2\",\"ended_on\":\"response\",\"duration\":10890,\"time_run\":163606,\"time_render\":163605.88,\"time_show\":163606,\"time_end\":174496,\"time_commit\":174509,\"timestamp\":\"2021-06-02T11:35:43.024Z\",\"time_switch\":174512.04},{\"sender\":\"trial_screen\",\"sender_type\":\"canvas.Screen\",\"sender_id\":\"9_23\",\"correct\":false,\"trial_ID\":24,\"word1\":\"Kleiber\",\"word2\":\"Beikel\",\"word3\":\"Keibel\",\"word4\":\"Reikler\",\"word5\":\"Biekerl\",\"response\":\"2\",\"response_action\":\"keypress(2)\",\"correctResponse\":\"1\",\"ended_on\":\"response\",\"duration\":6265.959999999992,\"time_run\":174512,\"time_render\":174511.88,\"time_show\":174512.04,\"time_end\":180778,\"time_commit\":180791,\"timestamp\":\"2021-06-02T11:35:49.306Z\",\"time_switch\":180794.72},{\"sender\":\"trial_screen\",\"sender_type\":\"canvas.Screen\",\"sender_id\":\"9_24\",\"correct\":true,\"trial_ID\":25,\"word1\":\"Ig\u00e4de\",\"word2\":\"D\u00e4gie\",\"word3\":\"\u00c4gide\",\"word4\":\"Dig\u00e4de\",\"word5\":\"Giad\",\"response\":\"3\",\"response_action\":\"keypress(3)\",\"correctResponse\":\"3\",\"ended_on\":\"response\",\"duration\":3732.279999999999,\"time_run\":180794,\"time_render\":180794.38,\"time_show\":180794.72,\"time_end\":184527,\"time_commit\":184531,\"timestamp\":\"2021-06-02T11:35:53.047Z\",\"time_switch\":184534.8},{\"sender\":\"trial_screen\",\"sender_type\":\"canvas.Screen\",\"sender_id\":\"9_25\",\"correct\":true,\"trial_ID\":26,\"word1\":\"Rixal\",\"word2\":\"Irtax\",\"word3\":\"Rackizie\",\"word4\":\"Matrix\",\"word5\":\"Atrige\",\"response\":\"4\",\"response_action\":\"keypress(4)\",\"correctResponse\":\"4\",\"ended_on\":\"response\",\"duration\":3556.2000000000116,\"time_run\":184534,\"time_render\":184534.68,\"time_show\":184534.8,\"time_end\":188091,\"time_commit\":188097,\"timestamp\":\"2021-06-02T11:35:56.612Z\",\"time_switch\":188103.48},{\"sender\":\"trial_screen\",\"sender_type\":\"canvas.Screen\",\"sender_id\":\"9_26\",\"correct\":false,\"trial_ID\":27,\"word1\":\"Haskisch\",\"word2\":\"Asmisch\",\"word3\":\"Schisma\",\"word4\":\"Rasthmie\",\"word5\":\"Ilschah\",\"response\":\"2\",\"response_action\":\"keypress(2)\",\"correctResponse\":\"3\",\"ended_on\":\"response\",\"duration\":8048.5199999999895,\"time_run\":188104,\"time_render\":188103.34,\"time_show\":188103.48,\"time_end\":196152,\"time_commit\":196163,\"timestamp\":\"2021-06-02T11:36:04.678Z\",\"time_switch\":196166.96},{\"sender\":\"trial_screen\",\"sender_type\":\"canvas.Screen\",\"sender_id\":\"9_27\",\"correct\":false,\"trial_ID\":28,\"word1\":\"Sallose\",\"word2\":\"Lordose\",\"word3\":\"Dormase\",\"word4\":\"Rollase\",\"word5\":\"Ardierole\",\"response\":\"1\",\"response_action\":\"keypress(1)\",\"correctResponse\":\"2\",\"ended_on\":\"response\",\"duration\":7704.040000000008,\"time_run\":196167,\"time_render\":196166.82,\"time_show\":196166.96,\"time_end\":203871,\"time_commit\":203878,\"timestamp\":\"2021-06-02T11:36:12.395Z\",\"time_switch\":203883.86},{\"sender\":\"trial_screen\",\"sender_type\":\"canvas.Screen\",\"sender_id\":\"9_28\",\"correct\":false,\"trial_ID\":29,\"word1\":\"Intranotion\",\"word2\":\"Infranatura\",\"word3\":\"Internodium\",\"word4\":\"Indotalie\",\"word5\":\"Indosta\",\"response\":\"1\",\"response_action\":\"keypress(1)\",\"correctResponse\":\"3\",\"ended_on\":\"response\",\"duration\":9003.140000000014,\"time_run\":203883,\"time_render\":203883.66,\"time_show\":203883.86,\"time_end\":212887,\"time_commit\":212897,\"timestamp\":\"2021-06-02T11:36:21.412Z\",\"time_switch\":212901.22},{\"sender\":\"trial_screen\",\"sender_type\":\"canvas.Screen\",\"sender_id\":\"9_29\",\"correct\":false,\"trial_ID\":30,\"word1\":\"Idaste\",\"word2\":\"Dastrix\",\"word3\":\"Astike\",\"word4\":\"Sadile\",\"word5\":\"Kasside\",\"response\":\"3\",\"response_action\":\"keypress(3)\",\"correctResponse\":\"5\",\"ended_on\":\"response\",\"duration\":6361.779999999999,\"time_run\":212901,\"time_render\":212900.98,\"time_show\":212901.22,\"time_end\":219263,\"time_commit\":219278,\"timestamp\":\"2021-06-02T11:36:27.793Z\",\"time_switch\":219281.78},{\"sender\":\"trial_screen\",\"sender_type\":\"canvas.Screen\",\"sender_id\":\"9_30\",\"correct\":false,\"trial_ID\":31,\"word1\":\"Libration\",\"word2\":\"Bilation\",\"word3\":\"Arlation\",\"word4\":\"Iberation\",\"word5\":\"Tiradon\",\"response\":\"2\",\"response_action\":\"keypress(2)\",\"correctResponse\":\"1\",\"ended_on\":\"response\",\"duration\":4496.220000000001,\"time_run\":219282,\"time_render\":219281.58,\"time_show\":219281.78,\"time_end\":223778,\"time_commit\":223781,\"timestamp\":\"2021-06-02T11:36:32.297Z\",\"time_switch\":223785.64},{\"sender\":\"trial_screen\",\"sender_type\":\"canvas.Screen\",\"sender_id\":\"9_31\",\"correct\":true,\"trial_ID\":32,\"word1\":\"Pucker\",\"word2\":\"Keuper\",\"word3\":\"Eucker\",\"word4\":\"Reuspeck\",\"word5\":\"Urkane\",\"response\":\"2\",\"response_action\":\"keypress(2)\",\"correctResponse\":\"2\",\"ended_on\":\"response\",\"duration\":5930.359999999986,\"time_run\":223785,\"time_render\":223784.98,\"time_show\":223785.64,\"time_end\":229716,\"time_commit\":229728,\"timestamp\":\"2021-06-02T11:36:38.244Z\",\"time_switch\":229731.56},{\"sender\":\"trial_screen\",\"sender_type\":\"canvas.Screen\",\"sender_id\":\"9_32\",\"correct\":false,\"trial_ID\":33,\"word1\":\"Sickaber\",\"word2\":\"Bassiker\",\"word3\":\"Kassiber\",\"word4\":\"Sassiker\",\"word5\":\"Askiber\",\"response\":\"5\",\"response_action\":\"keypress(5)\",\"correctResponse\":\"3\",\"ended_on\":\"response\",\"duration\":7186.440000000002,\"time_run\":229731,\"time_render\":229731.44,\"time_show\":229731.56,\"time_end\":236918,\"time_commit\":236933,\"timestamp\":\"2021-06-02T11:36:45.448Z\",\"time_switch\":236935.98},{\"sender\":\"trial_screen\",\"sender_type\":\"canvas.Screen\",\"sender_id\":\"9_33\",\"correct\":false,\"trial_ID\":34,\"word1\":\"Alquallon\",\"word2\":\"Lisqualien\",\"word3\":\"Talquallen\",\"word4\":\"Quisquilien\",\"word5\":\"Rielquellen\",\"response\":\"3\",\"response_action\":\"keypress(3)\",\"correctResponse\":\"4\",\"ended_on\":\"response\",\"duration\":7826.0199999999895,\"time_run\":236936,\"time_render\":236935.84,\"time_show\":236935.98,\"time_end\":244762,\"time_commit\":244768,\"timestamp\":\"2021-06-02T11:36:53.283Z\",\"time_switch\":244772.34},{\"sender\":\"trial_screen\",\"sender_type\":\"canvas.Screen\",\"sender_id\":\"9_34\",\"correct\":false,\"trial_ID\":35,\"word1\":\"Berkiza\",\"word2\":\"Brekzie\",\"word3\":\"Birakzie\",\"word4\":\"Brikazie\",\"word5\":\"Bakiria\",\"response\":\"3\",\"response_action\":\"keypress(3)\",\"correctResponse\":\"2\",\"ended_on\":\"response\",\"duration\":7927.6600000000035,\"time_run\":244772,\"time_render\":244772.14,\"time_show\":244772.34,\"time_end\":252700,\"time_commit\":252703,\"timestamp\":\"2021-06-02T11:37:01.219Z\",\"time_switch\":252704.4},{\"sender\":\"loop_trial\",\"sender_type\":\"flow.Loop\",\"sender_id\":\"9\",\"ended_on\":\"completion\",\"duration\":191276.22,\"time_run\":61417,\"time_render\":61423.6,\"time_show\":61423.78,\"time_end\":252700,\"time_commit\":252704,\"timestamp\":\"2021-06-02T11:37:01.220Z\",\"time_switch\":252704.4},{\"sender\":\"end_html\",\"sender_type\":\"html.Screen\",\"sender_id\":\"10\",\"ended_on\":\"timeout\",\"duration\":5998.260000000009,\"time_run\":252704,\"time_render\":252704.32,\"time_show\":252704.4,\"time_end\":258685.98,\"time_commit\":258686,\"timestamp\":\"2021-06-02T11:37:07.202Z\",\"time_switch\":258702.66},{\"sender\":\"root\",\"sender_type\":\"flow.Sequence\",\"sender_id\":null,\"ended_on\":\"completion\",\"duration\":258215.88,\"time_run\":431,\"time_render\":453.42,\"time_show\":470.1,\"time_end\":258685.98,\"time_commit\":258687,\"timestamp\":\"2021-06-02T11:37:07.202Z\",\"time_switch\":258702.66}]",
    "metadata": "{\"slice\":0,\"id\":\"de28f87a-8e0c-46a0-bdea-1764516cf4c6\",\"payload\":\"full\"}",
    "url": "https://exp01.zih.tu-dresden.de/experiments/spot_a_word_task/"
}