{
    "data": "[{\"url\":{},\"meta\":{\"labjs_version\":\"20.1.1\",\"labjs_build\":{\"flavor\":\"production\",\"commit\":\"cd5695f774968f50499757c1423bd95d033ea08e\"},\"location\":\"https://exp01.zih.tu-dresden.de/experiments/raven_task/\",\"userAgent\":\"Mozilla/5.0 (Windows NT 10.0; Win64; x64) AppleWebKit/537.36 (KHTML, like Gecko) Chrome/91.0.4472.114 Safari/537.36 Edg/91.0.864.59\",\"platform\":\"Win32\",\"language\":\"de\",\"locale\":\"de\",\"timeZone\":\"Europe/Berlin\",\"timezoneOffset\":-120,\"screen_width\":1536,\"screen_height\":864,\"scroll_width\":1536,\"scroll_height\":674,\"window_innerWidth\":1536,\"window_innerHeight\":722,\"devicePixelRatio\":1.25},\"sender\":\"welcome\",\"sender_type\":\"canvas.Screen\",\"sender_id\":\"0\",\"ended_on\":\"timeout\",\"duration\":7992.648,\"time_run\":2486,\"time_render\":2407.12,\"time_show\":2473.665,\"time_end\":10449.722,\"time_commit\":10460.200000047684,\"timestamp\":\"2021-06-27T11:18:17.320Z\",\"time_switch\":10466.313},{\"sender\":\"instructions\",\"sender_type\":\"html.Page\",\"sender_id\":\"1\",\"response\":\"Space\",\"response_action\":\"keypress(Space)\",\"ended_on\":\"response\",\"duration\":29672.486999952314,\"time_run\":10461.600000023842,\"time_render\":10449.722,\"time_show\":10466.313,\"time_end\":40138.799999952316,\"time_commit\":40151.700000047684,\"timestamp\":\"2021-06-27T11:18:47.012Z\",\"time_switch\":40205.059},{\"sender\":\"example1\",\"sender_type\":\"canvas.Screen\",\"sender_id\":\"2\",\"response\":\"8\",\"response_action\":\"click(0) @8\",\"correctResponse\":\"8\",\"correct\":true,\"ended_on\":\"response\",\"duration\":4231.840999976157,\"time_run\":40153.39999997616,\"time_render\":40138.82,\"time_show\":40205.059,\"time_end\":44436.89999997616,\"time_commit\":44439.60000002384,\"timestamp\":\"2021-06-27T11:18:51.300Z\",\"time_switch\":44517.747},{\"sender\":\"example1_feedback\",\"sender_type\":\"canvas.Screen\",\"sender_id\":\"3\",\"response\":\"space\",\"response_action\":\"keypress(Space)\",\"ended_on\":\"response\",\"duration\":1559.3530000238388,\"time_run\":44508.10000002384,\"time_render\":44501.356,\"time_show\":44517.747,\"time_end\":46077.10000002384,\"time_commit\":46079.299999952316,\"timestamp\":\"2021-06-27T11:18:52.939Z\",\"time_switch\":46099.679},{\"sender\":\"example2\",\"sender_type\":\"canvas.Screen\",\"sender_id\":\"4\",\"response\":\"4\",\"response_action\":\"click(0) @4\",\"correctResponse\":\"4\",\"correct\":true,\"ended_on\":\"response\",\"duration\":6290.821000000004,\"time_run\":46079.89999997616,\"time_render\":46066.587,\"time_show\":46099.679,\"time_end\":52390.5,\"time_commit\":52391.200000047684,\"timestamp\":\"2021-06-27T11:18:59.251Z\",\"time_switch\":52492.159},{\"sender\":\"example2_feedback\",\"sender_type\":\"canvas.Screen\",\"sender_id\":\"5\",\"response\":\"space\",\"response_action\":\"keypress(Space)\",\"ended_on\":\"response\",\"duration\":1182.7409999761585,\"time_run\":52459.5,\"time_render\":52443.854,\"time_show\":52492.159,\"time_end\":53674.89999997616,\"time_commit\":53676.89999997616,\"timestamp\":\"2021-06-27T11:19:00.537Z\",\"time_switch\":53742.444},{\"sender\":\"get ready\",\"sender_type\":\"canvas.Screen\",\"sender_id\":\"6\",\"response\":\"Space\",\"response_action\":\"keypress(Space)\",\"ended_on\":\"response\",\"duration\":4247.055999999997,\"time_run\":53677.60000002384,\"time_render\":53676.143,\"time_show\":53742.444,\"time_end\":57989.5,\"time_commit\":57991.200000047684,\"timestamp\":\"2021-06-27T11:19:04.851Z\",\"time_switch\":58071.711},{\"sender\":\"test01\",\"sender_type\":\"canvas.Screen\",\"sender_id\":\"7_0\",\"response\":\"7\",\"response_action\":\"click(0) @7\",\"correctResponse\":\"7\",\"correct\":true,\"ended_on\":\"response\",\"duration\":13567.288999999997,\"time_run\":57991.799999952316,\"time_render\":57988.576,\"time_show\":58071.711,\"time_end\":71639,\"time_commit\":71639.89999997616,\"timestamp\":\"2021-06-27T11:19:18.500Z\",\"time_switch\":71659.048},{\"sender\":\"test02\",\"sender_type\":\"canvas.Screen\",\"sender_id\":\"7_1\",\"response\":\"4\",\"response_action\":\"click(0) @4\",\"correctResponse\":\"4\",\"correct\":true,\"ended_on\":\"response\",\"duration\":7798.751999952321,\"time_run\":71640,\"time_render\":71625.892,\"time_show\":71659.048,\"time_end\":79457.79999995232,\"time_commit\":79458.5,\"timestamp\":\"2021-06-27T11:19:26.318Z\",\"time_switch\":79468.446},{\"sender\":\"test03\",\"sender_type\":\"canvas.Screen\",\"sender_id\":\"7_2\",\"response\":\"5\",\"response_action\":\"click(0) @5\",\"correctResponse\":\"6\",\"correct\":false,\"ended_on\":\"response\",\"duration\":12926.554000000004,\"time_run\":79458.60000002384,\"time_render\":79451.89,\"time_show\":79468.446,\"time_end\":92395,\"time_commit\":92395.79999995232,\"timestamp\":\"2021-06-27T11:19:39.256Z\",\"time_switch\":92406.355},{\"sender\":\"test04\",\"sender_type\":\"canvas.Screen\",\"sender_id\":\"7_3\",\"response\":\"2\",\"response_action\":\"click(0) @2\",\"correctResponse\":\"2\",\"correct\":true,\"ended_on\":\"response\",\"duration\":17988.044999976162,\"time_run\":92395.89999997616,\"time_render\":92389.967,\"time_show\":92406.355,\"time_end\":110394.39999997616,\"time_commit\":110395.20000004768,\"timestamp\":\"2021-06-27T11:19:57.255Z\",\"time_switch\":110406.208},{\"sender\":\"test05\",\"sender_type\":\"canvas.Screen\",\"sender_id\":\"7_4\",\"response\":\"4\",\"response_action\":\"click(0) @4\",\"correctResponse\":\"4\",\"correct\":true,\"ended_on\":\"response\",\"duration\":9708.19199997616,\"time_run\":110395.20000004768,\"time_render\":110389.806,\"time_show\":110406.208,\"time_end\":120114.39999997616,\"time_commit\":120115.39999997616,\"timestamp\":\"2021-06-27T11:20:06.975Z\",\"time_switch\":120130.416},{\"sender\":\"test06\",\"sender_type\":\"canvas.Screen\",\"sender_id\":\"7_5\",\"response\":\"7\",\"response_action\":\"click(0) @7\",\"correctResponse\":\"7\",\"correct\":true,\"ended_on\":\"response\",\"duration\":25735.184000023844,\"time_run\":120115.60000002384,\"time_render\":120113.941,\"time_show\":120130.416,\"time_end\":145865.60000002384,\"time_commit\":145870.39999997616,\"timestamp\":\"2021-06-27T11:20:32.730Z\",\"time_switch\":145889.704},{\"sender\":\"test07\",\"sender_type\":\"canvas.Screen\",\"sender_id\":\"7_6\",\"response\":\"7\",\"response_action\":\"click(0) @7\",\"correctResponse\":\"8\",\"correct\":false,\"ended_on\":\"response\",\"duration\":11000.996000047686,\"time_run\":145870.60000002384,\"time_render\":145873.037,\"time_show\":145889.704,\"time_end\":156890.70000004768,\"time_commit\":156891.39999997616,\"timestamp\":\"2021-06-27T11:20:43.751Z\",\"time_switch\":156929.377},{\"sender\":\"test08\",\"sender_type\":\"canvas.Screen\",\"sender_id\":\"7_7\",\"response\":\"4\",\"response_action\":\"click(0) @4\",\"correctResponse\":\"7\",\"correct\":false,\"ended_on\":\"response\",\"duration\":24148.42299995231,\"time_run\":156891.5,\"time_render\":156879.733,\"time_show\":156929.377,\"time_end\":181077.79999995232,\"time_commit\":181078.60000002384,\"timestamp\":\"2021-06-27T11:21:07.939Z\",\"time_switch\":181090.175},{\"sender\":\"test09\",\"sender_type\":\"canvas.Screen\",\"sender_id\":\"7_8\",\"response\":\"5\",\"response_action\":\"click(0) @5\",\"correctResponse\":\"5\",\"correct\":true,\"ended_on\":\"response\",\"duration\":16660.025000047695,\"time_run\":181078.70000004768,\"time_render\":181073.734,\"time_show\":181090.175,\"time_end\":197750.20000004768,\"time_commit\":197750.79999995232,\"timestamp\":\"2021-06-27T11:21:24.611Z\",\"time_switch\":197774.56},{\"sender\":\"test10\",\"sender_type\":\"canvas.Screen\",\"sender_id\":\"7_9\",\"response\":\"8\",\"response_action\":\"click(0) @8\",\"correctResponse\":\"5\",\"correct\":false,\"ended_on\":\"response\",\"duration\":25547.040000023844,\"time_run\":197750.79999995232,\"time_render\":197741.611,\"time_show\":197774.56,\"time_end\":223321.60000002384,\"time_commit\":223322.39999997616,\"timestamp\":\"2021-06-27T11:21:50.182Z\",\"time_switch\":223350.68},{\"sender\":\"test11\",\"sender_type\":\"canvas.Screen\",\"sender_id\":\"7_10\",\"response\":\"7\",\"response_action\":\"click(0) @7\",\"correctResponse\":\"4\",\"correct\":false,\"ended_on\":\"response\",\"duration\":21963.719999976165,\"time_run\":223322.5,\"time_render\":223317.727,\"time_show\":223350.68,\"time_end\":245314.39999997616,\"time_commit\":245315.10000002384,\"timestamp\":\"2021-06-27T11:22:12.175Z\",\"time_switch\":245330.178},{\"sender\":\"test12\",\"sender_type\":\"canvas.Screen\",\"sender_id\":\"7_11\",\"response\":\"3\",\"response_action\":\"click(0) @3\",\"correctResponse\":\"1\",\"correct\":false,\"ended_on\":\"response\",\"duration\":6239.321999999986,\"time_run\":245315.20000004768,\"time_render\":245313.857,\"time_show\":245330.178,\"time_end\":251569.5,\"time_commit\":251570.20000004768,\"timestamp\":\"2021-06-27T11:22:18.430Z\",\"time_switch\":251574.305},{\"sender\":\"tests (15min)\",\"sender_type\":\"flow.Sequence\",\"sender_id\":\"7\",\"ended_on\":\"completion\",\"duration\":193497.789,\"time_run\":57991.700000047684,\"time_render\":57988.576,\"time_show\":58071.711,\"time_end\":251569.5,\"time_commit\":251572.29999995232,\"timestamp\":\"2021-06-27T11:22:18.432Z\",\"time_switch\":251574.305},{\"sender\":\"good bye\",\"sender_type\":\"canvas.Screen\",\"sender_id\":\"8\",\"ended_on\":\"timeout\",\"duration\":3996.5780000000086,\"time_run\":251572.39999997616,\"time_render\":251557.672,\"time_show\":251574.305,\"time_end\":255554.277,\"time_commit\":255556.79999995232,\"timestamp\":\"2021-06-27T11:22:22.417Z\",\"time_switch\":255570.883},{\"sender\":\"root\",\"sender_type\":\"flow.Sequence\",\"sender_id\":null,\"ended_on\":\"completion\",\"duration\":253080.612,\"time_run\":2485.7000000476837,\"time_render\":2407.12,\"time_show\":2473.665,\"time_end\":255554.277,\"time_commit\":255558.29999995232,\"timestamp\":\"2021-06-27T11:22:22.418Z\",\"time_switch\":255570.883}]",
    "metadata": "{\"slice\":0,\"id\":\"9ea16769-d4a1-46c5-9252-533571db9d2f\",\"payload\":\"full\"}",
    "url": "https://exp01.zih.tu-dresden.de/experiments/raven_task/"
}