{
    "data": "[{\"url\":{},\"meta\":{\"labjs_version\":\"20.1.1\",\"labjs_build\":{\"flavor\":\"production\",\"commit\":\"cd5695f774968f50499757c1423bd95d033ea08e\"},\"location\":\"https://exp01.zih.tu-dresden.de/experiments/spot_a_word_task/\",\"userAgent\":\"Mozilla/5.0 (Windows NT 10.0; Win64; x64) AppleWebKit/537.36 (KHTML, like Gecko) Chrome/91.0.4472.114 Safari/537.36 Edg/91.0.864.59\",\"platform\":\"Win32\",\"language\":\"de\",\"locale\":\"de\",\"timeZone\":\"Europe/Berlin\",\"timezoneOffset\":-120,\"screen_width\":1536,\"screen_height\":864,\"scroll_width\":1536,\"scroll_height\":674,\"window_innerWidth\":1536,\"window_innerHeight\":722,\"devicePixelRatio\":1.25},\"sender\":\"start_html\",\"sender_type\":\"html.Screen\",\"sender_id\":\"0\",\"ended_on\":\"timeout\",\"duration\":5994.548,\"time_run\":556.3999999761581,\"time_render\":474.107,\"time_show\":557.35,\"time_end\":6535.451,\"time_commit\":6546.399999976158,\"timestamp\":\"2021-06-27T11:12:40.552Z\",\"time_switch\":6551.898},{\"sender\":\"manual_html\",\"sender_type\":\"html.Screen\",\"sender_id\":\"1\",\"response\":\"space\",\"response_action\":\"keypress(Space)\",\"ended_on\":\"response\",\"duration\":28241.501999976157,\"time_run\":6547.699999928474,\"time_render\":6535.451,\"time_show\":6551.898,\"time_end\":34793.39999997616,\"time_commit\":34804.5,\"timestamp\":\"2021-06-27T11:13:08.810Z\",\"time_switch\":34825.38},{\"sender\":\"example1_screen\",\"sender_type\":\"canvas.Screen\",\"sender_id\":\"2\",\"response\":\"4\",\"response_action\":\"keypress(4)\",\"correctResponse\":\"4\",\"correct\":true,\"ended_on\":\"response\",\"duration\":2915.219999904635,\"time_run\":34821.09999990463,\"time_render\":34792.087,\"time_show\":34825.38,\"time_end\":37740.59999990463,\"time_commit\":37743.5,\"timestamp\":\"2021-06-27T11:13:11.749Z\",\"time_switch\":37756.032},{\"sender\":\"example1_feedback\",\"sender_type\":\"canvas.Screen\",\"sender_id\":\"3\",\"response\":\"Space\",\"response_action\":\"keypress(Space)\",\"ended_on\":\"response\",\"duration\":1870.367999976159,\"time_run\":37752.799999952316,\"time_render\":37739.412,\"time_show\":37756.032,\"time_end\":39626.39999997616,\"time_commit\":39628,\"timestamp\":\"2021-06-27T11:13:13.634Z\",\"time_switch\":39654.284},{\"sender\":\"example2_screen\",\"sender_type\":\"canvas.Screen\",\"sender_id\":\"4\",\"response\":\"5\",\"response_action\":\"keypress(5)\",\"correctResponse\":\"5\",\"correct\":true,\"ended_on\":\"response\",\"duration\":2251.415999928475,\"time_run\":39639.5,\"time_render\":39637.695,\"time_show\":39654.284,\"time_end\":41905.699999928474,\"time_commit\":41908.09999990463,\"timestamp\":\"2021-06-27T11:13:15.914Z\",\"time_switch\":41937.012},{\"sender\":\"example2_feedback\",\"sender_type\":\"canvas.Screen\",\"sender_id\":\"5\",\"response\":\"Space\",\"response_action\":\"keypress(Space)\",\"ended_on\":\"response\",\"duration\":2260.4879999999976,\"time_run\":41917.699999928474,\"time_render\":41902.299,\"time_show\":41937.012,\"time_end\":44197.5,\"time_commit\":44199.5,\"timestamp\":\"2021-06-27T11:13:18.205Z\",\"time_switch\":44216.644},{\"sender\":\"example3_screen\",\"sender_type\":\"canvas.Screen\",\"sender_id\":\"6\",\"response\":\"1\",\"response_action\":\"keypress(1)\",\"correctResponse\":\"1\",\"correct\":true,\"ended_on\":\"response\",\"duration\":3470.655999952316,\"time_run\":44210.09999990463,\"time_render\":44200.046,\"time_show\":44216.644,\"time_end\":47687.299999952316,\"time_commit\":47689.39999997616,\"timestamp\":\"2021-06-27T11:13:21.695Z\",\"time_switch\":47713.384},{\"sender\":\"example3_feedback\",\"sender_type\":\"canvas.Screen\",\"sender_id\":\"7\",\"response\":\"Space\",\"response_action\":\"keypress(Space)\",\"ended_on\":\"response\",\"duration\":1060.1160000000018,\"time_run\":47698,\"time_render\":47696.915,\"time_show\":47713.384,\"time_end\":48773.5,\"time_commit\":48775.5,\"timestamp\":\"2021-06-27T11:13:22.781Z\",\"time_switch\":48795.745},{\"sender\":\"get_ready_html\",\"sender_type\":\"html.Screen\",\"sender_id\":\"8\",\"response\":\"space\",\"response_action\":\"keypress(Space)\",\"ended_on\":\"response\",\"duration\":7952.454999928472,\"time_run\":48776.09999990463,\"time_render\":48779.309,\"time_show\":48795.745,\"time_end\":56748.199999928474,\"time_commit\":56750.09999990463,\"timestamp\":\"2021-06-27T11:13:30.756Z\",\"time_switch\":56821.447},{\"sender\":\"trial_screen\",\"sender_type\":\"canvas.Screen\",\"sender_id\":\"9_0\",\"correct\":true,\"trial_ID\":1,\"word1\":\"siziol\",\"word2\":\"salzahl\",\"word3\":\"sozihl\",\"word4\":\"sziam\",\"word5\":\"sozial\",\"response\":\"5\",\"response_action\":\"keypress(5)\",\"correctResponse\":\"5\",\"ended_on\":\"response\",\"duration\":2518.7529999284743,\"time_run\":56817.59999990463,\"time_render\":56804.914,\"time_show\":56821.447,\"time_end\":59340.199999928474,\"time_commit\":59342.89999997616,\"timestamp\":\"2021-06-27T11:13:33.348Z\",\"time_switch\":59369.102},{\"sender\":\"trial_screen\",\"sender_type\":\"canvas.Screen\",\"sender_id\":\"9_1\",\"correct\":true,\"trial_ID\":2,\"word1\":\"Lamone\",\"word2\":\"Talane\",\"word3\":\"Matrone\",\"word4\":\"Tarone\",\"word5\":\"Malonte\",\"response\":\"3\",\"response_action\":\"keypress(3)\",\"correctResponse\":\"3\",\"ended_on\":\"response\",\"duration\":5711.0979999284755,\"time_run\":59359.5,\"time_render\":59352.434,\"time_show\":59369.102,\"time_end\":65080.199999928474,\"time_commit\":65082.5,\"timestamp\":\"2021-06-27T11:13:39.088Z\",\"time_switch\":65113.779},{\"sender\":\"trial_screen\",\"sender_type\":\"canvas.Screen\",\"sender_id\":\"9_2\",\"correct\":true,\"trial_ID\":3,\"word1\":\"kurinesisch\",\"word2\":\"kulinarisch\",\"word3\":\"kumenisch\",\"word4\":\"kulissarisch\",\"word5\":\"kannastrisch\",\"response\":\"2\",\"response_action\":\"keypress(2)\",\"correctResponse\":\"2\",\"ended_on\":\"response\",\"duration\":2814.2209999999977,\"time_run\":65097.199999928474,\"time_render\":65097.161,\"time_show\":65113.779,\"time_end\":67928,\"time_commit\":67930.79999995232,\"timestamp\":\"2021-06-27T11:13:41.936Z\",\"time_switch\":67944.538},{\"sender\":\"trial_screen\",\"sender_type\":\"canvas.Screen\",\"sender_id\":\"9_3\",\"correct\":true,\"trial_ID\":4,\"word1\":\"Tinxur\",\"word2\":\"Kukutur\",\"word3\":\"Fraktan\",\"word4\":\"Tinktur\",\"word5\":\"Rimsuhr\",\"response\":\"4\",\"response_action\":\"keypress(4)\",\"correctResponse\":\"4\",\"ended_on\":\"response\",\"duration\":2435.661999928474,\"time_run\":67939.79999995232,\"time_render\":67927.988,\"time_show\":67944.538,\"time_end\":70380.19999992847,\"time_commit\":70382.59999990463,\"timestamp\":\"2021-06-27T11:13:44.388Z\",\"time_switch\":70425.641},{\"sender\":\"trial_screen\",\"sender_type\":\"canvas.Screen\",\"sender_id\":\"9_4\",\"correct\":true,\"trial_ID\":5,\"word1\":\"beralen\",\"word2\":\"ger\u00e4ltet\",\"word3\":\"an\u00e4lteren\",\"word4\":\"unt\u00e4ren\",\"word5\":\"verbr\u00e4men\",\"response\":\"5\",\"response_action\":\"keypress(5)\",\"correctResponse\":\"5\",\"ended_on\":\"response\",\"duration\":6083.158999952313,\"time_run\":70391.59999990463,\"time_render\":70409.143,\"time_show\":70425.641,\"time_end\":76508.79999995232,\"time_commit\":76511.09999990463,\"timestamp\":\"2021-06-27T11:13:50.517Z\",\"time_switch\":76536.403},{\"sender\":\"trial_screen\",\"sender_type\":\"canvas.Screen\",\"sender_id\":\"9_5\",\"correct\":true,\"trial_ID\":6,\"word1\":\"Rosto\",\"word2\":\"Torso\",\"word3\":\"Soro\",\"word4\":\"Torgos\",\"word5\":\"Tosor\",\"response\":\"2\",\"response_action\":\"keypress(2)\",\"correctResponse\":\"2\",\"ended_on\":\"response\",\"duration\":2279.7969999284687,\"time_run\":76520,\"time_render\":76519.947,\"time_show\":76536.403,\"time_end\":78816.19999992847,\"time_commit\":78818.5,\"timestamp\":\"2021-06-27T11:13:52.824Z\",\"time_switch\":78834.336},{\"sender\":\"trial_screen\",\"sender_type\":\"canvas.Screen\",\"sender_id\":\"9_6\",\"correct\":true,\"trial_ID\":7,\"word1\":\"Redor\",\"word2\":\"Radium\",\"word3\":\"Terion\",\"word4\":\"Dramin\",\"word5\":\"Orakium\",\"response\":\"2\",\"response_action\":\"keypress(2)\",\"correctResponse\":\"2\",\"ended_on\":\"response\",\"duration\":2137.9639999523206,\"time_run\":78832.09999990463,\"time_render\":78817.815,\"time_show\":78834.336,\"time_end\":80972.29999995232,\"time_commit\":80974.59999990463,\"timestamp\":\"2021-06-27T11:13:54.980Z\",\"time_switch\":80998.901},{\"sender\":\"trial_screen\",\"sender_type\":\"canvas.Screen\",\"sender_id\":\"9_7\",\"correct\":true,\"trial_ID\":8,\"word1\":\"Nale\",\"word2\":\"Sahe\",\"word3\":\"Nase\",\"word4\":\"Nesa\",\"word5\":\"Sehna\",\"response\":\"3\",\"response_action\":\"keypress(3)\",\"correctResponse\":\"3\",\"ended_on\":\"response\",\"duration\":3166.6989999046345,\"time_run\":80983.79999995232,\"time_render\":80982.456,\"time_show\":80998.901,\"time_end\":84165.59999990463,\"time_commit\":84167.59999990463,\"timestamp\":\"2021-06-27T11:13:58.173Z\",\"time_switch\":84179.323},{\"sender\":\"trial_screen\",\"sender_type\":\"canvas.Screen\",\"sender_id\":\"9_8\",\"correct\":true,\"trial_ID\":9,\"word1\":\"Rilkiase\",\"word2\":\"Kilister\",\"word3\":\"Riliker\",\"word4\":\"Klistier\",\"word5\":\"Linkure\",\"response\":\"4\",\"response_action\":\"keypress(4)\",\"correctResponse\":\"4\",\"ended_on\":\"response\",\"duration\":4088.2769999046286,\"time_run\":84175.69999992847,\"time_render\":84162.803,\"time_show\":84179.323,\"time_end\":88267.59999990463,\"time_commit\":88269.39999997616,\"timestamp\":\"2021-06-27T11:14:02.275Z\",\"time_switch\":88292.128},{\"sender\":\"trial_screen\",\"sender_type\":\"canvas.Screen\",\"sender_id\":\"9_9\",\"correct\":true,\"trial_ID\":10,\"word1\":\"kentern\",\"word2\":\"knerte\",\"word3\":\"kanzen\",\"word4\":\"kretern\",\"word5\":\"trekern\",\"response\":\"1\",\"response_action\":\"keypress(1)\",\"correctResponse\":\"1\",\"ended_on\":\"response\",\"duration\":3700.372000000003,\"time_run\":88277.09999990463,\"time_render\":88275.529,\"time_show\":88292.128,\"time_end\":91992.5,\"time_commit\":91994.5,\"timestamp\":\"2021-06-27T11:14:06.000Z\",\"time_switch\":92005.336},{\"sender\":\"trial_screen\",\"sender_type\":\"canvas.Screen\",\"sender_id\":\"9_10\",\"correct\":true,\"trial_ID\":11,\"word1\":\"Sorekin\",\"word2\":\"Sarowin\",\"word3\":\"Rosakin\",\"word4\":\"Narosin\",\"word5\":\"Kerosin\",\"response\":\"5\",\"response_action\":\"keypress(5)\",\"correctResponse\":\"5\",\"ended_on\":\"response\",\"duration\":3200.0639999761624,\"time_run\":92003.29999995232,\"time_render\":91988.775,\"time_show\":92005.336,\"time_end\":95205.39999997616,\"time_commit\":95207.19999992847,\"timestamp\":\"2021-06-27T11:14:09.213Z\",\"time_switch\":95219.06},{\"sender\":\"trial_screen\",\"sender_type\":\"canvas.Screen\",\"sender_id\":\"9_11\",\"correct\":true,\"trial_ID\":12,\"word1\":\"Ralke\",\"word2\":\"Korre\",\"word3\":\"Ruckse\",\"word4\":\"Recke\",\"word5\":\"Ulte\",\"response\":\"4\",\"response_action\":\"keypress(4)\",\"correctResponse\":\"4\",\"ended_on\":\"response\",\"duration\":4192.940000000002,\"time_run\":95214.79999995232,\"time_render\":95202.626,\"time_show\":95219.06,\"time_end\":99412,\"time_commit\":99414.09999990463,\"timestamp\":\"2021-06-27T11:14:13.420Z\",\"time_switch\":99431.759},{\"sender\":\"trial_screen\",\"sender_type\":\"canvas.Screen\",\"sender_id\":\"9_12\",\"correct\":false,\"trial_ID\":13,\"word1\":\"Kapaun\",\"word2\":\"Paukan\",\"word3\":\"Naupack\",\"word4\":\"Aupeck\",\"word5\":\"Ankepran\",\"response\":\"4\",\"response_action\":\"keypress(4)\",\"correctResponse\":\"1\",\"ended_on\":\"response\",\"duration\":5142.7409999999945,\"time_run\":99421.39999997616,\"time_render\":99415.221,\"time_show\":99431.759,\"time_end\":104574.5,\"time_commit\":104576.59999990463,\"timestamp\":\"2021-06-27T11:14:18.582Z\",\"time_switch\":104593.596},{\"sender\":\"trial_screen\",\"sender_type\":\"canvas.Screen\",\"sender_id\":\"9_13\",\"correct\":true,\"trial_ID\":14,\"word1\":\"Dissonanz\",\"word2\":\"Diskrisanz\",\"word3\":\"Distranz\",\"word4\":\"Dinotanz\",\"word5\":\"Sidonenz\",\"response\":\"1\",\"response_action\":\"keypress(1)\",\"correctResponse\":\"1\",\"ended_on\":\"response\",\"duration\":2929.0039999046276,\"time_run\":104589,\"time_render\":104577.074,\"time_show\":104593.596,\"time_end\":107522.59999990463,\"time_commit\":107523.09999990463,\"timestamp\":\"2021-06-27T11:14:21.529Z\",\"time_switch\":107540.794},{\"sender\":\"trial_screen\",\"sender_type\":\"canvas.Screen\",\"sender_id\":\"9_14\",\"correct\":true,\"trial_ID\":15,\"word1\":\"Kirse\",\"word2\":\"Sirke\",\"word3\":\"Krise\",\"word4\":\"Krospe\",\"word5\":\"Seris\",\"response\":\"3\",\"response_action\":\"keypress(3)\",\"correctResponse\":\"3\",\"ended_on\":\"response\",\"duration\":1842.2060000000056,\"time_run\":107524.89999997616,\"time_render\":107524.223,\"time_show\":107540.794,\"time_end\":109383,\"time_commit\":109385.09999990463,\"timestamp\":\"2021-06-27T11:14:23.391Z\",\"time_switch\":109405.809},{\"sender\":\"trial_screen\",\"sender_type\":\"canvas.Screen\",\"sender_id\":\"9_15\",\"correct\":true,\"trial_ID\":16,\"word1\":\"Tume\",\"word2\":\"Umat\",\"word3\":\"Maut\",\"word4\":\"Taum\",\"word5\":\"Muta\",\"response\":\"3\",\"response_action\":\"keypress(3)\",\"correctResponse\":\"3\",\"ended_on\":\"response\",\"duration\":2058.8909999284806,\"time_run\":109393.59999990463,\"time_render\":109389.199,\"time_show\":109405.809,\"time_end\":111464.69999992847,\"time_commit\":111466.59999990463,\"timestamp\":\"2021-06-27T11:14:25.472Z\",\"time_switch\":111487.143},{\"sender\":\"trial_screen\",\"sender_type\":\"canvas.Screen\",\"sender_id\":\"9_16\",\"correct\":true,\"trial_ID\":17,\"word1\":\"Tuhl\",\"word2\":\"Lar\",\"word3\":\"Lest\",\"word4\":\"Dall\",\"word5\":\"Lid\",\"response\":\"5\",\"response_action\":\"keypress(5)\",\"correctResponse\":\"5\",\"ended_on\":\"response\",\"duration\":2666.8570000000036,\"time_run\":111474,\"time_render\":111470.65,\"time_show\":111487.143,\"time_end\":114154,\"time_commit\":114155.69999992847,\"timestamp\":\"2021-06-27T11:14:28.161Z\",\"time_switch\":114167.981},{\"sender\":\"trial_screen\",\"sender_type\":\"canvas.Screen\",\"sender_id\":\"9_17\",\"correct\":false,\"trial_ID\":18,\"word1\":\"Adept\",\"word2\":\"Padet\",\"word3\":\"Edapt\",\"word4\":\"Epatt\",\"word5\":\"Taped\",\"response\":\"2\",\"response_action\":\"keypress(2)\",\"correctResponse\":\"1\",\"ended_on\":\"response\",\"duration\":5060.218999928475,\"time_run\":114163,\"time_render\":114151.45,\"time_show\":114167.981,\"time_end\":119228.19999992847,\"time_commit\":119230.19999992847,\"timestamp\":\"2021-06-27T11:14:33.236Z\",\"time_switch\":119246.607},{\"sender\":\"trial_screen\",\"sender_type\":\"canvas.Screen\",\"sender_id\":\"9_18\",\"correct\":false,\"trial_ID\":19,\"word1\":\"Spirine\",\"word2\":\"Saprin\",\"word3\":\"Parsin\",\"word4\":\"Purin\",\"word5\":\"Asprint\",\"response\":\"5\",\"response_action\":\"keypress(5)\",\"correctResponse\":\"4\",\"ended_on\":\"response\",\"duration\":5006.392999999996,\"time_run\":119238.39999997616,\"time_render\":119230.091,\"time_show\":119246.607,\"time_end\":124253,\"time_commit\":124255.59999990463,\"timestamp\":\"2021-06-27T11:14:38.261Z\",\"time_switch\":124275.248},{\"sender\":\"trial_screen\",\"sender_type\":\"canvas.Screen\",\"sender_id\":\"9_19\",\"correct\":false,\"trial_ID\":20,\"word1\":\"Kulon\",\"word2\":\"Solgun\",\"word3\":\"Koskan\",\"word4\":\"Soran\",\"word5\":\"Klonus\",\"response\":\"4\",\"response_action\":\"keypress(4)\",\"correctResponse\":\"5\",\"ended_on\":\"response\",\"duration\":4907.551999952309,\"time_run\":124262.69999992847,\"time_render\":124258.828,\"time_show\":124275.248,\"time_end\":129182.79999995232,\"time_commit\":129184.39999997616,\"timestamp\":\"2021-06-27T11:14:43.190Z\",\"time_switch\":129203.932},{\"sender\":\"trial_screen\",\"sender_type\":\"canvas.Screen\",\"sender_id\":\"9_20\",\"correct\":false,\"trial_ID\":21,\"word1\":\"Tronke\",\"word2\":\"Nocktherm\",\"word3\":\"Teronk\",\"word4\":\"Komtur\",\"word5\":\"Rocktur\",\"response\":\"3\",\"response_action\":\"keypress(3)\",\"correctResponse\":\"4\",\"ended_on\":\"response\",\"duration\":3786.5679999999993,\"time_run\":129192,\"time_render\":129187.407,\"time_show\":129203.932,\"time_end\":132990.5,\"time_commit\":132992.5,\"timestamp\":\"2021-06-27T11:14:46.998Z\",\"time_switch\":133016.959},{\"sender\":\"trial_screen\",\"sender_type\":\"canvas.Screen\",\"sender_id\":\"9_21\",\"correct\":true,\"trial_ID\":22,\"word1\":\"Ripat\",\"word2\":\"Patinatte\",\"word3\":\"Tapir\",\"word4\":\"Apitt\",\"word5\":\"Padir\",\"response\":\"3\",\"response_action\":\"keypress(3)\",\"correctResponse\":\"3\",\"ended_on\":\"response\",\"duration\":2440.240999928472,\"time_run\":133000.09999990463,\"time_render\":133000.523,\"time_show\":133016.959,\"time_end\":135457.19999992847,\"time_commit\":135459,\"timestamp\":\"2021-06-27T11:14:49.465Z\",\"time_switch\":135481.459},{\"sender\":\"trial_screen\",\"sender_type\":\"canvas.Screen\",\"sender_id\":\"9_22\",\"correct\":true,\"trial_ID\":23,\"word1\":\"Akifer\",\"word2\":\"Fiaker\",\"word3\":\"Kiaffa\",\"word4\":\"Sariffer\",\"word5\":\"Refisker\",\"response\":\"2\",\"response_action\":\"keypress(2)\",\"correctResponse\":\"2\",\"ended_on\":\"response\",\"duration\":3653.8409999523137,\"time_run\":135467.29999995232,\"time_render\":135464.842,\"time_show\":135481.459,\"time_end\":139135.29999995232,\"time_commit\":139137.19999992847,\"timestamp\":\"2021-06-27T11:14:53.143Z\",\"time_switch\":139161.344},{\"sender\":\"trial_screen\",\"sender_type\":\"canvas.Screen\",\"sender_id\":\"9_23\",\"correct\":true,\"trial_ID\":24,\"word1\":\"Kleiber\",\"word2\":\"Beikel\",\"word3\":\"Keibel\",\"word4\":\"Reikler\",\"word5\":\"Biekerl\",\"response\":\"1\",\"response_action\":\"keypress(1)\",\"correctResponse\":\"1\",\"ended_on\":\"response\",\"duration\":3556.655999999988,\"time_run\":139144.79999995232,\"time_render\":139144.897,\"time_show\":139161.344,\"time_end\":142718,\"time_commit\":142719.79999995232,\"timestamp\":\"2021-06-27T11:14:56.726Z\",\"time_switch\":142741.236},{\"sender\":\"trial_screen\",\"sender_type\":\"canvas.Screen\",\"sender_id\":\"9_24\",\"correct\":false,\"trial_ID\":25,\"word1\":\"Ig\u00e4de\",\"word2\":\"D\u00e4gie\",\"word3\":\"\u00c4gide\",\"word4\":\"Dig\u00e4de\",\"word5\":\"Giad\",\"response\":\"4\",\"response_action\":\"keypress(4)\",\"correctResponse\":\"3\",\"ended_on\":\"response\",\"duration\":2251.96399992847,\"time_run\":142727,\"time_render\":142724.79,\"time_show\":142741.236,\"time_end\":144993.19999992847,\"time_commit\":144995.19999992847,\"timestamp\":\"2021-06-27T11:14:59.001Z\",\"time_switch\":145005.884},{\"sender\":\"trial_screen\",\"sender_type\":\"canvas.Screen\",\"sender_id\":\"9_25\",\"correct\":true,\"trial_ID\":26,\"word1\":\"Rixal\",\"word2\":\"Irtax\",\"word3\":\"Rackizie\",\"word4\":\"Matrix\",\"word5\":\"Atrige\",\"response\":\"4\",\"response_action\":\"keypress(4)\",\"correctResponse\":\"4\",\"ended_on\":\"response\",\"duration\":3072.116000000009,\"time_run\":145002.5,\"time_render\":144989.303,\"time_show\":145005.884,\"time_end\":148078,\"time_commit\":148080.19999992847,\"timestamp\":\"2021-06-27T11:15:02.086Z\",\"time_switch\":148102.959},{\"sender\":\"trial_screen\",\"sender_type\":\"canvas.Screen\",\"sender_id\":\"9_26\",\"correct\":false,\"trial_ID\":27,\"word1\":\"Haskisch\",\"word2\":\"Asmisch\",\"word3\":\"Schisma\",\"word4\":\"Rasthmie\",\"word5\":\"Ilschah\",\"response\":\"5\",\"response_action\":\"keypress(5)\",\"correctResponse\":\"3\",\"ended_on\":\"response\",\"duration\":3615.9409999761556,\"time_run\":148089.09999990463,\"time_render\":148086.452,\"time_show\":148102.959,\"time_end\":151718.89999997616,\"time_commit\":151720.69999992847,\"timestamp\":\"2021-06-27T11:15:05.727Z\",\"time_switch\":151732.919},{\"sender\":\"trial_screen\",\"sender_type\":\"canvas.Screen\",\"sender_id\":\"9_27\",\"correct\":false,\"trial_ID\":28,\"word1\":\"Sallose\",\"word2\":\"Lordose\",\"word3\":\"Dormase\",\"word4\":\"Rollase\",\"word5\":\"Ardierole\",\"response\":\"4\",\"response_action\":\"keypress(4)\",\"correctResponse\":\"2\",\"ended_on\":\"response\",\"duration\":4035.28099992848,\"time_run\":151728.19999992847,\"time_render\":151716.133,\"time_show\":151732.919,\"time_end\":155768.19999992847,\"time_commit\":155770.39999997616,\"timestamp\":\"2021-06-27T11:15:09.776Z\",\"time_switch\":155795.783},{\"sender\":\"trial_screen\",\"sender_type\":\"canvas.Screen\",\"sender_id\":\"9_28\",\"correct\":true,\"trial_ID\":29,\"word1\":\"Intranotion\",\"word2\":\"Infranatura\",\"word3\":\"Internodium\",\"word4\":\"Indotalie\",\"word5\":\"Indosta\",\"response\":\"3\",\"response_action\":\"keypress(3)\",\"correctResponse\":\"3\",\"ended_on\":\"response\",\"duration\":6557.0169999523205,\"time_run\":155779,\"time_render\":155779.303,\"time_show\":155795.783,\"time_end\":162352.79999995232,\"time_commit\":162354.79999995232,\"timestamp\":\"2021-06-27T11:15:16.361Z\",\"time_switch\":162372.954},{\"sender\":\"trial_screen\",\"sender_type\":\"canvas.Screen\",\"sender_id\":\"9_29\",\"correct\":false,\"trial_ID\":30,\"word1\":\"Idaste\",\"word2\":\"Dastrix\",\"word3\":\"Astike\",\"word4\":\"Sadile\",\"word5\":\"Kasside\",\"response\":\"4\",\"response_action\":\"keypress(4)\",\"correctResponse\":\"5\",\"ended_on\":\"response\",\"duration\":3059.046000000002,\"time_run\":162361.79999995232,\"time_render\":162356.497,\"time_show\":162372.954,\"time_end\":165432,\"time_commit\":165434.5,\"timestamp\":\"2021-06-27T11:15:19.440Z\",\"time_switch\":165453.48},{\"sender\":\"trial_screen\",\"sender_type\":\"canvas.Screen\",\"sender_id\":\"9_30\",\"correct\":true,\"trial_ID\":31,\"word1\":\"Libration\",\"word2\":\"Bilation\",\"word3\":\"Arlation\",\"word4\":\"Iberation\",\"word5\":\"Tiradon\",\"response\":\"1\",\"response_action\":\"keypress(1)\",\"correctResponse\":\"1\",\"ended_on\":\"response\",\"duration\":8920.219999928464,\"time_run\":165445.89999997616,\"time_render\":165436.793,\"time_show\":165453.48,\"time_end\":174373.69999992847,\"time_commit\":174375.79999995232,\"timestamp\":\"2021-06-27T11:15:28.382Z\",\"time_switch\":174395.054},{\"sender\":\"trial_screen\",\"sender_type\":\"canvas.Screen\",\"sender_id\":\"9_31\",\"correct\":false,\"trial_ID\":32,\"word1\":\"Pucker\",\"word2\":\"Keuper\",\"word3\":\"Eucker\",\"word4\":\"Reuspeck\",\"word5\":\"Urkane\",\"response\":\"4\",\"response_action\":\"keypress(4)\",\"correctResponse\":\"2\",\"ended_on\":\"response\",\"duration\":2347.4459999999963,\"time_run\":174383,\"time_render\":174378.523,\"time_show\":174395.054,\"time_end\":176742.5,\"time_commit\":176744.69999992847,\"timestamp\":\"2021-06-27T11:15:30.750Z\",\"time_switch\":176759.595},{\"sender\":\"trial_screen\",\"sender_type\":\"canvas.Screen\",\"sender_id\":\"9_32\",\"correct\":true,\"trial_ID\":33,\"word1\":\"Sickaber\",\"word2\":\"Bassiker\",\"word3\":\"Kassiber\",\"word4\":\"Sassiker\",\"word5\":\"Askiber\",\"response\":\"3\",\"response_action\":\"keypress(3)\",\"correctResponse\":\"3\",\"ended_on\":\"response\",\"duration\":3074.0049999046314,\"time_run\":176751.59999990463,\"time_render\":176743.078,\"time_show\":176759.595,\"time_end\":179833.59999990463,\"time_commit\":179835.5,\"timestamp\":\"2021-06-27T11:15:33.841Z\",\"time_switch\":179856.635},{\"sender\":\"trial_screen\",\"sender_type\":\"canvas.Screen\",\"sender_id\":\"9_33\",\"correct\":false,\"trial_ID\":34,\"word1\":\"Alquallon\",\"word2\":\"Lisqualien\",\"word3\":\"Talquallen\",\"word4\":\"Quisquilien\",\"word5\":\"Rielquellen\",\"response\":\"3\",\"response_action\":\"keypress(3)\",\"correctResponse\":\"4\",\"ended_on\":\"response\",\"duration\":7918.164999952307,\"time_run\":179842.39999997616,\"time_render\":179840.067,\"time_show\":179856.635,\"time_end\":187774.79999995232,\"time_commit\":187777,\"timestamp\":\"2021-06-27T11:15:41.783Z\",\"time_switch\":187799.207},{\"sender\":\"trial_screen\",\"sender_type\":\"canvas.Screen\",\"sender_id\":\"9_34\",\"correct\":false,\"trial_ID\":35,\"word1\":\"Berkiza\",\"word2\":\"Brekzie\",\"word3\":\"Birakzie\",\"word4\":\"Brikazie\",\"word5\":\"Bakiria\",\"response\":\"4\",\"response_action\":\"keypress(4)\",\"correctResponse\":\"2\",\"ended_on\":\"response\",\"duration\":3198.4929999284795,\"time_run\":187786.89999997616,\"time_render\":187782.446,\"time_show\":187799.207,\"time_end\":190997.69999992847,\"time_commit\":190999.5,\"timestamp\":\"2021-06-27T11:15:45.005Z\",\"time_switch\":191012.922},{\"sender\":\"loop_trial\",\"sender_type\":\"flow.Loop\",\"sender_id\":\"9\",\"ended_on\":\"completion\",\"duration\":134176.2529999285,\"time_run\":56815.5,\"time_render\":56804.914,\"time_show\":56821.447,\"time_end\":190997.69999992847,\"time_commit\":191008.39999997616,\"timestamp\":\"2021-06-27T11:15:45.014Z\",\"time_switch\":191012.922},{\"sender\":\"end_html\",\"sender_type\":\"html.Screen\",\"sender_id\":\"10\",\"ended_on\":\"timeout\",\"duration\":5994.606,\"time_run\":191008.89999997616,\"time_render\":190996.332,\"time_show\":191012.922,\"time_end\":196990.883,\"time_commit\":197000,\"timestamp\":\"2021-06-27T11:15:51.005Z\",\"time_switch\":197007.528},{\"sender\":\"root\",\"sender_type\":\"flow.Sequence\",\"sender_id\":null,\"ended_on\":\"completion\",\"duration\":196433.533,\"time_run\":556,\"time_render\":474.107,\"time_show\":557.35,\"time_end\":196990.883,\"time_commit\":197001.5,\"timestamp\":\"2021-06-27T11:15:51.007Z\",\"time_switch\":197007.528}]",
    "metadata": "{\"slice\":0,\"id\":\"27782096-f7aa-4644-830b-9a17fe3b0ea7\",\"payload\":\"full\"}",
    "url": "https://exp01.zih.tu-dresden.de/experiments/spot_a_word_task/"
}