{
    "data": "[{\"url\":{},\"meta\":{\"labjs_version\":\"20.1.1\",\"labjs_build\":{\"flavor\":\"production\",\"commit\":\"cd5695f774968f50499757c1423bd95d033ea08e\"},\"location\":\"https://exp01.zih.tu-dresden.de/experiments/raven_task/\",\"userAgent\":\"Mozilla/5.0 (Windows NT 10.0; WOW64) AppleWebKit/537.36 (KHTML, like Gecko) Chrome/89.0.4389.128 Safari/537.36 OPR/75.0.3969.243 (Edition avira-2)\",\"platform\":\"Win32\",\"language\":\"de-DE\",\"locale\":\"de\",\"timeZone\":\"Europe/Berlin\",\"timezoneOffset\":-120,\"screen_width\":1920,\"screen_height\":1080,\"scroll_width\":1880,\"scroll_height\":891,\"window_innerWidth\":1880,\"window_innerHeight\":939,\"devicePixelRatio\":1},\"sender\":\"welcome\",\"sender_type\":\"canvas.Screen\",\"sender_id\":\"0\",\"ended_on\":\"timeout\",\"duration\":7999.048000000001,\"time_run\":4450.750000018161,\"time_render\":4402.433,\"time_show\":4452.374,\"time_end\":12434.778,\"time_commit\":12443.075000017416,\"timestamp\":\"2021-05-01T16:17:02.881Z\",\"time_switch\":12451.422},{\"sender\":\"instructions\",\"sender_type\":\"html.Page\",\"sender_id\":\"1\",\"response\":\"Space\",\"response_action\":\"keypress(Space)\",\"ended_on\":\"response\",\"duration\":35665.18299998834,\"time_run\":12444.484999985434,\"time_render\":12434.778,\"time_show\":12451.422,\"time_end\":48116.60499998834,\"time_commit\":48122.94999998994,\"timestamp\":\"2021-05-01T16:17:38.561Z\",\"time_switch\":48163.343},{\"sender\":\"example1\",\"sender_type\":\"canvas.Screen\",\"sender_id\":\"2\",\"response\":\"8\",\"response_action\":\"click(0) @8\",\"correctResponse\":\"8\",\"correct\":true,\"ended_on\":\"response\",\"duration\":5769.69199999456,\"time_run\":48123.07500001043,\"time_render\":48113.539,\"time_show\":48163.343,\"time_end\":53933.03499999456,\"time_commit\":53935.05000002915,\"timestamp\":\"2021-05-01T16:17:44.374Z\",\"time_switch\":53979.366},{\"sender\":\"example1_feedback\",\"sender_type\":\"canvas.Screen\",\"sender_id\":\"3\",\"response\":\"space\",\"response_action\":\"keypress(Space)\",\"ended_on\":\"response\",\"duration\":1646.1739999790807,\"time_run\":53974.17499998119,\"time_render\":53962.606,\"time_show\":53979.366,\"time_end\":55625.53999997908,\"time_commit\":55627.05499998992,\"timestamp\":\"2021-05-01T16:17:46.066Z\",\"time_switch\":55629.3},{\"sender\":\"example2\",\"sender_type\":\"canvas.Screen\",\"sender_id\":\"4\",\"response\":\"4\",\"response_action\":\"click(0) @4\",\"correctResponse\":\"4\",\"correct\":true,\"ended_on\":\"response\",\"duration\":6070.4749999864,\"time_run\":55627.42500001332,\"time_render\":55612.522,\"time_show\":55629.3,\"time_end\":61699.7749999864,\"time_commit\":61701.39000000199,\"timestamp\":\"2021-05-01T16:17:52.140Z\",\"time_switch\":61761.604},{\"sender\":\"example2_feedback\",\"sender_type\":\"canvas.Screen\",\"sender_id\":\"5\",\"response\":\"space\",\"response_action\":\"keypress(Space)\",\"ended_on\":\"response\",\"duration\":1104.1459999972067,\"time_run\":61748.17500001518,\"time_render\":61745.001,\"time_show\":61761.604,\"time_end\":62865.749999997206,\"time_commit\":62867.450000019744,\"timestamp\":\"2021-05-01T16:17:53.306Z\",\"time_switch\":62878.129},{\"sender\":\"get ready\",\"sender_type\":\"canvas.Screen\",\"sender_id\":\"6\",\"response\":\"Space\",\"response_action\":\"keypress(Space)\",\"ended_on\":\"response\",\"duration\":2640.505999985806,\"time_run\":62867.98999999883,\"time_render\":62861.618,\"time_show\":62878.129,\"time_end\":65518.63499998581,\"time_commit\":65520.36500000395,\"timestamp\":\"2021-05-01T16:17:55.959Z\",\"time_switch\":65527.858},{\"sender\":\"test01\",\"sender_type\":\"canvas.Screen\",\"sender_id\":\"7_0\",\"response\":\"7\",\"response_action\":\"click(0) @7\",\"correctResponse\":\"7\",\"correct\":true,\"ended_on\":\"response\",\"duration\":11194.227000015795,\"time_run\":65521.034999983385,\"time_render\":65511.294,\"time_show\":65527.858,\"time_end\":76722.0850000158,\"time_commit\":76723.11999998055,\"timestamp\":\"2021-05-01T16:18:07.162Z\",\"time_switch\":76743.022},{\"sender\":\"test02\",\"sender_type\":\"canvas.Screen\",\"sender_id\":\"7_1\",\"response\":\"4\",\"response_action\":\"click(0) @4\",\"correctResponse\":\"4\",\"correct\":true,\"ended_on\":\"response\",\"duration\":17628.24800000328,\"time_run\":76723.31000003032,\"time_render\":76709.818,\"time_show\":76743.022,\"time_end\":94371.27000000328,\"time_commit\":94372.08499998087,\"timestamp\":\"2021-05-01T16:18:24.811Z\",\"time_switch\":94390.814},{\"sender\":\"test03\",\"sender_type\":\"canvas.Screen\",\"sender_id\":\"7_2\",\"response\":\"8\",\"response_action\":\"click(0) @8\",\"correctResponse\":\"6\",\"correct\":false,\"ended_on\":\"response\",\"duration\":7999.755999988658,\"time_run\":94372.2650000127,\"time_render\":94357.563,\"time_show\":94390.814,\"time_end\":102390.56999998866,\"time_commit\":102392.11000001524,\"timestamp\":\"2021-05-01T16:18:32.831Z\",\"time_switch\":102406.392},{\"sender\":\"test04\",\"sender_type\":\"canvas.Screen\",\"sender_id\":\"7_3\",\"response\":\"2\",\"response_action\":\"click(0) @2\",\"correctResponse\":\"2\",\"correct\":true,\"ended_on\":\"response\",\"duration\":32859.313000027076,\"time_run\":102392.29500002693,\"time_render\":102389.794,\"time_show\":102406.392,\"time_end\":135265.70500002708,\"time_commit\":135266.6399999871,\"timestamp\":\"2021-05-01T16:19:05.705Z\",\"time_switch\":135268.795},{\"sender\":\"test05\",\"sender_type\":\"canvas.Screen\",\"sender_id\":\"7_4\",\"response\":\"4\",\"response_action\":\"click(0) @4\",\"correctResponse\":\"4\",\"correct\":true,\"ended_on\":\"response\",\"duration\":7984.095000003377,\"time_run\":135266.80500002112,\"time_render\":135252.256,\"time_show\":135268.795,\"time_end\":143252.8900000034,\"time_commit\":143253.70000000112,\"timestamp\":\"2021-05-01T16:19:13.692Z\",\"time_switch\":143267.77},{\"sender\":\"test06\",\"sender_type\":\"canvas.Screen\",\"sender_id\":\"7_5\",\"response\":\"7\",\"response_action\":\"click(0) @7\",\"correctResponse\":\"7\",\"correct\":true,\"ended_on\":\"response\",\"duration\":28721.89500000098,\"time_run\":143253.84999997914,\"time_render\":143251.096,\"time_show\":143267.77,\"time_end\":171989.66500000097,\"time_commit\":171990.7050000038,\"timestamp\":\"2021-05-01T16:19:42.429Z\",\"time_switch\":171997.394},{\"sender\":\"test07\",\"sender_type\":\"canvas.Screen\",\"sender_id\":\"7_6\",\"response\":\"8\",\"response_action\":\"click(0) @8\",\"correctResponse\":\"8\",\"correct\":true,\"ended_on\":\"response\",\"duration\":65271.68599999821,\"time_run\":171990.88500003563,\"time_render\":171980.833,\"time_show\":171997.394,\"time_end\":237269.0799999982,\"time_commit\":237270.12000000104,\"timestamp\":\"2021-05-01T16:20:47.708Z\",\"time_switch\":237288.989},{\"sender\":\"test08\",\"sender_type\":\"canvas.Screen\",\"sender_id\":\"7_7\",\"response\":\"7\",\"response_action\":\"click(0) @7\",\"correctResponse\":\"7\",\"correct\":true,\"ended_on\":\"response\",\"duration\":34403.51599998452,\"time_run\":237270.27500001714,\"time_render\":237255.82,\"time_show\":237288.989,\"time_end\":271692.5049999845,\"time_commit\":271693.46999999834,\"timestamp\":\"2021-05-01T16:21:22.132Z\",\"time_switch\":271701.276},{\"sender\":\"test09\",\"sender_type\":\"canvas.Screen\",\"sender_id\":\"7_8\",\"response\":\"5\",\"response_action\":\"click(0) @5\",\"correctResponse\":\"5\",\"correct\":true,\"ended_on\":\"response\",\"duration\":108322.12899998535,\"time_run\":271693.61000001663,\"time_render\":271684.608,\"time_show\":271701.276,\"time_end\":380023.40499998536,\"time_commit\":380024.11499997834,\"timestamp\":\"2021-05-01T16:23:10.462Z\",\"time_switch\":380037.202},{\"sender\":\"test10\",\"sender_type\":\"canvas.Screen\",\"sender_id\":\"7_9\",\"response\":\"8\",\"response_action\":\"click(0) @8\",\"correctResponse\":\"5\",\"correct\":false,\"ended_on\":\"response\",\"duration\":68270.47800002719,\"time_run\":380024.2299999809,\"time_render\":380020.802,\"time_show\":380037.202,\"time_end\":448307.6800000272,\"time_commit\":448308.62000002526,\"timestamp\":\"2021-05-01T16:24:18.747Z\",\"time_switch\":448311.773},{\"sender\":\"test11\",\"sender_type\":\"canvas.Screen\",\"sender_id\":\"7_10\",\"response\":\"4\",\"response_action\":\"click(0) @4\",\"correctResponse\":\"4\",\"correct\":true,\"ended_on\":\"response\",\"duration\":112859.13699998619,\"time_run\":448308.7700000033,\"time_render\":448295.189,\"time_show\":448311.773,\"time_end\":561170.9099999862,\"time_commit\":561171.5850000037,\"timestamp\":\"2021-05-01T16:26:11.610Z\",\"time_switch\":561180.56},{\"sender\":\"test12\",\"sender_type\":\"canvas.Screen\",\"sender_id\":\"7_11\",\"response\":\"1\",\"response_action\":\"click(0) @1\",\"correctResponse\":\"1\",\"correct\":true,\"ended_on\":\"response\",\"duration\":62521.2050000052,\"time_run\":561171.6850000084,\"time_render\":561163.951,\"time_show\":561180.56,\"time_end\":623701.7650000053,\"time_commit\":623702.724999981,\"timestamp\":\"2021-05-01T16:27:14.141Z\",\"time_switch\":623722.487},{\"sender\":\"tests (15min)\",\"sender_type\":\"flow.Sequence\",\"sender_id\":\"7\",\"ended_on\":\"completion\",\"duration\":558173.9070000052,\"time_run\":65520.859999989625,\"time_render\":65511.294,\"time_show\":65527.858,\"time_end\":623701.7650000053,\"time_commit\":623705.335000006,\"timestamp\":\"2021-05-01T16:27:14.143Z\",\"time_switch\":623722.487},{\"sender\":\"good bye\",\"sender_type\":\"canvas.Screen\",\"sender_id\":\"8\",\"ended_on\":\"timeout\",\"duration\":3999.405000000028,\"time_run\":623705.4900000221,\"time_render\":623705.738,\"time_show\":623722.487,\"time_end\":627705.256,\"time_commit\":627706.0550000169,\"timestamp\":\"2021-05-01T16:27:18.144Z\",\"time_switch\":627721.892},{\"sender\":\"root\",\"sender_type\":\"flow.Sequence\",\"sender_id\":null,\"ended_on\":\"completion\",\"duration\":623252.8820000001,\"time_run\":4450.60999999987,\"time_render\":4402.433,\"time_show\":4452.374,\"time_end\":627705.256,\"time_commit\":627706.520000007,\"timestamp\":\"2021-05-01T16:27:18.144Z\",\"time_switch\":627721.892}]",
    "metadata": "{\"slice\":0,\"id\":\"ef98e442-b7ea-463a-8a59-d838bd29c626\",\"payload\":\"full\"}",
    "url": "https://exp01.zih.tu-dresden.de/experiments/raven_task/"
}