{
    "data": "[{\"url\":{},\"meta\":{\"labjs_version\":\"20.1.1\",\"labjs_build\":{\"flavor\":\"production\",\"commit\":\"cd5695f774968f50499757c1423bd95d033ea08e\"},\"location\":\"https://exp01.zih.tu-dresden.de/experiments/spot_a_word_task/\",\"userAgent\":\"Mozilla/5.0 (Windows NT 10.0; WOW64) AppleWebKit/537.36 (KHTML, like Gecko) Chrome/89.0.4389.128 Safari/537.36 OPR/75.0.3969.243 (Edition avira-2)\",\"platform\":\"Win32\",\"language\":\"de-DE\",\"locale\":\"de\",\"timeZone\":\"Europe/Berlin\",\"timezoneOffset\":-120,\"screen_width\":1920,\"screen_height\":1080,\"scroll_width\":1880,\"scroll_height\":891,\"window_innerWidth\":1880,\"window_innerHeight\":939,\"devicePixelRatio\":1},\"sender\":\"start_html\",\"sender_type\":\"html.Screen\",\"sender_id\":\"0\",\"ended_on\":\"timeout\",\"duration\":5999.317,\"time_run\":1652.7050000149757,\"time_render\":1640.474,\"time_show\":1657.057,\"time_end\":7639.776,\"time_commit\":7646.2650000466965,\"timestamp\":\"2021-05-01T16:10:37.313Z\",\"time_switch\":7656.374},{\"sender\":\"manual_html\",\"sender_type\":\"html.Screen\",\"sender_id\":\"1\",\"response\":\"space\",\"response_action\":\"keypress(Space)\",\"ended_on\":\"response\",\"duration\":58602.861000004996,\"time_run\":7646.695000003092,\"time_render\":7639.776,\"time_show\":7656.374,\"time_end\":66259.23500000499,\"time_commit\":66266.2400000263,\"timestamp\":\"2021-05-01T16:11:35.933Z\",\"time_switch\":66265.592},{\"sender\":\"example1_screen\",\"sender_type\":\"canvas.Screen\",\"sender_id\":\"2\",\"response\":\"4\",\"response_action\":\"keypress(4)\",\"correctResponse\":\"4\",\"correct\":true,\"ended_on\":\"response\",\"duration\":2309.158000028867,\"time_run\":66268.80000001984,\"time_render\":66248.877,\"time_show\":66265.592,\"time_end\":68574.75000002887,\"time_commit\":68576.47000002908,\"timestamp\":\"2021-05-01T16:11:38.243Z\",\"time_switch\":68581.751},{\"sender\":\"example1_feedback\",\"sender_type\":\"canvas.Screen\",\"sender_id\":\"3\",\"response\":\"Space\",\"response_action\":\"keypress(Space)\",\"ended_on\":\"response\",\"duration\":1238.6540000058449,\"time_run\":68581.33000001544,\"time_render\":68565.26,\"time_show\":68581.751,\"time_end\":69820.40500000585,\"time_commit\":69821.82000001194,\"timestamp\":\"2021-05-01T16:11:39.489Z\",\"time_switch\":69831.651},{\"sender\":\"example2_screen\",\"sender_type\":\"canvas.Screen\",\"sender_id\":\"4\",\"response\":\"5\",\"response_action\":\"keypress(5)\",\"correctResponse\":\"5\",\"correct\":true,\"ended_on\":\"response\",\"duration\":2111.594000031313,\"time_run\":69828.81500001531,\"time_render\":69815.081,\"time_show\":69831.651,\"time_end\":71943.24500003131,\"time_commit\":71944.78000001982,\"timestamp\":\"2021-05-01T16:11:41.612Z\",\"time_switch\":71964.745},{\"sender\":\"example2_feedback\",\"sender_type\":\"canvas.Screen\",\"sender_id\":\"5\",\"response\":\"Space\",\"response_action\":\"keypress(Space)\",\"ended_on\":\"response\",\"duration\":434.8750000401633,\"time_run\":71951.4499999932,\"time_render\":71948.051,\"time_show\":71964.745,\"time_end\":72399.62000004016,\"time_commit\":72401.21999999974,\"timestamp\":\"2021-05-01T16:11:42.068Z\",\"time_switch\":72414.804},{\"sender\":\"example3_screen\",\"sender_type\":\"canvas.Screen\",\"sender_id\":\"6\",\"response\":\"1\",\"response_action\":\"keypress(1)\",\"correctResponse\":\"1\",\"correct\":true,\"ended_on\":\"response\",\"duration\":2102.8660000301898,\"time_run\":72405.83000000333,\"time_render\":72398.075,\"time_show\":72414.804,\"time_end\":74517.6700000302,\"time_commit\":74519.15000000736,\"timestamp\":\"2021-05-01T16:11:44.186Z\",\"time_switch\":74531.124},{\"sender\":\"example3_feedback\",\"sender_type\":\"canvas.Screen\",\"sender_id\":\"7\",\"response\":\"Space\",\"response_action\":\"keypress(Space)\",\"ended_on\":\"response\",\"duration\":455.36100000127044,\"time_run\":74523.82000000216,\"time_render\":74514.483,\"time_show\":74531.124,\"time_end\":74986.48500000127,\"time_commit\":74987.17000003671,\"timestamp\":\"2021-05-01T16:11:44.654Z\",\"time_switch\":74997.631},{\"sender\":\"get_ready_html\",\"sender_type\":\"html.Screen\",\"sender_id\":\"8\",\"response\":\"space\",\"response_action\":\"keypress(Space)\",\"ended_on\":\"response\",\"duration\":6735.154000000155,\"time_run\":74987.33500001254,\"time_render\":74980.944,\"time_show\":74997.631,\"time_end\":81732.78500000015,\"time_commit\":81734.17000001064,\"timestamp\":\"2021-05-01T16:11:51.401Z\",\"time_switch\":81796.746},{\"sender\":\"trial_screen\",\"sender_type\":\"canvas.Screen\",\"sender_id\":\"9_0\",\"correct\":true,\"trial_ID\":1,\"word1\":\"siziol\",\"word2\":\"salzahl\",\"word3\":\"sozihl\",\"word4\":\"sziam\",\"word5\":\"sozial\",\"response\":\"5\",\"response_action\":\"keypress(5)\",\"correctResponse\":\"5\",\"ended_on\":\"response\",\"duration\":1944.2690000359871,\"time_run\":81785.62500001863,\"time_render\":81780.058,\"time_show\":81796.746,\"time_end\":83741.01500003599,\"time_commit\":83741.78500002017,\"timestamp\":\"2021-05-01T16:11:53.409Z\",\"time_switch\":83746.462},{\"sender\":\"trial_screen\",\"sender_type\":\"canvas.Screen\",\"sender_id\":\"9_1\",\"correct\":true,\"trial_ID\":2,\"word1\":\"Lamone\",\"word2\":\"Talane\",\"word3\":\"Matrone\",\"word4\":\"Tarone\",\"word5\":\"Malonte\",\"response\":\"3\",\"response_action\":\"keypress(3)\",\"correctResponse\":\"3\",\"ended_on\":\"response\",\"duration\":7761.628000017547,\"time_run\":83745.15000003157,\"time_render\":83729.831,\"time_show\":83746.462,\"time_end\":91508.09000001755,\"time_commit\":91509.89000004483,\"timestamp\":\"2021-05-01T16:12:01.177Z\",\"time_switch\":91528.897},{\"sender\":\"trial_screen\",\"sender_type\":\"canvas.Screen\",\"sender_id\":\"9_2\",\"correct\":true,\"trial_ID\":3,\"word1\":\"kurinesisch\",\"word2\":\"kulinarisch\",\"word3\":\"kumenisch\",\"word4\":\"kulissarisch\",\"word5\":\"kannastrisch\",\"response\":\"2\",\"response_action\":\"keypress(2)\",\"correctResponse\":\"2\",\"ended_on\":\"response\",\"duration\":1930.4430000012508,\"time_run\":91518.1000000448,\"time_render\":91512.206,\"time_show\":91528.897,\"time_end\":93459.34000000125,\"time_commit\":93461.18500002194,\"timestamp\":\"2021-05-01T16:12:03.128Z\",\"time_switch\":93478.689},{\"sender\":\"trial_screen\",\"sender_type\":\"canvas.Screen\",\"sender_id\":\"9_3\",\"correct\":true,\"trial_ID\":4,\"word1\":\"Tinxur\",\"word2\":\"Kukutur\",\"word3\":\"Fraktan\",\"word4\":\"Tinktur\",\"word5\":\"Rimsuhr\",\"response\":\"4\",\"response_action\":\"keypress(4)\",\"correctResponse\":\"4\",\"ended_on\":\"response\",\"duration\":2529.1010000032984,\"time_run\":93470.70000000531,\"time_render\":93461.95,\"time_show\":93478.689,\"time_end\":96007.7900000033,\"time_commit\":96009.30000003427,\"timestamp\":\"2021-05-01T16:12:05.676Z\",\"time_switch\":96028.388},{\"sender\":\"trial_screen\",\"sender_type\":\"canvas.Screen\",\"sender_id\":\"9_4\",\"correct\":true,\"trial_ID\":5,\"word1\":\"beralen\",\"word2\":\"ger\u00e4ltet\",\"word3\":\"an\u00e4lteren\",\"word4\":\"unt\u00e4ren\",\"word5\":\"verbr\u00e4men\",\"response\":\"5\",\"response_action\":\"keypress(5)\",\"correctResponse\":\"5\",\"ended_on\":\"response\",\"duration\":5562.15700004276,\"time_run\":96015.64500003587,\"time_render\":96011.622,\"time_show\":96028.388,\"time_end\":101590.54500004277,\"time_commit\":101592.05000003567,\"timestamp\":\"2021-05-01T16:12:11.259Z\",\"time_switch\":101610.995},{\"sender\":\"trial_screen\",\"sender_type\":\"canvas.Screen\",\"sender_id\":\"9_5\",\"correct\":true,\"trial_ID\":6,\"word1\":\"Rosto\",\"word2\":\"Torso\",\"word3\":\"Soro\",\"word4\":\"Torgos\",\"word5\":\"Tosor\",\"response\":\"2\",\"response_action\":\"keypress(2)\",\"correctResponse\":\"2\",\"ended_on\":\"response\",\"duration\":1590.065000050352,\"time_run\":101597.1000000136,\"time_render\":101594.288,\"time_show\":101610.995,\"time_end\":103201.06000005035,\"time_commit\":103202.46000000043,\"timestamp\":\"2021-05-01T16:12:12.869Z\",\"time_switch\":103210.611},{\"sender\":\"trial_screen\",\"sender_type\":\"canvas.Screen\",\"sender_id\":\"9_6\",\"correct\":true,\"trial_ID\":7,\"word1\":\"Redor\",\"word2\":\"Radium\",\"word3\":\"Terion\",\"word4\":\"Dramin\",\"word5\":\"Orakium\",\"response\":\"2\",\"response_action\":\"keypress(2)\",\"correctResponse\":\"2\",\"ended_on\":\"response\",\"duration\":1498.2740000291087,\"time_run\":103208.30500003649,\"time_render\":103194.12,\"time_show\":103210.611,\"time_end\":104708.88500002911,\"time_commit\":104709.71000002464,\"timestamp\":\"2021-05-01T16:12:14.377Z\",\"time_switch\":104727.103},{\"sender\":\"trial_screen\",\"sender_type\":\"canvas.Screen\",\"sender_id\":\"9_7\",\"correct\":true,\"trial_ID\":8,\"word1\":\"Nale\",\"word2\":\"Sahe\",\"word3\":\"Nase\",\"word4\":\"Nesa\",\"word5\":\"Sehna\",\"response\":\"3\",\"response_action\":\"keypress(3)\",\"correctResponse\":\"3\",\"ended_on\":\"response\",\"duration\":1639.4070000216598,\"time_run\":104712.61500002583,\"time_render\":104710.451,\"time_show\":104727.103,\"time_end\":106366.51000002166,\"time_commit\":106368.01500001457,\"timestamp\":\"2021-05-01T16:12:16.035Z\",\"time_switch\":106376.955},{\"sender\":\"trial_screen\",\"sender_type\":\"canvas.Screen\",\"sender_id\":\"9_8\",\"correct\":true,\"trial_ID\":9,\"word1\":\"Rilkiase\",\"word2\":\"Kilister\",\"word3\":\"Riliker\",\"word4\":\"Klistier\",\"word5\":\"Linkure\",\"response\":\"4\",\"response_action\":\"keypress(4)\",\"correctResponse\":\"4\",\"ended_on\":\"response\",\"duration\":2656.980000014024,\"time_run\":106372.76500003645,\"time_render\":106360.369,\"time_show\":106376.955,\"time_end\":109033.93500001403,\"time_commit\":109035.42500000913,\"timestamp\":\"2021-05-01T16:12:18.702Z\",\"time_switch\":109043.274},{\"sender\":\"trial_screen\",\"sender_type\":\"canvas.Screen\",\"sender_id\":\"9_9\",\"correct\":true,\"trial_ID\":10,\"word1\":\"kentern\",\"word2\":\"knerte\",\"word3\":\"kanzen\",\"word4\":\"kretern\",\"word5\":\"trekern\",\"response\":\"1\",\"response_action\":\"keypress(1)\",\"correctResponse\":\"1\",\"ended_on\":\"response\",\"duration\":1926.761000005732,\"time_run\":109040.7300000079,\"time_render\":109026.687,\"time_show\":109043.274,\"time_end\":110970.03500000574,\"time_commit\":110970.74000001885,\"timestamp\":\"2021-05-01T16:12:20.638Z\",\"time_switch\":110976.321},{\"sender\":\"trial_screen\",\"sender_type\":\"canvas.Screen\",\"sender_id\":\"9_10\",\"correct\":true,\"trial_ID\":11,\"word1\":\"Sorekin\",\"word2\":\"Sarowin\",\"word3\":\"Rosakin\",\"word4\":\"Narosin\",\"word5\":\"Kerosin\",\"response\":\"5\",\"response_action\":\"keypress(5)\",\"correctResponse\":\"5\",\"ended_on\":\"response\",\"duration\":3674.704000028316,\"time_run\":110973.17000001203,\"time_render\":110959.686,\"time_show\":110976.321,\"time_end\":114651.02500002831,\"time_commit\":114651.82000002824,\"timestamp\":\"2021-05-01T16:12:24.319Z\",\"time_switch\":114659.15},{\"sender\":\"trial_screen\",\"sender_type\":\"canvas.Screen\",\"sender_id\":\"9_11\",\"correct\":true,\"trial_ID\":12,\"word1\":\"Ralke\",\"word2\":\"Korre\",\"word3\":\"Ruckse\",\"word4\":\"Recke\",\"word5\":\"Ulte\",\"response\":\"4\",\"response_action\":\"keypress(4)\",\"correctResponse\":\"4\",\"ended_on\":\"response\",\"duration\":4033.355000042735,\"time_run\":114654.71000003163,\"time_render\":114642.539,\"time_show\":114659.15,\"time_end\":118692.50500004273,\"time_commit\":118694.50000004144,\"timestamp\":\"2021-05-01T16:12:28.361Z\",\"time_switch\":118725.447},{\"sender\":\"trial_screen\",\"sender_type\":\"canvas.Screen\",\"sender_id\":\"9_12\",\"correct\":true,\"trial_ID\":13,\"word1\":\"Kapaun\",\"word2\":\"Paukan\",\"word3\":\"Naupack\",\"word4\":\"Aupeck\",\"word5\":\"Ankepran\",\"response\":\"1\",\"response_action\":\"keypress(1)\",\"correctResponse\":\"1\",\"ended_on\":\"response\",\"duration\":3303.1230000240466,\"time_run\":118700.85500000278,\"time_render\":118692.085,\"time_show\":118725.447,\"time_end\":122028.57000002405,\"time_commit\":122029.90000002319,\"timestamp\":\"2021-05-01T16:12:31.697Z\",\"time_switch\":122041.548},{\"sender\":\"trial_screen\",\"sender_type\":\"canvas.Screen\",\"sender_id\":\"9_13\",\"correct\":true,\"trial_ID\":14,\"word1\":\"Dissonanz\",\"word2\":\"Diskrisanz\",\"word3\":\"Distranz\",\"word4\":\"Dinotanz\",\"word5\":\"Sidonenz\",\"response\":\"1\",\"response_action\":\"keypress(1)\",\"correctResponse\":\"1\",\"ended_on\":\"response\",\"duration\":2530.0570000046428,\"time_run\":122037.80500002904,\"time_render\":122025.017,\"time_show\":122041.548,\"time_end\":124571.60500000464,\"time_commit\":124573.13000003342,\"timestamp\":\"2021-05-01T16:12:34.240Z\",\"time_switch\":124591.339},{\"sender\":\"trial_screen\",\"sender_type\":\"canvas.Screen\",\"sender_id\":\"9_14\",\"correct\":true,\"trial_ID\":15,\"word1\":\"Kirse\",\"word2\":\"Sirke\",\"word3\":\"Krise\",\"word4\":\"Krospe\",\"word5\":\"Seris\",\"response\":\"3\",\"response_action\":\"keypress(3)\",\"correctResponse\":\"3\",\"ended_on\":\"response\",\"duration\":1856.4860000392946,\"time_run\":124577.74500001688,\"time_render\":124574.612,\"time_show\":124591.339,\"time_end\":126447.8250000393,\"time_commit\":126449.47500003036,\"timestamp\":\"2021-05-01T16:12:36.116Z\",\"time_switch\":126457.692},{\"sender\":\"trial_screen\",\"sender_type\":\"canvas.Screen\",\"sender_id\":\"9_15\",\"correct\":true,\"trial_ID\":16,\"word1\":\"Tume\",\"word2\":\"Umat\",\"word3\":\"Maut\",\"word4\":\"Taum\",\"word5\":\"Muta\",\"response\":\"3\",\"response_action\":\"keypress(3)\",\"correctResponse\":\"3\",\"ended_on\":\"response\",\"duration\":1141.4530000437953,\"time_run\":126455.55000001332,\"time_render\":126441.108,\"time_show\":126457.692,\"time_end\":127599.14500004379,\"time_commit\":127600.54499999387,\"timestamp\":\"2021-05-01T16:12:37.267Z\",\"time_switch\":127607.54},{\"sender\":\"trial_screen\",\"sender_type\":\"canvas.Screen\",\"sender_id\":\"9_16\",\"correct\":true,\"trial_ID\":17,\"word1\":\"Tuhl\",\"word2\":\"Lar\",\"word3\":\"Lest\",\"word4\":\"Dall\",\"word5\":\"Lid\",\"response\":\"5\",\"response_action\":\"keypress(5)\",\"correctResponse\":\"5\",\"ended_on\":\"response\",\"duration\":2489.250000039625,\"time_run\":127605.85000005085,\"time_render\":127590.964,\"time_show\":127607.54,\"time_end\":130096.79000003962,\"time_commit\":130098.21000002557,\"timestamp\":\"2021-05-01T16:12:39.765Z\",\"time_switch\":130107.156},{\"sender\":\"trial_screen\",\"sender_type\":\"canvas.Screen\",\"sender_id\":\"9_17\",\"correct\":true,\"trial_ID\":18,\"word1\":\"Adept\",\"word2\":\"Padet\",\"word3\":\"Edapt\",\"word4\":\"Epatt\",\"word5\":\"Taped\",\"response\":\"1\",\"response_action\":\"keypress(1)\",\"correctResponse\":\"1\",\"ended_on\":\"response\",\"duration\":4481.949000020933,\"time_run\":130102.86500002258,\"time_render\":130090.612,\"time_show\":130107.156,\"time_end\":134589.10500002094,\"time_commit\":134590.60500003397,\"timestamp\":\"2021-05-01T16:12:44.257Z\",\"time_switch\":134606.61},{\"sender\":\"trial_screen\",\"sender_type\":\"canvas.Screen\",\"sender_id\":\"9_18\",\"correct\":true,\"trial_ID\":19,\"word1\":\"Spirine\",\"word2\":\"Saprin\",\"word3\":\"Parsin\",\"word4\":\"Purin\",\"word5\":\"Asprint\",\"response\":\"4\",\"response_action\":\"keypress(4)\",\"correctResponse\":\"4\",\"ended_on\":\"response\",\"duration\":8182.775000010966,\"time_run\":134595.3500000178,\"time_render\":134589.978,\"time_show\":134606.61,\"time_end\":142789.38500001095,\"time_commit\":142790.91000003973,\"timestamp\":\"2021-05-01T16:12:52.458Z\",\"time_switch\":142805.66},{\"sender\":\"trial_screen\",\"sender_type\":\"canvas.Screen\",\"sender_id\":\"9_19\",\"correct\":true,\"trial_ID\":20,\"word1\":\"Kulon\",\"word2\":\"Solgun\",\"word3\":\"Koskan\",\"word4\":\"Soran\",\"word5\":\"Klonus\",\"response\":\"5\",\"response_action\":\"keypress(5)\",\"correctResponse\":\"5\",\"ended_on\":\"response\",\"duration\":6930.325000035722,\"time_run\":142795.73000001255,\"time_render\":142788.976,\"time_show\":142805.66,\"time_end\":149735.98500003573,\"time_commit\":149737.30500001693,\"timestamp\":\"2021-05-01T16:12:59.404Z\",\"time_switch\":149754.778},{\"sender\":\"trial_screen\",\"sender_type\":\"canvas.Screen\",\"sender_id\":\"9_20\",\"correct\":false,\"trial_ID\":21,\"word1\":\"Tronke\",\"word2\":\"Nocktherm\",\"word3\":\"Teronk\",\"word4\":\"Komtur\",\"word5\":\"Rocktur\",\"response\":\"2\",\"response_action\":\"keypress(2)\",\"correctResponse\":\"4\",\"ended_on\":\"response\",\"duration\":6446.76200003823,\"time_run\":149742.18500003917,\"time_render\":149738.062,\"time_show\":149754.778,\"time_end\":156201.54000003822,\"time_commit\":156202.94500002638,\"timestamp\":\"2021-05-01T16:13:05.870Z\",\"time_switch\":156220.612},{\"sender\":\"trial_screen\",\"sender_type\":\"canvas.Screen\",\"sender_id\":\"9_21\",\"correct\":true,\"trial_ID\":22,\"word1\":\"Ripat\",\"word2\":\"Patinatte\",\"word3\":\"Tapir\",\"word4\":\"Apitt\",\"word5\":\"Padir\",\"response\":\"3\",\"response_action\":\"keypress(3)\",\"correctResponse\":\"3\",\"ended_on\":\"response\",\"duration\":2892.0830000179994,\"time_run\":156207.2749999934,\"time_render\":156203.853,\"time_show\":156220.612,\"time_end\":159112.695000018,\"time_commit\":159113.955000008,\"timestamp\":\"2021-05-01T16:13:08.781Z\",\"time_switch\":159120.127},{\"sender\":\"trial_screen\",\"sender_type\":\"canvas.Screen\",\"sender_id\":\"9_22\",\"correct\":true,\"trial_ID\":23,\"word1\":\"Akifer\",\"word2\":\"Fiaker\",\"word3\":\"Kiaffa\",\"word4\":\"Sariffer\",\"word5\":\"Refisker\",\"response\":\"2\",\"response_action\":\"keypress(2)\",\"correctResponse\":\"2\",\"ended_on\":\"response\",\"duration\":1507.2980000133102,\"time_run\":159118.70500002988,\"time_render\":159103.572,\"time_show\":159120.127,\"time_end\":160627.42500001332,\"time_commit\":160629.00000001537,\"timestamp\":\"2021-05-01T16:13:10.296Z\",\"time_switch\":160636.551},{\"sender\":\"trial_screen\",\"sender_type\":\"canvas.Screen\",\"sender_id\":\"9_23\",\"correct\":true,\"trial_ID\":24,\"word1\":\"Kleiber\",\"word2\":\"Beikel\",\"word3\":\"Keibel\",\"word4\":\"Reikler\",\"word5\":\"Biekerl\",\"response\":\"1\",\"response_action\":\"keypress(1)\",\"correctResponse\":\"1\",\"ended_on\":\"response\",\"duration\":2155.319000015472,\"time_run\":160634.69999999506,\"time_render\":160620.019,\"time_show\":160636.551,\"time_end\":162791.87000001548,\"time_commit\":162793.13500004355,\"timestamp\":\"2021-05-01T16:13:12.460Z\",\"time_switch\":162802.963},{\"sender\":\"trial_screen\",\"sender_type\":\"canvas.Screen\",\"sender_id\":\"9_24\",\"correct\":true,\"trial_ID\":25,\"word1\":\"Ig\u00e4de\",\"word2\":\"D\u00e4gie\",\"word3\":\"\u00c4gide\",\"word4\":\"Dig\u00e4de\",\"word5\":\"Giad\",\"response\":\"3\",\"response_action\":\"keypress(3)\",\"correctResponse\":\"3\",\"ended_on\":\"response\",\"duration\":2037.6470000138506,\"time_run\":162797.48500004644,\"time_render\":162786.421,\"time_show\":162802.963,\"time_end\":164840.61000001384,\"time_commit\":164841.89999999944,\"timestamp\":\"2021-05-01T16:13:14.509Z\",\"time_switch\":164852.75},{\"sender\":\"trial_screen\",\"sender_type\":\"canvas.Screen\",\"sender_id\":\"9_25\",\"correct\":true,\"trial_ID\":26,\"word1\":\"Rixal\",\"word2\":\"Irtax\",\"word3\":\"Rackizie\",\"word4\":\"Matrix\",\"word5\":\"Atrige\",\"response\":\"4\",\"response_action\":\"keypress(4)\",\"correctResponse\":\"4\",\"ended_on\":\"response\",\"duration\":2379.1249999976717,\"time_run\":164846.78500000155,\"time_render\":164836.163,\"time_show\":164852.75,\"time_end\":167231.87499999767,\"time_commit\":167233.26500004623,\"timestamp\":\"2021-05-01T16:13:16.900Z\",\"time_switch\":167252.484},{\"sender\":\"trial_screen\",\"sender_type\":\"canvas.Screen\",\"sender_id\":\"9_26\",\"correct\":true,\"trial_ID\":27,\"word1\":\"Haskisch\",\"word2\":\"Asmisch\",\"word3\":\"Schisma\",\"word4\":\"Rasthmie\",\"word5\":\"Ilschah\",\"response\":\"3\",\"response_action\":\"keypress(3)\",\"correctResponse\":\"3\",\"ended_on\":\"response\",\"duration\":5072.316000002145,\"time_run\":167237.6800000202,\"time_render\":167235.767,\"time_show\":167252.484,\"time_end\":172324.80000000214,\"time_commit\":172326.38000004226,\"timestamp\":\"2021-05-01T16:13:21.993Z\",\"time_switch\":172335.059},{\"sender\":\"trial_screen\",\"sender_type\":\"canvas.Screen\",\"sender_id\":\"9_27\",\"correct\":true,\"trial_ID\":28,\"word1\":\"Sallose\",\"word2\":\"Lordose\",\"word3\":\"Dormase\",\"word4\":\"Rollase\",\"word5\":\"Ardierole\",\"response\":\"2\",\"response_action\":\"keypress(2)\",\"correctResponse\":\"2\",\"ended_on\":\"response\",\"duration\":2215.161000033724,\"time_run\":172331.08000003267,\"time_render\":172318.532,\"time_show\":172335.059,\"time_end\":174550.22000003373,\"time_commit\":174551.56500003068,\"timestamp\":\"2021-05-01T16:13:24.218Z\",\"time_switch\":174568.191},{\"sender\":\"trial_screen\",\"sender_type\":\"canvas.Screen\",\"sender_id\":\"9_28\",\"correct\":true,\"trial_ID\":29,\"word1\":\"Intranotion\",\"word2\":\"Infranatura\",\"word3\":\"Internodium\",\"word4\":\"Indotalie\",\"word5\":\"Indosta\",\"response\":\"3\",\"response_action\":\"keypress(3)\",\"correctResponse\":\"3\",\"ended_on\":\"response\",\"duration\":10264.079000013531,\"time_run\":174556.3250000123,\"time_render\":174551.488,\"time_show\":174568.191,\"time_end\":184832.27000001352,\"time_commit\":184833.63500004634,\"timestamp\":\"2021-05-01T16:13:34.500Z\",\"time_switch\":184850.167},{\"sender\":\"trial_screen\",\"sender_type\":\"canvas.Screen\",\"sender_id\":\"9_29\",\"correct\":true,\"trial_ID\":30,\"word1\":\"Idaste\",\"word2\":\"Dastrix\",\"word3\":\"Astike\",\"word4\":\"Sadile\",\"word5\":\"Kasside\",\"response\":\"5\",\"response_action\":\"keypress(5)\",\"correctResponse\":\"5\",\"ended_on\":\"response\",\"duration\":4622.398000003683,\"time_run\":184838.1750000408,\"time_render\":184833.512,\"time_show\":184850.167,\"time_end\":189472.56500000367,\"time_commit\":189473.6350000021,\"timestamp\":\"2021-05-01T16:13:39.140Z\",\"time_switch\":189482.855},{\"sender\":\"trial_screen\",\"sender_type\":\"canvas.Screen\",\"sender_id\":\"9_30\",\"correct\":true,\"trial_ID\":31,\"word1\":\"Libration\",\"word2\":\"Bilation\",\"word3\":\"Arlation\",\"word4\":\"Iberation\",\"word5\":\"Tiradon\",\"response\":\"1\",\"response_action\":\"keypress(1)\",\"correctResponse\":\"1\",\"ended_on\":\"response\",\"duration\":4739.140000028972,\"time_run\":189477.4300000281,\"time_render\":189466.299,\"time_show\":189482.855,\"time_end\":194221.99500002898,\"time_commit\":194223.44000003068,\"timestamp\":\"2021-05-01T16:13:43.890Z\",\"time_switch\":194232.233},{\"sender\":\"trial_screen\",\"sender_type\":\"canvas.Screen\",\"sender_id\":\"9_31\",\"correct\":false,\"trial_ID\":32,\"word1\":\"Pucker\",\"word2\":\"Keuper\",\"word3\":\"Eucker\",\"word4\":\"Reuspeck\",\"word5\":\"Urkane\",\"response\":\"5\",\"response_action\":\"keypress(5)\",\"correctResponse\":\"2\",\"ended_on\":\"response\",\"duration\":4778.217000001576,\"time_run\":194228.22000004817,\"time_render\":194215.697,\"time_show\":194232.233,\"time_end\":199010.45000000158,\"time_commit\":199011.83500001207,\"timestamp\":\"2021-05-01T16:13:48.678Z\",\"time_switch\":199031.745},{\"sender\":\"trial_screen\",\"sender_type\":\"canvas.Screen\",\"sender_id\":\"9_32\",\"correct\":false,\"trial_ID\":33,\"word1\":\"Sickaber\",\"word2\":\"Bassiker\",\"word3\":\"Kassiber\",\"word4\":\"Sassiker\",\"word5\":\"Askiber\",\"response\":\"2\",\"response_action\":\"keypress(2)\",\"correctResponse\":\"3\",\"ended_on\":\"response\",\"duration\":6004.365000044578,\"time_run\":199016.59000001382,\"time_render\":199014.995,\"time_show\":199031.745,\"time_end\":205036.11000004457,\"time_commit\":205036.80000000168,\"timestamp\":\"2021-05-01T16:13:54.703Z\",\"time_switch\":205047.613},{\"sender\":\"trial_screen\",\"sender_type\":\"canvas.Screen\",\"sender_id\":\"9_33\",\"correct\":false,\"trial_ID\":34,\"word1\":\"Alquallon\",\"word2\":\"Lisqualien\",\"word3\":\"Talquallen\",\"word4\":\"Quisquilien\",\"word5\":\"Rielquellen\",\"response\":\"2\",\"response_action\":\"keypress(2)\",\"correctResponse\":\"4\",\"ended_on\":\"response\",\"duration\":9790.062000017031,\"time_run\":205039.11000001244,\"time_render\":205030.82,\"time_show\":205047.613,\"time_end\":214837.67500001704,\"time_commit\":214839.03000003193,\"timestamp\":\"2021-05-01T16:14:04.505Z\",\"time_switch\":214846.212},{\"sender\":\"trial_screen\",\"sender_type\":\"canvas.Screen\",\"sender_id\":\"9_34\",\"correct\":false,\"trial_ID\":35,\"word1\":\"Berkiza\",\"word2\":\"Brekzie\",\"word3\":\"Birakzie\",\"word4\":\"Brikazie\",\"word5\":\"Bakiria\",\"response\":\"4\",\"response_action\":\"keypress(4)\",\"correctResponse\":\"2\",\"ended_on\":\"response\",\"duration\":5281.213000013318,\"time_run\":214843.9650000073,\"time_render\":214829.676,\"time_show\":214846.212,\"time_end\":220127.42500001332,\"time_commit\":220129.05000004685,\"timestamp\":\"2021-05-01T16:14:09.795Z\",\"time_switch\":220145.586},{\"sender\":\"loop_trial\",\"sender_type\":\"flow.Loop\",\"sender_id\":\"9\",\"ended_on\":\"completion\",\"duration\":138330.67900001333,\"time_run\":81782.05500001786,\"time_render\":81780.058,\"time_show\":81796.746,\"time_end\":220127.42500001332,\"time_commit\":220134.96500003384,\"timestamp\":\"2021-05-01T16:14:09.801Z\",\"time_switch\":220145.586},{\"sender\":\"end_html\",\"sender_type\":\"html.Screen\",\"sender_id\":\"10\",\"ended_on\":\"timeout\",\"duration\":5999.285999999993,\"time_run\":220135.33499999903,\"time_render\":220128.935,\"time_show\":220145.586,\"time_end\":226128.247,\"time_commit\":226134.17500001378,\"timestamp\":\"2021-05-01T16:14:15.800Z\",\"time_switch\":226144.872},{\"sender\":\"root\",\"sender_type\":\"flow.Sequence\",\"sender_id\":null,\"ended_on\":\"completion\",\"duration\":224471.19,\"time_run\":1652.4700000300072,\"time_render\":1640.474,\"time_show\":1657.057,\"time_end\":226128.247,\"time_commit\":226134.64500004193,\"timestamp\":\"2021-05-01T16:14:15.801Z\",\"time_switch\":226144.872}]",
    "metadata": "{\"slice\":0,\"id\":\"b327a7fe-4326-4815-b7dc-f6d112fbca05\",\"payload\":\"full\"}",
    "url": "https://exp01.zih.tu-dresden.de/experiments/spot_a_word_task/"
}