{
    "data": "[{\"url\":{},\"meta\":{\"labjs_version\":\"20.1.1\",\"labjs_build\":{\"flavor\":\"production\",\"commit\":\"cd5695f774968f50499757c1423bd95d033ea08e\"},\"location\":\"https://exp01.zih.tu-dresden.de/experiments/spot_a_word_task/\",\"userAgent\":\"Mozilla/5.0 (Windows NT 10.0; Win64; x64) AppleWebKit/537.36 (KHTML, like Gecko) Chrome/90.0.4430.93 Safari/537.36 Edg/90.0.818.51\",\"platform\":\"Win32\",\"language\":\"de\",\"locale\":\"de\",\"timeZone\":\"Europe/Berlin\",\"timezoneOffset\":-120,\"screen_width\":1280,\"screen_height\":720,\"scroll_width\":1280,\"scroll_height\":578,\"window_innerWidth\":1280,\"window_innerHeight\":578,\"devicePixelRatio\":1.5},\"sender\":\"start_html\",\"sender_type\":\"html.Screen\",\"sender_id\":\"0\",\"ended_on\":\"timeout\",\"duration\":6002.325000000001,\"time_run\":469.0999999875203,\"time_render\":402.233,\"time_show\":468.887,\"time_end\":6454.645,\"time_commit\":6460.6349999667145,\"timestamp\":\"2021-05-06T13:43:24.434Z\",\"time_switch\":6471.212},{\"sender\":\"manual_html\",\"sender_type\":\"html.Screen\",\"sender_id\":\"1\",\"response\":\"space\",\"response_action\":\"keypress(Space)\",\"ended_on\":\"response\",\"duration\":53197.02299999009,\"time_run\":6460.799999942537,\"time_render\":6454.645,\"time_show\":6471.212,\"time_end\":59668.23499999009,\"time_commit\":59669.88499998115,\"timestamp\":\"2021-05-06T13:44:17.643Z\",\"time_switch\":59674.849},{\"sender\":\"example1_screen\",\"sender_type\":\"canvas.Screen\",\"sender_id\":\"2\",\"response\":\"4\",\"response_action\":\"keypress(4)\",\"correctResponse\":\"4\",\"correct\":true,\"ended_on\":\"response\",\"duration\":4268.070999943113,\"time_run\":59672.13999998057,\"time_render\":59658.294,\"time_show\":59674.849,\"time_end\":63942.919999943115,\"time_commit\":63946.80499995593,\"timestamp\":\"2021-05-06T13:44:21.921Z\",\"time_switch\":63959.944},{\"sender\":\"example1_feedback\",\"sender_type\":\"canvas.Screen\",\"sender_id\":\"3\",\"response\":\"Space\",\"response_action\":\"keypress(Space)\",\"ended_on\":\"response\",\"duration\":1883.7159999549767,\"time_run\":63949.47499997215,\"time_render\":63943.156,\"time_show\":63959.944,\"time_end\":65843.65999995498,\"time_commit\":65844.209999952,\"timestamp\":\"2021-05-06T13:44:23.818Z\",\"time_switch\":65860.727},{\"sender\":\"example2_screen\",\"sender_type\":\"canvas.Screen\",\"sender_id\":\"4\",\"response\":\"5\",\"response_action\":\"keypress(5)\",\"correctResponse\":\"5\",\"correct\":true,\"ended_on\":\"response\",\"duration\":3332.4379999460216,\"time_run\":65845.82499996759,\"time_render\":65844.006,\"time_show\":65860.727,\"time_end\":69193.16499994602,\"time_commit\":69194.27999999607,\"timestamp\":\"2021-05-06T13:44:27.168Z\",\"time_switch\":69212.038},{\"sender\":\"example2_feedback\",\"sender_type\":\"canvas.Screen\",\"sender_id\":\"5\",\"response\":\"Space\",\"response_action\":\"keypress(Space)\",\"ended_on\":\"response\",\"duration\":1238.606999975338,\"time_run\":69198.04999994813,\"time_render\":69195.245,\"time_show\":69212.038,\"time_end\":70450.64499997534,\"time_commit\":70451.15999999689,\"timestamp\":\"2021-05-06T13:44:28.425Z\",\"time_switch\":70462.315},{\"sender\":\"example3_screen\",\"sender_type\":\"canvas.Screen\",\"sender_id\":\"6\",\"response\":\"1\",\"response_action\":\"keypress(1)\",\"correctResponse\":\"1\",\"correct\":true,\"ended_on\":\"response\",\"duration\":1964.229999994801,\"time_run\":70453.14499997767,\"time_render\":70445.702,\"time_show\":70462.315,\"time_end\":72426.5449999948,\"time_commit\":72427.2349999519,\"timestamp\":\"2021-05-06T13:44:30.401Z\",\"time_switch\":72446.321},{\"sender\":\"example3_feedback\",\"sender_type\":\"canvas.Screen\",\"sender_id\":\"7\",\"response\":\"Space\",\"response_action\":\"keypress(Space)\",\"ended_on\":\"response\",\"duration\":1321.438999958802,\"time_run\":72430.08999997983,\"time_render\":72429.76,\"time_show\":72446.321,\"time_end\":73767.7599999588,\"time_commit\":73768.73499999056,\"timestamp\":\"2021-05-06T13:44:31.743Z\",\"time_switch\":73780.216},{\"sender\":\"get_ready_html\",\"sender_type\":\"html.Screen\",\"sender_id\":\"8\",\"response\":\"space\",\"response_action\":\"keypress(Space)\",\"ended_on\":\"response\",\"duration\":5040.613999982379,\"time_run\":73769.08499997808,\"time_render\":73763.698,\"time_show\":73780.216,\"time_end\":78820.82999998238,\"time_commit\":78821.71999994898,\"timestamp\":\"2021-05-06T13:44:36.796Z\",\"time_switch\":78882.355},{\"sender\":\"trial_screen\",\"sender_type\":\"canvas.Screen\",\"sender_id\":\"9_0\",\"correct\":true,\"trial_ID\":1,\"word1\":\"siziol\",\"word2\":\"salzahl\",\"word3\":\"sozihl\",\"word4\":\"sziam\",\"word5\":\"sozial\",\"response\":\"5\",\"response_action\":\"keypress(5)\",\"correctResponse\":\"5\",\"ended_on\":\"response\",\"duration\":2614.5749999647815,\"time_run\":78866.73999996856,\"time_render\":78865.632,\"time_show\":78882.355,\"time_end\":81496.92999996478,\"time_commit\":81497.52999999328,\"timestamp\":\"2021-05-06T13:44:39.471Z\",\"time_switch\":81517.861},{\"sender\":\"trial_screen\",\"sender_type\":\"canvas.Screen\",\"sender_id\":\"9_1\",\"correct\":true,\"trial_ID\":2,\"word1\":\"Lamone\",\"word2\":\"Talane\",\"word3\":\"Matrone\",\"word4\":\"Tarone\",\"word5\":\"Malonte\",\"response\":\"3\",\"response_action\":\"keypress(3)\",\"correctResponse\":\"3\",\"ended_on\":\"response\",\"duration\":2065.7739999881305,\"time_run\":81499.32499998249,\"time_render\":81483.338,\"time_show\":81517.861,\"time_end\":83583.63499998813,\"time_commit\":83584.73499998217,\"timestamp\":\"2021-05-06T13:44:41.559Z\",\"time_switch\":83600.726},{\"sender\":\"trial_screen\",\"sender_type\":\"canvas.Screen\",\"sender_id\":\"9_2\",\"correct\":true,\"trial_ID\":3,\"word1\":\"kurinesisch\",\"word2\":\"kulinarisch\",\"word3\":\"kumenisch\",\"word4\":\"kulissarisch\",\"word5\":\"kannastrisch\",\"response\":\"2\",\"response_action\":\"keypress(2)\",\"correctResponse\":\"2\",\"ended_on\":\"response\",\"duration\":1828.0739999942307,\"time_run\":83587.37499994459,\"time_render\":83584.108,\"time_show\":83600.726,\"time_end\":85428.79999999423,\"time_commit\":85429.8949999502,\"timestamp\":\"2021-05-06T13:44:43.404Z\",\"time_switch\":85457.958},{\"sender\":\"trial_screen\",\"sender_type\":\"canvas.Screen\",\"sender_id\":\"9_3\",\"correct\":true,\"trial_ID\":4,\"word1\":\"Tinxur\",\"word2\":\"Kukutur\",\"word3\":\"Fraktan\",\"word4\":\"Tinktur\",\"word5\":\"Rimsuhr\",\"response\":\"4\",\"response_action\":\"keypress(4)\",\"correctResponse\":\"4\",\"ended_on\":\"response\",\"duration\":2633.9969999525783,\"time_run\":85433.97499999264,\"time_render\":85418.127,\"time_show\":85457.958,\"time_end\":88091.95499995258,\"time_commit\":88092.63999998802,\"timestamp\":\"2021-05-06T13:44:46.066Z\",\"time_switch\":88102.333},{\"sender\":\"trial_screen\",\"sender_type\":\"canvas.Screen\",\"sender_id\":\"9_4\",\"correct\":true,\"trial_ID\":5,\"word1\":\"beralen\",\"word2\":\"ger\u00e4ltet\",\"word3\":\"an\u00e4lteren\",\"word4\":\"unt\u00e4ren\",\"word5\":\"verbr\u00e4men\",\"response\":\"5\",\"response_action\":\"keypress(5)\",\"correctResponse\":\"5\",\"ended_on\":\"response\",\"duration\":5799.631999968187,\"time_run\":88094.81999999844,\"time_render\":88085.859,\"time_show\":88102.333,\"time_end\":93901.96499996819,\"time_commit\":93902.56999997655,\"timestamp\":\"2021-05-06T13:44:51.876Z\",\"time_switch\":93921.267},{\"sender\":\"trial_screen\",\"sender_type\":\"canvas.Screen\",\"sender_id\":\"9_5\",\"correct\":true,\"trial_ID\":6,\"word1\":\"Rosto\",\"word2\":\"Torso\",\"word3\":\"Soro\",\"word4\":\"Torgos\",\"word5\":\"Tosor\",\"response\":\"2\",\"response_action\":\"keypress(2)\",\"correctResponse\":\"2\",\"ended_on\":\"response\",\"duration\":2952.3779999851104,\"time_run\":93904.32499995222,\"time_render\":93888.064,\"time_show\":93921.267,\"time_end\":96873.64499998512,\"time_commit\":96874.68499998795,\"timestamp\":\"2021-05-06T13:44:54.849Z\",\"time_switch\":96889.243},{\"sender\":\"trial_screen\",\"sender_type\":\"canvas.Screen\",\"sender_id\":\"9_6\",\"correct\":true,\"trial_ID\":7,\"word1\":\"Redor\",\"word2\":\"Radium\",\"word3\":\"Terion\",\"word4\":\"Dramin\",\"word5\":\"Orakium\",\"response\":\"2\",\"response_action\":\"keypress(2)\",\"correctResponse\":\"2\",\"ended_on\":\"response\",\"duration\":1510.2219999658555,\"time_run\":96879.92499995744,\"time_render\":96872.454,\"time_show\":96889.243,\"time_end\":98399.46499996586,\"time_commit\":98399.83999996912,\"timestamp\":\"2021-05-06T13:44:56.374Z\",\"time_switch\":98406.237},{\"sender\":\"trial_screen\",\"sender_type\":\"canvas.Screen\",\"sender_id\":\"9_7\",\"correct\":true,\"trial_ID\":8,\"word1\":\"Nale\",\"word2\":\"Sahe\",\"word3\":\"Nase\",\"word4\":\"Nesa\",\"word5\":\"Sehna\",\"response\":\"3\",\"response_action\":\"keypress(3)\",\"correctResponse\":\"3\",\"ended_on\":\"response\",\"duration\":1980.942999961524,\"time_run\":98400.94499994302,\"time_render\":98389.75,\"time_show\":98406.237,\"time_end\":100387.17999996152,\"time_commit\":100388.22999998229,\"timestamp\":\"2021-05-06T13:44:58.362Z\",\"time_switch\":100407.055},{\"sender\":\"trial_screen\",\"sender_type\":\"canvas.Screen\",\"sender_id\":\"9_8\",\"correct\":true,\"trial_ID\":9,\"word1\":\"Rilkiase\",\"word2\":\"Kilister\",\"word3\":\"Riliker\",\"word4\":\"Klistier\",\"word5\":\"Linkure\",\"response\":\"4\",\"response_action\":\"keypress(4)\",\"correctResponse\":\"4\",\"ended_on\":\"response\",\"duration\":2304.5599999783444,\"time_run\":100392.36499997787,\"time_render\":100390.485,\"time_show\":100407.055,\"time_end\":102711.61499997834,\"time_commit\":102712.78499998152,\"timestamp\":\"2021-05-06T13:45:00.687Z\",\"time_switch\":102724.682},{\"sender\":\"trial_screen\",\"sender_type\":\"canvas.Screen\",\"sender_id\":\"9_9\",\"correct\":true,\"trial_ID\":10,\"word1\":\"kentern\",\"word2\":\"knerte\",\"word3\":\"kanzen\",\"word4\":\"kretern\",\"word5\":\"trekern\",\"response\":\"1\",\"response_action\":\"keypress(1)\",\"correctResponse\":\"1\",\"ended_on\":\"response\",\"duration\":2096.8379999976896,\"time_run\":102717.45999995619,\"time_render\":102708.064,\"time_show\":102724.682,\"time_end\":104821.51999999769,\"time_commit\":104822.53499998478,\"timestamp\":\"2021-05-06T13:45:02.796Z\",\"time_switch\":104842.239},{\"sender\":\"trial_screen\",\"sender_type\":\"canvas.Screen\",\"sender_id\":\"9_10\",\"correct\":true,\"trial_ID\":11,\"word1\":\"Sorekin\",\"word2\":\"Sarowin\",\"word3\":\"Rosakin\",\"word4\":\"Narosin\",\"word5\":\"Kerosin\",\"response\":\"5\",\"response_action\":\"keypress(5)\",\"correctResponse\":\"5\",\"ended_on\":\"response\",\"duration\":3485.980999966676,\"time_run\":104825.99999994272,\"time_render\":104825.565,\"time_show\":104842.239,\"time_end\":108328.21999996668,\"time_commit\":108329.27499996731,\"timestamp\":\"2021-05-06T13:45:06.303Z\",\"time_switch\":108343.524},{\"sender\":\"trial_screen\",\"sender_type\":\"canvas.Screen\",\"sender_id\":\"9_11\",\"correct\":true,\"trial_ID\":12,\"word1\":\"Ralke\",\"word2\":\"Korre\",\"word3\":\"Ruckse\",\"word4\":\"Recke\",\"word5\":\"Ulte\",\"response\":\"4\",\"response_action\":\"keypress(4)\",\"correctResponse\":\"4\",\"ended_on\":\"response\",\"duration\":3753.780999944749,\"time_run\":108333.26499996474,\"time_render\":108326.842,\"time_show\":108343.524,\"time_end\":112097.30499994475,\"time_commit\":112098.32499996992,\"timestamp\":\"2021-05-06T13:45:10.072Z\",\"time_switch\":112111.567},{\"sender\":\"trial_screen\",\"sender_type\":\"canvas.Screen\",\"sender_id\":\"9_12\",\"correct\":true,\"trial_ID\":13,\"word1\":\"Kapaun\",\"word2\":\"Paukan\",\"word3\":\"Naupack\",\"word4\":\"Aupeck\",\"word5\":\"Ankepran\",\"response\":\"1\",\"response_action\":\"keypress(1)\",\"correctResponse\":\"1\",\"ended_on\":\"response\",\"duration\":10748.2379999564,\"time_run\":112102.31499996735,\"time_render\":112094.988,\"time_show\":112111.567,\"time_end\":122859.8049999564,\"time_commit\":122860.88499997277,\"timestamp\":\"2021-05-06T13:45:20.835Z\",\"time_switch\":122882.45},{\"sender\":\"trial_screen\",\"sender_type\":\"canvas.Screen\",\"sender_id\":\"9_13\",\"correct\":true,\"trial_ID\":14,\"word1\":\"Dissonanz\",\"word2\":\"Diskrisanz\",\"word3\":\"Distranz\",\"word4\":\"Dinotanz\",\"word5\":\"Sidonenz\",\"response\":\"1\",\"response_action\":\"keypress(1)\",\"correctResponse\":\"1\",\"ended_on\":\"response\",\"duration\":1531.379999975863,\"time_run\":122865.9499999485,\"time_render\":122865.769,\"time_show\":122882.45,\"time_end\":124413.82999997586,\"time_commit\":124414.64499995345,\"timestamp\":\"2021-05-06T13:45:22.388Z\",\"time_switch\":124433.017},{\"sender\":\"trial_screen\",\"sender_type\":\"canvas.Screen\",\"sender_id\":\"9_14\",\"correct\":true,\"trial_ID\":15,\"word1\":\"Kirse\",\"word2\":\"Sirke\",\"word3\":\"Krise\",\"word4\":\"Krospe\",\"word5\":\"Seris\",\"response\":\"3\",\"response_action\":\"keypress(3)\",\"correctResponse\":\"3\",\"ended_on\":\"response\",\"duration\":2172.76299998349,\"time_run\":124418.11499994947,\"time_render\":124416.21,\"time_show\":124433.017,\"time_end\":126605.7799999835,\"time_commit\":126606.6999999457,\"timestamp\":\"2021-05-06T13:45:24.580Z\",\"time_switch\":126617.156},{\"sender\":\"trial_screen\",\"sender_type\":\"canvas.Screen\",\"sender_id\":\"9_15\",\"correct\":true,\"trial_ID\":16,\"word1\":\"Tume\",\"word2\":\"Umat\",\"word3\":\"Maut\",\"word4\":\"Taum\",\"word5\":\"Muta\",\"response\":\"3\",\"response_action\":\"keypress(3)\",\"correctResponse\":\"3\",\"ended_on\":\"response\",\"duration\":1985.2489999541576,\"time_run\":126610.2199999732,\"time_render\":126600.425,\"time_show\":126617.156,\"time_end\":128602.40499995416,\"time_commit\":128603.44499995699,\"timestamp\":\"2021-05-06T13:45:26.577Z\",\"time_switch\":128618.007},{\"sender\":\"trial_screen\",\"sender_type\":\"canvas.Screen\",\"sender_id\":\"9_16\",\"correct\":true,\"trial_ID\":17,\"word1\":\"Tuhl\",\"word2\":\"Lar\",\"word3\":\"Lest\",\"word4\":\"Dall\",\"word5\":\"Lid\",\"response\":\"5\",\"response_action\":\"keypress(5)\",\"correctResponse\":\"5\",\"ended_on\":\"response\",\"duration\":4538.832999952356,\"time_run\":128607.25999996066,\"time_render\":128601.269,\"time_show\":128618.007,\"time_end\":133156.83999995235,\"time_commit\":133158.07499998482,\"timestamp\":\"2021-05-06T13:45:31.131Z\",\"time_switch\":133169.849},{\"sender\":\"trial_screen\",\"sender_type\":\"canvas.Screen\",\"sender_id\":\"9_17\",\"correct\":false,\"trial_ID\":18,\"word1\":\"Adept\",\"word2\":\"Padet\",\"word3\":\"Edapt\",\"word4\":\"Epatt\",\"word5\":\"Taped\",\"response\":\"3\",\"response_action\":\"keypress(3)\",\"correctResponse\":\"1\",\"ended_on\":\"response\",\"duration\":7334.795999979076,\"time_run\":133162.32499998296,\"time_render\":133153.023,\"time_show\":133169.849,\"time_end\":140504.64499997906,\"time_commit\":140505.7299999753,\"timestamp\":\"2021-05-06T13:45:38.479Z\",\"time_switch\":140522.566},{\"sender\":\"trial_screen\",\"sender_type\":\"canvas.Screen\",\"sender_id\":\"9_18\",\"correct\":false,\"trial_ID\":19,\"word1\":\"Spirine\",\"word2\":\"Saprin\",\"word3\":\"Parsin\",\"word4\":\"Purin\",\"word5\":\"Asprint\",\"response\":\"2\",\"response_action\":\"keypress(2)\",\"correctResponse\":\"4\",\"ended_on\":\"response\",\"duration\":8314.963999960688,\"time_run\":140509.60499997018,\"time_render\":140505.805,\"time_show\":140522.566,\"time_end\":148837.52999996068,\"time_commit\":148838.46999995876,\"timestamp\":\"2021-05-06T13:45:46.812Z\",\"time_switch\":148859.109},{\"sender\":\"trial_screen\",\"sender_type\":\"canvas.Screen\",\"sender_id\":\"9_19\",\"correct\":false,\"trial_ID\":20,\"word1\":\"Kulon\",\"word2\":\"Solgun\",\"word3\":\"Koskan\",\"word4\":\"Soran\",\"word5\":\"Klonus\",\"response\":\"2\",\"response_action\":\"keypress(2)\",\"correctResponse\":\"5\",\"ended_on\":\"response\",\"duration\":6881.795999955095,\"time_run\":148843.00499997335,\"time_render\":148842.313,\"time_show\":148859.109,\"time_end\":155740.9049999551,\"time_commit\":155741.88999994658,\"timestamp\":\"2021-05-06T13:45:53.715Z\",\"time_switch\":155761.498},{\"sender\":\"trial_screen\",\"sender_type\":\"canvas.Screen\",\"sender_id\":\"9_20\",\"correct\":false,\"trial_ID\":21,\"word1\":\"Tronke\",\"word2\":\"Nocktherm\",\"word3\":\"Teronk\",\"word4\":\"Komtur\",\"word5\":\"Rocktur\",\"response\":\"2\",\"response_action\":\"keypress(2)\",\"correctResponse\":\"4\",\"ended_on\":\"response\",\"duration\":6876.861999982648,\"time_run\":155745.77999999747,\"time_render\":155744.948,\"time_show\":155761.498,\"time_end\":162638.35999998264,\"time_commit\":162638.71499995003,\"timestamp\":\"2021-05-06T13:46:00.612Z\",\"time_switch\":162647.425},{\"sender\":\"trial_screen\",\"sender_type\":\"canvas.Screen\",\"sender_id\":\"9_21\",\"correct\":true,\"trial_ID\":22,\"word1\":\"Ripat\",\"word2\":\"Patinatte\",\"word3\":\"Tapir\",\"word4\":\"Apitt\",\"word5\":\"Padir\",\"response\":\"3\",\"response_action\":\"keypress(3)\",\"correctResponse\":\"3\",\"ended_on\":\"response\",\"duration\":3872.724999996659,\"time_run\":162639.90499998908,\"time_render\":162630.929,\"time_show\":162647.425,\"time_end\":166520.14999999665,\"time_commit\":166521.1849999614,\"timestamp\":\"2021-05-06T13:46:04.494Z\",\"time_switch\":166532.497},{\"sender\":\"trial_screen\",\"sender_type\":\"canvas.Screen\",\"sender_id\":\"9_22\",\"correct\":true,\"trial_ID\":23,\"word1\":\"Akifer\",\"word2\":\"Fiaker\",\"word3\":\"Kiaffa\",\"word4\":\"Sariffer\",\"word5\":\"Refisker\",\"response\":\"2\",\"response_action\":\"keypress(2)\",\"correctResponse\":\"2\",\"ended_on\":\"response\",\"duration\":2380.6529999784834,\"time_run\":166524.2749999743,\"time_render\":166515.809,\"time_show\":166532.497,\"time_end\":168913.1499999785,\"time_commit\":168913.58499997295,\"timestamp\":\"2021-05-06T13:46:06.887Z\",\"time_switch\":168916.495},{\"sender\":\"trial_screen\",\"sender_type\":\"canvas.Screen\",\"sender_id\":\"9_23\",\"correct\":true,\"trial_ID\":24,\"word1\":\"Kleiber\",\"word2\":\"Beikel\",\"word3\":\"Keibel\",\"word4\":\"Reikler\",\"word5\":\"Biekerl\",\"response\":\"1\",\"response_action\":\"keypress(1)\",\"correctResponse\":\"1\",\"ended_on\":\"response\",\"duration\":1752.1699999464909,\"time_run\":168914.8399999831,\"time_render\":168899.862,\"time_show\":168916.495,\"time_end\":170668.6649999465,\"time_commit\":170669.5999999647,\"timestamp\":\"2021-05-06T13:46:08.643Z\",\"time_switch\":170683.889},{\"sender\":\"trial_screen\",\"sender_type\":\"canvas.Screen\",\"sender_id\":\"9_24\",\"correct\":true,\"trial_ID\":25,\"word1\":\"Ig\u00e4de\",\"word2\":\"D\u00e4gie\",\"word3\":\"\u00c4gide\",\"word4\":\"Dig\u00e4de\",\"word5\":\"Giad\",\"response\":\"3\",\"response_action\":\"keypress(3)\",\"correctResponse\":\"3\",\"ended_on\":\"response\",\"duration\":2362.4609999605163,\"time_run\":170673.33999997936,\"time_render\":170667.232,\"time_show\":170683.889,\"time_end\":173046.3499999605,\"time_commit\":173046.81999998866,\"timestamp\":\"2021-05-06T13:46:11.020Z\",\"time_switch\":173051.507},{\"sender\":\"trial_screen\",\"sender_type\":\"canvas.Screen\",\"sender_id\":\"9_25\",\"correct\":true,\"trial_ID\":26,\"word1\":\"Rixal\",\"word2\":\"Irtax\",\"word3\":\"Rackizie\",\"word4\":\"Matrix\",\"word5\":\"Atrige\",\"response\":\"4\",\"response_action\":\"keypress(4)\",\"correctResponse\":\"4\",\"ended_on\":\"response\",\"duration\":2940.5179999849934,\"time_run\":173048.15999994753,\"time_render\":173034.767,\"time_show\":173051.507,\"time_end\":175992.024999985,\"time_commit\":175993.13999997685,\"timestamp\":\"2021-05-06T13:46:13.966Z\",\"time_switch\":176002.567},{\"sender\":\"trial_screen\",\"sender_type\":\"canvas.Screen\",\"sender_id\":\"9_26\",\"correct\":false,\"trial_ID\":27,\"word1\":\"Haskisch\",\"word2\":\"Asmisch\",\"word3\":\"Schisma\",\"word4\":\"Rasthmie\",\"word5\":\"Ilschah\",\"response\":\"4\",\"response_action\":\"keypress(4)\",\"correctResponse\":\"3\",\"ended_on\":\"response\",\"duration\":10279.092999978719,\"time_run\":175996.9249999849,\"time_render\":175985.912,\"time_show\":176002.567,\"time_end\":186281.65999997873,\"time_commit\":186282.70499996142,\"timestamp\":\"2021-05-06T13:46:24.256Z\",\"time_switch\":186289.865},{\"sender\":\"trial_screen\",\"sender_type\":\"canvas.Screen\",\"sender_id\":\"9_27\",\"correct\":false,\"trial_ID\":28,\"word1\":\"Sallose\",\"word2\":\"Lordose\",\"word3\":\"Dormase\",\"word4\":\"Rollase\",\"word5\":\"Ardierole\",\"response\":\"5\",\"response_action\":\"keypress(5)\",\"correctResponse\":\"2\",\"ended_on\":\"response\",\"duration\":7646.729999977397,\"time_run\":186286.17499995744,\"time_render\":186273.304,\"time_show\":186289.865,\"time_end\":193936.5949999774,\"time_commit\":193937.67999997362,\"timestamp\":\"2021-05-06T13:46:31.911Z\",\"time_switch\":193974.335},{\"sender\":\"trial_screen\",\"sender_type\":\"canvas.Screen\",\"sender_id\":\"9_28\",\"correct\":false,\"trial_ID\":29,\"word1\":\"Intranotion\",\"word2\":\"Infranatura\",\"word3\":\"Internodium\",\"word4\":\"Indotalie\",\"word5\":\"Indosta\",\"response\":\"1\",\"response_action\":\"keypress(1)\",\"correctResponse\":\"3\",\"ended_on\":\"response\",\"duration\":7375.774999999412,\"time_run\":193941.6499999934,\"time_render\":193926.315,\"time_show\":193974.335,\"time_end\":201350.1099999994,\"time_commit\":201351.20499995537,\"timestamp\":\"2021-05-06T13:46:39.325Z\",\"time_switch\":201362.376},{\"sender\":\"trial_screen\",\"sender_type\":\"canvas.Screen\",\"sender_id\":\"9_29\",\"correct\":false,\"trial_ID\":30,\"word1\":\"Idaste\",\"word2\":\"Dastrix\",\"word3\":\"Astike\",\"word4\":\"Sadile\",\"word5\":\"Kasside\",\"response\":\"4\",\"response_action\":\"keypress(4)\",\"correctResponse\":\"5\",\"ended_on\":\"response\",\"duration\":9960.508999972313,\"time_run\":201355.30999995535,\"time_render\":201345.634,\"time_show\":201362.376,\"time_end\":211322.8849999723,\"time_commit\":211323.42999998946,\"timestamp\":\"2021-05-06T13:46:49.297Z\",\"time_switch\":211332.73},{\"sender\":\"trial_screen\",\"sender_type\":\"canvas.Screen\",\"sender_id\":\"9_30\",\"correct\":true,\"trial_ID\":31,\"word1\":\"Libration\",\"word2\":\"Bilation\",\"word3\":\"Arlation\",\"word4\":\"Iberation\",\"word5\":\"Tiradon\",\"response\":\"1\",\"response_action\":\"keypress(1)\",\"correctResponse\":\"1\",\"ended_on\":\"response\",\"duration\":4419.274999958434,\"time_run\":211324.94999998016,\"time_render\":211316.171,\"time_show\":211332.73,\"time_end\":215752.00499995844,\"time_commit\":215752.97499995213,\"timestamp\":\"2021-05-06T13:46:53.726Z\",\"time_switch\":215767.894},{\"sender\":\"trial_screen\",\"sender_type\":\"canvas.Screen\",\"sender_id\":\"9_31\",\"correct\":true,\"trial_ID\":32,\"word1\":\"Pucker\",\"word2\":\"Keuper\",\"word3\":\"Eucker\",\"word4\":\"Reuspeck\",\"word5\":\"Urkane\",\"response\":\"2\",\"response_action\":\"keypress(2)\",\"correctResponse\":\"2\",\"ended_on\":\"response\",\"duration\":9259.495999944716,\"time_run\":215754.76499996148,\"time_render\":215751.197,\"time_show\":215767.894,\"time_end\":225027.38999994472,\"time_commit\":225028.42499996768,\"timestamp\":\"2021-05-06T13:47:03.002Z\",\"time_switch\":225037.941},{\"sender\":\"trial_screen\",\"sender_type\":\"canvas.Screen\",\"sender_id\":\"9_32\",\"correct\":true,\"trial_ID\":33,\"word1\":\"Sickaber\",\"word2\":\"Bassiker\",\"word3\":\"Kassiber\",\"word4\":\"Sassiker\",\"word5\":\"Askiber\",\"response\":\"3\",\"response_action\":\"keypress(3)\",\"correctResponse\":\"3\",\"ended_on\":\"response\",\"duration\":3515.303999959142,\"time_run\":225031.85999998823,\"time_render\":225021.447,\"time_show\":225037.941,\"time_end\":228553.24499995913,\"time_commit\":228554.33499999344,\"timestamp\":\"2021-05-06T13:47:06.528Z\",\"time_switch\":228572.887},{\"sender\":\"trial_screen\",\"sender_type\":\"canvas.Screen\",\"sender_id\":\"9_33\",\"correct\":false,\"trial_ID\":34,\"word1\":\"Alquallon\",\"word2\":\"Lisqualien\",\"word3\":\"Talquallen\",\"word4\":\"Quisquilien\",\"word5\":\"Rielquellen\",\"response\":\"5\",\"response_action\":\"keypress(5)\",\"correctResponse\":\"4\",\"ended_on\":\"response\",\"duration\":6563.827999971458,\"time_run\":228558.20999998832,\"time_render\":228556.062,\"time_show\":228572.887,\"time_end\":235136.71499997145,\"time_commit\":235137.304999982,\"timestamp\":\"2021-05-06T13:47:13.111Z\",\"time_switch\":235141.759},{\"sender\":\"trial_screen\",\"sender_type\":\"canvas.Screen\",\"sender_id\":\"9_34\",\"correct\":true,\"trial_ID\":35,\"word1\":\"Berkiza\",\"word2\":\"Brekzie\",\"word3\":\"Birakzie\",\"word4\":\"Brikazie\",\"word5\":\"Bakiria\",\"response\":\"2\",\"response_action\":\"keypress(2)\",\"correctResponse\":\"2\",\"ended_on\":\"response\",\"duration\":4604.50099998535,\"time_run\":235139.22999997158,\"time_render\":235125.134,\"time_show\":235141.759,\"time_end\":239746.25999998534,\"time_commit\":239747.42999998853,\"timestamp\":\"2021-05-06T13:47:17.721Z\",\"time_switch\":239760.242},{\"sender\":\"loop_trial\",\"sender_type\":\"flow.Loop\",\"sender_id\":\"9\",\"ended_on\":\"completion\",\"duration\":160863.90499998536,\"time_run\":78865.20499998005,\"time_render\":78865.632,\"time_show\":78882.355,\"time_end\":239746.25999998534,\"time_commit\":239751.75499997567,\"timestamp\":\"2021-05-06T13:47:17.725Z\",\"time_switch\":239760.242},{\"sender\":\"end_html\",\"sender_type\":\"html.Screen\",\"sender_id\":\"10\",\"response\":\"anykey\",\"response_action\":\"keypress\",\"ended_on\":\"response\",\"duration\":4844.627999981021,\"time_run\":239751.81999994675,\"time_render\":239743.657,\"time_show\":239760.242,\"time_end\":244604.86999998102,\"time_commit\":244608.10999997193,\"timestamp\":\"2021-05-06T13:47:22.581Z\",\"time_switch\":244612.29},{\"sender\":\"root\",\"sender_type\":\"flow.Sequence\",\"sender_id\":null,\"ended_on\":\"completion\",\"duration\":244135.98299998103,\"time_run\":468.7699999776669,\"time_render\":402.233,\"time_show\":468.887,\"time_end\":244604.86999998102,\"time_commit\":244608.8499999605,\"timestamp\":\"2021-05-06T13:47:22.582Z\",\"time_switch\":244612.29}]",
    "metadata": "{\"slice\":0,\"id\":\"02c6c266-95f7-4174-8e09-6766c223c935\",\"payload\":\"full\"}",
    "url": "https://exp01.zih.tu-dresden.de/experiments/spot_a_word_task/"
}