{
    "data": "[{\"url\":{},\"meta\":{\"labjs_version\":\"20.1.1\",\"labjs_build\":{\"flavor\":\"production\",\"commit\":\"cd5695f774968f50499757c1423bd95d033ea08e\"},\"location\":\"https://exp02.zih.tu-dresden.de/experiments/spot_a_word_task/\",\"userAgent\":\"Mozilla/5.0 (Windows NT 10.0; Win64; x64; rv:88.0) Gecko/20100101 Firefox/88.0\",\"platform\":\"Win32\",\"language\":\"de\",\"locale\":\"de-DE\",\"timeZone\":\"Europe/Berlin\",\"timezoneOffset\":-120,\"screen_width\":1280,\"screen_height\":720,\"scroll_width\":1280,\"scroll_height\":559,\"window_innerWidth\":1280,\"window_innerHeight\":607,\"devicePixelRatio\":1.5},\"sender\":\"start_html\",\"sender_type\":\"html.Screen\",\"sender_id\":\"0\",\"ended_on\":\"timeout\",\"duration\":5994.46,\"time_run\":734,\"time_render\":794.94,\"time_show\":811.6,\"time_end\":6789.44,\"time_commit\":6794,\"timestamp\":\"2021-05-03T13:57:30.110Z\",\"time_switch\":6806.06},{\"sender\":\"manual_html\",\"sender_type\":\"html.Screen\",\"sender_id\":\"1\",\"response\":\"space\",\"response_action\":\"keypress(Space)\",\"ended_on\":\"response\",\"duration\":44663.94,\"time_run\":6796,\"time_render\":6789.44,\"time_show\":6806.06,\"time_end\":51470,\"time_commit\":51493,\"timestamp\":\"2021-05-03T13:58:14.810Z\",\"time_switch\":51630.72},{\"sender\":\"example1_screen\",\"sender_type\":\"canvas.Screen\",\"sender_id\":\"2\",\"response\":\"4\",\"response_action\":\"keypress(4)\",\"correctResponse\":\"4\",\"correct\":true,\"ended_on\":\"response\",\"duration\":3854.279999999999,\"time_run\":51612,\"time_render\":51613.26,\"time_show\":51630.72,\"time_end\":55485,\"time_commit\":55493,\"timestamp\":\"2021-05-03T13:58:18.809Z\",\"time_switch\":55560.52},{\"sender\":\"example1_feedback\",\"sender_type\":\"canvas.Screen\",\"sender_id\":\"3\",\"response\":\"Space\",\"response_action\":\"keypress(Space)\",\"ended_on\":\"response\",\"duration\":1846.4800000000032,\"time_run\":55550,\"time_render\":55551.42,\"time_show\":55560.52,\"time_end\":57407,\"time_commit\":57420,\"timestamp\":\"2021-05-03T13:58:20.736Z\",\"time_switch\":57525.48},{\"sender\":\"example2_screen\",\"sender_type\":\"canvas.Screen\",\"sender_id\":\"4\",\"response\":\"5\",\"response_action\":\"keypress(5)\",\"correctResponse\":\"5\",\"correct\":true,\"ended_on\":\"response\",\"duration\":3819.519999999997,\"time_run\":57519,\"time_render\":57520.64,\"time_show\":57525.48,\"time_end\":61345,\"time_commit\":61357,\"timestamp\":\"2021-05-03T13:58:24.673Z\",\"time_switch\":61421.68},{\"sender\":\"example2_feedback\",\"sender_type\":\"canvas.Screen\",\"sender_id\":\"5\",\"response\":\"Space\",\"response_action\":\"keypress(Space)\",\"ended_on\":\"response\",\"duration\":657.3199999999997,\"time_run\":61407,\"time_render\":61407.82,\"time_show\":61421.68,\"time_end\":62079,\"time_commit\":62097,\"timestamp\":\"2021-05-03T13:58:25.413Z\",\"time_switch\":62187.62},{\"sender\":\"example3_screen\",\"sender_type\":\"canvas.Screen\",\"sender_id\":\"6\",\"response\":\"1\",\"response_action\":\"keypress(1)\",\"correctResponse\":\"1\",\"correct\":true,\"ended_on\":\"response\",\"duration\":2265.3799999999974,\"time_run\":62178,\"time_render\":62178.42,\"time_show\":62187.62,\"time_end\":64453,\"time_commit\":64471,\"timestamp\":\"2021-05-03T13:58:27.786Z\",\"time_switch\":64535.48},{\"sender\":\"example3_feedback\",\"sender_type\":\"canvas.Screen\",\"sender_id\":\"7\",\"response\":\"Space\",\"response_action\":\"keypress(Space)\",\"ended_on\":\"response\",\"duration\":918.5199999999968,\"time_run\":64526,\"time_render\":64527.52,\"time_show\":64535.48,\"time_end\":65454,\"time_commit\":65462,\"timestamp\":\"2021-05-03T13:58:28.778Z\",\"time_switch\":65468.32},{\"sender\":\"get_ready_html\",\"sender_type\":\"html.Screen\",\"sender_id\":\"8\",\"response\":\"space\",\"response_action\":\"keypress(Space)\",\"ended_on\":\"response\",\"duration\":7954.68,\"time_run\":65465,\"time_render\":65465.74,\"time_show\":65468.32,\"time_end\":73423,\"time_commit\":73439,\"timestamp\":\"2021-05-03T13:58:36.754Z\",\"time_switch\":73876.88},{\"sender\":\"trial_screen\",\"sender_type\":\"canvas.Screen\",\"sender_id\":\"9_0\",\"correct\":true,\"trial_ID\":1,\"word1\":\"siziol\",\"word2\":\"salzahl\",\"word3\":\"sozihl\",\"word4\":\"sziam\",\"word5\":\"sozial\",\"response\":\"5\",\"response_action\":\"keypress(5)\",\"correctResponse\":\"5\",\"ended_on\":\"response\",\"duration\":3343.1199999999953,\"time_run\":73874,\"time_render\":73873.62,\"time_show\":73876.88,\"time_end\":77220,\"time_commit\":77241,\"timestamp\":\"2021-05-03T13:58:40.557Z\",\"time_switch\":77323.46},{\"sender\":\"trial_screen\",\"sender_type\":\"canvas.Screen\",\"sender_id\":\"9_1\",\"correct\":true,\"trial_ID\":2,\"word1\":\"Lamone\",\"word2\":\"Talane\",\"word3\":\"Matrone\",\"word4\":\"Tarone\",\"word5\":\"Malonte\",\"response\":\"3\",\"response_action\":\"keypress(3)\",\"correctResponse\":\"3\",\"ended_on\":\"response\",\"duration\":4099.539999999994,\"time_run\":77309,\"time_render\":77309.98,\"time_show\":77323.46,\"time_end\":81423,\"time_commit\":81436,\"timestamp\":\"2021-05-03T13:58:44.751Z\",\"time_switch\":81502.94},{\"sender\":\"trial_screen\",\"sender_type\":\"canvas.Screen\",\"sender_id\":\"9_2\",\"correct\":true,\"trial_ID\":3,\"word1\":\"kurinesisch\",\"word2\":\"kulinarisch\",\"word3\":\"kumenisch\",\"word4\":\"kulissarisch\",\"word5\":\"kannastrisch\",\"response\":\"2\",\"response_action\":\"keypress(2)\",\"correctResponse\":\"2\",\"ended_on\":\"response\",\"duration\":2592.0599999999977,\"time_run\":81500,\"time_render\":81500.28,\"time_show\":81502.94,\"time_end\":84095,\"time_commit\":84113,\"timestamp\":\"2021-05-03T13:58:47.430Z\",\"time_switch\":84183.72},{\"sender\":\"trial_screen\",\"sender_type\":\"canvas.Screen\",\"sender_id\":\"9_3\",\"correct\":true,\"trial_ID\":4,\"word1\":\"Tinxur\",\"word2\":\"Kukutur\",\"word3\":\"Fraktan\",\"word4\":\"Tinktur\",\"word5\":\"Rimsuhr\",\"response\":\"4\",\"response_action\":\"keypress(4)\",\"correctResponse\":\"4\",\"ended_on\":\"response\",\"duration\":2395.279999999999,\"time_run\":84172,\"time_render\":84172.86,\"time_show\":84183.72,\"time_end\":86579,\"time_commit\":86585,\"timestamp\":\"2021-05-03T13:58:49.902Z\",\"time_switch\":86664.76},{\"sender\":\"trial_screen\",\"sender_type\":\"canvas.Screen\",\"sender_id\":\"9_4\",\"correct\":true,\"trial_ID\":5,\"word1\":\"beralen\",\"word2\":\"ger\u00e4ltet\",\"word3\":\"an\u00e4lteren\",\"word4\":\"unt\u00e4ren\",\"word5\":\"verbr\u00e4men\",\"response\":\"5\",\"response_action\":\"keypress(5)\",\"correctResponse\":\"5\",\"ended_on\":\"response\",\"duration\":5430.240000000005,\"time_run\":86648,\"time_render\":86649.08,\"time_show\":86664.76,\"time_end\":92095,\"time_commit\":92105,\"timestamp\":\"2021-05-03T13:58:55.421Z\",\"time_switch\":92176.28},{\"sender\":\"trial_screen\",\"sender_type\":\"canvas.Screen\",\"sender_id\":\"9_5\",\"correct\":true,\"trial_ID\":6,\"word1\":\"Rosto\",\"word2\":\"Torso\",\"word3\":\"Soro\",\"word4\":\"Torgos\",\"word5\":\"Tosor\",\"response\":\"2\",\"response_action\":\"keypress(2)\",\"correctResponse\":\"2\",\"ended_on\":\"response\",\"duration\":1730.7200000000012,\"time_run\":92170,\"time_render\":92171,\"time_show\":92176.28,\"time_end\":93907,\"time_commit\":93914,\"timestamp\":\"2021-05-03T13:58:57.231Z\",\"time_switch\":93991.32},{\"sender\":\"trial_screen\",\"sender_type\":\"canvas.Screen\",\"sender_id\":\"9_6\",\"correct\":true,\"trial_ID\":7,\"word1\":\"Redor\",\"word2\":\"Radium\",\"word3\":\"Terion\",\"word4\":\"Dramin\",\"word5\":\"Orakium\",\"response\":\"2\",\"response_action\":\"keypress(2)\",\"correctResponse\":\"2\",\"ended_on\":\"response\",\"duration\":1649.679999999993,\"time_run\":93974,\"time_render\":93974.52,\"time_show\":93991.32,\"time_end\":95641,\"time_commit\":95653,\"timestamp\":\"2021-05-03T13:58:58.969Z\",\"time_switch\":95722.92},{\"sender\":\"trial_screen\",\"sender_type\":\"canvas.Screen\",\"sender_id\":\"9_7\",\"correct\":true,\"trial_ID\":8,\"word1\":\"Nale\",\"word2\":\"Sahe\",\"word3\":\"Nase\",\"word4\":\"Nesa\",\"word5\":\"Sehna\",\"response\":\"3\",\"response_action\":\"keypress(3)\",\"correctResponse\":\"3\",\"ended_on\":\"response\",\"duration\":1669.0800000000017,\"time_run\":95715,\"time_render\":95715.46,\"time_show\":95722.92,\"time_end\":97392,\"time_commit\":97402,\"timestamp\":\"2021-05-03T13:59:00.719Z\",\"time_switch\":97471.34},{\"sender\":\"trial_screen\",\"sender_type\":\"canvas.Screen\",\"sender_id\":\"9_8\",\"correct\":true,\"trial_ID\":9,\"word1\":\"Rilkiase\",\"word2\":\"Kilister\",\"word3\":\"Riliker\",\"word4\":\"Klistier\",\"word5\":\"Linkure\",\"response\":\"4\",\"response_action\":\"keypress(4)\",\"correctResponse\":\"4\",\"ended_on\":\"response\",\"duration\":5357.6600000000035,\"time_run\":97467,\"time_render\":97467.94,\"time_show\":97471.34,\"time_end\":102829,\"time_commit\":102838,\"timestamp\":\"2021-05-03T13:59:06.154Z\",\"time_switch\":102866.2},{\"sender\":\"trial_screen\",\"sender_type\":\"canvas.Screen\",\"sender_id\":\"9_9\",\"correct\":true,\"trial_ID\":10,\"word1\":\"kentern\",\"word2\":\"knerte\",\"word3\":\"kanzen\",\"word4\":\"kretern\",\"word5\":\"trekern\",\"response\":\"1\",\"response_action\":\"keypress(1)\",\"correctResponse\":\"1\",\"ended_on\":\"response\",\"duration\":3900.800000000003,\"time_run\":102864,\"time_render\":102863.72,\"time_show\":102866.2,\"time_end\":106767,\"time_commit\":106784,\"timestamp\":\"2021-05-03T13:59:10.100Z\",\"time_switch\":106862.84},{\"sender\":\"trial_screen\",\"sender_type\":\"canvas.Screen\",\"sender_id\":\"9_10\",\"correct\":true,\"trial_ID\":11,\"word1\":\"Sorekin\",\"word2\":\"Sarowin\",\"word3\":\"Rosakin\",\"word4\":\"Narosin\",\"word5\":\"Kerosin\",\"response\":\"5\",\"response_action\":\"keypress(5)\",\"correctResponse\":\"5\",\"ended_on\":\"response\",\"duration\":3732.1600000000035,\"time_run\":106854,\"time_render\":106854.98,\"time_show\":106862.84,\"time_end\":110595,\"time_commit\":110614,\"timestamp\":\"2021-05-03T13:59:13.930Z\",\"time_switch\":110692.32},{\"sender\":\"trial_screen\",\"sender_type\":\"canvas.Screen\",\"sender_id\":\"9_11\",\"correct\":true,\"trial_ID\":12,\"word1\":\"Ralke\",\"word2\":\"Korre\",\"word3\":\"Ruckse\",\"word4\":\"Recke\",\"word5\":\"Ulte\",\"response\":\"4\",\"response_action\":\"keypress(4)\",\"correctResponse\":\"4\",\"ended_on\":\"response\",\"duration\":3167.679999999993,\"time_run\":110674,\"time_render\":110675.42,\"time_show\":110692.32,\"time_end\":113860,\"time_commit\":113867,\"timestamp\":\"2021-05-03T13:59:17.184Z\",\"time_switch\":113939.28},{\"sender\":\"trial_screen\",\"sender_type\":\"canvas.Screen\",\"sender_id\":\"9_12\",\"correct\":true,\"trial_ID\":13,\"word1\":\"Kapaun\",\"word2\":\"Paukan\",\"word3\":\"Naupack\",\"word4\":\"Aupeck\",\"word5\":\"Ankepran\",\"response\":\"1\",\"response_action\":\"keypress(1)\",\"correctResponse\":\"1\",\"ended_on\":\"response\",\"duration\":1952.7200000000012,\"time_run\":113925,\"time_render\":113925.98,\"time_show\":113939.28,\"time_end\":115892,\"time_commit\":115910,\"timestamp\":\"2021-05-03T13:59:19.227Z\",\"time_switch\":115987.32},{\"sender\":\"trial_screen\",\"sender_type\":\"canvas.Screen\",\"sender_id\":\"9_13\",\"correct\":true,\"trial_ID\":14,\"word1\":\"Dissonanz\",\"word2\":\"Diskrisanz\",\"word3\":\"Distranz\",\"word4\":\"Dinotanz\",\"word5\":\"Sidonenz\",\"response\":\"1\",\"response_action\":\"keypress(1)\",\"correctResponse\":\"1\",\"ended_on\":\"response\",\"duration\":6404.679999999993,\"time_run\":115973,\"time_render\":115973.54,\"time_show\":115987.32,\"time_end\":122392,\"time_commit\":122402,\"timestamp\":\"2021-05-03T13:59:25.718Z\",\"time_switch\":122464.64},{\"sender\":\"trial_screen\",\"sender_type\":\"canvas.Screen\",\"sender_id\":\"9_14\",\"correct\":true,\"trial_ID\":15,\"word1\":\"Kirse\",\"word2\":\"Sirke\",\"word3\":\"Krise\",\"word4\":\"Krospe\",\"word5\":\"Seris\",\"response\":\"3\",\"response_action\":\"keypress(3)\",\"correctResponse\":\"3\",\"ended_on\":\"response\",\"duration\":2489.3600000000006,\"time_run\":122462,\"time_render\":122462.06,\"time_show\":122464.64,\"time_end\":124954,\"time_commit\":124968,\"timestamp\":\"2021-05-03T13:59:28.284Z\",\"time_switch\":125045.64},{\"sender\":\"trial_screen\",\"sender_type\":\"canvas.Screen\",\"sender_id\":\"9_15\",\"correct\":true,\"trial_ID\":16,\"word1\":\"Tume\",\"word2\":\"Umat\",\"word3\":\"Maut\",\"word4\":\"Taum\",\"word5\":\"Muta\",\"response\":\"3\",\"response_action\":\"keypress(3)\",\"correctResponse\":\"3\",\"ended_on\":\"response\",\"duration\":1596.3600000000006,\"time_run\":125028,\"time_render\":125028.82,\"time_show\":125045.64,\"time_end\":126642,\"time_commit\":126653,\"timestamp\":\"2021-05-03T13:59:29.969Z\",\"time_switch\":126727.3},{\"sender\":\"trial_screen\",\"sender_type\":\"canvas.Screen\",\"sender_id\":\"9_16\",\"correct\":true,\"trial_ID\":17,\"word1\":\"Tuhl\",\"word2\":\"Lar\",\"word3\":\"Lest\",\"word4\":\"Dall\",\"word5\":\"Lid\",\"response\":\"5\",\"response_action\":\"keypress(5)\",\"correctResponse\":\"5\",\"ended_on\":\"response\",\"duration\":4054.699999999997,\"time_run\":126718,\"time_render\":126718.2,\"time_show\":126727.3,\"time_end\":130782,\"time_commit\":130789,\"timestamp\":\"2021-05-03T13:59:34.105Z\",\"time_switch\":130857},{\"sender\":\"trial_screen\",\"sender_type\":\"canvas.Screen\",\"sender_id\":\"9_17\",\"correct\":false,\"trial_ID\":18,\"word1\":\"Adept\",\"word2\":\"Padet\",\"word3\":\"Edapt\",\"word4\":\"Epatt\",\"word5\":\"Taped\",\"response\":\"3\",\"response_action\":\"keypress(3)\",\"correctResponse\":\"1\",\"ended_on\":\"response\",\"duration\":9910,\"time_run\":130849,\"time_render\":130850.66,\"time_show\":130857,\"time_end\":140767,\"time_commit\":140783,\"timestamp\":\"2021-05-03T13:59:44.100Z\",\"time_switch\":140847.4},{\"sender\":\"trial_screen\",\"sender_type\":\"canvas.Screen\",\"sender_id\":\"9_18\",\"correct\":true,\"trial_ID\":19,\"word1\":\"Spirine\",\"word2\":\"Saprin\",\"word3\":\"Parsin\",\"word4\":\"Purin\",\"word5\":\"Asprint\",\"response\":\"4\",\"response_action\":\"keypress(4)\",\"correctResponse\":\"4\",\"ended_on\":\"response\",\"duration\":3528.600000000006,\"time_run\":140843,\"time_render\":140843.84,\"time_show\":140847.4,\"time_end\":144376,\"time_commit\":144385,\"timestamp\":\"2021-05-03T13:59:47.701Z\",\"time_switch\":144460.72},{\"sender\":\"trial_screen\",\"sender_type\":\"canvas.Screen\",\"sender_id\":\"9_19\",\"correct\":true,\"trial_ID\":20,\"word1\":\"Kulon\",\"word2\":\"Solgun\",\"word3\":\"Koskan\",\"word4\":\"Soran\",\"word5\":\"Klonus\",\"response\":\"5\",\"response_action\":\"keypress(5)\",\"correctResponse\":\"5\",\"ended_on\":\"response\",\"duration\":6415.279999999999,\"time_run\":144448,\"time_render\":144448.42,\"time_show\":144460.72,\"time_end\":150876,\"time_commit\":150890,\"timestamp\":\"2021-05-03T13:59:54.207Z\",\"time_switch\":150938.08},{\"sender\":\"trial_screen\",\"sender_type\":\"canvas.Screen\",\"sender_id\":\"9_20\",\"correct\":false,\"trial_ID\":21,\"word1\":\"Tronke\",\"word2\":\"Nocktherm\",\"word3\":\"Teronk\",\"word4\":\"Komtur\",\"word5\":\"Rocktur\",\"response\":\"2\",\"response_action\":\"keypress(2)\",\"correctResponse\":\"4\",\"ended_on\":\"response\",\"duration\":6249.920000000013,\"time_run\":150922,\"time_render\":150921.9,\"time_show\":150938.08,\"time_end\":157188,\"time_commit\":157206,\"timestamp\":\"2021-05-03T14:00:00.522Z\",\"time_switch\":157281.98},{\"sender\":\"trial_screen\",\"sender_type\":\"canvas.Screen\",\"sender_id\":\"9_21\",\"correct\":true,\"trial_ID\":22,\"word1\":\"Ripat\",\"word2\":\"Patinatte\",\"word3\":\"Tapir\",\"word4\":\"Apitt\",\"word5\":\"Padir\",\"response\":\"3\",\"response_action\":\"keypress(3)\",\"correctResponse\":\"3\",\"ended_on\":\"response\",\"duration\":2797.0199999999895,\"time_run\":157265,\"time_render\":157265.06,\"time_show\":157281.98,\"time_end\":160079,\"time_commit\":160094,\"timestamp\":\"2021-05-03T14:00:03.411Z\",\"time_switch\":160129.48},{\"sender\":\"trial_screen\",\"sender_type\":\"canvas.Screen\",\"sender_id\":\"9_22\",\"correct\":true,\"trial_ID\":23,\"word1\":\"Akifer\",\"word2\":\"Fiaker\",\"word3\":\"Kiaffa\",\"word4\":\"Sariffer\",\"word5\":\"Refisker\",\"response\":\"2\",\"response_action\":\"keypress(2)\",\"correctResponse\":\"2\",\"ended_on\":\"response\",\"duration\":2215.5199999999895,\"time_run\":160122,\"time_render\":160122.12,\"time_show\":160129.48,\"time_end\":162345,\"time_commit\":162359,\"timestamp\":\"2021-05-03T14:00:05.675Z\",\"time_switch\":162427.24},{\"sender\":\"trial_screen\",\"sender_type\":\"canvas.Screen\",\"sender_id\":\"9_23\",\"correct\":true,\"trial_ID\":24,\"word1\":\"Kleiber\",\"word2\":\"Beikel\",\"word3\":\"Keibel\",\"word4\":\"Reikler\",\"word5\":\"Biekerl\",\"response\":\"1\",\"response_action\":\"keypress(1)\",\"correctResponse\":\"1\",\"ended_on\":\"response\",\"duration\":1807.7600000000093,\"time_run\":162419,\"time_render\":162419.74,\"time_show\":162427.24,\"time_end\":164235,\"time_commit\":164256,\"timestamp\":\"2021-05-03T14:00:07.573Z\",\"time_switch\":164292.16},{\"sender\":\"trial_screen\",\"sender_type\":\"canvas.Screen\",\"sender_id\":\"9_24\",\"correct\":true,\"trial_ID\":25,\"word1\":\"Ig\u00e4de\",\"word2\":\"D\u00e4gie\",\"word3\":\"\u00c4gide\",\"word4\":\"Dig\u00e4de\",\"word5\":\"Giad\",\"response\":\"3\",\"response_action\":\"keypress(3)\",\"correctResponse\":\"3\",\"ended_on\":\"response\",\"duration\":7099.8399999999965,\"time_run\":164282,\"time_render\":164281.96,\"time_show\":164292.16,\"time_end\":171392,\"time_commit\":171403,\"timestamp\":\"2021-05-03T14:00:14.720Z\",\"time_switch\":171468.8},{\"sender\":\"trial_screen\",\"sender_type\":\"canvas.Screen\",\"sender_id\":\"9_25\",\"correct\":true,\"trial_ID\":26,\"word1\":\"Rixal\",\"word2\":\"Irtax\",\"word3\":\"Rackizie\",\"word4\":\"Matrix\",\"word5\":\"Atrige\",\"response\":\"4\",\"response_action\":\"keypress(4)\",\"correctResponse\":\"4\",\"ended_on\":\"response\",\"duration\":3110.2000000000116,\"time_run\":171462,\"time_render\":171462.68,\"time_show\":171468.8,\"time_end\":174579,\"time_commit\":174588,\"timestamp\":\"2021-05-03T14:00:17.904Z\",\"time_switch\":174649.16},{\"sender\":\"trial_screen\",\"sender_type\":\"canvas.Screen\",\"sender_id\":\"9_26\",\"correct\":false,\"trial_ID\":27,\"word1\":\"Haskisch\",\"word2\":\"Asmisch\",\"word3\":\"Schisma\",\"word4\":\"Rasthmie\",\"word5\":\"Ilschah\",\"response\":\"1\",\"response_action\":\"keypress(1)\",\"correctResponse\":\"3\",\"ended_on\":\"response\",\"duration\":6710.8399999999965,\"time_run\":174647,\"time_render\":174647.46,\"time_show\":174649.16,\"time_end\":181360,\"time_commit\":181381,\"timestamp\":\"2021-05-03T14:00:24.697Z\",\"time_switch\":181459.44},{\"sender\":\"trial_screen\",\"sender_type\":\"canvas.Screen\",\"sender_id\":\"9_27\",\"correct\":false,\"trial_ID\":28,\"word1\":\"Sallose\",\"word2\":\"Lordose\",\"word3\":\"Dormase\",\"word4\":\"Rollase\",\"word5\":\"Ardierole\",\"response\":\"3\",\"response_action\":\"keypress(3)\",\"correctResponse\":\"2\",\"ended_on\":\"response\",\"duration\":5494.559999999998,\"time_run\":181444,\"time_render\":181444.2,\"time_show\":181459.44,\"time_end\":186954,\"time_commit\":186964,\"timestamp\":\"2021-05-03T14:00:30.280Z\",\"time_switch\":187037.58},{\"sender\":\"trial_screen\",\"sender_type\":\"canvas.Screen\",\"sender_id\":\"9_28\",\"correct\":false,\"trial_ID\":29,\"word1\":\"Intranotion\",\"word2\":\"Infranatura\",\"word3\":\"Internodium\",\"word4\":\"Indotalie\",\"word5\":\"Indosta\",\"response\":\"2\",\"response_action\":\"keypress(2)\",\"correctResponse\":\"3\",\"ended_on\":\"response\",\"duration\":8604.420000000013,\"time_run\":187021,\"time_render\":187021.36,\"time_show\":187037.58,\"time_end\":195642,\"time_commit\":195658,\"timestamp\":\"2021-05-03T14:00:38.974Z\",\"time_switch\":195729.46},{\"sender\":\"trial_screen\",\"sender_type\":\"canvas.Screen\",\"sender_id\":\"9_29\",\"correct\":false,\"trial_ID\":30,\"word1\":\"Idaste\",\"word2\":\"Dastrix\",\"word3\":\"Astike\",\"word4\":\"Sadile\",\"word5\":\"Kasside\",\"response\":\"2\",\"response_action\":\"keypress(2)\",\"correctResponse\":\"5\",\"ended_on\":\"response\",\"duration\":5771.540000000008,\"time_run\":195717,\"time_render\":195718.02,\"time_show\":195729.46,\"time_end\":201501,\"time_commit\":201506,\"timestamp\":\"2021-05-03T14:00:44.823Z\",\"time_switch\":201573.98},{\"sender\":\"trial_screen\",\"sender_type\":\"canvas.Screen\",\"sender_id\":\"9_30\",\"correct\":false,\"trial_ID\":31,\"word1\":\"Libration\",\"word2\":\"Bilation\",\"word3\":\"Arlation\",\"word4\":\"Iberation\",\"word5\":\"Tiradon\",\"response\":\"3\",\"response_action\":\"keypress(3)\",\"correctResponse\":\"1\",\"ended_on\":\"response\",\"duration\":4177.0199999999895,\"time_run\":201565,\"time_render\":201565.54,\"time_show\":201573.98,\"time_end\":205751,\"time_commit\":205770,\"timestamp\":\"2021-05-03T14:00:49.086Z\",\"time_switch\":205836.84},{\"sender\":\"trial_screen\",\"sender_type\":\"canvas.Screen\",\"sender_id\":\"9_31\",\"correct\":true,\"trial_ID\":32,\"word1\":\"Pucker\",\"word2\":\"Keuper\",\"word3\":\"Eucker\",\"word4\":\"Reuspeck\",\"word5\":\"Urkane\",\"response\":\"2\",\"response_action\":\"keypress(2)\",\"correctResponse\":\"2\",\"ended_on\":\"response\",\"duration\":2586.1600000000035,\"time_run\":205827,\"time_render\":205828.42,\"time_show\":205836.84,\"time_end\":208423,\"time_commit\":208429,\"timestamp\":\"2021-05-03T14:00:51.745Z\",\"time_switch\":208500.84},{\"sender\":\"trial_screen\",\"sender_type\":\"canvas.Screen\",\"sender_id\":\"9_32\",\"correct\":false,\"trial_ID\":33,\"word1\":\"Sickaber\",\"word2\":\"Bassiker\",\"word3\":\"Kassiber\",\"word4\":\"Sassiker\",\"word5\":\"Askiber\",\"response\":\"5\",\"response_action\":\"keypress(5)\",\"correctResponse\":\"3\",\"ended_on\":\"response\",\"duration\":6406.1600000000035,\"time_run\":208487,\"time_render\":208487.4,\"time_show\":208500.84,\"time_end\":214907,\"time_commit\":214917,\"timestamp\":\"2021-05-03T14:00:58.233Z\",\"time_switch\":214994.8},{\"sender\":\"trial_screen\",\"sender_type\":\"canvas.Screen\",\"sender_id\":\"9_33\",\"correct\":false,\"trial_ID\":34,\"word1\":\"Alquallon\",\"word2\":\"Lisqualien\",\"word3\":\"Talquallen\",\"word4\":\"Quisquilien\",\"word5\":\"Rielquellen\",\"response\":\"3\",\"response_action\":\"keypress(3)\",\"correctResponse\":\"4\",\"ended_on\":\"response\",\"duration\":4177.200000000012,\"time_run\":214980,\"time_render\":214980.74,\"time_show\":214994.8,\"time_end\":219172,\"time_commit\":219184,\"timestamp\":\"2021-05-03T14:01:02.500Z\",\"time_switch\":219257.56},{\"sender\":\"trial_screen\",\"sender_type\":\"canvas.Screen\",\"sender_id\":\"9_34\",\"correct\":false,\"trial_ID\":35,\"word1\":\"Berkiza\",\"word2\":\"Brekzie\",\"word3\":\"Birakzie\",\"word4\":\"Brikazie\",\"word5\":\"Bakiria\",\"response\":\"5\",\"response_action\":\"keypress(5)\",\"correctResponse\":\"2\",\"ended_on\":\"response\",\"duration\":6384.440000000002,\"time_run\":219243,\"time_render\":219243.38,\"time_show\":219257.56,\"time_end\":225642,\"time_commit\":225653,\"timestamp\":\"2021-05-03T14:01:08.969Z\",\"time_switch\":225668.16},{\"sender\":\"loop_trial\",\"sender_type\":\"flow.Loop\",\"sender_id\":\"9\",\"ended_on\":\"completion\",\"duration\":151765.12,\"time_run\":73846,\"time_render\":73873.62,\"time_show\":73876.88,\"time_end\":225642,\"time_commit\":225660,\"timestamp\":\"2021-05-03T14:01:08.976Z\",\"time_switch\":225668.16},{\"sender\":\"end_html\",\"sender_type\":\"html.Screen\",\"sender_id\":\"10\",\"ended_on\":\"timeout\",\"duration\":5994.399999999994,\"time_run\":225661,\"time_render\":225661.9,\"time_show\":225668.16,\"time_end\":231645.92,\"time_commit\":231648,\"timestamp\":\"2021-05-03T14:01:14.965Z\",\"time_switch\":231662.56},{\"sender\":\"root\",\"sender_type\":\"flow.Sequence\",\"sender_id\":null,\"ended_on\":\"completion\",\"duration\":230834.32,\"time_run\":733,\"time_render\":794.94,\"time_show\":811.6,\"time_end\":231645.92,\"time_commit\":231650,\"timestamp\":\"2021-05-03T14:01:14.966Z\",\"time_switch\":231662.56}]",
    "metadata": "{\"slice\":0,\"id\":\"068e0a8c-9d4c-4c95-a00c-a5c84ddd0bf9\",\"payload\":\"full\"}",
    "url": "https://exp02.zih.tu-dresden.de/experiments/spot_a_word_task/"
}