{
    "data": "[{\"url\":{},\"meta\":{\"labjs_version\":\"20.1.1\",\"labjs_build\":{\"flavor\":\"production\",\"commit\":\"cd5695f774968f50499757c1423bd95d033ea08e\"},\"location\":\"https://exp01.zih.tu-dresden.de/experiments/raven_task/\",\"userAgent\":\"Mozilla/5.0 (Windows NT 6.1; Win64; x64; rv:88.0) Gecko/20100101 Firefox/88.0\",\"platform\":\"Win32\",\"language\":\"de\",\"locale\":\"de-DE\",\"timeZone\":\"Europe/Berlin\",\"timezoneOffset\":-120,\"screen_width\":1280,\"screen_height\":1024,\"scroll_width\":1280,\"scroll_height\":834,\"window_innerWidth\":1280,\"window_innerHeight\":882,\"devicePixelRatio\":1},\"sender\":\"welcome\",\"sender_type\":\"canvas.Screen\",\"sender_id\":\"0\",\"ended_on\":\"timeout\",\"duration\":7995.18,\"time_run\":2800,\"time_render\":2804.82,\"time_show\":2821.48,\"time_end\":10799.96,\"time_commit\":10821,\"timestamp\":\"2021-05-09T09:47:58.570Z\",\"time_switch\":10816.66},{\"sender\":\"instructions\",\"sender_type\":\"html.Page\",\"sender_id\":\"1\",\"response\":\"Space\",\"response_action\":\"keypress(Space)\",\"ended_on\":\"response\",\"duration\":40062.34,\"time_run\":10824,\"time_render\":10799.96,\"time_show\":10816.66,\"time_end\":50879,\"time_commit\":50895,\"timestamp\":\"2021-05-09T09:48:38.644Z\",\"time_switch\":50919.94},{\"sender\":\"example1\",\"sender_type\":\"canvas.Screen\",\"sender_id\":\"2\",\"response\":\"8\",\"response_action\":\"click(0) @8\",\"correctResponse\":\"8\",\"correct\":true,\"ended_on\":\"response\",\"duration\":14526.059999999998,\"time_run\":50897,\"time_render\":50903.26,\"time_show\":50919.94,\"time_end\":65446,\"time_commit\":65459,\"timestamp\":\"2021-05-09T09:48:53.209Z\",\"time_switch\":65499.68},{\"sender\":\"example1_feedback\",\"sender_type\":\"canvas.Screen\",\"sender_id\":\"3\",\"response\":\"space\",\"response_action\":\"keypress(Space)\",\"ended_on\":\"response\",\"duration\":2504.3199999999997,\"time_run\":65479,\"time_render\":65483,\"time_show\":65499.68,\"time_end\":68004,\"time_commit\":68019,\"timestamp\":\"2021-05-09T09:48:55.769Z\",\"time_switch\":68048.76},{\"sender\":\"example2\",\"sender_type\":\"canvas.Screen\",\"sender_id\":\"4\",\"response\":\"5\",\"response_action\":\"click(0) @5\",\"correctResponse\":\"4\",\"correct\":false,\"ended_on\":\"response\",\"duration\":8331.240000000005,\"time_run\":68020,\"time_render\":68020.48,\"time_show\":68048.76,\"time_end\":76380,\"time_commit\":76415,\"timestamp\":\"2021-05-09T09:49:04.164Z\",\"time_switch\":76445.9},{\"sender\":\"example2_feedback\",\"sender_type\":\"canvas.Screen\",\"sender_id\":\"5\",\"response\":\"space\",\"response_action\":\"keypress(Space)\",\"ended_on\":\"response\",\"duration\":15799.100000000006,\"time_run\":76427,\"time_render\":76429.22,\"time_show\":76445.9,\"time_end\":92245,\"time_commit\":92265,\"timestamp\":\"2021-05-09T09:49:20.014Z\",\"time_switch\":92290.04},{\"sender\":\"get ready\",\"sender_type\":\"canvas.Screen\",\"sender_id\":\"6\",\"response\":\"Space\",\"response_action\":\"keypress(Space)\",\"ended_on\":\"response\",\"duration\":8659.960000000006,\"time_run\":92266,\"time_render\":92273.38,\"time_show\":92290.04,\"time_end\":100950,\"time_commit\":100981,\"timestamp\":\"2021-05-09T09:49:28.730Z\",\"time_switch\":101003.98},{\"sender\":\"test01\",\"sender_type\":\"canvas.Screen\",\"sender_id\":\"7_0\",\"response\":\"7\",\"response_action\":\"click(0) @7\",\"correctResponse\":\"7\",\"correct\":true,\"ended_on\":\"response\",\"duration\":38601.020000000004,\"time_run\":100983,\"time_render\":100987.3,\"time_show\":101003.98,\"time_end\":139605,\"time_commit\":139633,\"timestamp\":\"2021-05-09T09:50:07.383Z\",\"time_switch\":139657.24},{\"sender\":\"test02\",\"sender_type\":\"canvas.Screen\",\"sender_id\":\"7_1\",\"response\":\"2\",\"response_action\":\"click(0) @2\",\"correctResponse\":\"4\",\"correct\":false,\"ended_on\":\"response\",\"duration\":63549.76000000001,\"time_run\":139634,\"time_render\":139640.56,\"time_show\":139657.24,\"time_end\":203207,\"time_commit\":203224,\"timestamp\":\"2021-05-09T09:51:10.973Z\",\"time_switch\":203251.6},{\"sender\":\"test03\",\"sender_type\":\"canvas.Screen\",\"sender_id\":\"7_2\",\"response\":\"6\",\"response_action\":\"click(0) @6\",\"correctResponse\":\"6\",\"correct\":true,\"ended_on\":\"response\",\"duration\":39423.399999999994,\"time_run\":203225,\"time_render\":203234.92,\"time_show\":203251.6,\"time_end\":242675,\"time_commit\":242687,\"timestamp\":\"2021-05-09T09:51:50.436Z\",\"time_switch\":242703.98},{\"sender\":\"test04\",\"sender_type\":\"canvas.Screen\",\"sender_id\":\"7_3\",\"response\":\"2\",\"response_action\":\"click(0) @2\",\"correctResponse\":\"2\",\"correct\":true,\"ended_on\":\"response\",\"duration\":24353.01999999999,\"time_run\":242688,\"time_render\":242687.32,\"time_show\":242703.98,\"time_end\":267057,\"time_commit\":267080,\"timestamp\":\"2021-05-09T09:52:14.830Z\",\"time_switch\":267096.26},{\"sender\":\"test05\",\"sender_type\":\"canvas.Screen\",\"sender_id\":\"7_4\",\"response\":\"5\",\"response_action\":\"click(0) @5\",\"correctResponse\":\"4\",\"correct\":false,\"ended_on\":\"response\",\"duration\":106005.73999999999,\"time_run\":267081,\"time_render\":267079.58,\"time_show\":267096.26,\"time_end\":373102,\"time_commit\":373134,\"timestamp\":\"2021-05-09T09:54:00.883Z\",\"time_switch\":373159.38},{\"sender\":\"test06\",\"sender_type\":\"canvas.Screen\",\"sender_id\":\"7_5\",\"response\":\"7\",\"response_action\":\"click(0) @7\",\"correctResponse\":\"7\",\"correct\":true,\"ended_on\":\"response\",\"duration\":36401.619999999995,\"time_run\":373134,\"time_render\":373142.72,\"time_show\":373159.38,\"time_end\":409561,\"time_commit\":409580,\"timestamp\":\"2021-05-09T09:54:37.330Z\",\"time_switch\":409596.06},{\"sender\":\"test07\",\"sender_type\":\"canvas.Screen\",\"sender_id\":\"7_6\",\"response\":\"4\",\"response_action\":\"click(0) @4\",\"correctResponse\":\"8\",\"correct\":false,\"ended_on\":\"response\",\"duration\":31973.940000000002,\"time_run\":409581,\"time_render\":409579.38,\"time_show\":409596.06,\"time_end\":441570,\"time_commit\":441602,\"timestamp\":\"2021-05-09T09:55:09.351Z\",\"time_switch\":441618.74},{\"sender\":\"test08\",\"sender_type\":\"canvas.Screen\",\"sender_id\":\"7_7\",\"response\":\"6\",\"response_action\":\"click(0) @6\",\"correctResponse\":\"7\",\"correct\":false,\"ended_on\":\"response\",\"duration\":59402.26000000001,\"time_run\":441603,\"time_render\":441602.06,\"time_show\":441618.74,\"time_end\":501021,\"time_commit\":501050,\"timestamp\":\"2021-05-09T09:56:08.800Z\",\"time_switch\":501064.74},{\"sender\":\"test09\",\"sender_type\":\"canvas.Screen\",\"sender_id\":\"7_8\",\"response\":\"5\",\"response_action\":\"click(0) @5\",\"correctResponse\":\"5\",\"correct\":true,\"ended_on\":\"response\",\"duration\":82153.26000000001,\"time_run\":501050,\"time_render\":501048.08,\"time_show\":501064.74,\"time_end\":583218,\"time_commit\":583240,\"timestamp\":\"2021-05-09T09:57:31.032Z\",\"time_switch\":583269.1},{\"sender\":\"test10\",\"sender_type\":\"canvas.Screen\",\"sender_id\":\"7_9\",\"response\":\"2\",\"response_action\":\"click(0) @2\",\"correctResponse\":\"5\",\"correct\":false,\"ended_on\":\"response\",\"duration\":42285.90000000002,\"time_run\":583251,\"time_render\":583252.44,\"time_show\":583269.1,\"time_end\":625555,\"time_commit\":625583,\"timestamp\":\"2021-05-09T09:58:13.365Z\",\"time_switch\":625604.68},{\"sender\":\"test11\",\"sender_type\":\"canvas.Screen\",\"sender_id\":\"7_10\",\"response\":\"6\",\"response_action\":\"click(0) @6\",\"correctResponse\":\"4\",\"correct\":false,\"ended_on\":\"response\",\"duration\":22258.31999999995,\"time_run\":625583,\"time_render\":625588.02,\"time_show\":625604.68,\"time_end\":647863,\"time_commit\":647886,\"timestamp\":\"2021-05-09T09:58:35.669Z\",\"time_switch\":647913.88},{\"sender\":\"test12\",\"sender_type\":\"canvas.Screen\",\"sender_id\":\"7_11\",\"response\":\"1\",\"response_action\":\"click(0) @1\",\"correctResponse\":\"1\",\"correct\":true,\"ended_on\":\"response\",\"duration\":38324.119999999995,\"time_run\":647887,\"time_render\":647880.54,\"time_show\":647913.88,\"time_end\":686238,\"time_commit\":686270,\"timestamp\":\"2021-05-09T09:59:14.052Z\",\"time_switch\":686300.22},{\"sender\":\"tests (15min)\",\"sender_type\":\"flow.Sequence\",\"sender_id\":\"7\",\"ended_on\":\"completion\",\"duration\":585234.02,\"time_run\":100982,\"time_render\":100987.3,\"time_show\":101003.98,\"time_end\":686238,\"time_commit\":686274,\"timestamp\":\"2021-05-09T09:59:14.056Z\",\"time_switch\":686300.22},{\"sender\":\"good bye\",\"sender_type\":\"canvas.Screen\",\"sender_id\":\"8\",\"ended_on\":\"timeout\",\"duration\":3998.960000000079,\"time_run\":686274,\"time_render\":686283.56,\"time_show\":686300.22,\"time_end\":690282.5,\"time_commit\":690290,\"timestamp\":\"2021-05-09T09:59:18.073Z\",\"time_switch\":690299.18},{\"sender\":\"root\",\"sender_type\":\"flow.Sequence\",\"sender_id\":null,\"ended_on\":\"completion\",\"duration\":687461.02,\"time_run\":2799,\"time_render\":2804.82,\"time_show\":2821.48,\"time_end\":690282.5,\"time_commit\":690292,\"timestamp\":\"2021-05-09T09:59:18.074Z\",\"time_switch\":690299.18}]",
    "metadata": "{\"slice\":0,\"id\":\"9ff6a620-4641-402f-bbe8-ced13d792d9e\",\"payload\":\"full\"}",
    "url": "https://exp01.zih.tu-dresden.de/experiments/raven_task/"
}