{
    "data": "[{\"url\":{},\"meta\":{\"labjs_version\":\"20.1.1\",\"labjs_build\":{\"flavor\":\"production\",\"commit\":\"cd5695f774968f50499757c1423bd95d033ea08e\"},\"location\":\"https://exp01.zih.tu-dresden.de/experiments/spot_a_word_task/\",\"userAgent\":\"Mozilla/5.0 (Windows NT 6.1; Win64; x64; rv:88.0) Gecko/20100101 Firefox/88.0\",\"platform\":\"Win32\",\"language\":\"de\",\"locale\":\"de-DE\",\"timeZone\":\"Europe/Berlin\",\"timezoneOffset\":-120,\"screen_width\":1280,\"screen_height\":1024,\"scroll_width\":1280,\"scroll_height\":834,\"window_innerWidth\":1280,\"window_innerHeight\":882,\"devicePixelRatio\":1},\"sender\":\"start_html\",\"sender_type\":\"html.Screen\",\"sender_id\":\"0\",\"ended_on\":\"timeout\",\"duration\":5997.74,\"time_run\":517,\"time_render\":534.22,\"time_show\":550.88,\"time_end\":6531.96,\"time_commit\":6536,\"timestamp\":\"2021-05-09T09:39:52.141Z\",\"time_switch\":6548.62},{\"sender\":\"manual_html\",\"sender_type\":\"html.Screen\",\"sender_id\":\"1\",\"response\":\"space\",\"response_action\":\"keypress(Space)\",\"ended_on\":\"response\",\"duration\":64108.38,\"time_run\":6537,\"time_render\":6531.96,\"time_show\":6548.62,\"time_end\":70657,\"time_commit\":70668,\"timestamp\":\"2021-05-09T09:40:56.273Z\",\"time_switch\":70708.72},{\"sender\":\"example1_screen\",\"sender_type\":\"canvas.Screen\",\"sender_id\":\"2\",\"response\":\"4\",\"response_action\":\"keypress(4)\",\"correctResponse\":\"4\",\"correct\":true,\"ended_on\":\"response\",\"duration\":3644.279999999999,\"time_run\":70698,\"time_render\":70698.54,\"time_show\":70708.72,\"time_end\":74353,\"time_commit\":74372,\"timestamp\":\"2021-05-09T09:40:59.978Z\",\"time_switch\":74408.38},{\"sender\":\"example1_feedback\",\"sender_type\":\"canvas.Screen\",\"sender_id\":\"3\",\"response\":\"Space\",\"response_action\":\"keypress(Space)\",\"ended_on\":\"response\",\"duration\":4188.619999999995,\"time_run\":74387,\"time_render\":74391.72,\"time_show\":74408.38,\"time_end\":78597,\"time_commit\":78618,\"timestamp\":\"2021-05-09T09:41:04.223Z\",\"time_switch\":78640.12},{\"sender\":\"example2_screen\",\"sender_type\":\"canvas.Screen\",\"sender_id\":\"4\",\"response\":\"5\",\"response_action\":\"keypress(5)\",\"correctResponse\":\"5\",\"correct\":true,\"ended_on\":\"response\",\"duration\":3154.8800000000047,\"time_run\":78632,\"time_render\":78632.4,\"time_show\":78640.12,\"time_end\":81795,\"time_commit\":81818,\"timestamp\":\"2021-05-09T09:41:07.424Z\",\"time_switch\":81855.86},{\"sender\":\"example2_feedback\",\"sender_type\":\"canvas.Screen\",\"sender_id\":\"5\",\"response\":\"Space\",\"response_action\":\"keypress(Space)\",\"ended_on\":\"response\",\"duration\":5102.139999999999,\"time_run\":81831,\"time_render\":81839.18,\"time_show\":81855.86,\"time_end\":86958,\"time_commit\":86976,\"timestamp\":\"2021-05-09T09:41:12.581Z\",\"time_switch\":87004.02},{\"sender\":\"example3_screen\",\"sender_type\":\"canvas.Screen\",\"sender_id\":\"6\",\"response\":\"1\",\"response_action\":\"keypress(1)\",\"correctResponse\":\"1\",\"correct\":true,\"ended_on\":\"response\",\"duration\":1873.979999999996,\"time_run\":86986,\"time_render\":86987.36,\"time_show\":87004.02,\"time_end\":88878,\"time_commit\":88919,\"timestamp\":\"2021-05-09T09:41:14.524Z\",\"time_switch\":88936.68},{\"sender\":\"example3_feedback\",\"sender_type\":\"canvas.Screen\",\"sender_id\":\"7\",\"response\":\"Space\",\"response_action\":\"keypress(Space)\",\"ended_on\":\"response\",\"duration\":2062.320000000007,\"time_run\":88928,\"time_render\":88928.78,\"time_show\":88936.68,\"time_end\":90999,\"time_commit\":91025,\"timestamp\":\"2021-05-09T09:41:16.631Z\",\"time_switch\":91035.94},{\"sender\":\"get_ready_html\",\"sender_type\":\"html.Screen\",\"sender_id\":\"8\",\"response\":\"space\",\"response_action\":\"keypress(Space)\",\"ended_on\":\"response\",\"duration\":6312.059999999998,\"time_run\":91027,\"time_render\":91027.04,\"time_show\":91035.94,\"time_end\":97348,\"time_commit\":97370,\"timestamp\":\"2021-05-09T09:41:22.976Z\",\"time_switch\":97483.46},{\"sender\":\"trial_screen\",\"sender_type\":\"canvas.Screen\",\"sender_id\":\"9_0\",\"correct\":true,\"trial_ID\":1,\"word1\":\"siziol\",\"word2\":\"salzahl\",\"word3\":\"sozihl\",\"word4\":\"sziam\",\"word5\":\"sozial\",\"response\":\"5\",\"response_action\":\"keypress(5)\",\"correctResponse\":\"5\",\"ended_on\":\"response\",\"duration\":2547.5399999999936,\"time_run\":97459,\"time_render\":97466.8,\"time_show\":97483.46,\"time_end\":100031,\"time_commit\":100051,\"timestamp\":\"2021-05-09T09:41:25.656Z\",\"time_switch\":100082.82},{\"sender\":\"trial_screen\",\"sender_type\":\"canvas.Screen\",\"sender_id\":\"9_1\",\"correct\":true,\"trial_ID\":2,\"word1\":\"Lamone\",\"word2\":\"Talane\",\"word3\":\"Matrone\",\"word4\":\"Tarone\",\"word5\":\"Malonte\",\"response\":\"3\",\"response_action\":\"keypress(3)\",\"correctResponse\":\"3\",\"ended_on\":\"response\",\"duration\":4551.179999999993,\"time_run\":100064,\"time_render\":100066.16,\"time_show\":100082.82,\"time_end\":104634,\"time_commit\":104658,\"timestamp\":\"2021-05-09T09:41:30.263Z\",\"time_switch\":104681.24},{\"sender\":\"trial_screen\",\"sender_type\":\"canvas.Screen\",\"sender_id\":\"9_2\",\"correct\":true,\"trial_ID\":3,\"word1\":\"kurinesisch\",\"word2\":\"kulinarisch\",\"word3\":\"kumenisch\",\"word4\":\"kulissarisch\",\"word5\":\"kannastrisch\",\"response\":\"2\",\"response_action\":\"keypress(2)\",\"correctResponse\":\"2\",\"ended_on\":\"response\",\"duration\":4617.759999999995,\"time_run\":104674,\"time_render\":104675.04,\"time_show\":104681.24,\"time_end\":109299,\"time_commit\":109329,\"timestamp\":\"2021-05-09T09:41:34.934Z\",\"time_switch\":109362.82},{\"sender\":\"trial_screen\",\"sender_type\":\"canvas.Screen\",\"sender_id\":\"9_3\",\"correct\":true,\"trial_ID\":4,\"word1\":\"Tinxur\",\"word2\":\"Kukutur\",\"word3\":\"Fraktan\",\"word4\":\"Tinktur\",\"word5\":\"Rimsuhr\",\"response\":\"4\",\"response_action\":\"keypress(4)\",\"correctResponse\":\"4\",\"ended_on\":\"response\",\"duration\":2900.179999999993,\"time_run\":109344,\"time_render\":109346.16,\"time_show\":109362.82,\"time_end\":112263,\"time_commit\":112281,\"timestamp\":\"2021-05-09T09:41:37.887Z\",\"time_switch\":112311.8},{\"sender\":\"trial_screen\",\"sender_type\":\"canvas.Screen\",\"sender_id\":\"9_4\",\"correct\":true,\"trial_ID\":5,\"word1\":\"beralen\",\"word2\":\"ger\u00e4ltet\",\"word3\":\"an\u00e4lteren\",\"word4\":\"unt\u00e4ren\",\"word5\":\"verbr\u00e4men\",\"response\":\"5\",\"response_action\":\"keypress(5)\",\"correctResponse\":\"5\",\"ended_on\":\"response\",\"duration\":3913.199999999997,\"time_run\":112295,\"time_render\":112295.54,\"time_show\":112311.8,\"time_end\":116225,\"time_commit\":116240,\"timestamp\":\"2021-05-09T09:41:41.845Z\",\"time_switch\":116277.24},{\"sender\":\"trial_screen\",\"sender_type\":\"canvas.Screen\",\"sender_id\":\"9_5\",\"correct\":true,\"trial_ID\":6,\"word1\":\"Rosto\",\"word2\":\"Torso\",\"word3\":\"Soro\",\"word4\":\"Torgos\",\"word5\":\"Tosor\",\"response\":\"2\",\"response_action\":\"keypress(2)\",\"correctResponse\":\"2\",\"ended_on\":\"response\",\"duration\":5734.759999999995,\"time_run\":116253,\"time_render\":116260.58,\"time_show\":116277.24,\"time_end\":122012,\"time_commit\":122041,\"timestamp\":\"2021-05-09T09:41:47.645Z\",\"time_switch\":122075.1},{\"sender\":\"trial_screen\",\"sender_type\":\"canvas.Screen\",\"sender_id\":\"9_6\",\"correct\":true,\"trial_ID\":7,\"word1\":\"Redor\",\"word2\":\"Radium\",\"word3\":\"Terion\",\"word4\":\"Dramin\",\"word5\":\"Orakium\",\"response\":\"2\",\"response_action\":\"keypress(2)\",\"correctResponse\":\"2\",\"ended_on\":\"response\",\"duration\":3695.899999999994,\"time_run\":122053,\"time_render\":122058.44,\"time_show\":122075.1,\"time_end\":125771,\"time_commit\":125792,\"timestamp\":\"2021-05-09T09:41:51.398Z\",\"time_switch\":125823.9},{\"sender\":\"trial_screen\",\"sender_type\":\"canvas.Screen\",\"sender_id\":\"9_7\",\"correct\":true,\"trial_ID\":8,\"word1\":\"Nale\",\"word2\":\"Sahe\",\"word3\":\"Nase\",\"word4\":\"Nesa\",\"word5\":\"Sehna\",\"response\":\"3\",\"response_action\":\"keypress(3)\",\"correctResponse\":\"3\",\"ended_on\":\"response\",\"duration\":2709.100000000006,\"time_run\":125803,\"time_render\":125807.24,\"time_show\":125823.9,\"time_end\":128533,\"time_commit\":128561,\"timestamp\":\"2021-05-09T09:41:54.167Z\",\"time_switch\":128589.5},{\"sender\":\"trial_screen\",\"sender_type\":\"canvas.Screen\",\"sender_id\":\"9_8\",\"correct\":true,\"trial_ID\":9,\"word1\":\"Rilkiase\",\"word2\":\"Kilister\",\"word3\":\"Riliker\",\"word4\":\"Klistier\",\"word5\":\"Linkure\",\"response\":\"4\",\"response_action\":\"keypress(4)\",\"correctResponse\":\"4\",\"ended_on\":\"response\",\"duration\":3141.5,\"time_run\":128573,\"time_render\":128574.04,\"time_show\":128589.5,\"time_end\":131731,\"time_commit\":131754,\"timestamp\":\"2021-05-09T09:41:57.359Z\",\"time_switch\":131788.38},{\"sender\":\"trial_screen\",\"sender_type\":\"canvas.Screen\",\"sender_id\":\"9_9\",\"correct\":true,\"trial_ID\":10,\"word1\":\"kentern\",\"word2\":\"knerte\",\"word3\":\"kanzen\",\"word4\":\"kretern\",\"word5\":\"trekern\",\"response\":\"1\",\"response_action\":\"keypress(1)\",\"correctResponse\":\"1\",\"ended_on\":\"response\",\"duration\":2219.6199999999953,\"time_run\":131768,\"time_render\":131771.72,\"time_show\":131788.38,\"time_end\":134008,\"time_commit\":134027,\"timestamp\":\"2021-05-09T09:41:59.631Z\",\"time_switch\":134054.34},{\"sender\":\"trial_screen\",\"sender_type\":\"canvas.Screen\",\"sender_id\":\"9_10\",\"correct\":true,\"trial_ID\":11,\"word1\":\"Sorekin\",\"word2\":\"Sarowin\",\"word3\":\"Rosakin\",\"word4\":\"Narosin\",\"word5\":\"Kerosin\",\"response\":\"5\",\"response_action\":\"keypress(5)\",\"correctResponse\":\"5\",\"ended_on\":\"response\",\"duration\":2714.6600000000035,\"time_run\":134038,\"time_render\":134038.7,\"time_show\":134054.34,\"time_end\":136769,\"time_commit\":136784,\"timestamp\":\"2021-05-09T09:42:02.389Z\",\"time_switch\":136820.1},{\"sender\":\"trial_screen\",\"sender_type\":\"canvas.Screen\",\"sender_id\":\"9_11\",\"correct\":true,\"trial_ID\":12,\"word1\":\"Ralke\",\"word2\":\"Korre\",\"word3\":\"Ruckse\",\"word4\":\"Recke\",\"word5\":\"Ulte\",\"response\":\"4\",\"response_action\":\"keypress(4)\",\"correctResponse\":\"4\",\"ended_on\":\"response\",\"duration\":6470.899999999994,\"time_run\":136796,\"time_render\":136803.42,\"time_show\":136820.1,\"time_end\":143291,\"time_commit\":143321,\"timestamp\":\"2021-05-09T09:42:08.926Z\",\"time_switch\":143351},{\"sender\":\"trial_screen\",\"sender_type\":\"canvas.Screen\",\"sender_id\":\"9_12\",\"correct\":true,\"trial_ID\":13,\"word1\":\"Kapaun\",\"word2\":\"Paukan\",\"word3\":\"Naupack\",\"word4\":\"Aupeck\",\"word5\":\"Ankepran\",\"response\":\"1\",\"response_action\":\"keypress(1)\",\"correctResponse\":\"1\",\"ended_on\":\"response\",\"duration\":2701,\"time_run\":143333,\"time_render\":143334.32,\"time_show\":143351,\"time_end\":146052,\"time_commit\":146081,\"timestamp\":\"2021-05-09T09:42:11.686Z\",\"time_switch\":146100.14},{\"sender\":\"trial_screen\",\"sender_type\":\"canvas.Screen\",\"sender_id\":\"9_13\",\"correct\":true,\"trial_ID\":14,\"word1\":\"Dissonanz\",\"word2\":\"Diskrisanz\",\"word3\":\"Distranz\",\"word4\":\"Dinotanz\",\"word5\":\"Sidonenz\",\"response\":\"1\",\"response_action\":\"keypress(1)\",\"correctResponse\":\"1\",\"ended_on\":\"response\",\"duration\":1823.859999999986,\"time_run\":146091,\"time_render\":146092.06,\"time_show\":146100.14,\"time_end\":147924,\"time_commit\":147944,\"timestamp\":\"2021-05-09T09:42:13.549Z\",\"time_switch\":147966.14},{\"sender\":\"trial_screen\",\"sender_type\":\"canvas.Screen\",\"sender_id\":\"9_14\",\"correct\":true,\"trial_ID\":15,\"word1\":\"Kirse\",\"word2\":\"Sirke\",\"word3\":\"Krise\",\"word4\":\"Krospe\",\"word5\":\"Seris\",\"response\":\"3\",\"response_action\":\"keypress(3)\",\"correctResponse\":\"3\",\"ended_on\":\"response\",\"duration\":2921.859999999986,\"time_run\":147954,\"time_render\":147954.54,\"time_show\":147966.14,\"time_end\":150888,\"time_commit\":150904,\"timestamp\":\"2021-05-09T09:42:16.509Z\",\"time_switch\":150931.8},{\"sender\":\"trial_screen\",\"sender_type\":\"canvas.Screen\",\"sender_id\":\"9_15\",\"correct\":true,\"trial_ID\":16,\"word1\":\"Tume\",\"word2\":\"Umat\",\"word3\":\"Maut\",\"word4\":\"Taum\",\"word5\":\"Muta\",\"response\":\"3\",\"response_action\":\"keypress(3)\",\"correctResponse\":\"3\",\"ended_on\":\"response\",\"duration\":1859.2000000000116,\"time_run\":150917,\"time_render\":150917.02,\"time_show\":150931.8,\"time_end\":152791,\"time_commit\":152809,\"timestamp\":\"2021-05-09T09:42:18.414Z\",\"time_switch\":152831.02},{\"sender\":\"trial_screen\",\"sender_type\":\"canvas.Screen\",\"sender_id\":\"9_16\",\"correct\":true,\"trial_ID\":17,\"word1\":\"Tuhl\",\"word2\":\"Lar\",\"word3\":\"Lest\",\"word4\":\"Dall\",\"word5\":\"Lid\",\"response\":\"5\",\"response_action\":\"keypress(5)\",\"correctResponse\":\"5\",\"ended_on\":\"response\",\"duration\":3687.9800000000105,\"time_run\":152820,\"time_render\":152820.02,\"time_show\":152831.02,\"time_end\":156519,\"time_commit\":156536,\"timestamp\":\"2021-05-09T09:42:22.140Z\",\"time_switch\":156563.2},{\"sender\":\"trial_screen\",\"sender_type\":\"canvas.Screen\",\"sender_id\":\"9_17\",\"correct\":false,\"trial_ID\":18,\"word1\":\"Adept\",\"word2\":\"Padet\",\"word3\":\"Edapt\",\"word4\":\"Epatt\",\"word5\":\"Taped\",\"response\":\"5\",\"response_action\":\"keypress(5)\",\"correctResponse\":\"1\",\"ended_on\":\"response\",\"duration\":4385.799999999988,\"time_run\":156548,\"time_render\":156548.7,\"time_show\":156563.2,\"time_end\":160949,\"time_commit\":160967,\"timestamp\":\"2021-05-09T09:42:26.573Z\",\"time_switch\":160994.9},{\"sender\":\"trial_screen\",\"sender_type\":\"canvas.Screen\",\"sender_id\":\"9_18\",\"correct\":true,\"trial_ID\":19,\"word1\":\"Spirine\",\"word2\":\"Saprin\",\"word3\":\"Parsin\",\"word4\":\"Purin\",\"word5\":\"Asprint\",\"response\":\"4\",\"response_action\":\"keypress(4)\",\"correctResponse\":\"4\",\"ended_on\":\"response\",\"duration\":5663.100000000006,\"time_run\":160977,\"time_render\":160978.22,\"time_show\":160994.9,\"time_end\":166658,\"time_commit\":166680,\"timestamp\":\"2021-05-09T09:42:32.286Z\",\"time_switch\":166709.68},{\"sender\":\"trial_screen\",\"sender_type\":\"canvas.Screen\",\"sender_id\":\"9_19\",\"correct\":true,\"trial_ID\":20,\"word1\":\"Kulon\",\"word2\":\"Solgun\",\"word3\":\"Koskan\",\"word4\":\"Soran\",\"word5\":\"Klonus\",\"response\":\"5\",\"response_action\":\"keypress(5)\",\"correctResponse\":\"5\",\"ended_on\":\"response\",\"duration\":4988.320000000007,\"time_run\":166692,\"time_render\":166692.82,\"time_show\":166709.68,\"time_end\":171698,\"time_commit\":171720,\"timestamp\":\"2021-05-09T09:42:37.325Z\",\"time_switch\":171741.16},{\"sender\":\"trial_screen\",\"sender_type\":\"canvas.Screen\",\"sender_id\":\"9_20\",\"correct\":false,\"trial_ID\":21,\"word1\":\"Tronke\",\"word2\":\"Nocktherm\",\"word3\":\"Teronk\",\"word4\":\"Komtur\",\"word5\":\"Rocktur\",\"response\":\"5\",\"response_action\":\"keypress(5)\",\"correctResponse\":\"4\",\"ended_on\":\"response\",\"duration\":7209.8399999999965,\"time_run\":171732,\"time_render\":171731.86,\"time_show\":171741.16,\"time_end\":178951,\"time_commit\":178977,\"timestamp\":\"2021-05-09T09:42:44.582Z\",\"time_switch\":179005.22},{\"sender\":\"trial_screen\",\"sender_type\":\"canvas.Screen\",\"sender_id\":\"9_21\",\"correct\":true,\"trial_ID\":22,\"word1\":\"Ripat\",\"word2\":\"Patinatte\",\"word3\":\"Tapir\",\"word4\":\"Apitt\",\"word5\":\"Padir\",\"response\":\"3\",\"response_action\":\"keypress(3)\",\"correctResponse\":\"3\",\"ended_on\":\"response\",\"duration\":4377.779999999999,\"time_run\":178989,\"time_render\":178989.46,\"time_show\":179005.22,\"time_end\":183383,\"time_commit\":183399,\"timestamp\":\"2021-05-09T09:42:49.004Z\",\"time_switch\":183420.5},{\"sender\":\"trial_screen\",\"sender_type\":\"canvas.Screen\",\"sender_id\":\"9_22\",\"correct\":true,\"trial_ID\":23,\"word1\":\"Akifer\",\"word2\":\"Fiaker\",\"word3\":\"Kiaffa\",\"word4\":\"Sariffer\",\"word5\":\"Refisker\",\"response\":\"2\",\"response_action\":\"keypress(2)\",\"correctResponse\":\"2\",\"ended_on\":\"response\",\"duration\":5250.5,\"time_run\":183409,\"time_render\":183408.82,\"time_show\":183420.5,\"time_end\":188671,\"time_commit\":188694,\"timestamp\":\"2021-05-09T09:42:54.300Z\",\"time_switch\":188735.36},{\"sender\":\"trial_screen\",\"sender_type\":\"canvas.Screen\",\"sender_id\":\"9_23\",\"correct\":true,\"trial_ID\":24,\"word1\":\"Kleiber\",\"word2\":\"Beikel\",\"word3\":\"Keibel\",\"word4\":\"Reikler\",\"word5\":\"Biekerl\",\"response\":\"1\",\"response_action\":\"keypress(1)\",\"correctResponse\":\"1\",\"ended_on\":\"response\",\"duration\":6003.640000000014,\"time_run\":188718,\"time_render\":188718.62,\"time_show\":188735.36,\"time_end\":194739,\"time_commit\":194761,\"timestamp\":\"2021-05-09T09:43:00.366Z\",\"time_switch\":194799.92},{\"sender\":\"trial_screen\",\"sender_type\":\"canvas.Screen\",\"sender_id\":\"9_24\",\"correct\":true,\"trial_ID\":25,\"word1\":\"Ig\u00e4de\",\"word2\":\"D\u00e4gie\",\"word3\":\"\u00c4gide\",\"word4\":\"Dig\u00e4de\",\"word5\":\"Giad\",\"response\":\"3\",\"response_action\":\"keypress(3)\",\"correctResponse\":\"3\",\"ended_on\":\"response\",\"duration\":2217.079999999987,\"time_run\":194780,\"time_render\":194783.24,\"time_show\":194799.92,\"time_end\":197017,\"time_commit\":197033,\"timestamp\":\"2021-05-09T09:43:02.638Z\",\"time_switch\":197065.72},{\"sender\":\"trial_screen\",\"sender_type\":\"canvas.Screen\",\"sender_id\":\"9_25\",\"correct\":true,\"trial_ID\":26,\"word1\":\"Rixal\",\"word2\":\"Irtax\",\"word3\":\"Rackizie\",\"word4\":\"Matrix\",\"word5\":\"Atrige\",\"response\":\"4\",\"response_action\":\"keypress(4)\",\"correctResponse\":\"4\",\"ended_on\":\"response\",\"duration\":3087.279999999999,\"time_run\":197052,\"time_render\":197052.4,\"time_show\":197065.72,\"time_end\":200153,\"time_commit\":200168,\"timestamp\":\"2021-05-09T09:43:05.773Z\",\"time_switch\":200198.02},{\"sender\":\"trial_screen\",\"sender_type\":\"canvas.Screen\",\"sender_id\":\"9_26\",\"correct\":true,\"trial_ID\":27,\"word1\":\"Haskisch\",\"word2\":\"Asmisch\",\"word3\":\"Schisma\",\"word4\":\"Rasthmie\",\"word5\":\"Ilschah\",\"response\":\"3\",\"response_action\":\"keypress(3)\",\"correctResponse\":\"3\",\"ended_on\":\"response\",\"duration\":7676.9800000000105,\"time_run\":200184,\"time_render\":200185.3,\"time_show\":200198.02,\"time_end\":207875,\"time_commit\":207896,\"timestamp\":\"2021-05-09T09:43:13.501Z\",\"time_switch\":207928.3},{\"sender\":\"trial_screen\",\"sender_type\":\"canvas.Screen\",\"sender_id\":\"9_27\",\"correct\":true,\"trial_ID\":28,\"word1\":\"Sallose\",\"word2\":\"Lordose\",\"word3\":\"Dormase\",\"word4\":\"Rollase\",\"word5\":\"Ardierole\",\"response\":\"2\",\"response_action\":\"keypress(2)\",\"correctResponse\":\"2\",\"ended_on\":\"response\",\"duration\":6217.700000000012,\"time_run\":207912,\"time_render\":207912.74,\"time_show\":207928.3,\"time_end\":214146,\"time_commit\":214168,\"timestamp\":\"2021-05-09T09:43:19.773Z\",\"time_switch\":214193.18},{\"sender\":\"trial_screen\",\"sender_type\":\"canvas.Screen\",\"sender_id\":\"9_28\",\"correct\":true,\"trial_ID\":29,\"word1\":\"Intranotion\",\"word2\":\"Infranatura\",\"word3\":\"Internodium\",\"word4\":\"Indotalie\",\"word5\":\"Indosta\",\"response\":\"3\",\"response_action\":\"keypress(3)\",\"correctResponse\":\"3\",\"ended_on\":\"response\",\"duration\":10373.820000000007,\"time_run\":214182,\"time_render\":214182.6,\"time_show\":214193.18,\"time_end\":224567,\"time_commit\":224591,\"timestamp\":\"2021-05-09T09:43:30.197Z\",\"time_switch\":224622.72},{\"sender\":\"trial_screen\",\"sender_type\":\"canvas.Screen\",\"sender_id\":\"9_29\",\"correct\":true,\"trial_ID\":30,\"word1\":\"Idaste\",\"word2\":\"Dastrix\",\"word3\":\"Astike\",\"word4\":\"Sadile\",\"word5\":\"Kasside\",\"response\":\"5\",\"response_action\":\"keypress(5)\",\"correctResponse\":\"5\",\"ended_on\":\"response\",\"duration\":4171.279999999999,\"time_run\":224607,\"time_render\":224608.18,\"time_show\":224622.72,\"time_end\":228794,\"time_commit\":228815,\"timestamp\":\"2021-05-09T09:43:34.420Z\",\"time_switch\":228854.68},{\"sender\":\"trial_screen\",\"sender_type\":\"canvas.Screen\",\"sender_id\":\"9_30\",\"correct\":true,\"trial_ID\":31,\"word1\":\"Libration\",\"word2\":\"Bilation\",\"word3\":\"Arlation\",\"word4\":\"Iberation\",\"word5\":\"Tiradon\",\"response\":\"1\",\"response_action\":\"keypress(1)\",\"correctResponse\":\"1\",\"ended_on\":\"response\",\"duration\":5275.320000000007,\"time_run\":228829,\"time_render\":228838,\"time_show\":228854.68,\"time_end\":234130,\"time_commit\":234151,\"timestamp\":\"2021-05-09T09:43:39.756Z\",\"time_switch\":234186.24},{\"sender\":\"trial_screen\",\"sender_type\":\"canvas.Screen\",\"sender_id\":\"9_31\",\"correct\":true,\"trial_ID\":32,\"word1\":\"Pucker\",\"word2\":\"Keuper\",\"word3\":\"Eucker\",\"word4\":\"Reuspeck\",\"word5\":\"Urkane\",\"response\":\"2\",\"response_action\":\"keypress(2)\",\"correctResponse\":\"2\",\"ended_on\":\"response\",\"duration\":2407.7600000000093,\"time_run\":234165,\"time_render\":234169.58,\"time_show\":234186.24,\"time_end\":236594,\"time_commit\":236611,\"timestamp\":\"2021-05-09T09:43:42.215Z\",\"time_switch\":236635.28},{\"sender\":\"trial_screen\",\"sender_type\":\"canvas.Screen\",\"sender_id\":\"9_32\",\"correct\":false,\"trial_ID\":33,\"word1\":\"Sickaber\",\"word2\":\"Bassiker\",\"word3\":\"Kassiber\",\"word4\":\"Sassiker\",\"word5\":\"Askiber\",\"response\":\"2\",\"response_action\":\"keypress(2)\",\"correctResponse\":\"3\",\"ended_on\":\"response\",\"duration\":10535.720000000001,\"time_run\":236626,\"time_render\":236626.58,\"time_show\":236635.28,\"time_end\":247171,\"time_commit\":247192,\"timestamp\":\"2021-05-09T09:43:52.798Z\",\"time_switch\":247231.68},{\"sender\":\"trial_screen\",\"sender_type\":\"canvas.Screen\",\"sender_id\":\"9_33\",\"correct\":false,\"trial_ID\":34,\"word1\":\"Alquallon\",\"word2\":\"Lisqualien\",\"word3\":\"Talquallen\",\"word4\":\"Quisquilien\",\"word5\":\"Rielquellen\",\"response\":\"3\",\"response_action\":\"keypress(3)\",\"correctResponse\":\"4\",\"ended_on\":\"response\",\"duration\":4978.320000000007,\"time_run\":247207,\"time_render\":247215.02,\"time_show\":247231.68,\"time_end\":252210,\"time_commit\":252229,\"timestamp\":\"2021-05-09T09:43:57.834Z\",\"time_switch\":252246.52},{\"sender\":\"trial_screen\",\"sender_type\":\"canvas.Screen\",\"sender_id\":\"9_34\",\"correct\":true,\"trial_ID\":35,\"word1\":\"Berkiza\",\"word2\":\"Brekzie\",\"word3\":\"Birakzie\",\"word4\":\"Brikazie\",\"word5\":\"Bakiria\",\"response\":\"2\",\"response_action\":\"keypress(2)\",\"correctResponse\":\"2\",\"ended_on\":\"response\",\"duration\":3020.4800000000105,\"time_run\":252240,\"time_render\":252240.42,\"time_show\":252246.52,\"time_end\":255267,\"time_commit\":255286,\"timestamp\":\"2021-05-09T09:44:00.892Z\",\"time_switch\":255295.52},{\"sender\":\"loop_trial\",\"sender_type\":\"flow.Loop\",\"sender_id\":\"9\",\"ended_on\":\"completion\",\"duration\":157783.53999999998,\"time_run\":97450,\"time_render\":97466.8,\"time_show\":97483.46,\"time_end\":255267,\"time_commit\":255288,\"timestamp\":\"2021-05-09T09:44:00.894Z\",\"time_switch\":255295.52},{\"sender\":\"end_html\",\"sender_type\":\"html.Screen\",\"sender_id\":\"10\",\"ended_on\":\"timeout\",\"duration\":5997.220000000001,\"time_run\":255289,\"time_render\":255289.6,\"time_show\":255295.52,\"time_end\":261276.08,\"time_commit\":261278,\"timestamp\":\"2021-05-09T09:44:06.884Z\",\"time_switch\":261292.74},{\"sender\":\"root\",\"sender_type\":\"flow.Sequence\",\"sender_id\":null,\"ended_on\":\"completion\",\"duration\":260725.19999999998,\"time_run\":517,\"time_render\":534.22,\"time_show\":550.88,\"time_end\":261276.08,\"time_commit\":261279,\"timestamp\":\"2021-05-09T09:44:06.885Z\",\"time_switch\":261292.74}]",
    "metadata": "{\"slice\":0,\"id\":\"a60155c1-19e7-46fe-a252-72ee957147d5\",\"payload\":\"full\"}",
    "url": "https://exp01.zih.tu-dresden.de/experiments/spot_a_word_task/"
}