{
    "data": "[{\"url\":{},\"meta\":{\"labjs_version\":\"20.1.1\",\"labjs_build\":{\"flavor\":\"production\",\"commit\":\"cd5695f774968f50499757c1423bd95d033ea08e\"},\"location\":\"https://exp04.zih.tu-dresden.de/experiments/raven_task/\",\"userAgent\":\"Mozilla/5.0 (Windows NT 6.1; Win64; x64) AppleWebKit/537.36 (KHTML, like Gecko) Chrome/91.0.4472.77 Safari/537.36\",\"platform\":\"Win32\",\"language\":\"de-DE\",\"locale\":\"de\",\"timeZone\":\"Europe/Berlin\",\"timezoneOffset\":-120,\"screen_width\":1366,\"screen_height\":768,\"scroll_width\":1366,\"scroll_height\":609,\"window_innerWidth\":1366,\"window_innerHeight\":657,\"devicePixelRatio\":1},\"sender\":\"welcome\",\"sender_type\":\"canvas.Screen\",\"sender_id\":\"0\",\"response\":\"any\",\"response_action\":\"keypress\",\"ended_on\":\"response\",\"duration\":2851.5549999998602,\"time_run\":2887.5999999998603,\"time_render\":2689.045,\"time_show\":2888.545,\"time_end\":5740.09999999986,\"time_commit\":5743.699999999953,\"timestamp\":\"2021-06-13T16:55:20.287Z\",\"time_switch\":5757.544},{\"sender\":\"instructions\",\"sender_type\":\"html.Page\",\"sender_id\":\"1\",\"response\":\"Space\",\"response_action\":\"keypress(Space)\",\"ended_on\":\"response\",\"duration\":22659.355999999905,\"time_run\":5744.399999999907,\"time_render\":5737.617,\"time_show\":5757.544,\"time_end\":28416.899999999907,\"time_commit\":28421.399999999907,\"timestamp\":\"2021-06-13T16:55:42.966Z\",\"time_switch\":28477.314},{\"sender\":\"example1\",\"sender_type\":\"canvas.Screen\",\"sender_id\":\"2\",\"response\":\"8\",\"response_action\":\"click(0) @8\",\"correctResponse\":\"8\",\"correct\":true,\"ended_on\":\"response\",\"duration\":10319.285999999862,\"time_run\":28421.899999999907,\"time_render\":28417.539,\"time_show\":28477.314,\"time_end\":38796.59999999986,\"time_commit\":38798.19999999995,\"timestamp\":\"2021-06-13T16:55:53.343Z\",\"time_switch\":38999},{\"sender\":\"example1_feedback\",\"sender_type\":\"canvas.Screen\",\"sender_id\":\"3\",\"response\":\"space\",\"response_action\":\"keypress(Space)\",\"ended_on\":\"response\",\"duration\":1897.1999999999534,\"time_run\":38988,\"time_render\":38979.073,\"time_show\":38999,\"time_end\":40896.19999999995,\"time_commit\":40897.39999999991,\"timestamp\":\"2021-06-13T16:55:55.442Z\",\"time_switch\":40913.746},{\"sender\":\"example2\",\"sender_type\":\"canvas.Screen\",\"sender_id\":\"4\",\"response\":\"4\",\"response_action\":\"click(0) @4\",\"correctResponse\":\"4\",\"correct\":true,\"ended_on\":\"response\",\"duration\":9910.554000000047,\"time_run\":40897.80000000005,\"time_render\":40893.817,\"time_show\":40913.746,\"time_end\":50824.30000000005,\"time_commit\":50825.69999999995,\"timestamp\":\"2021-06-13T16:56:05.370Z\",\"time_switch\":51017.843},{\"sender\":\"example2_feedback\",\"sender_type\":\"canvas.Screen\",\"sender_id\":\"5\",\"response\":\"space\",\"response_action\":\"keypress(Space)\",\"ended_on\":\"response\",\"duration\":1303.1569999999992,\"time_run\":50981,\"time_render\":50977.985,\"time_show\":51017.843,\"time_end\":52321,\"time_commit\":52322.19999999995,\"timestamp\":\"2021-06-13T16:56:06.867Z\",\"time_switch\":52373.396},{\"sender\":\"get ready\",\"sender_type\":\"canvas.Screen\",\"sender_id\":\"6\",\"response\":\"Space\",\"response_action\":\"keypress(Space)\",\"ended_on\":\"response\",\"duration\":1426.1039999999994,\"time_run\":52322.5,\"time_render\":52313.609,\"time_show\":52373.396,\"time_end\":53799.5,\"time_commit\":53800.5,\"timestamp\":\"2021-06-13T16:56:08.345Z\",\"time_switch\":53828.281},{\"sender\":\"test01\",\"sender_type\":\"canvas.Screen\",\"sender_id\":\"7_0\",\"response\":\"7\",\"response_action\":\"click(0) @7\",\"correctResponse\":\"7\",\"correct\":true,\"ended_on\":\"response\",\"duration\":16509.118999999904,\"time_run\":53800.89999999991,\"time_render\":53788.423,\"time_show\":53828.281,\"time_end\":70337.3999999999,\"time_commit\":70338.8999999999,\"timestamp\":\"2021-06-13T16:56:24.885Z\",\"time_switch\":70369.374},{\"sender\":\"test02\",\"sender_type\":\"canvas.Screen\",\"sender_id\":\"7_1\",\"response\":\"4\",\"response_action\":\"click(0) @4\",\"correctResponse\":\"4\",\"correct\":true,\"ended_on\":\"response\",\"duration\":19867.325999999957,\"time_run\":70339.30000000005,\"time_render\":70329.516,\"time_show\":70369.374,\"time_end\":90236.69999999995,\"time_commit\":90238.09999999986,\"timestamp\":\"2021-06-13T16:56:44.784Z\",\"time_switch\":90256.661},{\"sender\":\"test03\",\"sender_type\":\"canvas.Screen\",\"sender_id\":\"7_2\",\"response\":\"3\",\"response_action\":\"click(0) @3\",\"correctResponse\":\"6\",\"correct\":false,\"ended_on\":\"response\",\"duration\":12134.639000000054,\"time_run\":90238.3999999999,\"time_render\":90236.733,\"time_show\":90256.661,\"time_end\":102391.30000000005,\"time_commit\":102392.69999999995,\"timestamp\":\"2021-06-13T16:56:56.939Z\",\"time_switch\":102416.323},{\"sender\":\"test04\",\"sender_type\":\"canvas.Screen\",\"sender_id\":\"7_3\",\"response\":\"6\",\"response_action\":\"click(0) @6\",\"correctResponse\":\"2\",\"correct\":false,\"ended_on\":\"response\",\"duration\":12496.576999999903,\"time_run\":102392.8999999999,\"time_render\":102376.465,\"time_show\":102416.323,\"time_end\":114912.8999999999,\"time_commit\":114914.69999999995,\"timestamp\":\"2021-06-13T16:57:09.461Z\",\"time_switch\":114952.179},{\"sender\":\"test05\",\"sender_type\":\"canvas.Screen\",\"sender_id\":\"7_4\",\"response\":\"1\",\"response_action\":\"click(0) @1\",\"correctResponse\":\"4\",\"correct\":false,\"ended_on\":\"response\",\"duration\":28111.52099999995,\"time_run\":114915.09999999986,\"time_render\":114912.321,\"time_show\":114952.179,\"time_end\":143063.69999999995,\"time_commit\":143065.09999999986,\"timestamp\":\"2021-06-13T16:57:37.612Z\",\"time_switch\":143092.11},{\"sender\":\"test06\",\"sender_type\":\"canvas.Screen\",\"sender_id\":\"7_5\",\"response\":\"7\",\"response_action\":\"click(0) @7\",\"correctResponse\":\"7\",\"correct\":true,\"ended_on\":\"response\",\"duration\":15405.69000000006,\"time_run\":143065.30000000005,\"time_render\":143052.252,\"time_show\":143092.11,\"time_end\":158497.80000000005,\"time_commit\":158499.30000000005,\"timestamp\":\"2021-06-13T16:57:53.047Z\",\"time_switch\":158537.391},{\"sender\":\"test07\",\"sender_type\":\"canvas.Screen\",\"sender_id\":\"7_6\",\"response\":\"4\",\"response_action\":\"click(0) @4\",\"correctResponse\":\"8\",\"correct\":false,\"ended_on\":\"response\",\"duration\":24989.80899999995,\"time_run\":158499.59999999986,\"time_render\":158497.533,\"time_show\":158537.391,\"time_end\":183527.19999999995,\"time_commit\":183528.5,\"timestamp\":\"2021-06-13T16:58:18.076Z\",\"time_switch\":183629.606},{\"sender\":\"test08\",\"sender_type\":\"canvas.Screen\",\"sender_id\":\"7_7\",\"response\":\"6\",\"response_action\":\"click(0) @6\",\"correctResponse\":\"7\",\"correct\":false,\"ended_on\":\"response\",\"duration\":15517.99399999986,\"time_run\":183528.80000000005,\"time_render\":183510.044,\"time_show\":183629.606,\"time_end\":199147.59999999986,\"time_commit\":199149.09999999986,\"timestamp\":\"2021-06-13T16:58:33.696Z\",\"time_switch\":199194.834},{\"sender\":\"test09\",\"sender_type\":\"canvas.Screen\",\"sender_id\":\"7_8\",\"response\":\"5\",\"response_action\":\"click(0) @5\",\"correctResponse\":\"5\",\"correct\":true,\"ended_on\":\"response\",\"duration\":36648.56600000014,\"time_run\":199149.49999999977,\"time_render\":199135.047,\"time_show\":199194.834,\"time_end\":235843.40000000014,\"time_commit\":235844.69999999995,\"timestamp\":\"2021-06-13T16:59:10.394Z\",\"time_switch\":235878.882},{\"sender\":\"test10\",\"sender_type\":\"canvas.Screen\",\"sender_id\":\"7_9\",\"response\":\"8\",\"response_action\":\"click(0) @8\",\"correctResponse\":\"5\",\"correct\":false,\"ended_on\":\"response\",\"duration\":20619.717999999848,\"time_run\":235845.09999999986,\"time_render\":235839.028,\"time_show\":235878.882,\"time_end\":256498.59999999986,\"time_commit\":256499.99999999977,\"timestamp\":\"2021-06-13T16:59:31.049Z\",\"time_switch\":256532.345},{\"sender\":\"test11\",\"sender_type\":\"canvas.Screen\",\"sender_id\":\"7_10\",\"response\":\"8\",\"response_action\":\"click(0) @8\",\"correctResponse\":\"4\",\"correct\":false,\"ended_on\":\"response\",\"duration\":39457.75499999986,\"time_run\":256500.30000000005,\"time_render\":256492.487,\"time_show\":256532.345,\"time_end\":295990.09999999986,\"time_commit\":295991.40000000014,\"timestamp\":\"2021-06-13T17:00:10.542Z\",\"time_switch\":296048.291},{\"sender\":\"test12\",\"sender_type\":\"canvas.Screen\",\"sender_id\":\"7_11\",\"response\":\"4\",\"response_action\":\"click(0) @4\",\"correctResponse\":\"1\",\"correct\":false,\"ended_on\":\"response\",\"duration\":53902.70899999974,\"time_run\":295991.69999999995,\"time_render\":295988.51,\"time_show\":296048.291,\"time_end\":349950.99999999977,\"time_commit\":349952.40000000014,\"timestamp\":\"2021-06-13T17:01:04.503Z\",\"time_switch\":349961.562},{\"sender\":\"tests (15min)\",\"sender_type\":\"flow.Sequence\",\"sender_id\":\"7\",\"ended_on\":\"completion\",\"duration\":296122.71899999975,\"time_run\":53800.80000000005,\"time_render\":53788.423,\"time_show\":53828.281,\"time_end\":349950.99999999977,\"time_commit\":349956.80000000005,\"timestamp\":\"2021-06-13T17:01:04.507Z\",\"time_switch\":349961.562},{\"sender\":\"good bye\",\"sender_type\":\"canvas.Screen\",\"sender_id\":\"8\",\"ended_on\":\"timeout\",\"duration\":4007.530000000028,\"time_run\":349957.19999999995,\"time_render\":349941.633,\"time_show\":349961.562,\"time_end\":353949.163,\"time_commit\":353950.90000000014,\"timestamp\":\"2021-06-13T17:01:08.503Z\",\"time_switch\":353969.092},{\"sender\":\"root\",\"sender_type\":\"flow.Sequence\",\"sender_id\":null,\"ended_on\":\"completion\",\"duration\":351060.618,\"time_run\":2887.1999999999534,\"time_render\":2689.045,\"time_show\":2888.545,\"time_end\":353949.163,\"time_commit\":353951.69999999995,\"timestamp\":\"2021-06-13T17:01:08.503Z\",\"time_switch\":353969.092}]",
    "metadata": "{\"slice\":0,\"id\":\"5b63ec05-e754-4969-9af0-e1e5e807f8df\",\"payload\":\"full\"}",
    "url": "https://exp04.zih.tu-dresden.de/experiments/raven_task/"
}