{
    "data": "[{\"url\":{},\"meta\":{\"labjs_version\":\"20.1.1\",\"labjs_build\":{\"flavor\":\"production\",\"commit\":\"cd5695f774968f50499757c1423bd95d033ea08e\"},\"location\":\"https://exp04.zih.tu-dresden.de/experiments/spot_a_word_task/\",\"userAgent\":\"Mozilla/5.0 (Windows NT 6.1; Win64; x64) AppleWebKit/537.36 (KHTML, like Gecko) Chrome/91.0.4472.77 Safari/537.36\",\"platform\":\"Win32\",\"language\":\"de-DE\",\"locale\":\"de\",\"timeZone\":\"Europe/Berlin\",\"timezoneOffset\":-120,\"screen_width\":1366,\"screen_height\":768,\"scroll_width\":1366,\"scroll_height\":609,\"window_innerWidth\":1366,\"window_innerHeight\":657,\"devicePixelRatio\":1},\"sender\":\"start_html\",\"sender_type\":\"html.Screen\",\"sender_id\":\"0\",\"ended_on\":\"timeout\",\"duration\":5998.9800000000005,\"time_run\":514.6999999999534,\"time_render\":485.555,\"time_show\":505.464,\"time_end\":6484.514,\"time_commit\":6489.899999999907,\"timestamp\":\"2021-06-13T16:48:00.767Z\",\"time_switch\":6504.444},{\"sender\":\"manual_html\",\"sender_type\":\"html.Screen\",\"sender_id\":\"1\",\"response\":\"space\",\"response_action\":\"keypress(Space)\",\"ended_on\":\"response\",\"duration\":34883.75599999995,\"time_run\":6490.699999999953,\"time_render\":6484.514,\"time_show\":6504.444,\"time_end\":41388.19999999995,\"time_commit\":41393.59999999986,\"timestamp\":\"2021-06-13T16:48:35.673Z\",\"time_switch\":41400.048},{\"sender\":\"example1_screen\",\"sender_type\":\"canvas.Screen\",\"sender_id\":\"2\",\"response\":\"4\",\"response_action\":\"keypress(4)\",\"correctResponse\":\"4\",\"correct\":true,\"ended_on\":\"response\",\"duration\":2457.9519999999975,\"time_run\":41402.89999999991,\"time_render\":41380.119,\"time_show\":41400.048,\"time_end\":43858,\"time_commit\":43859.39999999991,\"timestamp\":\"2021-06-13T16:48:38.139Z\",\"time_switch\":43872.762},{\"sender\":\"example1_feedback\",\"sender_type\":\"canvas.Screen\",\"sender_id\":\"3\",\"response\":\"Space\",\"response_action\":\"keypress(Space)\",\"ended_on\":\"response\",\"duration\":1537.0379999998113,\"time_run\":43865.5,\"time_render\":43852.831,\"time_show\":43872.762,\"time_end\":45409.799999999814,\"time_commit\":45410.799999999814,\"timestamp\":\"2021-06-13T16:48:39.690Z\",\"time_switch\":45427.002},{\"sender\":\"example2_screen\",\"sender_type\":\"canvas.Screen\",\"sender_id\":\"4\",\"response\":\"5\",\"response_action\":\"keypress(5)\",\"correctResponse\":\"5\",\"correct\":true,\"ended_on\":\"response\",\"duration\":2321.4979999999996,\"time_run\":45417.39999999991,\"time_render\":45407.073,\"time_show\":45427.002,\"time_end\":47748.5,\"time_commit\":47749.69999999995,\"timestamp\":\"2021-06-13T16:48:42.029Z\",\"time_switch\":47758.67},{\"sender\":\"example2_feedback\",\"sender_type\":\"canvas.Screen\",\"sender_id\":\"5\",\"response\":\"Space\",\"response_action\":\"keypress(Space)\",\"ended_on\":\"response\",\"duration\":869.929999999862,\"time_run\":47755.299999999814,\"time_render\":47738.741,\"time_show\":47758.67,\"time_end\":48628.59999999986,\"time_commit\":48629.59999999986,\"timestamp\":\"2021-06-13T16:48:42.909Z\",\"time_switch\":48635.751},{\"sender\":\"example3_screen\",\"sender_type\":\"canvas.Screen\",\"sender_id\":\"6\",\"response\":\"1\",\"response_action\":\"keypress(1)\",\"correctResponse\":\"1\",\"correct\":true,\"ended_on\":\"response\",\"duration\":1591.0489999998172,\"time_run\":48635,\"time_render\":48615.822,\"time_show\":48635.751,\"time_end\":50226.799999999814,\"time_commit\":50227.89999999991,\"timestamp\":\"2021-06-13T16:48:44.507Z\",\"time_switch\":50249.988},{\"sender\":\"example3_feedback\",\"sender_type\":\"canvas.Screen\",\"sender_id\":\"7\",\"response\":\"Space\",\"response_action\":\"keypress(Space)\",\"ended_on\":\"response\",\"duration\":369.61199999986275,\"time_run\":50233.19999999995,\"time_render\":50230.059,\"time_show\":50249.988,\"time_end\":50619.59999999986,\"time_commit\":50620.59999999986,\"timestamp\":\"2021-06-13T16:48:44.900Z\",\"time_switch\":50628.576},{\"sender\":\"get_ready_html\",\"sender_type\":\"html.Screen\",\"sender_id\":\"8\",\"response\":\"space\",\"response_action\":\"keypress(Space)\",\"ended_on\":\"response\",\"duration\":5874.223999999813,\"time_run\":50620.89999999991,\"time_render\":50608.648,\"time_show\":50628.576,\"time_end\":56502.799999999814,\"time_commit\":56503.89999999991,\"timestamp\":\"2021-06-13T16:48:50.783Z\",\"time_switch\":56627.335},{\"sender\":\"trial_screen\",\"sender_type\":\"canvas.Screen\",\"sender_id\":\"9_0\",\"correct\":true,\"trial_ID\":1,\"word1\":\"siziol\",\"word2\":\"salzahl\",\"word3\":\"sozihl\",\"word4\":\"sziam\",\"word5\":\"sozial\",\"response\":\"5\",\"response_action\":\"keypress(5)\",\"correctResponse\":\"5\",\"ended_on\":\"response\",\"duration\":2473.5649999999077,\"time_run\":56624.299999999814,\"time_render\":56607.406,\"time_show\":56627.335,\"time_end\":59100.89999999991,\"time_commit\":59102.299999999814,\"timestamp\":\"2021-06-13T16:48:53.382Z\",\"time_switch\":59117.592},{\"sender\":\"trial_screen\",\"sender_type\":\"canvas.Screen\",\"sender_id\":\"9_1\",\"correct\":true,\"trial_ID\":2,\"word1\":\"Lamone\",\"word2\":\"Talane\",\"word3\":\"Matrone\",\"word4\":\"Tarone\",\"word5\":\"Malonte\",\"response\":\"3\",\"response_action\":\"keypress(3)\",\"correctResponse\":\"3\",\"ended_on\":\"response\",\"duration\":3396.1079999999565,\"time_run\":59109.39999999991,\"time_render\":59097.665,\"time_show\":59117.592,\"time_end\":62513.69999999995,\"time_commit\":62514.89999999991,\"timestamp\":\"2021-06-13T16:48:56.794Z\",\"time_switch\":62526.49},{\"sender\":\"trial_screen\",\"sender_type\":\"canvas.Screen\",\"sender_id\":\"9_2\",\"correct\":true,\"trial_ID\":3,\"word1\":\"kurinesisch\",\"word2\":\"kulinarisch\",\"word3\":\"kumenisch\",\"word4\":\"kulissarisch\",\"word5\":\"kannastrisch\",\"response\":\"2\",\"response_action\":\"keypress(2)\",\"correctResponse\":\"2\",\"ended_on\":\"response\",\"duration\":1566.3099999998158,\"time_run\":62523.09999999986,\"time_render\":62506.561,\"time_show\":62526.49,\"time_end\":64092.799999999814,\"time_commit\":64094,\"timestamp\":\"2021-06-13T16:48:58.373Z\",\"time_switch\":64101.093},{\"sender\":\"trial_screen\",\"sender_type\":\"canvas.Screen\",\"sender_id\":\"9_3\",\"correct\":true,\"trial_ID\":4,\"word1\":\"Tinxur\",\"word2\":\"Kukutur\",\"word3\":\"Fraktan\",\"word4\":\"Tinktur\",\"word5\":\"Rimsuhr\",\"response\":\"4\",\"response_action\":\"keypress(4)\",\"correctResponse\":\"4\",\"ended_on\":\"response\",\"duration\":3514.706999999813,\"time_run\":64099.299999999814,\"time_render\":64081.164,\"time_show\":64101.093,\"time_end\":67615.79999999981,\"time_commit\":67617.09999999986,\"timestamp\":\"2021-06-13T16:49:01.896Z\",\"time_switch\":67628.508},{\"sender\":\"trial_screen\",\"sender_type\":\"canvas.Screen\",\"sender_id\":\"9_4\",\"correct\":false,\"trial_ID\":5,\"word1\":\"beralen\",\"word2\":\"ger\u00e4ltet\",\"word3\":\"an\u00e4lteren\",\"word4\":\"unt\u00e4ren\",\"word5\":\"verbr\u00e4men\",\"response\":\"2\",\"response_action\":\"keypress(2)\",\"correctResponse\":\"5\",\"ended_on\":\"response\",\"duration\":5551.891999999905,\"time_run\":67622.3999999999,\"time_render\":67608.579,\"time_show\":67628.508,\"time_end\":73180.3999999999,\"time_commit\":73181.59999999986,\"timestamp\":\"2021-06-13T16:49:07.462Z\",\"time_switch\":73188.908},{\"sender\":\"trial_screen\",\"sender_type\":\"canvas.Screen\",\"sender_id\":\"9_5\",\"correct\":false,\"trial_ID\":6,\"word1\":\"Rosto\",\"word2\":\"Torso\",\"word3\":\"Soro\",\"word4\":\"Torgos\",\"word5\":\"Tosor\",\"response\":\"4\",\"response_action\":\"keypress(4)\",\"correctResponse\":\"2\",\"ended_on\":\"response\",\"duration\":6075.491999999911,\"time_run\":73186.8999999999,\"time_render\":73168.979,\"time_show\":73188.908,\"time_end\":79264.3999999999,\"time_commit\":79265.69999999995,\"timestamp\":\"2021-06-13T16:49:13.546Z\",\"time_switch\":79286.683},{\"sender\":\"trial_screen\",\"sender_type\":\"canvas.Screen\",\"sender_id\":\"9_6\",\"correct\":true,\"trial_ID\":7,\"word1\":\"Redor\",\"word2\":\"Radium\",\"word3\":\"Terion\",\"word4\":\"Dramin\",\"word5\":\"Orakium\",\"response\":\"2\",\"response_action\":\"keypress(2)\",\"correctResponse\":\"2\",\"ended_on\":\"response\",\"duration\":4283.516999999949,\"time_run\":79273.69999999995,\"time_render\":79266.756,\"time_show\":79286.683,\"time_end\":83570.19999999995,\"time_commit\":83571.3999999999,\"timestamp\":\"2021-06-13T16:49:17.852Z\",\"time_switch\":83577.244},{\"sender\":\"trial_screen\",\"sender_type\":\"canvas.Screen\",\"sender_id\":\"9_7\",\"correct\":true,\"trial_ID\":8,\"word1\":\"Nale\",\"word2\":\"Sahe\",\"word3\":\"Nase\",\"word4\":\"Nesa\",\"word5\":\"Sehna\",\"response\":\"3\",\"response_action\":\"keypress(3)\",\"correctResponse\":\"3\",\"ended_on\":\"response\",\"duration\":2883.0559999998077,\"time_run\":83576.8999999999,\"time_render\":83557.292,\"time_show\":83577.244,\"time_end\":86460.29999999981,\"time_commit\":86461.59999999986,\"timestamp\":\"2021-06-13T16:49:20.742Z\",\"time_switch\":86479.926},{\"sender\":\"trial_screen\",\"sender_type\":\"canvas.Screen\",\"sender_id\":\"9_8\",\"correct\":false,\"trial_ID\":9,\"word1\":\"Rilkiase\",\"word2\":\"Kilister\",\"word3\":\"Riliker\",\"word4\":\"Klistier\",\"word5\":\"Linkure\",\"response\":\"1\",\"response_action\":\"keypress(1)\",\"correctResponse\":\"4\",\"ended_on\":\"response\",\"duration\":6279.9739999999,\"time_run\":86466.3999999999,\"time_render\":86460.004,\"time_show\":86479.926,\"time_end\":92759.8999999999,\"time_commit\":92760.79999999981,\"timestamp\":\"2021-06-13T16:49:27.041Z\",\"time_switch\":92779.755},{\"sender\":\"trial_screen\",\"sender_type\":\"canvas.Screen\",\"sender_id\":\"9_9\",\"correct\":true,\"trial_ID\":10,\"word1\":\"kentern\",\"word2\":\"knerte\",\"word3\":\"kanzen\",\"word4\":\"kretern\",\"word5\":\"trekern\",\"response\":\"1\",\"response_action\":\"keypress(1)\",\"correctResponse\":\"1\",\"ended_on\":\"response\",\"duration\":2170.944999999949,\"time_run\":92765.79999999981,\"time_render\":92759.826,\"time_show\":92779.755,\"time_end\":94950.69999999995,\"time_commit\":94951.79999999981,\"timestamp\":\"2021-06-13T16:49:29.232Z\",\"time_switch\":94972.14},{\"sender\":\"trial_screen\",\"sender_type\":\"canvas.Screen\",\"sender_id\":\"9_10\",\"correct\":true,\"trial_ID\":11,\"word1\":\"Sorekin\",\"word2\":\"Sarowin\",\"word3\":\"Rosakin\",\"word4\":\"Narosin\",\"word5\":\"Kerosin\",\"response\":\"5\",\"response_action\":\"keypress(5)\",\"correctResponse\":\"5\",\"ended_on\":\"response\",\"duration\":4413.759999999907,\"time_run\":94956.69999999995,\"time_render\":94952.211,\"time_show\":94972.14,\"time_end\":99385.8999999999,\"time_commit\":99387,\"timestamp\":\"2021-06-13T16:49:33.667Z\",\"time_switch\":99396.491},{\"sender\":\"trial_screen\",\"sender_type\":\"canvas.Screen\",\"sender_id\":\"9_11\",\"correct\":true,\"trial_ID\":12,\"word1\":\"Ralke\",\"word2\":\"Korre\",\"word3\":\"Ruckse\",\"word4\":\"Recke\",\"word5\":\"Ulte\",\"response\":\"4\",\"response_action\":\"keypress(4)\",\"correctResponse\":\"4\",\"ended_on\":\"response\",\"duration\":3609.0090000000055,\"time_run\":99392,\"time_render\":99376.562,\"time_show\":99396.491,\"time_end\":103005.5,\"time_commit\":103006.59999999986,\"timestamp\":\"2021-06-13T16:49:37.287Z\",\"time_switch\":103023.114},{\"sender\":\"trial_screen\",\"sender_type\":\"canvas.Screen\",\"sender_id\":\"9_12\",\"correct\":true,\"trial_ID\":13,\"word1\":\"Kapaun\",\"word2\":\"Paukan\",\"word3\":\"Naupack\",\"word4\":\"Aupeck\",\"word5\":\"Ankepran\",\"response\":\"1\",\"response_action\":\"keypress(1)\",\"correctResponse\":\"1\",\"ended_on\":\"response\",\"duration\":5118.985999999859,\"time_run\":103011.3999999999,\"time_render\":103003.186,\"time_show\":103023.114,\"time_end\":108142.09999999986,\"time_commit\":108143.19999999995,\"timestamp\":\"2021-06-13T16:49:42.424Z\",\"time_switch\":108165.449},{\"sender\":\"trial_screen\",\"sender_type\":\"canvas.Screen\",\"sender_id\":\"9_13\",\"correct\":true,\"trial_ID\":14,\"word1\":\"Dissonanz\",\"word2\":\"Diskrisanz\",\"word3\":\"Distranz\",\"word4\":\"Dinotanz\",\"word5\":\"Sidonenz\",\"response\":\"1\",\"response_action\":\"keypress(1)\",\"correctResponse\":\"1\",\"ended_on\":\"response\",\"duration\":4611.75099999996,\"time_run\":108150,\"time_render\":108145.52,\"time_show\":108165.449,\"time_end\":112777.19999999995,\"time_commit\":112778.3999999999,\"timestamp\":\"2021-06-13T16:49:47.059Z\",\"time_switch\":112788.999},{\"sender\":\"trial_screen\",\"sender_type\":\"canvas.Screen\",\"sender_id\":\"9_14\",\"correct\":true,\"trial_ID\":15,\"word1\":\"Kirse\",\"word2\":\"Sirke\",\"word3\":\"Krise\",\"word4\":\"Krospe\",\"word5\":\"Seris\",\"response\":\"3\",\"response_action\":\"keypress(3)\",\"correctResponse\":\"3\",\"ended_on\":\"response\",\"duration\":2443.9009999999107,\"time_run\":112783.19999999995,\"time_render\":112769.07,\"time_show\":112788.999,\"time_end\":115232.8999999999,\"time_commit\":115234,\"timestamp\":\"2021-06-13T16:49:49.514Z\",\"time_switch\":115260.504},{\"sender\":\"trial_screen\",\"sender_type\":\"canvas.Screen\",\"sender_id\":\"9_15\",\"correct\":true,\"trial_ID\":16,\"word1\":\"Tume\",\"word2\":\"Umat\",\"word3\":\"Maut\",\"word4\":\"Taum\",\"word5\":\"Muta\",\"response\":\"3\",\"response_action\":\"keypress(3)\",\"correctResponse\":\"3\",\"ended_on\":\"response\",\"duration\":1887.395999999906,\"time_run\":115241.19999999995,\"time_render\":115240.575,\"time_show\":115260.504,\"time_end\":117147.8999999999,\"time_commit\":117149.09999999986,\"timestamp\":\"2021-06-13T16:49:51.430Z\",\"time_switch\":117173.79},{\"sender\":\"trial_screen\",\"sender_type\":\"canvas.Screen\",\"sender_id\":\"9_16\",\"correct\":true,\"trial_ID\":17,\"word1\":\"Tuhl\",\"word2\":\"Lar\",\"word3\":\"Lest\",\"word4\":\"Dall\",\"word5\":\"Lid\",\"response\":\"5\",\"response_action\":\"keypress(5)\",\"correctResponse\":\"5\",\"ended_on\":\"response\",\"duration\":3527.90999999996,\"time_run\":117153.8999999999,\"time_render\":117153.861,\"time_show\":117173.79,\"time_end\":120701.69999999995,\"time_commit\":120702.59999999986,\"timestamp\":\"2021-06-13T16:49:54.983Z\",\"time_switch\":120721.256},{\"sender\":\"trial_screen\",\"sender_type\":\"canvas.Screen\",\"sender_id\":\"9_17\",\"correct\":true,\"trial_ID\":18,\"word1\":\"Adept\",\"word2\":\"Padet\",\"word3\":\"Edapt\",\"word4\":\"Epatt\",\"word5\":\"Taped\",\"response\":\"1\",\"response_action\":\"keypress(1)\",\"correctResponse\":\"1\",\"ended_on\":\"response\",\"duration\":6049.244000000006,\"time_run\":120706.5,\"time_render\":120701.327,\"time_show\":120721.256,\"time_end\":126770.5,\"time_commit\":126771.3999999999,\"timestamp\":\"2021-06-13T16:50:01.052Z\",\"time_switch\":126779.744},{\"sender\":\"trial_screen\",\"sender_type\":\"canvas.Screen\",\"sender_id\":\"9_18\",\"correct\":false,\"trial_ID\":19,\"word1\":\"Spirine\",\"word2\":\"Saprin\",\"word3\":\"Parsin\",\"word4\":\"Purin\",\"word5\":\"Asprint\",\"response\":\"5\",\"response_action\":\"keypress(5)\",\"correctResponse\":\"4\",\"ended_on\":\"response\",\"duration\":4039.755999999994,\"time_run\":126775.59999999986,\"time_render\":126759.815,\"time_show\":126779.744,\"time_end\":130819.5,\"time_commit\":130820.59999999986,\"timestamp\":\"2021-06-13T16:50:05.101Z\",\"time_switch\":130825.546},{\"sender\":\"trial_screen\",\"sender_type\":\"canvas.Screen\",\"sender_id\":\"9_19\",\"correct\":false,\"trial_ID\":20,\"word1\":\"Kulon\",\"word2\":\"Solgun\",\"word3\":\"Koskan\",\"word4\":\"Soran\",\"word5\":\"Klonus\",\"response\":\"1\",\"response_action\":\"keypress(1)\",\"correctResponse\":\"5\",\"ended_on\":\"response\",\"duration\":6689.053999999858,\"time_run\":130825.29999999981,\"time_render\":130805.617,\"time_show\":130825.546,\"time_end\":137514.59999999986,\"time_commit\":137515.59999999986,\"timestamp\":\"2021-06-13T16:50:11.798Z\",\"time_switch\":137521.81},{\"sender\":\"trial_screen\",\"sender_type\":\"canvas.Screen\",\"sender_id\":\"9_20\",\"correct\":false,\"trial_ID\":21,\"word1\":\"Tronke\",\"word2\":\"Nocktherm\",\"word3\":\"Teronk\",\"word4\":\"Komtur\",\"word5\":\"Rocktur\",\"response\":\"5\",\"response_action\":\"keypress(5)\",\"correctResponse\":\"4\",\"ended_on\":\"response\",\"duration\":6839.589999999909,\"time_run\":137520.59999999986,\"time_render\":137501.881,\"time_show\":137521.81,\"time_end\":144361.3999999999,\"time_commit\":144362.59999999986,\"timestamp\":\"2021-06-13T16:50:18.645Z\",\"time_switch\":144377.601},{\"sender\":\"trial_screen\",\"sender_type\":\"canvas.Screen\",\"sender_id\":\"9_21\",\"correct\":true,\"trial_ID\":22,\"word1\":\"Ripat\",\"word2\":\"Patinatte\",\"word3\":\"Tapir\",\"word4\":\"Apitt\",\"word5\":\"Padir\",\"response\":\"3\",\"response_action\":\"keypress(3)\",\"correctResponse\":\"3\",\"ended_on\":\"response\",\"duration\":2987.998999999865,\"time_run\":144367.59999999986,\"time_render\":144357.672,\"time_show\":144377.601,\"time_end\":147365.59999999986,\"time_commit\":147366.69999999995,\"timestamp\":\"2021-06-13T16:50:21.649Z\",\"time_switch\":147387.077},{\"sender\":\"trial_screen\",\"sender_type\":\"canvas.Screen\",\"sender_id\":\"9_22\",\"correct\":false,\"trial_ID\":23,\"word1\":\"Akifer\",\"word2\":\"Fiaker\",\"word3\":\"Kiaffa\",\"word4\":\"Sariffer\",\"word5\":\"Refisker\",\"response\":\"3\",\"response_action\":\"keypress(3)\",\"correctResponse\":\"2\",\"ended_on\":\"response\",\"duration\":6496.52299999987,\"time_run\":147371.2999999998,\"time_render\":147367.148,\"time_show\":147387.077,\"time_end\":153883.59999999986,\"time_commit\":153884.69999999995,\"timestamp\":\"2021-06-13T16:50:28.167Z\",\"time_switch\":153904.107},{\"sender\":\"trial_screen\",\"sender_type\":\"canvas.Screen\",\"sender_id\":\"9_23\",\"correct\":false,\"trial_ID\":24,\"word1\":\"Kleiber\",\"word2\":\"Beikel\",\"word3\":\"Keibel\",\"word4\":\"Reikler\",\"word5\":\"Biekerl\",\"response\":\"2\",\"response_action\":\"keypress(2)\",\"correctResponse\":\"1\",\"ended_on\":\"response\",\"duration\":5046.492999999871,\"time_run\":153889.3999999999,\"time_render\":153884.178,\"time_show\":153904.107,\"time_end\":158950.59999999986,\"time_commit\":158951.69999999995,\"timestamp\":\"2021-06-13T16:50:33.234Z\",\"time_switch\":158966.051},{\"sender\":\"trial_screen\",\"sender_type\":\"canvas.Screen\",\"sender_id\":\"9_24\",\"correct\":true,\"trial_ID\":25,\"word1\":\"Ig\u00e4de\",\"word2\":\"D\u00e4gie\",\"word3\":\"\u00c4gide\",\"word4\":\"Dig\u00e4de\",\"word5\":\"Giad\",\"response\":\"3\",\"response_action\":\"keypress(3)\",\"correctResponse\":\"3\",\"ended_on\":\"response\",\"duration\":4191.8489999999,\"time_run\":158956.3999999999,\"time_render\":158946.122,\"time_show\":158966.051,\"time_end\":163157.8999999999,\"time_commit\":163159,\"timestamp\":\"2021-06-13T16:50:37.441Z\",\"time_switch\":163171.282},{\"sender\":\"trial_screen\",\"sender_type\":\"canvas.Screen\",\"sender_id\":\"9_25\",\"correct\":true,\"trial_ID\":26,\"word1\":\"Rixal\",\"word2\":\"Irtax\",\"word3\":\"Rackizie\",\"word4\":\"Matrix\",\"word5\":\"Atrige\",\"response\":\"4\",\"response_action\":\"keypress(4)\",\"correctResponse\":\"4\",\"ended_on\":\"response\",\"duration\":1666.917999999947,\"time_run\":163163.59999999986,\"time_render\":163151.353,\"time_show\":163171.282,\"time_end\":164838.19999999995,\"time_commit\":164839.2999999998,\"timestamp\":\"2021-06-13T16:50:39.121Z\",\"time_switch\":164845.449},{\"sender\":\"trial_screen\",\"sender_type\":\"canvas.Screen\",\"sender_id\":\"9_26\",\"correct\":false,\"trial_ID\":27,\"word1\":\"Haskisch\",\"word2\":\"Asmisch\",\"word3\":\"Schisma\",\"word4\":\"Rasthmie\",\"word5\":\"Ilschah\",\"response\":\"5\",\"response_action\":\"keypress(5)\",\"correctResponse\":\"3\",\"ended_on\":\"response\",\"duration\":9935.051000000007,\"time_run\":164844.8999999999,\"time_render\":164825.52,\"time_show\":164845.449,\"time_end\":174780.5,\"time_commit\":174781.59999999986,\"timestamp\":\"2021-06-13T16:50:49.064Z\",\"time_switch\":174790.212},{\"sender\":\"trial_screen\",\"sender_type\":\"canvas.Screen\",\"sender_id\":\"9_27\",\"correct\":true,\"trial_ID\":28,\"word1\":\"Sallose\",\"word2\":\"Lordose\",\"word3\":\"Dormase\",\"word4\":\"Rollase\",\"word5\":\"Ardierole\",\"response\":\"2\",\"response_action\":\"keypress(2)\",\"correctResponse\":\"2\",\"ended_on\":\"response\",\"duration\":8726.788,\"time_run\":174786.3999999999,\"time_render\":174770.283,\"time_show\":174790.212,\"time_end\":183517,\"time_commit\":183518.09999999986,\"timestamp\":\"2021-06-13T16:50:57.800Z\",\"time_switch\":183539.342},{\"sender\":\"trial_screen\",\"sender_type\":\"canvas.Screen\",\"sender_id\":\"9_28\",\"correct\":false,\"trial_ID\":29,\"word1\":\"Intranotion\",\"word2\":\"Infranatura\",\"word3\":\"Internodium\",\"word4\":\"Indotalie\",\"word5\":\"Indosta\",\"response\":\"2\",\"response_action\":\"keypress(2)\",\"correctResponse\":\"3\",\"ended_on\":\"response\",\"duration\":5182.657999999996,\"time_run\":183523.09999999986,\"time_render\":183519.413,\"time_show\":183539.342,\"time_end\":188722,\"time_commit\":188723.09999999986,\"timestamp\":\"2021-06-13T16:51:03.005Z\",\"time_switch\":188741.167},{\"sender\":\"trial_screen\",\"sender_type\":\"canvas.Screen\",\"sender_id\":\"9_29\",\"correct\":false,\"trial_ID\":30,\"word1\":\"Idaste\",\"word2\":\"Dastrix\",\"word3\":\"Astike\",\"word4\":\"Sadile\",\"word5\":\"Kasside\",\"response\":\"2\",\"response_action\":\"keypress(2)\",\"correctResponse\":\"5\",\"ended_on\":\"response\",\"duration\":3883.9329999998736,\"time_run\":188727.7999999998,\"time_render\":188721.238,\"time_show\":188741.167,\"time_end\":192625.09999999986,\"time_commit\":192626.3999999999,\"timestamp\":\"2021-06-13T16:51:06.908Z\",\"time_switch\":192647.459},{\"sender\":\"trial_screen\",\"sender_type\":\"canvas.Screen\",\"sender_id\":\"9_30\",\"correct\":false,\"trial_ID\":31,\"word1\":\"Libration\",\"word2\":\"Bilation\",\"word3\":\"Arlation\",\"word4\":\"Iberation\",\"word5\":\"Tiradon\",\"response\":\"2\",\"response_action\":\"keypress(2)\",\"correctResponse\":\"1\",\"ended_on\":\"response\",\"duration\":3778.840999999811,\"time_run\":192631.09999999986,\"time_render\":192627.53,\"time_show\":192647.459,\"time_end\":196426.2999999998,\"time_commit\":196427.2999999998,\"timestamp\":\"2021-06-13T16:51:10.709Z\",\"time_switch\":196433.967},{\"sender\":\"trial_screen\",\"sender_type\":\"canvas.Screen\",\"sender_id\":\"9_31\",\"correct\":false,\"trial_ID\":32,\"word1\":\"Pucker\",\"word2\":\"Keuper\",\"word3\":\"Eucker\",\"word4\":\"Reuspeck\",\"word5\":\"Urkane\",\"response\":\"4\",\"response_action\":\"keypress(4)\",\"correctResponse\":\"2\",\"ended_on\":\"response\",\"duration\":7904.432999999903,\"time_run\":196432.09999999986,\"time_render\":196414.038,\"time_show\":196433.967,\"time_end\":204338.3999999999,\"time_commit\":204339.3999999999,\"timestamp\":\"2021-06-13T16:51:18.623Z\",\"time_switch\":204345.907},{\"sender\":\"trial_screen\",\"sender_type\":\"canvas.Screen\",\"sender_id\":\"9_32\",\"correct\":false,\"trial_ID\":33,\"word1\":\"Sickaber\",\"word2\":\"Bassiker\",\"word3\":\"Kassiber\",\"word4\":\"Sassiker\",\"word5\":\"Askiber\",\"response\":\"4\",\"response_action\":\"keypress(4)\",\"correctResponse\":\"3\",\"ended_on\":\"response\",\"duration\":5892.0929999999935,\"time_run\":204344.19999999995,\"time_render\":204325.978,\"time_show\":204345.907,\"time_end\":210238,\"time_commit\":210239.09999999986,\"timestamp\":\"2021-06-13T16:51:24.522Z\",\"time_switch\":210245.271},{\"sender\":\"trial_screen\",\"sender_type\":\"canvas.Screen\",\"sender_id\":\"9_33\",\"correct\":false,\"trial_ID\":34,\"word1\":\"Alquallon\",\"word2\":\"Lisqualien\",\"word3\":\"Talquallen\",\"word4\":\"Quisquilien\",\"word5\":\"Rielquellen\",\"response\":\"3\",\"response_action\":\"keypress(3)\",\"correctResponse\":\"4\",\"ended_on\":\"response\",\"duration\":6085.028999999806,\"time_run\":210243.5,\"time_render\":210225.342,\"time_show\":210245.271,\"time_end\":216330.2999999998,\"time_commit\":216331.5,\"timestamp\":\"2021-06-13T16:51:30.614Z\",\"time_switch\":216343.58},{\"sender\":\"trial_screen\",\"sender_type\":\"canvas.Screen\",\"sender_id\":\"9_34\",\"correct\":false,\"trial_ID\":35,\"word1\":\"Berkiza\",\"word2\":\"Brekzie\",\"word3\":\"Birakzie\",\"word4\":\"Brikazie\",\"word5\":\"Bakiria\",\"response\":\"4\",\"response_action\":\"keypress(4)\",\"correctResponse\":\"2\",\"ended_on\":\"response\",\"duration\":5557.019999999873,\"time_run\":216335.8999999999,\"time_render\":216323.651,\"time_show\":216343.58,\"time_end\":221900.59999999986,\"time_commit\":221901.7999999998,\"timestamp\":\"2021-06-13T16:51:36.185Z\",\"time_switch\":221923.907},{\"sender\":\"loop_trial\",\"sender_type\":\"flow.Loop\",\"sender_id\":\"9\",\"ended_on\":\"completion\",\"duration\":165273.26499999987,\"time_run\":56617.09999999986,\"time_render\":56607.406,\"time_show\":56627.335,\"time_end\":221900.59999999986,\"time_commit\":221905.69999999995,\"timestamp\":\"2021-06-13T16:51:36.189Z\",\"time_switch\":221923.907},{\"sender\":\"end_html\",\"sender_type\":\"html.Screen\",\"sender_id\":\"10\",\"ended_on\":\"timeout\",\"duration\":5998.997999999992,\"time_run\":221906,\"time_render\":221903.978,\"time_show\":221923.907,\"time_end\":227902.976,\"time_commit\":227907.59999999986,\"timestamp\":\"2021-06-13T16:51:42.191Z\",\"time_switch\":227922.905},{\"sender\":\"root\",\"sender_type\":\"flow.Sequence\",\"sender_id\":null,\"ended_on\":\"completion\",\"duration\":227397.512,\"time_run\":514.1999999999534,\"time_render\":485.555,\"time_show\":505.464,\"time_end\":227902.976,\"time_commit\":227908.5,\"timestamp\":\"2021-06-13T16:51:42.192Z\",\"time_switch\":227922.905}]",
    "metadata": "{\"slice\":0,\"id\":\"1c3927cb-1989-44d8-8318-21fbb5c81acd\",\"payload\":\"full\"}",
    "url": "https://exp04.zih.tu-dresden.de/experiments/spot_a_word_task/"
}