{
    "data": "[{\"url\":{},\"meta\":{\"labjs_version\":\"20.1.1\",\"labjs_build\":{\"flavor\":\"production\",\"commit\":\"cd5695f774968f50499757c1423bd95d033ea08e\"},\"location\":\"https://exp01.zih.tu-dresden.de/experiments/raven_task/\",\"userAgent\":\"Mozilla/5.0 (Macintosh; Intel Mac OS X 10_15_7) AppleWebKit/605.1.15 (KHTML, like Gecko) Version/14.1.2 Safari/605.1.15\",\"platform\":\"MacIntel\",\"language\":\"de\",\"locale\":\"de\",\"timeZone\":\"Europe/Berlin\",\"timezoneOffset\":-120,\"screen_width\":1440,\"screen_height\":900,\"scroll_width\":1440,\"scroll_height\":789,\"window_innerWidth\":1440,\"window_innerHeight\":837,\"devicePixelRatio\":1},\"sender\":\"welcome\",\"sender_type\":\"canvas.Screen\",\"sender_id\":\"0\",\"ended_on\":\"timeout\",\"duration\":8007,\"time_run\":1448,\"time_render\":1455,\"time_show\":1471,\"time_end\":9459,\"time_commit\":9461,\"timestamp\":\"2021-09-17T18:46:39.473Z\",\"time_switch\":9478},{\"sender\":\"instructions\",\"sender_type\":\"html.Page\",\"sender_id\":\"1\",\"response\":\"Space\",\"response_action\":\"keypress(Space)\",\"ended_on\":\"response\",\"duration\":5912,\"time_run\":9461,\"time_render\":9459,\"time_show\":9478,\"time_end\":15371,\"time_commit\":15523,\"timestamp\":\"2021-09-17T18:46:45.536Z\",\"time_switch\":15673},{\"sender\":\"example1\",\"sender_type\":\"canvas.Screen\",\"sender_id\":\"2\",\"response\":\"8\",\"response_action\":\"click(0) @8\",\"correctResponse\":\"8\",\"correct\":true,\"ended_on\":\"response\",\"duration\":6365,\"time_run\":15524,\"time_render\":15542,\"time_show\":15673,\"time_end\":21907,\"time_commit\":22054.000000000004,\"timestamp\":\"2021-09-17T18:46:52.067Z\",\"time_switch\":22138},{\"sender\":\"example1_feedback\",\"sender_type\":\"canvas.Screen\",\"sender_id\":\"3\",\"response\":\"space\",\"response_action\":\"keypress(Space)\",\"ended_on\":\"response\",\"duration\":1577.0000000000036,\"time_run\":22056,\"time_render\":22076,\"time_show\":22138,\"time_end\":23653.000000000004,\"time_commit\":23800,\"timestamp\":\"2021-09-17T18:46:53.813Z\",\"time_switch\":23933},{\"sender\":\"example2\",\"sender_type\":\"canvas.Screen\",\"sender_id\":\"4\",\"response\":\"1\",\"response_action\":\"click(0) @1\",\"correctResponse\":\"4\",\"correct\":false,\"ended_on\":\"response\",\"duration\":3543,\"time_run\":23800,\"time_render\":23815,\"time_show\":23933,\"time_end\":27358,\"time_commit\":27502,\"timestamp\":\"2021-09-17T18:46:57.515Z\",\"time_switch\":27585},{\"sender\":\"example2_feedback\",\"sender_type\":\"canvas.Screen\",\"sender_id\":\"5\",\"response\":\"space\",\"response_action\":\"keypress(Space)\",\"ended_on\":\"response\",\"duration\":728,\"time_run\":27503,\"time_render\":27524,\"time_show\":27585,\"time_end\":28252,\"time_commit\":28398,\"timestamp\":\"2021-09-17T18:46:58.411Z\",\"time_switch\":28427},{\"sender\":\"get ready\",\"sender_type\":\"canvas.Screen\",\"sender_id\":\"6\",\"response\":\"Space\",\"response_action\":\"keypress(Space)\",\"ended_on\":\"response\",\"duration\":2043,\"time_run\":28398,\"time_render\":28410,\"time_show\":28427,\"time_end\":30453,\"time_commit\":30599,\"timestamp\":\"2021-09-17T18:47:00.612Z\",\"time_switch\":30723},{\"sender\":\"test01\",\"sender_type\":\"canvas.Screen\",\"sender_id\":\"7_0\",\"response\":\"1\",\"response_action\":\"click(0) @1\",\"correctResponse\":\"7\",\"correct\":false,\"ended_on\":\"response\",\"duration\":15697,\"time_run\":30599,\"time_render\":30616,\"time_show\":30723,\"time_end\":46313,\"time_commit\":46459,\"timestamp\":\"2021-09-17T18:47:16.473Z\",\"time_switch\":46579},{\"sender\":\"test02\",\"sender_type\":\"canvas.Screen\",\"sender_id\":\"7_1\",\"response\":\"1\",\"response_action\":\"click(0) @1\",\"correctResponse\":\"4\",\"correct\":false,\"ended_on\":\"response\",\"duration\":3450.0000000000073,\"time_run\":46459,\"time_render\":46475,\"time_show\":46579,\"time_end\":49925.00000000001,\"time_commit\":50069,\"timestamp\":\"2021-09-17T18:47:20.083Z\",\"time_switch\":50195},{\"sender\":\"test03\",\"sender_type\":\"canvas.Screen\",\"sender_id\":\"7_2\",\"response\":\"6\",\"response_action\":\"click(0) @6\",\"correctResponse\":\"6\",\"correct\":true,\"ended_on\":\"response\",\"duration\":7379,\"time_run\":50069,\"time_render\":50084,\"time_show\":50195,\"time_end\":57463,\"time_commit\":57608.00000000001,\"timestamp\":\"2021-09-17T18:47:27.622Z\",\"time_switch\":57728},{\"sender\":\"test04\",\"sender_type\":\"canvas.Screen\",\"sender_id\":\"7_3\",\"response\":\"4\",\"response_action\":\"click(0) @4\",\"correctResponse\":\"2\",\"correct\":false,\"ended_on\":\"response\",\"duration\":14371,\"time_run\":57608.00000000001,\"time_render\":57621,\"time_show\":57728,\"time_end\":71992,\"time_commit\":72139,\"timestamp\":\"2021-09-17T18:47:42.153Z\",\"time_switch\":72265},{\"sender\":\"test05\",\"sender_type\":\"canvas.Screen\",\"sender_id\":\"7_4\",\"response\":\"1\",\"response_action\":\"click(0) @1\",\"correctResponse\":\"4\",\"correct\":false,\"ended_on\":\"response\",\"duration\":14453,\"time_run\":72139,\"time_render\":72160,\"time_show\":72265,\"time_end\":86613,\"time_commit\":86760,\"timestamp\":\"2021-09-17T18:47:56.775Z\",\"time_switch\":86900},{\"sender\":\"test06\",\"sender_type\":\"canvas.Screen\",\"sender_id\":\"7_5\",\"response\":\"4\",\"response_action\":\"click(0) @4\",\"correctResponse\":\"7\",\"correct\":false,\"ended_on\":\"response\",\"duration\":10189,\"time_run\":86760,\"time_render\":86782,\"time_show\":86900,\"time_end\":96971,\"time_commit\":97120,\"timestamp\":\"2021-09-17T18:48:07.135Z\",\"time_switch\":97251},{\"sender\":\"test07\",\"sender_type\":\"canvas.Screen\",\"sender_id\":\"7_6\",\"response\":\"4\",\"response_action\":\"click(0) @4\",\"correctResponse\":\"8\",\"correct\":false,\"ended_on\":\"response\",\"duration\":11541,\"time_run\":97120,\"time_render\":97144,\"time_show\":97251,\"time_end\":108685,\"time_commit\":108834,\"timestamp\":\"2021-09-17T18:48:18.849Z\",\"time_switch\":108964},{\"sender\":\"test08\",\"sender_type\":\"canvas.Screen\",\"sender_id\":\"7_7\",\"response\":\"8\",\"response_action\":\"click(0) @8\",\"correctResponse\":\"7\",\"correct\":false,\"ended_on\":\"response\",\"duration\":12899,\"time_run\":108834,\"time_render\":108858,\"time_show\":108964,\"time_end\":121757,\"time_commit\":121905,\"timestamp\":\"2021-09-17T18:48:31.921Z\",\"time_switch\":122033},{\"sender\":\"test09\",\"sender_type\":\"canvas.Screen\",\"sender_id\":\"7_8\",\"response\":\"3\",\"response_action\":\"click(0) @3\",\"correctResponse\":\"5\",\"correct\":false,\"ended_on\":\"response\",\"duration\":5772.000000000015,\"time_run\":121906,\"time_render\":121926,\"time_show\":122033,\"time_end\":127698.00000000001,\"time_commit\":127847.00000000001,\"timestamp\":\"2021-09-17T18:48:37.863Z\",\"time_switch\":127963},{\"sender\":\"test10\",\"sender_type\":\"canvas.Screen\",\"sender_id\":\"7_9\",\"response\":\"1\",\"response_action\":\"click(0) @1\",\"correctResponse\":\"5\",\"correct\":false,\"ended_on\":\"response\",\"duration\":12188,\"time_run\":127847.00000000001,\"time_render\":127859,\"time_show\":127963,\"time_end\":140047,\"time_commit\":140196,\"timestamp\":\"2021-09-17T18:48:50.213Z\",\"time_switch\":140314},{\"sender\":\"test11\",\"sender_type\":\"canvas.Screen\",\"sender_id\":\"7_10\",\"response\":\"4\",\"response_action\":\"click(0) @4\",\"correctResponse\":\"4\",\"correct\":true,\"ended_on\":\"response\",\"duration\":9530,\"time_run\":140196,\"time_render\":140209,\"time_show\":140314,\"time_end\":149739,\"time_commit\":149889,\"timestamp\":\"2021-09-17T18:48:59.905Z\",\"time_switch\":150016},{\"sender\":\"test12\",\"sender_type\":\"canvas.Screen\",\"sender_id\":\"7_11\",\"response\":\"3\",\"response_action\":\"click(0) @3\",\"correctResponse\":\"1\",\"correct\":false,\"ended_on\":\"response\",\"duration\":3029,\"time_run\":149889,\"time_render\":149901,\"time_show\":150016,\"time_end\":152930,\"time_commit\":153079,\"timestamp\":\"2021-09-17T18:49:03.096Z\",\"time_switch\":153110},{\"sender\":\"tests (15min)\",\"sender_type\":\"flow.Sequence\",\"sender_id\":\"7\",\"ended_on\":\"completion\",\"duration\":122207,\"time_run\":30599,\"time_render\":30616,\"time_show\":30723,\"time_end\":152930,\"time_commit\":153079,\"timestamp\":\"2021-09-17T18:49:03.096Z\",\"time_switch\":153110},{\"sender\":\"good bye\",\"sender_type\":\"canvas.Screen\",\"sender_id\":\"8\",\"ended_on\":\"timeout\",\"duration\":3994,\"time_run\":153079,\"time_render\":153093,\"time_show\":153110,\"time_end\":157087,\"time_commit\":157089,\"timestamp\":\"2021-09-17T18:49:07.106Z\",\"time_switch\":157104},{\"sender\":\"root\",\"sender_type\":\"flow.Sequence\",\"sender_id\":null,\"ended_on\":\"completion\",\"duration\":155616,\"time_run\":1447,\"time_render\":1455,\"time_show\":1471,\"time_end\":157087,\"time_commit\":157089,\"timestamp\":\"2021-09-17T18:49:07.106Z\",\"time_switch\":157104}]",
    "metadata": "{\"slice\":0,\"id\":\"511c0ca4-207e-4ae3-b345-84070ba78178\",\"payload\":\"full\"}",
    "url": "https://exp01.zih.tu-dresden.de/experiments/raven_task/"
}