{
    "data": "[{\"url\":{},\"meta\":{\"labjs_version\":\"20.1.1\",\"labjs_build\":{\"flavor\":\"production\",\"commit\":\"cd5695f774968f50499757c1423bd95d033ea08e\"},\"location\":\"https://exp01.zih.tu-dresden.de/experiments/spot_a_word_task/\",\"userAgent\":\"Mozilla/5.0 (Macintosh; Intel Mac OS X 10_15_7) AppleWebKit/605.1.15 (KHTML, like Gecko) Version/14.1.2 Safari/605.1.15\",\"platform\":\"MacIntel\",\"language\":\"de\",\"locale\":\"de\",\"timeZone\":\"Europe/Berlin\",\"timezoneOffset\":-120,\"screen_width\":1440,\"screen_height\":900,\"scroll_width\":1440,\"scroll_height\":789,\"window_innerWidth\":1440,\"window_innerHeight\":837,\"devicePixelRatio\":1},\"sender\":\"start_html\",\"sender_type\":\"html.Screen\",\"sender_id\":\"0\",\"ended_on\":\"timeout\",\"duration\":5995,\"time_run\":398,\"time_render\":401,\"time_show\":405,\"time_end\":6383,\"time_commit\":6384,\"timestamp\":\"2021-09-17T18:42:06.820Z\",\"time_switch\":6400},{\"sender\":\"manual_html\",\"sender_type\":\"html.Screen\",\"sender_id\":\"1\",\"response\":\"space\",\"response_action\":\"keypress(Space)\",\"ended_on\":\"response\",\"duration\":9313,\"time_run\":6385,\"time_render\":6383,\"time_show\":6400,\"time_end\":15696,\"time_commit\":15840,\"timestamp\":\"2021-09-17T18:42:16.276Z\",\"time_switch\":15874},{\"sender\":\"example1_screen\",\"sender_type\":\"canvas.Screen\",\"sender_id\":\"2\",\"response\":\"4\",\"response_action\":\"keypress(4)\",\"correctResponse\":\"4\",\"correct\":true,\"ended_on\":\"response\",\"duration\":2226,\"time_run\":15846,\"time_render\":15858,\"time_show\":15874,\"time_end\":18084,\"time_commit\":18222,\"timestamp\":\"2021-09-17T18:42:18.658Z\",\"time_switch\":18264},{\"sender\":\"example1_feedback\",\"sender_type\":\"canvas.Screen\",\"sender_id\":\"3\",\"response\":\"Space\",\"response_action\":\"keypress(Space)\",\"ended_on\":\"response\",\"duration\":1155,\"time_run\":18224,\"time_render\":18248,\"time_show\":18264,\"time_end\":19403,\"time_commit\":19541,\"timestamp\":\"2021-09-17T18:42:19.977Z\",\"time_switch\":19585},{\"sender\":\"example2_screen\",\"sender_type\":\"canvas.Screen\",\"sender_id\":\"4\",\"response\":\"5\",\"response_action\":\"keypress(5)\",\"correctResponse\":\"5\",\"correct\":true,\"ended_on\":\"response\",\"duration\":2116,\"time_run\":19544,\"time_render\":19568,\"time_show\":19585,\"time_end\":21684,\"time_commit\":21822,\"timestamp\":\"2021-09-17T18:42:22.258Z\",\"time_switch\":21857},{\"sender\":\"example2_feedback\",\"sender_type\":\"canvas.Screen\",\"sender_id\":\"5\",\"response\":\"Space\",\"response_action\":\"keypress(Space)\",\"ended_on\":\"response\",\"duration\":248,\"time_run\":21824,\"time_render\":21840,\"time_show\":21857,\"time_end\":22088,\"time_commit\":22225,\"timestamp\":\"2021-09-17T18:42:22.661Z\",\"time_switch\":22258},{\"sender\":\"example3_screen\",\"sender_type\":\"canvas.Screen\",\"sender_id\":\"6\",\"response\":\"1\",\"response_action\":\"keypress(1)\",\"correctResponse\":\"1\",\"correct\":true,\"ended_on\":\"response\",\"duration\":1768,\"time_run\":22228,\"time_render\":22242,\"time_show\":22258,\"time_end\":24010,\"time_commit\":24147.000000000004,\"timestamp\":\"2021-09-17T18:42:24.583Z\",\"time_switch\":24181},{\"sender\":\"example3_feedback\",\"sender_type\":\"canvas.Screen\",\"sender_id\":\"7\",\"response\":\"Space\",\"response_action\":\"keypress(Space)\",\"ended_on\":\"response\",\"duration\":194,\"time_run\":24149,\"time_render\":24164,\"time_show\":24181,\"time_end\":24358,\"time_commit\":24495,\"timestamp\":\"2021-09-17T18:42:24.931Z\",\"time_switch\":24515},{\"sender\":\"get_ready_html\",\"sender_type\":\"html.Screen\",\"sender_id\":\"8\",\"response\":\"space\",\"response_action\":\"keypress(Space)\",\"ended_on\":\"response\",\"duration\":1299,\"time_run\":24495,\"time_render\":24498,\"time_show\":24515,\"time_end\":25797,\"time_commit\":25937,\"timestamp\":\"2021-09-17T18:42:26.374Z\",\"time_switch\":26002},{\"sender\":\"trial_screen\",\"sender_type\":\"canvas.Screen\",\"sender_id\":\"9_0\",\"correct\":true,\"trial_ID\":1,\"word1\":\"siziol\",\"word2\":\"salzahl\",\"word3\":\"sozihl\",\"word4\":\"sziam\",\"word5\":\"sozial\",\"response\":\"5\",\"response_action\":\"keypress(5)\",\"correctResponse\":\"5\",\"ended_on\":\"response\",\"duration\":2265,\"time_run\":25970,\"time_render\":25986,\"time_show\":26002,\"time_end\":28251,\"time_commit\":28392,\"timestamp\":\"2021-09-17T18:42:28.828Z\",\"time_switch\":28426},{\"sender\":\"trial_screen\",\"sender_type\":\"canvas.Screen\",\"sender_id\":\"9_1\",\"correct\":true,\"trial_ID\":2,\"word1\":\"Lamone\",\"word2\":\"Talane\",\"word3\":\"Matrone\",\"word4\":\"Tarone\",\"word5\":\"Malonte\",\"response\":\"3\",\"response_action\":\"keypress(3)\",\"correctResponse\":\"3\",\"ended_on\":\"response\",\"duration\":1947,\"time_run\":28393,\"time_render\":28409,\"time_show\":28426,\"time_end\":30356,\"time_commit\":30495,\"timestamp\":\"2021-09-17T18:42:30.932Z\",\"time_switch\":30530},{\"sender\":\"trial_screen\",\"sender_type\":\"canvas.Screen\",\"sender_id\":\"9_2\",\"correct\":true,\"trial_ID\":3,\"word1\":\"kurinesisch\",\"word2\":\"kulinarisch\",\"word3\":\"kumenisch\",\"word4\":\"kulissarisch\",\"word5\":\"kannastrisch\",\"response\":\"2\",\"response_action\":\"keypress(2)\",\"correctResponse\":\"2\",\"ended_on\":\"response\",\"duration\":1229.0000000000036,\"time_run\":30497,\"time_render\":30514,\"time_show\":30530,\"time_end\":31743.000000000004,\"time_commit\":31880,\"timestamp\":\"2021-09-17T18:42:32.317Z\",\"time_switch\":31917},{\"sender\":\"trial_screen\",\"sender_type\":\"canvas.Screen\",\"sender_id\":\"9_3\",\"correct\":true,\"trial_ID\":4,\"word1\":\"Tinxur\",\"word2\":\"Kukutur\",\"word3\":\"Fraktan\",\"word4\":\"Tinktur\",\"word5\":\"Rimsuhr\",\"response\":\"4\",\"response_action\":\"keypress(4)\",\"correctResponse\":\"4\",\"ended_on\":\"response\",\"duration\":1944,\"time_run\":31882,\"time_render\":31902,\"time_show\":31917,\"time_end\":33846,\"time_commit\":33983.00000000001,\"timestamp\":\"2021-09-17T18:42:34.420Z\",\"time_switch\":34024},{\"sender\":\"trial_screen\",\"sender_type\":\"canvas.Screen\",\"sender_id\":\"9_4\",\"correct\":true,\"trial_ID\":5,\"word1\":\"beralen\",\"word2\":\"ger\u00e4ltet\",\"word3\":\"an\u00e4lteren\",\"word4\":\"unt\u00e4ren\",\"word5\":\"verbr\u00e4men\",\"response\":\"5\",\"response_action\":\"keypress(5)\",\"correctResponse\":\"5\",\"ended_on\":\"response\",\"duration\":2757,\"time_run\":33985,\"time_render\":34007,\"time_show\":34024,\"time_end\":36764,\"time_commit\":36902,\"timestamp\":\"2021-09-17T18:42:37.338Z\",\"time_switch\":36932},{\"sender\":\"trial_screen\",\"sender_type\":\"canvas.Screen\",\"sender_id\":\"9_5\",\"correct\":true,\"trial_ID\":6,\"word1\":\"Rosto\",\"word2\":\"Torso\",\"word3\":\"Soro\",\"word4\":\"Torgos\",\"word5\":\"Tosor\",\"response\":\"2\",\"response_action\":\"keypress(2)\",\"correctResponse\":\"2\",\"ended_on\":\"response\",\"duration\":1405,\"time_run\":36903,\"time_render\":36915,\"time_show\":36932,\"time_end\":38320,\"time_commit\":38458,\"timestamp\":\"2021-09-17T18:42:38.894Z\",\"time_switch\":38502},{\"sender\":\"trial_screen\",\"sender_type\":\"canvas.Screen\",\"sender_id\":\"9_6\",\"correct\":true,\"trial_ID\":7,\"word1\":\"Redor\",\"word2\":\"Radium\",\"word3\":\"Terion\",\"word4\":\"Dramin\",\"word5\":\"Orakium\",\"response\":\"2\",\"response_action\":\"keypress(2)\",\"correctResponse\":\"2\",\"ended_on\":\"response\",\"duration\":1081,\"time_run\":38459,\"time_render\":38486,\"time_show\":38502,\"time_end\":39567,\"time_commit\":39705,\"timestamp\":\"2021-09-17T18:42:40.142Z\",\"time_switch\":39739},{\"sender\":\"trial_screen\",\"sender_type\":\"canvas.Screen\",\"sender_id\":\"9_7\",\"correct\":true,\"trial_ID\":8,\"word1\":\"Nale\",\"word2\":\"Sahe\",\"word3\":\"Nase\",\"word4\":\"Nesa\",\"word5\":\"Sehna\",\"response\":\"3\",\"response_action\":\"keypress(3)\",\"correctResponse\":\"3\",\"ended_on\":\"response\",\"duration\":1219,\"time_run\":39707,\"time_render\":39722,\"time_show\":39739,\"time_end\":40941,\"time_commit\":41079,\"timestamp\":\"2021-09-17T18:42:41.515Z\",\"time_switch\":41109},{\"sender\":\"trial_screen\",\"sender_type\":\"canvas.Screen\",\"sender_id\":\"9_8\",\"correct\":false,\"trial_ID\":9,\"word1\":\"Rilkiase\",\"word2\":\"Kilister\",\"word3\":\"Riliker\",\"word4\":\"Klistier\",\"word5\":\"Linkure\",\"response\":\"5\",\"response_action\":\"keypress(5)\",\"correctResponse\":\"4\",\"ended_on\":\"response\",\"duration\":2538,\"time_run\":41080,\"time_render\":41093,\"time_show\":41109,\"time_end\":43631,\"time_commit\":43770,\"timestamp\":\"2021-09-17T18:42:44.206Z\",\"time_switch\":43800},{\"sender\":\"trial_screen\",\"sender_type\":\"canvas.Screen\",\"sender_id\":\"9_9\",\"correct\":true,\"trial_ID\":10,\"word1\":\"kentern\",\"word2\":\"knerte\",\"word3\":\"kanzen\",\"word4\":\"kretern\",\"word5\":\"trekern\",\"response\":\"1\",\"response_action\":\"keypress(1)\",\"correctResponse\":\"1\",\"ended_on\":\"response\",\"duration\":1388,\"time_run\":43771,\"time_render\":43783,\"time_show\":43800,\"time_end\":45171,\"time_commit\":45310,\"timestamp\":\"2021-09-17T18:42:45.746Z\",\"time_switch\":45353},{\"sender\":\"trial_screen\",\"sender_type\":\"canvas.Screen\",\"sender_id\":\"9_10\",\"correct\":false,\"trial_ID\":11,\"word1\":\"Sorekin\",\"word2\":\"Sarowin\",\"word3\":\"Rosakin\",\"word4\":\"Narosin\",\"word5\":\"Kerosin\",\"response\":\"4\",\"response_action\":\"keypress(4)\",\"correctResponse\":\"5\",\"ended_on\":\"response\",\"duration\":2624,\"time_run\":45312,\"time_render\":45337,\"time_show\":45353,\"time_end\":47961,\"time_commit\":48099.00000000001,\"timestamp\":\"2021-09-17T18:42:48.536Z\",\"time_switch\":48127},{\"sender\":\"trial_screen\",\"sender_type\":\"canvas.Screen\",\"sender_id\":\"9_11\",\"correct\":true,\"trial_ID\":12,\"word1\":\"Ralke\",\"word2\":\"Korre\",\"word3\":\"Ruckse\",\"word4\":\"Recke\",\"word5\":\"Ulte\",\"response\":\"4\",\"response_action\":\"keypress(4)\",\"correctResponse\":\"4\",\"ended_on\":\"response\",\"duration\":3581,\"time_run\":48101,\"time_render\":48111,\"time_show\":48127,\"time_end\":51692,\"time_commit\":51831,\"timestamp\":\"2021-09-17T18:42:52.268Z\",\"time_switch\":51871},{\"sender\":\"trial_screen\",\"sender_type\":\"canvas.Screen\",\"sender_id\":\"9_12\",\"correct\":true,\"trial_ID\":13,\"word1\":\"Kapaun\",\"word2\":\"Paukan\",\"word3\":\"Naupack\",\"word4\":\"Aupeck\",\"word5\":\"Ankepran\",\"response\":\"1\",\"response_action\":\"keypress(1)\",\"correctResponse\":\"1\",\"ended_on\":\"response\",\"duration\":2976,\"time_run\":51833,\"time_render\":51855,\"time_show\":51871,\"time_end\":54831,\"time_commit\":54970,\"timestamp\":\"2021-09-17T18:42:55.407Z\",\"time_switch\":55013},{\"sender\":\"trial_screen\",\"sender_type\":\"canvas.Screen\",\"sender_id\":\"9_13\",\"correct\":true,\"trial_ID\":14,\"word1\":\"Dissonanz\",\"word2\":\"Diskrisanz\",\"word3\":\"Distranz\",\"word4\":\"Dinotanz\",\"word5\":\"Sidonenz\",\"response\":\"1\",\"response_action\":\"keypress(1)\",\"correctResponse\":\"1\",\"ended_on\":\"response\",\"duration\":692,\"time_run\":54972,\"time_render\":54997,\"time_show\":55013,\"time_end\":55689,\"time_commit\":55828,\"timestamp\":\"2021-09-17T18:42:56.265Z\",\"time_switch\":55865},{\"sender\":\"trial_screen\",\"sender_type\":\"canvas.Screen\",\"sender_id\":\"9_14\",\"correct\":true,\"trial_ID\":15,\"word1\":\"Kirse\",\"word2\":\"Sirke\",\"word3\":\"Krise\",\"word4\":\"Krospe\",\"word5\":\"Seris\",\"response\":\"3\",\"response_action\":\"keypress(3)\",\"correctResponse\":\"3\",\"ended_on\":\"response\",\"duration\":1670,\"time_run\":55829,\"time_render\":55849,\"time_show\":55865,\"time_end\":57519,\"time_commit\":57657,\"timestamp\":\"2021-09-17T18:42:58.094Z\",\"time_switch\":57686},{\"sender\":\"trial_screen\",\"sender_type\":\"canvas.Screen\",\"sender_id\":\"9_15\",\"correct\":true,\"trial_ID\":16,\"word1\":\"Tume\",\"word2\":\"Umat\",\"word3\":\"Maut\",\"word4\":\"Taum\",\"word5\":\"Muta\",\"response\":\"3\",\"response_action\":\"keypress(3)\",\"correctResponse\":\"3\",\"ended_on\":\"response\",\"duration\":1800,\"time_run\":57659,\"time_render\":57670,\"time_show\":57686,\"time_end\":59470,\"time_commit\":59608.00000000001,\"timestamp\":\"2021-09-17T18:43:00.046Z\",\"time_switch\":59642},{\"sender\":\"trial_screen\",\"sender_type\":\"canvas.Screen\",\"sender_id\":\"9_16\",\"correct\":true,\"trial_ID\":17,\"word1\":\"Tuhl\",\"word2\":\"Lar\",\"word3\":\"Lest\",\"word4\":\"Dall\",\"word5\":\"Lid\",\"response\":\"5\",\"response_action\":\"keypress(5)\",\"correctResponse\":\"5\",\"ended_on\":\"response\",\"duration\":2355.0000000000073,\"time_run\":59610,\"time_render\":59625,\"time_show\":59642,\"time_end\":61980.00000000001,\"time_commit\":62118,\"timestamp\":\"2021-09-17T18:43:02.555Z\",\"time_switch\":62149},{\"sender\":\"trial_screen\",\"sender_type\":\"canvas.Screen\",\"sender_id\":\"9_17\",\"correct\":false,\"trial_ID\":18,\"word1\":\"Adept\",\"word2\":\"Padet\",\"word3\":\"Edapt\",\"word4\":\"Epatt\",\"word5\":\"Taped\",\"response\":\"5\",\"response_action\":\"keypress(5)\",\"correctResponse\":\"1\",\"ended_on\":\"response\",\"duration\":3148,\"time_run\":62121,\"time_render\":62132,\"time_show\":62149,\"time_end\":65280,\"time_commit\":65419,\"timestamp\":\"2021-09-17T18:43:05.857Z\",\"time_switch\":65458},{\"sender\":\"trial_screen\",\"sender_type\":\"canvas.Screen\",\"sender_id\":\"9_18\",\"correct\":true,\"trial_ID\":19,\"word1\":\"Spirine\",\"word2\":\"Saprin\",\"word3\":\"Parsin\",\"word4\":\"Purin\",\"word5\":\"Asprint\",\"response\":\"4\",\"response_action\":\"keypress(4)\",\"correctResponse\":\"4\",\"ended_on\":\"response\",\"duration\":2730,\"time_run\":65421.00000000001,\"time_render\":65441,\"time_show\":65458,\"time_end\":68171,\"time_commit\":68310,\"timestamp\":\"2021-09-17T18:43:08.748Z\",\"time_switch\":68349},{\"sender\":\"trial_screen\",\"sender_type\":\"canvas.Screen\",\"sender_id\":\"9_19\",\"correct\":false,\"trial_ID\":20,\"word1\":\"Kulon\",\"word2\":\"Solgun\",\"word3\":\"Koskan\",\"word4\":\"Soran\",\"word5\":\"Klonus\",\"response\":\"1\",\"response_action\":\"keypress(1)\",\"correctResponse\":\"5\",\"ended_on\":\"response\",\"duration\":3905,\"time_run\":68312,\"time_render\":68332,\"time_show\":68349,\"time_end\":72237,\"time_commit\":72377,\"timestamp\":\"2021-09-17T18:43:12.814Z\",\"time_switch\":72410},{\"sender\":\"trial_screen\",\"sender_type\":\"canvas.Screen\",\"sender_id\":\"9_20\",\"correct\":false,\"trial_ID\":21,\"word1\":\"Tronke\",\"word2\":\"Nocktherm\",\"word3\":\"Teronk\",\"word4\":\"Komtur\",\"word5\":\"Rocktur\",\"response\":\"2\",\"response_action\":\"keypress(2)\",\"correctResponse\":\"4\",\"ended_on\":\"response\",\"duration\":2872,\"time_run\":72380,\"time_render\":72393,\"time_show\":72410,\"time_end\":75265,\"time_commit\":75404,\"timestamp\":\"2021-09-17T18:43:15.842Z\",\"time_switch\":75434},{\"sender\":\"trial_screen\",\"sender_type\":\"canvas.Screen\",\"sender_id\":\"9_21\",\"correct\":true,\"trial_ID\":22,\"word1\":\"Ripat\",\"word2\":\"Patinatte\",\"word3\":\"Tapir\",\"word4\":\"Apitt\",\"word5\":\"Padir\",\"response\":\"3\",\"response_action\":\"keypress(3)\",\"correctResponse\":\"3\",\"ended_on\":\"response\",\"duration\":1543,\"time_run\":75406,\"time_render\":75418,\"time_show\":75434,\"time_end\":76961,\"time_commit\":77100.00000000001,\"timestamp\":\"2021-09-17T18:43:17.538Z\",\"time_switch\":77138},{\"sender\":\"trial_screen\",\"sender_type\":\"canvas.Screen\",\"sender_id\":\"9_22\",\"correct\":true,\"trial_ID\":23,\"word1\":\"Akifer\",\"word2\":\"Fiaker\",\"word3\":\"Kiaffa\",\"word4\":\"Sariffer\",\"word5\":\"Refisker\",\"response\":\"2\",\"response_action\":\"keypress(2)\",\"correctResponse\":\"2\",\"ended_on\":\"response\",\"duration\":3169,\"time_run\":77102,\"time_render\":77122,\"time_show\":77138,\"time_end\":80291,\"time_commit\":80433,\"timestamp\":\"2021-09-17T18:43:20.871Z\",\"time_switch\":80464},{\"sender\":\"trial_screen\",\"sender_type\":\"canvas.Screen\",\"sender_id\":\"9_23\",\"correct\":false,\"trial_ID\":24,\"word1\":\"Kleiber\",\"word2\":\"Beikel\",\"word3\":\"Keibel\",\"word4\":\"Reikler\",\"word5\":\"Biekerl\",\"response\":\"3\",\"response_action\":\"keypress(3)\",\"correctResponse\":\"1\",\"ended_on\":\"response\",\"duration\":2475,\"time_run\":80435,\"time_render\":80448,\"time_show\":80464,\"time_end\":82923,\"time_commit\":83064,\"timestamp\":\"2021-09-17T18:43:23.502Z\",\"time_switch\":83105},{\"sender\":\"trial_screen\",\"sender_type\":\"canvas.Screen\",\"sender_id\":\"9_24\",\"correct\":true,\"trial_ID\":25,\"word1\":\"Ig\u00e4de\",\"word2\":\"D\u00e4gie\",\"word3\":\"\u00c4gide\",\"word4\":\"Dig\u00e4de\",\"word5\":\"Giad\",\"response\":\"3\",\"response_action\":\"keypress(3)\",\"correctResponse\":\"3\",\"ended_on\":\"response\",\"duration\":3608,\"time_run\":83066,\"time_render\":83088,\"time_show\":83105,\"time_end\":86696,\"time_commit\":86835.00000000001,\"timestamp\":\"2021-09-17T18:43:27.273Z\",\"time_switch\":86865},{\"sender\":\"trial_screen\",\"sender_type\":\"canvas.Screen\",\"sender_id\":\"9_25\",\"correct\":true,\"trial_ID\":26,\"word1\":\"Rixal\",\"word2\":\"Irtax\",\"word3\":\"Rackizie\",\"word4\":\"Matrix\",\"word5\":\"Atrige\",\"response\":\"4\",\"response_action\":\"keypress(4)\",\"correctResponse\":\"4\",\"ended_on\":\"response\",\"duration\":1867,\"time_run\":86836,\"time_render\":86848,\"time_show\":86865,\"time_end\":88715,\"time_commit\":88855,\"timestamp\":\"2021-09-17T18:43:29.293Z\",\"time_switch\":88887},{\"sender\":\"trial_screen\",\"sender_type\":\"canvas.Screen\",\"sender_id\":\"9_26\",\"correct\":true,\"trial_ID\":27,\"word1\":\"Haskisch\",\"word2\":\"Asmisch\",\"word3\":\"Schisma\",\"word4\":\"Rasthmie\",\"word5\":\"Ilschah\",\"response\":\"3\",\"response_action\":\"keypress(3)\",\"correctResponse\":\"3\",\"ended_on\":\"response\",\"duration\":2144,\"time_run\":88857,\"time_render\":88870,\"time_show\":88887,\"time_end\":91014,\"time_commit\":91154,\"timestamp\":\"2021-09-17T18:43:31.592Z\",\"time_switch\":91192},{\"sender\":\"trial_screen\",\"sender_type\":\"canvas.Screen\",\"sender_id\":\"9_27\",\"correct\":false,\"trial_ID\":28,\"word1\":\"Sallose\",\"word2\":\"Lordose\",\"word3\":\"Dormase\",\"word4\":\"Rollase\",\"word5\":\"Ardierole\",\"response\":\"4\",\"response_action\":\"keypress(4)\",\"correctResponse\":\"2\",\"ended_on\":\"response\",\"duration\":3142,\"time_run\":91156,\"time_render\":91176,\"time_show\":91192,\"time_end\":94318,\"time_commit\":94459,\"timestamp\":\"2021-09-17T18:43:34.897Z\",\"time_switch\":94501},{\"sender\":\"trial_screen\",\"sender_type\":\"canvas.Screen\",\"sender_id\":\"9_28\",\"correct\":false,\"trial_ID\":29,\"word1\":\"Intranotion\",\"word2\":\"Infranatura\",\"word3\":\"Internodium\",\"word4\":\"Indotalie\",\"word5\":\"Indosta\",\"response\":\"2\",\"response_action\":\"keypress(2)\",\"correctResponse\":\"3\",\"ended_on\":\"response\",\"duration\":2286,\"time_run\":94461,\"time_render\":94485,\"time_show\":94501,\"time_end\":96771,\"time_commit\":96912,\"timestamp\":\"2021-09-17T18:43:37.350Z\",\"time_switch\":96942},{\"sender\":\"trial_screen\",\"sender_type\":\"canvas.Screen\",\"sender_id\":\"9_29\",\"correct\":false,\"trial_ID\":30,\"word1\":\"Idaste\",\"word2\":\"Dastrix\",\"word3\":\"Astike\",\"word4\":\"Sadile\",\"word5\":\"Kasside\",\"response\":\"3\",\"response_action\":\"keypress(3)\",\"correctResponse\":\"5\",\"ended_on\":\"response\",\"duration\":3567,\"time_run\":96914,\"time_render\":96925,\"time_show\":96942,\"time_end\":100492,\"time_commit\":100632,\"timestamp\":\"2021-09-17T18:43:41.070Z\",\"time_switch\":100668},{\"sender\":\"trial_screen\",\"sender_type\":\"canvas.Screen\",\"sender_id\":\"9_30\",\"correct\":true,\"trial_ID\":31,\"word1\":\"Libration\",\"word2\":\"Bilation\",\"word3\":\"Arlation\",\"word4\":\"Iberation\",\"word5\":\"Tiradon\",\"response\":\"1\",\"response_action\":\"keypress(1)\",\"correctResponse\":\"1\",\"ended_on\":\"response\",\"duration\":1280,\"time_run\":100634,\"time_render\":100652,\"time_show\":100668,\"time_end\":101932,\"time_commit\":102072,\"timestamp\":\"2021-09-17T18:43:42.510Z\",\"time_switch\":102106},{\"sender\":\"trial_screen\",\"sender_type\":\"canvas.Screen\",\"sender_id\":\"9_31\",\"correct\":false,\"trial_ID\":32,\"word1\":\"Pucker\",\"word2\":\"Keuper\",\"word3\":\"Eucker\",\"word4\":\"Reuspeck\",\"word5\":\"Urkane\",\"response\":\"3\",\"response_action\":\"keypress(3)\",\"correctResponse\":\"2\",\"ended_on\":\"response\",\"duration\":3846,\"time_run\":102074,\"time_render\":102089,\"time_show\":102106,\"time_end\":105935,\"time_commit\":106074,\"timestamp\":\"2021-09-17T18:43:46.513Z\",\"time_switch\":106116},{\"sender\":\"trial_screen\",\"sender_type\":\"canvas.Screen\",\"sender_id\":\"9_32\",\"correct\":false,\"trial_ID\":33,\"word1\":\"Sickaber\",\"word2\":\"Bassiker\",\"word3\":\"Kassiber\",\"word4\":\"Sassiker\",\"word5\":\"Askiber\",\"response\":\"2\",\"response_action\":\"keypress(2)\",\"correctResponse\":\"3\",\"ended_on\":\"response\",\"duration\":2445,\"time_run\":106076.00000000001,\"time_render\":106100,\"time_show\":106116,\"time_end\":108545,\"time_commit\":108685,\"timestamp\":\"2021-09-17T18:43:49.124Z\",\"time_switch\":108723},{\"sender\":\"trial_screen\",\"sender_type\":\"canvas.Screen\",\"sender_id\":\"9_33\",\"correct\":false,\"trial_ID\":34,\"word1\":\"Alquallon\",\"word2\":\"Lisqualien\",\"word3\":\"Talquallen\",\"word4\":\"Quisquilien\",\"word5\":\"Rielquellen\",\"response\":\"3\",\"response_action\":\"keypress(3)\",\"correctResponse\":\"4\",\"ended_on\":\"response\",\"duration\":2756.0000000000146,\"time_run\":108687,\"time_render\":108707,\"time_show\":108723,\"time_end\":111463.00000000001,\"time_commit\":111603.00000000001,\"timestamp\":\"2021-09-17T18:43:52.042Z\",\"time_switch\":111648},{\"sender\":\"trial_screen\",\"sender_type\":\"canvas.Screen\",\"sender_id\":\"9_34\",\"correct\":false,\"trial_ID\":35,\"word1\":\"Berkiza\",\"word2\":\"Brekzie\",\"word3\":\"Birakzie\",\"word4\":\"Brikazie\",\"word5\":\"Bakiria\",\"response\":\"5\",\"response_action\":\"keypress(5)\",\"correctResponse\":\"2\",\"ended_on\":\"response\",\"duration\":5776,\"time_run\":111605,\"time_render\":111631,\"time_show\":111648,\"time_end\":117407,\"time_commit\":117548,\"timestamp\":\"2021-09-17T18:43:57.987Z\",\"time_switch\":117580},{\"sender\":\"loop_trial\",\"sender_type\":\"flow.Loop\",\"sender_id\":\"9\",\"ended_on\":\"completion\",\"duration\":91405,\"time_run\":25968,\"time_render\":25986,\"time_show\":26002,\"time_end\":117407,\"time_commit\":117548,\"timestamp\":\"2021-09-17T18:43:57.987Z\",\"time_switch\":117580},{\"sender\":\"end_html\",\"sender_type\":\"html.Screen\",\"sender_id\":\"10\",\"ended_on\":\"timeout\",\"duration\":6000,\"time_run\":117549,\"time_render\":117563,\"time_show\":117580,\"time_end\":123562,\"time_commit\":123563,\"timestamp\":\"2021-09-17T18:44:04.002Z\",\"time_switch\":123580},{\"sender\":\"root\",\"sender_type\":\"flow.Sequence\",\"sender_id\":null,\"ended_on\":\"completion\",\"duration\":123157,\"time_run\":398,\"time_render\":401,\"time_show\":405,\"time_end\":123562,\"time_commit\":123563,\"timestamp\":\"2021-09-17T18:44:04.002Z\",\"time_switch\":123580}]",
    "metadata": "{\"slice\":0,\"id\":\"a669aa3f-5fc1-417e-9896-45b419c33bed\",\"payload\":\"full\"}",
    "url": "https://exp01.zih.tu-dresden.de/experiments/spot_a_word_task/"
}