{
    "data": "[{\"url\":{},\"meta\":{\"labjs_version\":\"20.1.1\",\"labjs_build\":{\"flavor\":\"production\",\"commit\":\"cd5695f774968f50499757c1423bd95d033ea08e\"},\"location\":\"https://exp02.zih.tu-dresden.de/experiments/raven_task/\",\"userAgent\":\"Mozilla/5.0 (Windows NT 10.0; Win64; x64) AppleWebKit/537.36 (KHTML, like Gecko) Chrome/92.0.4515.159 Safari/537.36 Edg/92.0.902.78\",\"platform\":\"Win32\",\"language\":\"de\",\"locale\":\"de\",\"timeZone\":\"Europe/Berlin\",\"timezoneOffset\":-120,\"screen_width\":1536,\"screen_height\":864,\"scroll_width\":1519,\"scroll_height\":858,\"window_innerWidth\":1536,\"window_innerHeight\":722,\"devicePixelRatio\":1.25},\"sender\":\"welcome\",\"sender_type\":\"canvas.Screen\",\"sender_id\":\"0\",\"ended_on\":\"timeout\",\"duration\":14460.313999999998,\"time_run\":3698.5,\"time_render\":3647.017,\"time_show\":3696.966,\"time_end\":12260.599999904633,\"time_commit\":12267,\"timestamp\":\"2021-08-23T19:47:53.923Z\",\"time_switch\":18157.28},{\"sender\":\"instructions\",\"sender_type\":\"html.Page\",\"sender_id\":\"1\",\"\":\"\",\"ended_on\":\"form submission\",\"duration\":6154.619999976159,\"time_run\":12267.799999952316,\"time_render\":12260.599999904633,\"time_show\":18157.28,\"time_end\":24311.899999976158,\"time_commit\":24312.399999976158,\"timestamp\":\"2021-08-23T19:48:05.968Z\",\"time_switch\":24347.29},{\"sender\":\"example1\",\"sender_type\":\"canvas.Screen\",\"sender_id\":\"2\",\"response\":\"8\",\"response_action\":\"click(0) @8\",\"correctResponse\":\"8\",\"correct\":true,\"ended_on\":\"response\",\"duration\":7666.809999904632,\"time_run\":24312.799999952316,\"time_render\":24297.799,\"time_show\":24347.29,\"time_end\":32014.099999904633,\"time_commit\":32018.5,\"timestamp\":\"2021-08-23T19:48:13.674Z\",\"time_switch\":32068.413},{\"sender\":\"example1_feedback\",\"sender_type\":\"canvas.Screen\",\"sender_id\":\"3\",\"response\":\"space\",\"response_action\":\"keypress(Space)\",\"ended_on\":\"response\",\"duration\":1673.9869999761577,\"time_run\":32062.899999976158,\"time_render\":32052.012,\"time_show\":32068.413,\"time_end\":33742.39999997616,\"time_commit\":33743.59999990463,\"timestamp\":\"2021-08-23T19:48:15.400Z\",\"time_switch\":33748.998},{\"sender\":\"example2\",\"sender_type\":\"canvas.Screen\",\"sender_id\":\"4\",\"response\":\"4\",\"response_action\":\"click(0) @4\",\"correctResponse\":\"4\",\"correct\":true,\"ended_on\":\"response\",\"duration\":5761.101999904633,\"time_run\":33743.89999997616,\"time_render\":33732.852,\"time_show\":33748.998,\"time_end\":39510.09999990463,\"time_commit\":39511.5,\"timestamp\":\"2021-08-23T19:48:21.168Z\",\"time_switch\":39573.068},{\"sender\":\"example2_feedback\",\"sender_type\":\"canvas.Screen\",\"sender_id\":\"5\",\"response\":\"space\",\"response_action\":\"keypress(Space)\",\"ended_on\":\"response\",\"duration\":2385.4320000000007,\"time_run\":39562,\"time_render\":39556.77,\"time_show\":39573.068,\"time_end\":41958.5,\"time_commit\":41959.39999997616,\"timestamp\":\"2021-08-23T19:48:23.615Z\",\"time_switch\":41969.235},{\"sender\":\"get ready\",\"sender_type\":\"canvas.Screen\",\"sender_id\":\"6\",\"response\":\"Space\",\"response_action\":\"keypress(Space)\",\"ended_on\":\"response\",\"duration\":2493.1649999761576,\"time_run\":41959.59999990463,\"time_render\":41953.197,\"time_show\":41969.235,\"time_end\":44462.39999997616,\"time_commit\":44463.299999952316,\"timestamp\":\"2021-08-23T19:48:26.119Z\",\"time_switch\":44482.039},{\"sender\":\"test01\",\"sender_type\":\"canvas.Screen\",\"sender_id\":\"7_0\",\"response\":\"8\",\"response_action\":\"click(0) @8\",\"correctResponse\":\"7\",\"correct\":false,\"ended_on\":\"response\",\"duration\":10803.76099995232,\"time_run\":44463.59999990463,\"time_render\":44449.122,\"time_show\":44482.039,\"time_end\":55285.799999952316,\"time_commit\":55286.89999997616,\"timestamp\":\"2021-08-23T19:48:36.943Z\",\"time_switch\":55298.088},{\"sender\":\"test02\",\"sender_type\":\"canvas.Screen\",\"sender_id\":\"7_1\",\"response\":\"8\",\"response_action\":\"click(0) @8\",\"correctResponse\":\"4\",\"correct\":false,\"ended_on\":\"response\",\"duration\":19.511999904629192,\"time_run\":55287.09999990463,\"time_render\":55281.742,\"time_show\":55298.088,\"time_end\":55317.59999990463,\"time_commit\":55318.5,\"timestamp\":\"2021-08-23T19:48:36.975Z\",\"time_switch\":55331.289},{\"sender\":\"test03\",\"sender_type\":\"canvas.Screen\",\"sender_id\":\"7_2\",\"response\":\"6\",\"response_action\":\"click(0) @6\",\"correctResponse\":\"6\",\"correct\":true,\"ended_on\":\"response\",\"duration\":24754.910999928477,\"time_run\":55318.59999990463,\"time_render\":55314.652,\"time_show\":55331.289,\"time_end\":80086.19999992847,\"time_commit\":80087.59999990463,\"timestamp\":\"2021-08-23T19:49:01.744Z\",\"time_switch\":80091.967},{\"sender\":\"test04\",\"sender_type\":\"canvas.Screen\",\"sender_id\":\"7_3\",\"response\":\"2\",\"response_action\":\"click(0) @2\",\"correctResponse\":\"2\",\"correct\":true,\"ended_on\":\"response\",\"duration\":20826.13299990463,\"time_run\":80087.89999997616,\"time_render\":80075.834,\"time_show\":80091.967,\"time_end\":100918.09999990463,\"time_commit\":100919.59999990463,\"timestamp\":\"2021-08-23T19:49:22.576Z\",\"time_switch\":100925.294},{\"sender\":\"test05\",\"sender_type\":\"canvas.Screen\",\"sender_id\":\"7_4\",\"response\":\"4\",\"response_action\":\"click(0) @4\",\"correctResponse\":\"4\",\"correct\":true,\"ended_on\":\"response\",\"duration\":10537.206000000006,\"time_run\":100919.89999997616,\"time_render\":100909.039,\"time_show\":100925.294,\"time_end\":111462.5,\"time_commit\":111463.79999995232,\"timestamp\":\"2021-08-23T19:49:33.120Z\",\"time_switch\":111475.3},{\"sender\":\"test06\",\"sender_type\":\"canvas.Screen\",\"sender_id\":\"7_5\",\"response\":\"3\",\"response_action\":\"click(0) @3\",\"correctResponse\":\"7\",\"correct\":false,\"ended_on\":\"response\",\"duration\":16875.39999992847,\"time_run\":111464.09999990463,\"time_render\":111458.946,\"time_show\":111475.3,\"time_end\":128350.69999992847,\"time_commit\":128352.09999990463,\"timestamp\":\"2021-08-23T19:49:50.008Z\",\"time_switch\":128365.027},{\"sender\":\"test07\",\"sender_type\":\"canvas.Screen\",\"sender_id\":\"7_6\",\"response\":\"3\",\"response_action\":\"click(0) @3\",\"correctResponse\":\"8\",\"correct\":false,\"ended_on\":\"response\",\"duration\":17.672999928472564,\"time_run\":128352.29999995232,\"time_render\":128348.418,\"time_show\":128365.027,\"time_end\":128382.69999992847,\"time_commit\":128384.69999992847,\"timestamp\":\"2021-08-23T19:49:50.041Z\",\"time_switch\":128398.304},{\"sender\":\"test08\",\"sender_type\":\"canvas.Screen\",\"sender_id\":\"7_7\",\"response\":\"8\",\"response_action\":\"click(0) @8\",\"correctResponse\":\"7\",\"correct\":false,\"ended_on\":\"response\",\"duration\":26672.89599992847,\"time_run\":128385,\"time_render\":128381.866,\"time_show\":128398.304,\"time_end\":155071.19999992847,\"time_commit\":155072.5,\"timestamp\":\"2021-08-23T19:50:16.728Z\",\"time_switch\":155089.207},{\"sender\":\"test09\",\"sender_type\":\"canvas.Screen\",\"sender_id\":\"7_8\",\"response\":\"8\",\"response_action\":\"click(0) @8\",\"correctResponse\":\"5\",\"correct\":false,\"ended_on\":\"response\",\"duration\":29.293000000005122,\"time_run\":155072.79999995232,\"time_render\":155072.913,\"time_show\":155089.207,\"time_end\":155118.5,\"time_commit\":155119.39999997616,\"timestamp\":\"2021-08-23T19:50:16.775Z\",\"time_switch\":155122.34},{\"sender\":\"test10\",\"sender_type\":\"canvas.Screen\",\"sender_id\":\"7_9\",\"response\":\"7\",\"response_action\":\"click(0) @7\",\"correctResponse\":\"5\",\"correct\":false,\"ended_on\":\"response\",\"duration\":22565.160000000003,\"time_run\":155119.5,\"time_render\":155106.229,\"time_show\":155122.34,\"time_end\":177687.5,\"time_commit\":177688.89999997616,\"timestamp\":\"2021-08-23T19:50:39.345Z\",\"time_switch\":177703.028},{\"sender\":\"test11\",\"sender_type\":\"canvas.Screen\",\"sender_id\":\"7_10\",\"response\":\"7\",\"response_action\":\"click(0) @7\",\"correctResponse\":\"4\",\"correct\":false,\"ended_on\":\"response\",\"duration\":31.37199997616699,\"time_run\":177689,\"time_render\":177686.979,\"time_show\":177703.028,\"time_end\":177734.39999997616,\"time_commit\":177735.09999990463,\"timestamp\":\"2021-08-23T19:50:39.391Z\",\"time_switch\":177753.016},{\"sender\":\"test12\",\"sender_type\":\"canvas.Screen\",\"sender_id\":\"7_11\",\"response\":\"7\",\"response_action\":\"click(0) @7\",\"correctResponse\":\"1\",\"correct\":false,\"ended_on\":\"response\",\"duration\":37.58399990462931,\"time_run\":177735.29999995232,\"time_render\":177719.624,\"time_show\":177753.016,\"time_end\":177790.59999990463,\"time_commit\":177791.5,\"timestamp\":\"2021-08-23T19:50:39.447Z\",\"time_switch\":177819.57},{\"sender\":\"tests (15min)\",\"sender_type\":\"flow.Sequence\",\"sender_id\":\"7\",\"ended_on\":\"completion\",\"duration\":133308.56099990464,\"time_run\":44463.39999997616,\"time_render\":44449.122,\"time_show\":44482.039,\"time_end\":177790.59999990463,\"time_commit\":177793.89999997616,\"timestamp\":\"2021-08-23T19:50:39.450Z\",\"time_switch\":177819.57},{\"sender\":\"good bye\",\"sender_type\":\"canvas.Screen\",\"sender_id\":\"8\",\"ended_on\":\"timeout\",\"duration\":3994.1440000000002,\"time_run\":177794.09999990463,\"time_render\":177802.84,\"time_show\":177819.57,\"time_end\":181796.739,\"time_commit\":181800.19999992847,\"timestamp\":\"2021-08-23T19:50:43.456Z\",\"time_switch\":181813.714},{\"sender\":\"root\",\"sender_type\":\"flow.Sequence\",\"sender_id\":null,\"ended_on\":\"completion\",\"duration\":178099.77300000002,\"time_run\":3698.399999976158,\"time_render\":3647.017,\"time_show\":3696.966,\"time_end\":181796.739,\"time_commit\":181800.79999995232,\"timestamp\":\"2021-08-23T19:50:43.457Z\",\"time_switch\":181813.714}]",
    "metadata": "{\"slice\":0,\"id\":\"cbb691e9-de6f-418d-862c-89278bd5d7c8\",\"payload\":\"full\"}",
    "url": "https://exp02.zih.tu-dresden.de/experiments/raven_task/"
}