{
    "data": "[{\"url\":{},\"meta\":{\"labjs_version\":\"20.1.1\",\"labjs_build\":{\"flavor\":\"production\",\"commit\":\"cd5695f774968f50499757c1423bd95d033ea08e\"},\"location\":\"https://exp02.zih.tu-dresden.de/experiments/spot_a_word_task/\",\"userAgent\":\"Mozilla/5.0 (Windows NT 10.0; Win64; x64) AppleWebKit/537.36 (KHTML, like Gecko) Chrome/92.0.4515.159 Safari/537.36 Edg/92.0.902.78\",\"platform\":\"Win32\",\"language\":\"de\",\"locale\":\"de\",\"timeZone\":\"Europe/Berlin\",\"timezoneOffset\":-120,\"screen_width\":1536,\"screen_height\":864,\"scroll_width\":1536,\"scroll_height\":674,\"window_innerWidth\":1536,\"window_innerHeight\":722,\"devicePixelRatio\":1.25},\"sender\":\"start_html\",\"sender_type\":\"html.Screen\",\"sender_id\":\"0\",\"ended_on\":\"timeout\",\"duration\":6007.052,\"time_run\":2140.7000000476837,\"time_render\":2146.848,\"time_show\":2163.497,\"time_end\":8154.407,\"time_commit\":8158.899999976158,\"timestamp\":\"2021-08-23T19:41:40.173Z\",\"time_switch\":8170.549},{\"sender\":\"manual_html\",\"sender_type\":\"html.Screen\",\"sender_id\":\"1\",\"response\":\"space\",\"response_action\":\"keypress(Space)\",\"ended_on\":\"response\",\"duration\":12781.651000047685,\"time_run\":8159.399999976158,\"time_render\":8154.407,\"time_show\":8170.549,\"time_end\":20952.200000047684,\"time_commit\":20954.799999952316,\"timestamp\":\"2021-08-23T19:41:52.969Z\",\"time_switch\":20966.819},{\"sender\":\"example1_screen\",\"sender_type\":\"canvas.Screen\",\"sender_id\":\"2\",\"response\":\"4\",\"response_action\":\"keypress(4)\",\"correctResponse\":\"4\",\"correct\":true,\"ended_on\":\"response\",\"duration\":3438.381000047684,\"time_run\":20957.100000023842,\"time_render\":20950.587,\"time_show\":20966.819,\"time_end\":24405.200000047684,\"time_commit\":24406.100000023842,\"timestamp\":\"2021-08-23T19:41:56.421Z\",\"time_switch\":24435.056},{\"sender\":\"example1_feedback\",\"sender_type\":\"canvas.Screen\",\"sender_id\":\"3\",\"response\":\"Space\",\"response_action\":\"keypress(Space)\",\"ended_on\":\"response\",\"duration\":1298.1440000476832,\"time_run\":24410.100000023842,\"time_render\":24395.059,\"time_show\":24435.056,\"time_end\":25733.200000047684,\"time_commit\":25734.100000023842,\"timestamp\":\"2021-08-23T19:41:57.740Z\",\"time_switch\":25742.541},{\"sender\":\"example2_screen\",\"sender_type\":\"canvas.Screen\",\"sender_id\":\"4\",\"response\":\"5\",\"response_action\":\"keypress(5)\",\"correctResponse\":\"5\",\"correct\":true,\"ended_on\":\"response\",\"duration\":2566.559000023841,\"time_run\":25738.299999952316,\"time_render\":25726.027,\"time_show\":25742.541,\"time_end\":28309.100000023842,\"time_commit\":28310.100000023842,\"timestamp\":\"2021-08-23T19:42:00.316Z\",\"time_switch\":28321.749},{\"sender\":\"example2_feedback\",\"sender_type\":\"canvas.Screen\",\"sender_id\":\"5\",\"response\":\"Space\",\"response_action\":\"keypress(Space)\",\"ended_on\":\"response\",\"duration\":531.5509999523165,\"time_run\":28313.799999952316,\"time_render\":28305.116,\"time_show\":28321.749,\"time_end\":28853.299999952316,\"time_commit\":28854.200000047684,\"timestamp\":\"2021-08-23T19:42:00.860Z\",\"time_switch\":28870.93},{\"sender\":\"example3_screen\",\"sender_type\":\"canvas.Screen\",\"sender_id\":\"6\",\"response\":\"1\",\"response_action\":\"keypress(1)\",\"correctResponse\":\"1\",\"correct\":true,\"ended_on\":\"response\",\"duration\":1885.869999952316,\"time_run\":28857.899999976158,\"time_render\":28854.591,\"time_show\":28870.93,\"time_end\":30756.799999952316,\"time_commit\":30757.700000047684,\"timestamp\":\"2021-08-23T19:42:02.764Z\",\"time_switch\":30767.972},{\"sender\":\"example3_feedback\",\"sender_type\":\"canvas.Screen\",\"sender_id\":\"7\",\"response\":\"Space\",\"response_action\":\"keypress(Space)\",\"ended_on\":\"response\",\"duration\":367.8279999523147,\"time_run\":30761.100000023842,\"time_render\":30751.341,\"time_show\":30767.972,\"time_end\":31135.799999952316,\"time_commit\":31136.799999952316,\"timestamp\":\"2021-08-23T19:42:03.143Z\",\"time_switch\":31150.627},{\"sender\":\"get_ready_html\",\"sender_type\":\"html.Screen\",\"sender_id\":\"8\",\"response\":\"space\",\"response_action\":\"keypress(Space)\",\"ended_on\":\"response\",\"duration\":2102.4730000238415,\"time_run\":31136.899999976158,\"time_render\":31134.557,\"time_show\":31150.627,\"time_end\":33253.10000002384,\"time_commit\":33254,\"timestamp\":\"2021-08-23T19:42:05.260Z\",\"time_switch\":33305.063},{\"sender\":\"trial_screen\",\"sender_type\":\"canvas.Screen\",\"sender_id\":\"9_0\",\"correct\":true,\"trial_ID\":1,\"word1\":\"siziol\",\"word2\":\"salzahl\",\"word3\":\"sozihl\",\"word4\":\"sziam\",\"word5\":\"sozial\",\"response\":\"5\",\"response_action\":\"keypress(5)\",\"correctResponse\":\"5\",\"ended_on\":\"response\",\"duration\":2460.2369999523144,\"time_run\":33279.700000047684,\"time_render\":33263.917,\"time_show\":33305.063,\"time_end\":35765.299999952316,\"time_commit\":35766.39999997616,\"timestamp\":\"2021-08-23T19:42:07.772Z\",\"time_switch\":35776.522},{\"sender\":\"trial_screen\",\"sender_type\":\"canvas.Screen\",\"sender_id\":\"9_1\",\"correct\":true,\"trial_ID\":2,\"word1\":\"Lamone\",\"word2\":\"Talane\",\"word3\":\"Matrone\",\"word4\":\"Tarone\",\"word5\":\"Malonte\",\"response\":\"3\",\"response_action\":\"keypress(3)\",\"correctResponse\":\"3\",\"ended_on\":\"response\",\"duration\":5623.478000000003,\"time_run\":35770.60000002384,\"time_render\":35760.318,\"time_show\":35776.522,\"time_end\":41400,\"time_commit\":41401.10000002384,\"timestamp\":\"2021-08-23T19:42:13.407Z\",\"time_switch\":41417.887},{\"sender\":\"trial_screen\",\"sender_type\":\"canvas.Screen\",\"sender_id\":\"9_2\",\"correct\":true,\"trial_ID\":3,\"word1\":\"kurinesisch\",\"word2\":\"kulinarisch\",\"word3\":\"kumenisch\",\"word4\":\"kulissarisch\",\"word5\":\"kannastrisch\",\"response\":\"2\",\"response_action\":\"keypress(2)\",\"correctResponse\":\"2\",\"ended_on\":\"response\",\"duration\":1851.2130000238394,\"time_run\":41405.39999997616,\"time_render\":41401.48,\"time_show\":41417.887,\"time_end\":43269.10000002384,\"time_commit\":43270.200000047684,\"timestamp\":\"2021-08-23T19:42:15.276Z\",\"time_switch\":43281.317},{\"sender\":\"trial_screen\",\"sender_type\":\"canvas.Screen\",\"sender_id\":\"9_3\",\"correct\":true,\"trial_ID\":4,\"word1\":\"Tinxur\",\"word2\":\"Kukutur\",\"word3\":\"Fraktan\",\"word4\":\"Tinktur\",\"word5\":\"Rimsuhr\",\"response\":\"4\",\"response_action\":\"keypress(4)\",\"correctResponse\":\"4\",\"ended_on\":\"response\",\"duration\":4124.182999999997,\"time_run\":43273.39999997616,\"time_render\":43265.198,\"time_show\":43281.317,\"time_end\":47405.5,\"time_commit\":47406.39999997616,\"timestamp\":\"2021-08-23T19:42:19.412Z\",\"time_switch\":47425.26},{\"sender\":\"trial_screen\",\"sender_type\":\"canvas.Screen\",\"sender_id\":\"9_4\",\"correct\":true,\"trial_ID\":5,\"word1\":\"beralen\",\"word2\":\"ger\u00e4ltet\",\"word3\":\"an\u00e4lteren\",\"word4\":\"unt\u00e4ren\",\"word5\":\"verbr\u00e4men\",\"response\":\"5\",\"response_action\":\"keypress(5)\",\"correctResponse\":\"5\",\"ended_on\":\"response\",\"duration\":3588.0399999523142,\"time_run\":47409.89999997616,\"time_render\":47407.985,\"time_show\":47425.26,\"time_end\":51013.299999952316,\"time_commit\":51014.5,\"timestamp\":\"2021-08-23T19:42:23.020Z\",\"time_switch\":51051.447},{\"sender\":\"trial_screen\",\"sender_type\":\"canvas.Screen\",\"sender_id\":\"9_5\",\"correct\":true,\"trial_ID\":6,\"word1\":\"Rosto\",\"word2\":\"Torso\",\"word3\":\"Soro\",\"word4\":\"Torgos\",\"word5\":\"Tosor\",\"response\":\"2\",\"response_action\":\"keypress(2)\",\"correctResponse\":\"2\",\"ended_on\":\"response\",\"duration\":2316.6530000238417,\"time_run\":51017.60000002384,\"time_render\":51002.508,\"time_show\":51051.447,\"time_end\":53368.10000002384,\"time_commit\":53369.10000002384,\"timestamp\":\"2021-08-23T19:42:25.375Z\",\"time_switch\":53382.092},{\"sender\":\"trial_screen\",\"sender_type\":\"canvas.Screen\",\"sender_id\":\"9_6\",\"correct\":true,\"trial_ID\":7,\"word1\":\"Redor\",\"word2\":\"Radium\",\"word3\":\"Terion\",\"word4\":\"Dramin\",\"word5\":\"Orakium\",\"response\":\"2\",\"response_action\":\"keypress(2)\",\"correctResponse\":\"2\",\"ended_on\":\"response\",\"duration\":1231.408000000003,\"time_run\":53373.5,\"time_render\":53365.798,\"time_show\":53382.092,\"time_end\":54613.5,\"time_commit\":54614.299999952316,\"timestamp\":\"2021-08-23T19:42:26.620Z\",\"time_switch\":54630.419},{\"sender\":\"trial_screen\",\"sender_type\":\"canvas.Screen\",\"sender_id\":\"9_7\",\"correct\":true,\"trial_ID\":8,\"word1\":\"Nale\",\"word2\":\"Sahe\",\"word3\":\"Nase\",\"word4\":\"Nesa\",\"word5\":\"Sehna\",\"response\":\"3\",\"response_action\":\"keypress(3)\",\"correctResponse\":\"3\",\"ended_on\":\"response\",\"duration\":2535.18100002384,\"time_run\":54616.200000047684,\"time_render\":54613.804,\"time_show\":54630.419,\"time_end\":57165.60000002384,\"time_commit\":57166.60000002384,\"timestamp\":\"2021-08-23T19:42:29.172Z\",\"time_switch\":57175.915},{\"sender\":\"trial_screen\",\"sender_type\":\"canvas.Screen\",\"sender_id\":\"9_8\",\"correct\":true,\"trial_ID\":9,\"word1\":\"Rilkiase\",\"word2\":\"Kilister\",\"word3\":\"Riliker\",\"word4\":\"Klistier\",\"word5\":\"Linkure\",\"response\":\"4\",\"response_action\":\"keypress(4)\",\"correctResponse\":\"4\",\"ended_on\":\"response\",\"duration\":8255.984999976157,\"time_run\":57168.799999952316,\"time_render\":57159.749,\"time_show\":57175.915,\"time_end\":65431.89999997616,\"time_commit\":65432.89999997616,\"timestamp\":\"2021-08-23T19:42:37.439Z\",\"time_switch\":65445.985},{\"sender\":\"trial_screen\",\"sender_type\":\"canvas.Screen\",\"sender_id\":\"9_9\",\"correct\":true,\"trial_ID\":10,\"word1\":\"kentern\",\"word2\":\"knerte\",\"word3\":\"kanzen\",\"word4\":\"kretern\",\"word5\":\"trekern\",\"response\":\"1\",\"response_action\":\"keypress(1)\",\"correctResponse\":\"1\",\"ended_on\":\"response\",\"duration\":2671.6150000238413,\"time_run\":65434.299999952316,\"time_render\":65429.408,\"time_show\":65445.985,\"time_end\":68117.60000002384,\"time_commit\":68118.5,\"timestamp\":\"2021-08-23T19:42:40.124Z\",\"time_switch\":68124.952},{\"sender\":\"trial_screen\",\"sender_type\":\"canvas.Screen\",\"sender_id\":\"9_10\",\"correct\":true,\"trial_ID\":11,\"word1\":\"Sorekin\",\"word2\":\"Sarowin\",\"word3\":\"Rosakin\",\"word4\":\"Narosin\",\"word5\":\"Kerosin\",\"response\":\"5\",\"response_action\":\"keypress(5)\",\"correctResponse\":\"5\",\"ended_on\":\"response\",\"duration\":3400.547999999995,\"time_run\":68121.89999997616,\"time_render\":68108.634,\"time_show\":68124.952,\"time_end\":71525.5,\"time_commit\":71526.5,\"timestamp\":\"2021-08-23T19:42:43.532Z\",\"time_switch\":71536.247},{\"sender\":\"trial_screen\",\"sender_type\":\"canvas.Screen\",\"sender_id\":\"9_11\",\"correct\":true,\"trial_ID\":12,\"word1\":\"Ralke\",\"word2\":\"Korre\",\"word3\":\"Ruckse\",\"word4\":\"Recke\",\"word5\":\"Ulte\",\"response\":\"4\",\"response_action\":\"keypress(4)\",\"correctResponse\":\"4\",\"ended_on\":\"response\",\"duration\":4200.052999952313,\"time_run\":71529.39999997616,\"time_render\":71519.943,\"time_show\":71536.247,\"time_end\":75736.29999995232,\"time_commit\":75737.20000004768,\"timestamp\":\"2021-08-23T19:42:47.743Z\",\"time_switch\":75746.233},{\"sender\":\"trial_screen\",\"sender_type\":\"canvas.Screen\",\"sender_id\":\"9_12\",\"correct\":false,\"trial_ID\":13,\"word1\":\"Kapaun\",\"word2\":\"Paukan\",\"word3\":\"Naupack\",\"word4\":\"Aupeck\",\"word5\":\"Ankepran\",\"response\":\"2\",\"response_action\":\"keypress(2)\",\"correctResponse\":\"1\",\"ended_on\":\"response\",\"duration\":5243.066999952323,\"time_run\":75738.89999997616,\"time_render\":75730.128,\"time_show\":75746.233,\"time_end\":80989.29999995232,\"time_commit\":80990.20000004768,\"timestamp\":\"2021-08-23T19:42:52.996Z\",\"time_switch\":81004.733},{\"sender\":\"trial_screen\",\"sender_type\":\"canvas.Screen\",\"sender_id\":\"9_13\",\"correct\":true,\"trial_ID\":14,\"word1\":\"Dissonanz\",\"word2\":\"Diskrisanz\",\"word3\":\"Distranz\",\"word4\":\"Dinotanz\",\"word5\":\"Sidonenz\",\"response\":\"1\",\"response_action\":\"keypress(1)\",\"correctResponse\":\"1\",\"ended_on\":\"response\",\"duration\":1256.867000023849,\"time_run\":80994.5,\"time_render\":80988.323,\"time_show\":81004.733,\"time_end\":82261.60000002384,\"time_commit\":82262.5,\"timestamp\":\"2021-08-23T19:42:54.268Z\",\"time_switch\":82269.091},{\"sender\":\"trial_screen\",\"sender_type\":\"canvas.Screen\",\"sender_id\":\"9_14\",\"correct\":true,\"trial_ID\":15,\"word1\":\"Kirse\",\"word2\":\"Sirke\",\"word3\":\"Krise\",\"word4\":\"Krospe\",\"word5\":\"Seris\",\"response\":\"3\",\"response_action\":\"keypress(3)\",\"correctResponse\":\"3\",\"ended_on\":\"response\",\"duration\":2200.308999976158,\"time_run\":82265.70000004768,\"time_render\":82252.573,\"time_show\":82269.091,\"time_end\":84469.39999997616,\"time_commit\":84470.39999997616,\"timestamp\":\"2021-08-23T19:42:56.476Z\",\"time_switch\":84482.559},{\"sender\":\"trial_screen\",\"sender_type\":\"canvas.Screen\",\"sender_id\":\"9_15\",\"correct\":true,\"trial_ID\":16,\"word1\":\"Tume\",\"word2\":\"Umat\",\"word3\":\"Maut\",\"word4\":\"Taum\",\"word5\":\"Muta\",\"response\":\"3\",\"response_action\":\"keypress(3)\",\"correctResponse\":\"3\",\"ended_on\":\"response\",\"duration\":2333.64100004769,\"time_run\":84473.10000002384,\"time_render\":84466.223,\"time_show\":84482.559,\"time_end\":86816.20000004768,\"time_commit\":86817.20000004768,\"timestamp\":\"2021-08-23T19:42:58.831Z\",\"time_switch\":86828.545},{\"sender\":\"trial_screen\",\"sender_type\":\"canvas.Screen\",\"sender_id\":\"9_16\",\"correct\":false,\"trial_ID\":17,\"word1\":\"Tuhl\",\"word2\":\"Lar\",\"word3\":\"Lest\",\"word4\":\"Dall\",\"word5\":\"Lid\",\"response\":\"3\",\"response_action\":\"keypress(3)\",\"correctResponse\":\"5\",\"ended_on\":\"response\",\"duration\":3409.0550000238436,\"time_run\":86819.89999997616,\"time_render\":86812.481,\"time_show\":86828.545,\"time_end\":90237.60000002384,\"time_commit\":90238.29999995232,\"timestamp\":\"2021-08-23T19:43:02.253Z\",\"time_switch\":90256.896},{\"sender\":\"trial_screen\",\"sender_type\":\"canvas.Screen\",\"sender_id\":\"9_17\",\"correct\":false,\"trial_ID\":18,\"word1\":\"Adept\",\"word2\":\"Padet\",\"word3\":\"Edapt\",\"word4\":\"Epatt\",\"word5\":\"Taped\",\"response\":\"5\",\"response_action\":\"keypress(5)\",\"correctResponse\":\"1\",\"ended_on\":\"response\",\"duration\":4404.80400004769,\"time_run\":90241,\"time_render\":90240.293,\"time_show\":90256.896,\"time_end\":94661.70000004768,\"time_commit\":94662.70000004768,\"timestamp\":\"2021-08-23T19:43:06.677Z\",\"time_switch\":94682.675},{\"sender\":\"trial_screen\",\"sender_type\":\"canvas.Screen\",\"sender_id\":\"9_18\",\"correct\":true,\"trial_ID\":19,\"word1\":\"Spirine\",\"word2\":\"Saprin\",\"word3\":\"Parsin\",\"word4\":\"Purin\",\"word5\":\"Asprint\",\"response\":\"4\",\"response_action\":\"keypress(4)\",\"correctResponse\":\"4\",\"ended_on\":\"response\",\"duration\":3627.925000023839,\"time_run\":94666,\"time_render\":94649.978,\"time_show\":94682.675,\"time_end\":98310.60000002384,\"time_commit\":98311.10000002384,\"timestamp\":\"2021-08-23T19:43:10.325Z\",\"time_switch\":98326.991},{\"sender\":\"trial_screen\",\"sender_type\":\"canvas.Screen\",\"sender_id\":\"9_19\",\"correct\":true,\"trial_ID\":20,\"word1\":\"Kulon\",\"word2\":\"Solgun\",\"word3\":\"Koskan\",\"word4\":\"Soran\",\"word5\":\"Klonus\",\"response\":\"5\",\"response_action\":\"keypress(5)\",\"correctResponse\":\"5\",\"ended_on\":\"response\",\"duration\":4726.709000047689,\"time_run\":98312.5,\"time_render\":98310.224,\"time_show\":98326.991,\"time_end\":103053.70000004768,\"time_commit\":103054.70000004768,\"timestamp\":\"2021-08-23T19:43:15.069Z\",\"time_switch\":103069.675},{\"sender\":\"trial_screen\",\"sender_type\":\"canvas.Screen\",\"sender_id\":\"9_20\",\"correct\":false,\"trial_ID\":21,\"word1\":\"Tronke\",\"word2\":\"Nocktherm\",\"word3\":\"Teronk\",\"word4\":\"Komtur\",\"word5\":\"Rocktur\",\"response\":\"1\",\"response_action\":\"keypress(1)\",\"correctResponse\":\"4\",\"ended_on\":\"response\",\"duration\":3328.324999999997,\"time_run\":103057.39999997616,\"time_render\":103052.951,\"time_show\":103069.675,\"time_end\":106398,\"time_commit\":106398.89999997616,\"timestamp\":\"2021-08-23T19:43:18.413Z\",\"time_switch\":106414.575},{\"sender\":\"trial_screen\",\"sender_type\":\"canvas.Screen\",\"sender_id\":\"9_21\",\"correct\":true,\"trial_ID\":22,\"word1\":\"Ripat\",\"word2\":\"Patinatte\",\"word3\":\"Tapir\",\"word4\":\"Apitt\",\"word5\":\"Padir\",\"response\":\"3\",\"response_action\":\"keypress(3)\",\"correctResponse\":\"3\",\"ended_on\":\"response\",\"duration\":2489.5250000238448,\"time_run\":106401.60000002384,\"time_render\":106397.922,\"time_show\":106414.575,\"time_end\":108904.10000002384,\"time_commit\":108905,\"timestamp\":\"2021-08-23T19:43:20.919Z\",\"time_switch\":108933.41},{\"sender\":\"trial_screen\",\"sender_type\":\"canvas.Screen\",\"sender_id\":\"9_22\",\"correct\":false,\"trial_ID\":23,\"word1\":\"Akifer\",\"word2\":\"Fiaker\",\"word3\":\"Kiaffa\",\"word4\":\"Sariffer\",\"word5\":\"Refisker\",\"response\":\"4\",\"response_action\":\"keypress(4)\",\"correctResponse\":\"2\",\"ended_on\":\"response\",\"duration\":3152.4899999761546,\"time_run\":108908.5,\"time_render\":108893.697,\"time_show\":108933.41,\"time_end\":112085.89999997616,\"time_commit\":112086.70000004768,\"timestamp\":\"2021-08-23T19:43:24.101Z\",\"time_switch\":112105.572},{\"sender\":\"trial_screen\",\"sender_type\":\"canvas.Screen\",\"sender_id\":\"9_23\",\"correct\":true,\"trial_ID\":24,\"word1\":\"Kleiber\",\"word2\":\"Beikel\",\"word3\":\"Keibel\",\"word4\":\"Reikler\",\"word5\":\"Biekerl\",\"response\":\"1\",\"response_action\":\"keypress(1)\",\"correctResponse\":\"1\",\"ended_on\":\"response\",\"duration\":3900.727999952316,\"time_run\":112089.60000002384,\"time_render\":112088.762,\"time_show\":112105.572,\"time_end\":116006.29999995232,\"time_commit\":116007.10000002384,\"timestamp\":\"2021-08-23T19:43:28.021Z\",\"time_switch\":116015.363},{\"sender\":\"trial_screen\",\"sender_type\":\"canvas.Screen\",\"sender_id\":\"9_24\",\"correct\":false,\"trial_ID\":25,\"word1\":\"Ig\u00e4de\",\"word2\":\"D\u00e4gie\",\"word3\":\"\u00c4gide\",\"word4\":\"Dig\u00e4de\",\"word5\":\"Giad\",\"response\":\"5\",\"response_action\":\"keypress(5)\",\"correctResponse\":\"3\",\"ended_on\":\"response\",\"duration\":3193.1370000000024,\"time_run\":116009.79999995232,\"time_render\":115998.963,\"time_show\":116015.363,\"time_end\":119208.5,\"time_commit\":119209.5,\"timestamp\":\"2021-08-23T19:43:31.224Z\",\"time_switch\":119227.455},{\"sender\":\"trial_screen\",\"sender_type\":\"canvas.Screen\",\"sender_id\":\"9_25\",\"correct\":true,\"trial_ID\":26,\"word1\":\"Rixal\",\"word2\":\"Irtax\",\"word3\":\"Rackizie\",\"word4\":\"Matrix\",\"word5\":\"Atrige\",\"response\":\"4\",\"response_action\":\"keypress(4)\",\"correctResponse\":\"4\",\"ended_on\":\"response\",\"duration\":2730.3449999523145,\"time_run\":119211.29999995232,\"time_render\":119210.837,\"time_show\":119227.455,\"time_end\":121957.79999995232,\"time_commit\":121958.70000004768,\"timestamp\":\"2021-08-23T19:43:33.973Z\",\"time_switch\":121972.552},{\"sender\":\"trial_screen\",\"sender_type\":\"canvas.Screen\",\"sender_id\":\"9_26\",\"correct\":false,\"trial_ID\":27,\"word1\":\"Haskisch\",\"word2\":\"Asmisch\",\"word3\":\"Schisma\",\"word4\":\"Rasthmie\",\"word5\":\"Ilschah\",\"response\":\"1\",\"response_action\":\"keypress(1)\",\"correctResponse\":\"3\",\"ended_on\":\"response\",\"duration\":3681.448000000004,\"time_run\":121961.89999997616,\"time_render\":121956.421,\"time_show\":121972.552,\"time_end\":125654,\"time_commit\":125654.79999995232,\"timestamp\":\"2021-08-23T19:43:37.669Z\",\"time_switch\":125666.681},{\"sender\":\"trial_screen\",\"sender_type\":\"canvas.Screen\",\"sender_id\":\"9_27\",\"correct\":true,\"trial_ID\":28,\"word1\":\"Sallose\",\"word2\":\"Lordose\",\"word3\":\"Dormase\",\"word4\":\"Rollase\",\"word5\":\"Ardierole\",\"response\":\"2\",\"response_action\":\"keypress(2)\",\"correctResponse\":\"2\",\"ended_on\":\"response\",\"duration\":1987.419000023845,\"time_run\":125657.60000002384,\"time_render\":125650.56,\"time_show\":125666.681,\"time_end\":127654.10000002384,\"time_commit\":127654.89999997616,\"timestamp\":\"2021-08-23T19:43:39.669Z\",\"time_switch\":127663.844},{\"sender\":\"trial_screen\",\"sender_type\":\"canvas.Screen\",\"sender_id\":\"9_28\",\"correct\":false,\"trial_ID\":29,\"word1\":\"Intranotion\",\"word2\":\"Infranatura\",\"word3\":\"Internodium\",\"word4\":\"Indotalie\",\"word5\":\"Indosta\",\"response\":\"1\",\"response_action\":\"keypress(1)\",\"correctResponse\":\"3\",\"ended_on\":\"response\",\"duration\":3472.6560000000027,\"time_run\":127657.70000004768,\"time_render\":127647.33,\"time_show\":127663.844,\"time_end\":131136.5,\"time_commit\":131137.39999997616,\"timestamp\":\"2021-08-23T19:43:43.152Z\",\"time_switch\":131141.251},{\"sender\":\"trial_screen\",\"sender_type\":\"canvas.Screen\",\"sender_id\":\"9_29\",\"correct\":true,\"trial_ID\":30,\"word1\":\"Idaste\",\"word2\":\"Dastrix\",\"word3\":\"Astike\",\"word4\":\"Sadile\",\"word5\":\"Kasside\",\"response\":\"5\",\"response_action\":\"keypress(5)\",\"correctResponse\":\"5\",\"ended_on\":\"response\",\"duration\":3257.048999952327,\"time_run\":131138.70000004768,\"time_render\":131125.086,\"time_show\":131141.251,\"time_end\":134398.29999995232,\"time_commit\":134399.20000004768,\"timestamp\":\"2021-08-23T19:43:46.413Z\",\"time_switch\":134419.983},{\"sender\":\"trial_screen\",\"sender_type\":\"canvas.Screen\",\"sender_id\":\"9_30\",\"correct\":true,\"trial_ID\":31,\"word1\":\"Libration\",\"word2\":\"Bilation\",\"word3\":\"Arlation\",\"word4\":\"Iberation\",\"word5\":\"Tiradon\",\"response\":\"1\",\"response_action\":\"keypress(1)\",\"correctResponse\":\"1\",\"ended_on\":\"response\",\"duration\":3346.2170000476763,\"time_run\":134402.5,\"time_render\":134386.897,\"time_show\":134419.983,\"time_end\":137766.20000004768,\"time_commit\":137767,\"timestamp\":\"2021-08-23T19:43:49.781Z\",\"time_switch\":137781.199},{\"sender\":\"trial_screen\",\"sender_type\":\"canvas.Screen\",\"sender_id\":\"9_31\",\"correct\":true,\"trial_ID\":32,\"word1\":\"Pucker\",\"word2\":\"Keuper\",\"word3\":\"Eucker\",\"word4\":\"Reuspeck\",\"word5\":\"Urkane\",\"response\":\"2\",\"response_action\":\"keypress(2)\",\"correctResponse\":\"2\",\"ended_on\":\"response\",\"duration\":3507.3010000000068,\"time_run\":137769.79999995232,\"time_render\":137764.514,\"time_show\":137781.199,\"time_end\":141288.5,\"time_commit\":141289.39999997616,\"timestamp\":\"2021-08-23T19:43:53.304Z\",\"time_switch\":141308.609},{\"sender\":\"trial_screen\",\"sender_type\":\"canvas.Screen\",\"sender_id\":\"9_32\",\"correct\":true,\"trial_ID\":33,\"word1\":\"Sickaber\",\"word2\":\"Bassiker\",\"word3\":\"Kassiber\",\"word4\":\"Sassiker\",\"word5\":\"Askiber\",\"response\":\"3\",\"response_action\":\"keypress(3)\",\"correctResponse\":\"3\",\"ended_on\":\"response\",\"duration\":1889.6909999523195,\"time_run\":141292,\"time_render\":141292.038,\"time_show\":141308.609,\"time_end\":143198.29999995232,\"time_commit\":143199.20000004768,\"timestamp\":\"2021-08-23T19:43:55.213Z\",\"time_switch\":143205.358},{\"sender\":\"trial_screen\",\"sender_type\":\"canvas.Screen\",\"sender_id\":\"9_33\",\"correct\":false,\"trial_ID\":34,\"word1\":\"Alquallon\",\"word2\":\"Lisqualien\",\"word3\":\"Talquallen\",\"word4\":\"Quisquilien\",\"word5\":\"Rielquellen\",\"response\":\"5\",\"response_action\":\"keypress(5)\",\"correctResponse\":\"4\",\"ended_on\":\"response\",\"duration\":3536.8420000476763,\"time_run\":143201.89999997616,\"time_render\":143189.266,\"time_show\":143205.358,\"time_end\":146742.20000004768,\"time_commit\":146743.10000002384,\"timestamp\":\"2021-08-23T19:43:58.757Z\",\"time_switch\":146749.704},{\"sender\":\"trial_screen\",\"sender_type\":\"canvas.Screen\",\"sender_id\":\"9_34\",\"correct\":false,\"trial_ID\":35,\"word1\":\"Berkiza\",\"word2\":\"Brekzie\",\"word3\":\"Birakzie\",\"word4\":\"Brikazie\",\"word5\":\"Bakiria\",\"response\":\"3\",\"response_action\":\"keypress(3)\",\"correctResponse\":\"2\",\"ended_on\":\"response\",\"duration\":1792.396000023844,\"time_run\":146746.39999997616,\"time_render\":146733.131,\"time_show\":146749.704,\"time_end\":148542.10000002384,\"time_commit\":148543,\"timestamp\":\"2021-08-23T19:44:00.557Z\",\"time_switch\":148564.111},{\"sender\":\"loop_trial\",\"sender_type\":\"flow.Loop\",\"sender_id\":\"9\",\"ended_on\":\"completion\",\"duration\":115237.03700002385,\"time_run\":33277.89999997616,\"time_render\":33263.917,\"time_show\":33305.063,\"time_end\":148542.10000002384,\"time_commit\":148546.5,\"timestamp\":\"2021-08-23T19:44:00.560Z\",\"time_switch\":148564.111},{\"sender\":\"end_html\",\"sender_type\":\"html.Screen\",\"sender_id\":\"10\",\"ended_on\":\"timeout\",\"duration\":6006.7850000000035,\"time_run\":148546.70000004768,\"time_render\":148546.958,\"time_show\":148564.111,\"time_end\":154553.993,\"time_commit\":154557.89999997616,\"timestamp\":\"2021-08-23T19:44:06.572Z\",\"time_switch\":154570.896},{\"sender\":\"root\",\"sender_type\":\"flow.Sequence\",\"sender_id\":null,\"ended_on\":\"completion\",\"duration\":152390.49599999998,\"time_run\":2140.5,\"time_render\":2146.848,\"time_show\":2163.497,\"time_end\":154553.993,\"time_commit\":154558.5,\"timestamp\":\"2021-08-23T19:44:06.572Z\",\"time_switch\":154570.896}]",
    "metadata": "{\"slice\":0,\"id\":\"ed381002-ac76-4cdf-ac6d-67e7a370b95c\",\"payload\":\"full\"}",
    "url": "https://exp02.zih.tu-dresden.de/experiments/spot_a_word_task/"
}