{
    "data": "[{\"url\":{},\"meta\":{\"labjs_version\":\"20.1.1\",\"labjs_build\":{\"flavor\":\"production\",\"commit\":\"cd5695f774968f50499757c1423bd95d033ea08e\"},\"location\":\"https://exp01.zih.tu-dresden.de/experiments/raven_task/\",\"userAgent\":\"Mozilla/5.0 (X11; Linux x86_64) AppleWebKit/537.36 (KHTML, like Gecko) Chrome/91.0.4472.114 Safari/537.36\",\"platform\":\"Linux x86_64\",\"language\":\"de-DE\",\"locale\":\"de\",\"timeZone\":\"Europe/Berlin\",\"timezoneOffset\":-120,\"screen_width\":1920,\"screen_height\":1200,\"scroll_width\":1920,\"scroll_height\":1048,\"window_innerWidth\":1920,\"window_innerHeight\":1096,\"devicePixelRatio\":1},\"sender\":\"welcome\",\"sender_type\":\"canvas.Screen\",\"sender_id\":\"0\",\"ended_on\":\"timeout\",\"duration\":7995.302,\"time_run\":2361.699999999255,\"time_render\":2303.207,\"time_show\":2353.208,\"time_end\":10331.843,\"time_commit\":10336.199999999255,\"timestamp\":\"2021-07-18T19:31:46.927Z\",\"time_switch\":10348.51},{\"sender\":\"instructions\",\"sender_type\":\"html.Page\",\"sender_id\":\"1\",\"response\":\"Space\",\"response_action\":\"keypress(Space)\",\"ended_on\":\"response\",\"duration\":33825.089999999625,\"time_run\":10336.5,\"time_render\":10331.843,\"time_show\":10348.51,\"time_end\":44173.59999999963,\"time_commit\":44184.40000000037,\"timestamp\":\"2021-07-18T19:32:20.775Z\",\"time_switch\":44256.557},{\"sender\":\"example1\",\"sender_type\":\"canvas.Screen\",\"sender_id\":\"2\",\"response\":\"8\",\"response_action\":\"click(0) @8\",\"correctResponse\":\"8\",\"correct\":true,\"ended_on\":\"response\",\"duration\":5507.042999999627,\"time_run\":44185.199999999255,\"time_render\":44173.222,\"time_show\":44256.557,\"time_end\":49763.59999999963,\"time_commit\":49771.79999999888,\"timestamp\":\"2021-07-18T19:32:26.363Z\",\"time_switch\":49855.085},{\"sender\":\"example1_feedback\",\"sender_type\":\"canvas.Screen\",\"sender_id\":\"3\",\"response\":\"space\",\"response_action\":\"keypress(Space)\",\"ended_on\":\"response\",\"duration\":1998.5149999996283,\"time_run\":49826,\"time_render\":49821.751,\"time_show\":49855.085,\"time_end\":51853.59999999963,\"time_commit\":51857.79999999888,\"timestamp\":\"2021-07-18T19:32:28.449Z\",\"time_switch\":51891.947},{\"sender\":\"example2\",\"sender_type\":\"canvas.Screen\",\"sender_id\":\"4\",\"response\":\"4\",\"response_action\":\"click(0) @4\",\"correctResponse\":\"4\",\"correct\":true,\"ended_on\":\"response\",\"duration\":9551.652999999627,\"time_run\":51858.199999999255,\"time_render\":51858.613,\"time_show\":51891.947,\"time_end\":61443.59999999963,\"time_commit\":61447.09999999963,\"timestamp\":\"2021-07-18T19:32:38.038Z\",\"time_switch\":61537.328},{\"sender\":\"example2_feedback\",\"sender_type\":\"canvas.Screen\",\"sender_id\":\"5\",\"response\":\"space\",\"response_action\":\"keypress(Space)\",\"ended_on\":\"response\",\"duration\":861.2719999996261,\"time_run\":61502.59999999963,\"time_render\":61487.327,\"time_show\":61537.328,\"time_end\":62398.59999999963,\"time_commit\":62402.29999999888,\"timestamp\":\"2021-07-18T19:32:38.993Z\",\"time_switch\":62414.614},{\"sender\":\"get ready\",\"sender_type\":\"canvas.Screen\",\"sender_id\":\"6\",\"response\":\"Space\",\"response_action\":\"keypress(Space)\",\"ended_on\":\"response\",\"duration\":8400.985999999626,\"time_run\":62402.79999999888,\"time_render\":62397.947,\"time_show\":62414.614,\"time_end\":70815.59999999963,\"time_commit\":70819,\"timestamp\":\"2021-07-18T19:32:47.410Z\",\"time_switch\":70846.027},{\"sender\":\"test01\",\"sender_type\":\"canvas.Screen\",\"sender_id\":\"7_0\",\"response\":\"7\",\"response_action\":\"click(0) @7\",\"correctResponse\":\"7\",\"correct\":true,\"ended_on\":\"response\",\"duration\":4980.572999999626,\"time_run\":70819.90000000037,\"time_render\":70812.693,\"time_show\":70846.027,\"time_end\":75826.59999999963,\"time_commit\":75830.19999999925,\"timestamp\":\"2021-07-18T19:32:52.421Z\",\"time_switch\":75859.592},{\"sender\":\"test02\",\"sender_type\":\"canvas.Screen\",\"sender_id\":\"7_1\",\"response\":\"7\",\"response_action\":\"click(0) @7\",\"correctResponse\":\"4\",\"correct\":false,\"ended_on\":\"response\",\"duration\":4911.007999999623,\"time_run\":75830.69999999925,\"time_render\":75826.258,\"time_show\":75859.592,\"time_end\":80770.59999999963,\"time_commit\":80774.79999999888,\"timestamp\":\"2021-07-18T19:32:57.366Z\",\"time_switch\":80814.526},{\"sender\":\"test03\",\"sender_type\":\"canvas.Screen\",\"sender_id\":\"7_2\",\"response\":\"1\",\"response_action\":\"click(0) @1\",\"correctResponse\":\"6\",\"correct\":false,\"ended_on\":\"response\",\"duration\":18948.07399999963,\"time_run\":80775.5,\"time_render\":80764.525,\"time_show\":80814.526,\"time_end\":99762.59999999963,\"time_commit\":99766.19999999925,\"timestamp\":\"2021-07-18T19:33:16.357Z\",\"time_switch\":99803.27},{\"sender\":\"test04\",\"sender_type\":\"canvas.Screen\",\"sender_id\":\"7_3\",\"response\":\"6\",\"response_action\":\"click(0) @6\",\"correctResponse\":\"2\",\"correct\":false,\"ended_on\":\"response\",\"duration\":7607.329999999623,\"time_run\":99767.19999999925,\"time_render\":99753.269,\"time_show\":99803.27,\"time_end\":107410.59999999963,\"time_commit\":107414.69999999925,\"timestamp\":\"2021-07-18T19:33:24.006Z\",\"time_switch\":107458.661},{\"sender\":\"test05\",\"sender_type\":\"canvas.Screen\",\"sender_id\":\"7_4\",\"response\":\"4\",\"response_action\":\"click(0) @4\",\"correctResponse\":\"4\",\"correct\":true,\"ended_on\":\"response\",\"duration\":13487.938999999635,\"time_run\":107415.29999999888,\"time_render\":107408.66,\"time_show\":107458.661,\"time_end\":120946.59999999963,\"time_commit\":120950.09999999963,\"timestamp\":\"2021-07-18T19:33:37.541Z\",\"time_switch\":120974.231},{\"sender\":\"test06\",\"sender_type\":\"canvas.Screen\",\"sender_id\":\"7_5\",\"response\":\"7\",\"response_action\":\"click(0) @7\",\"correctResponse\":\"7\",\"correct\":true,\"ended_on\":\"response\",\"duration\":12292.368999999628,\"time_run\":120950.59999999963,\"time_render\":120940.897,\"time_show\":120974.231,\"time_end\":133266.59999999963,\"time_commit\":133269.90000000037,\"timestamp\":\"2021-07-18T19:33:49.861Z\",\"time_switch\":133292.584},{\"sender\":\"test07\",\"sender_type\":\"canvas.Screen\",\"sender_id\":\"7_6\",\"response\":\"7\",\"response_action\":\"click(0) @7\",\"correctResponse\":\"8\",\"correct\":false,\"ended_on\":\"response\",\"duration\":42301.015999999625,\"time_run\":133270.40000000037,\"time_render\":133259.25,\"time_show\":133292.584,\"time_end\":175593.59999999963,\"time_commit\":175597.29999999888,\"timestamp\":\"2021-07-18T19:34:32.188Z\",\"time_switch\":175631.092},{\"sender\":\"test08\",\"sender_type\":\"canvas.Screen\",\"sender_id\":\"7_7\",\"response\":\"7\",\"response_action\":\"click(0) @7\",\"correctResponse\":\"7\",\"correct\":true,\"ended_on\":\"response\",\"duration\":20810.507999999623,\"time_run\":175597.69999999925,\"time_render\":175597.758,\"time_show\":175631.092,\"time_end\":196441.59999999963,\"time_commit\":196445.19999999925,\"timestamp\":\"2021-07-18T19:34:53.036Z\",\"time_switch\":196481.679},{\"sender\":\"test09\",\"sender_type\":\"canvas.Screen\",\"sender_id\":\"7_8\",\"response\":\"3\",\"response_action\":\"click(0) @3\",\"correctResponse\":\"5\",\"correct\":false,\"ended_on\":\"response\",\"duration\":20471.920999999624,\"time_run\":196445.59999999963,\"time_render\":196431.678,\"time_show\":196481.679,\"time_end\":216953.59999999963,\"time_commit\":216956.5,\"timestamp\":\"2021-07-18T19:35:13.547Z\",\"time_switch\":216982.984},{\"sender\":\"test10\",\"sender_type\":\"canvas.Screen\",\"sender_id\":\"7_9\",\"response\":\"8\",\"response_action\":\"click(0) @8\",\"correctResponse\":\"5\",\"correct\":false,\"ended_on\":\"response\",\"duration\":42969.61599999963,\"time_run\":216956.90000000037,\"time_render\":216949.65,\"time_show\":216982.984,\"time_end\":259952.59999999963,\"time_commit\":259956.29999999888,\"timestamp\":\"2021-07-18T19:35:56.547Z\",\"time_switch\":260002.143},{\"sender\":\"test11\",\"sender_type\":\"canvas.Screen\",\"sender_id\":\"7_10\",\"response\":\"5\",\"response_action\":\"click(0) @5\",\"correctResponse\":\"4\",\"correct\":false,\"ended_on\":\"response\",\"duration\":27550.456999999617,\"time_run\":259956.90000000037,\"time_render\":259952.142,\"time_show\":260002.143,\"time_end\":287552.5999999996,\"time_commit\":287555.7999999989,\"timestamp\":\"2021-07-18T19:36:24.147Z\",\"time_switch\":287584.636},{\"sender\":\"test12\",\"sender_type\":\"canvas.Screen\",\"sender_id\":\"7_11\",\"response\":\"3\",\"response_action\":\"click(0) @3\",\"correctResponse\":\"1\",\"correct\":false,\"ended_on\":\"response\",\"duration\":43094.96399999963,\"time_run\":287556,\"time_render\":287551.302,\"time_show\":287584.636,\"time_end\":330679.5999999996,\"time_commit\":330683.2999999989,\"timestamp\":\"2021-07-18T19:37:07.274Z\",\"time_switch\":330703.86},{\"sender\":\"tests (15min)\",\"sender_type\":\"flow.Sequence\",\"sender_id\":\"7\",\"ended_on\":\"completion\",\"duration\":259833.57299999963,\"time_run\":70819.59999999963,\"time_render\":70812.693,\"time_show\":70846.027,\"time_end\":330679.5999999996,\"time_commit\":330689.69999999925,\"timestamp\":\"2021-07-18T19:37:07.281Z\",\"time_switch\":330703.86},{\"sender\":\"good bye\",\"sender_type\":\"canvas.Screen\",\"sender_id\":\"8\",\"ended_on\":\"timeout\",\"duration\":3998.445000000007,\"time_run\":330690.0999999996,\"time_render\":330687.193,\"time_show\":330703.86,\"time_end\":334685.638,\"time_commit\":334688.2999999989,\"timestamp\":\"2021-07-18T19:37:11.279Z\",\"time_switch\":334702.305},{\"sender\":\"root\",\"sender_type\":\"flow.Sequence\",\"sender_id\":null,\"ended_on\":\"completion\",\"duration\":332332.43,\"time_run\":2361.5,\"time_render\":2303.207,\"time_show\":2353.208,\"time_end\":334685.638,\"time_commit\":334689.5,\"timestamp\":\"2021-07-18T19:37:11.280Z\",\"time_switch\":334702.305}]",
    "metadata": "{\"slice\":0,\"id\":\"774072d8-5760-4b06-8b9c-b70281a8ab05\",\"payload\":\"full\"}",
    "url": "https://exp01.zih.tu-dresden.de/experiments/raven_task/"
}