{
    "data": "[{\"url\":{},\"meta\":{\"labjs_version\":\"20.1.1\",\"labjs_build\":{\"flavor\":\"production\",\"commit\":\"cd5695f774968f50499757c1423bd95d033ea08e\"},\"location\":\"https://exp01.zih.tu-dresden.de/experiments/spot_a_word_task/\",\"userAgent\":\"Mozilla/5.0 (X11; Linux x86_64) AppleWebKit/537.36 (KHTML, like Gecko) Chrome/91.0.4472.114 Safari/537.36\",\"platform\":\"Linux x86_64\",\"language\":\"de-DE\",\"locale\":\"de\",\"timeZone\":\"Europe/Berlin\",\"timezoneOffset\":-120,\"screen_width\":1920,\"screen_height\":1200,\"scroll_width\":1920,\"scroll_height\":1048,\"window_innerWidth\":1920,\"window_innerHeight\":1096,\"devicePixelRatio\":1},\"sender\":\"start_html\",\"sender_type\":\"html.Screen\",\"sender_id\":\"0\",\"ended_on\":\"timeout\",\"duration\":6007.857,\"time_run\":568.9000000003725,\"time_render\":535.679,\"time_show\":569.013,\"time_end\":6560.203,\"time_commit\":6569.9000000003725,\"timestamp\":\"2021-07-18T19:23:36.586Z\",\"time_switch\":6576.87},{\"sender\":\"manual_html\",\"sender_type\":\"html.Screen\",\"sender_id\":\"1\",\"response\":\"space\",\"response_action\":\"keypress(Space)\",\"ended_on\":\"response\",\"duration\":30037.22999999963,\"time_run\":6571.0999999996275,\"time_render\":6560.203,\"time_show\":6576.87,\"time_end\":36614.09999999963,\"time_commit\":36624,\"timestamp\":\"2021-07-18T19:24:06.640Z\",\"time_switch\":36628.105},{\"sender\":\"example1_screen\",\"sender_type\":\"canvas.Screen\",\"sender_id\":\"2\",\"response\":\"4\",\"response_action\":\"keypress(4)\",\"correctResponse\":\"4\",\"correct\":true,\"ended_on\":\"response\",\"duration\":4497.994999999624,\"time_run\":36633.59999999963,\"time_render\":36611.438,\"time_show\":36628.105,\"time_end\":41126.09999999963,\"time_commit\":41134.29999999888,\"timestamp\":\"2021-07-18T19:24:11.151Z\",\"time_switch\":41151.248},{\"sender\":\"example1_feedback\",\"sender_type\":\"canvas.Screen\",\"sender_id\":\"3\",\"response\":\"Space\",\"response_action\":\"keypress(Space)\",\"ended_on\":\"response\",\"duration\":1974.8519999996279,\"time_run\":41140.59999999963,\"time_render\":41134.581,\"time_show\":41151.248,\"time_end\":43126.09999999963,\"time_commit\":43130.09999999963,\"timestamp\":\"2021-07-18T19:24:13.147Z\",\"time_switch\":43140.707},{\"sender\":\"example2_screen\",\"sender_type\":\"canvas.Screen\",\"sender_id\":\"4\",\"response\":\"5\",\"response_action\":\"keypress(5)\",\"correctResponse\":\"5\",\"correct\":true,\"ended_on\":\"response\",\"duration\":3922.3929999996253,\"time_run\":43139.59999999963,\"time_render\":43124.04,\"time_show\":43140.707,\"time_end\":47063.09999999963,\"time_commit\":47067.90000000037,\"timestamp\":\"2021-07-18T19:24:17.084Z\",\"time_switch\":47086.043},{\"sender\":\"example2_feedback\",\"sender_type\":\"canvas.Screen\",\"sender_id\":\"5\",\"response\":\"Space\",\"response_action\":\"keypress(Space)\",\"ended_on\":\"response\",\"duration\":3193.0569999996296,\"time_run\":47076.40000000037,\"time_render\":47069.376,\"time_show\":47086.043,\"time_end\":50279.09999999963,\"time_commit\":50282.79999999888,\"timestamp\":\"2021-07-18T19:24:20.299Z\",\"time_switch\":50293.487},{\"sender\":\"example3_screen\",\"sender_type\":\"canvas.Screen\",\"sender_id\":\"6\",\"response\":\"1\",\"response_action\":\"keypress(1)\",\"correctResponse\":\"1\",\"correct\":true,\"ended_on\":\"response\",\"duration\":3617.6129999996265,\"time_run\":50291,\"time_render\":50276.82,\"time_show\":50293.487,\"time_end\":53911.09999999963,\"time_commit\":53914.90000000037,\"timestamp\":\"2021-07-18T19:24:23.931Z\",\"time_switch\":53936.005},{\"sender\":\"example3_feedback\",\"sender_type\":\"canvas.Screen\",\"sender_id\":\"7\",\"response\":\"Space\",\"response_action\":\"keypress(Space)\",\"ended_on\":\"response\",\"duration\":1015.0949999996301,\"time_run\":53922.29999999888,\"time_render\":53919.338,\"time_show\":53936.005,\"time_end\":54951.09999999963,\"time_commit\":54955.40000000037,\"timestamp\":\"2021-07-18T19:24:24.972Z\",\"time_switch\":54977.482},{\"sender\":\"get_ready_html\",\"sender_type\":\"html.Screen\",\"sender_id\":\"8\",\"response\":\"space\",\"response_action\":\"keypress(Space)\",\"ended_on\":\"response\",\"duration\":19207.617999999624,\"time_run\":54956.09999999963,\"time_render\":54960.815,\"time_show\":54977.482,\"time_end\":74185.09999999963,\"time_commit\":74189.19999999925,\"timestamp\":\"2021-07-18T19:24:44.206Z\",\"time_switch\":74258.72},{\"sender\":\"trial_screen\",\"sender_type\":\"canvas.Screen\",\"sender_id\":\"9_0\",\"correct\":true,\"trial_ID\":1,\"word1\":\"siziol\",\"word2\":\"salzahl\",\"word3\":\"sozihl\",\"word4\":\"sziam\",\"word5\":\"sozial\",\"response\":\"5\",\"response_action\":\"keypress(5)\",\"correctResponse\":\"5\",\"ended_on\":\"response\",\"duration\":3302.3799999996263,\"time_run\":74242.09999999963,\"time_render\":74242.053,\"time_show\":74258.72,\"time_end\":77561.09999999963,\"time_commit\":77565.19999999925,\"timestamp\":\"2021-07-18T19:24:47.582Z\",\"time_switch\":77579.999},{\"sender\":\"trial_screen\",\"sender_type\":\"canvas.Screen\",\"sender_id\":\"9_1\",\"correct\":true,\"trial_ID\":2,\"word1\":\"Lamone\",\"word2\":\"Talane\",\"word3\":\"Matrone\",\"word4\":\"Tarone\",\"word5\":\"Malonte\",\"response\":\"3\",\"response_action\":\"keypress(3)\",\"correctResponse\":\"3\",\"ended_on\":\"response\",\"duration\":6509.100999999631,\"time_run\":77576.29999999888,\"time_render\":77563.332,\"time_show\":77579.999,\"time_end\":84089.09999999963,\"time_commit\":84093.59999999963,\"timestamp\":\"2021-07-18T19:24:54.110Z\",\"time_switch\":84105.626},{\"sender\":\"trial_screen\",\"sender_type\":\"canvas.Screen\",\"sender_id\":\"9_2\",\"correct\":true,\"trial_ID\":3,\"word1\":\"kurinesisch\",\"word2\":\"kulinarisch\",\"word3\":\"kumenisch\",\"word4\":\"kulissarisch\",\"word5\":\"kannastrisch\",\"response\":\"2\",\"response_action\":\"keypress(2)\",\"correctResponse\":\"2\",\"ended_on\":\"response\",\"duration\":6016.473999999624,\"time_run\":84104,\"time_render\":84088.959,\"time_show\":84105.626,\"time_end\":90122.09999999963,\"time_commit\":90125.69999999925,\"timestamp\":\"2021-07-18T19:25:00.142Z\",\"time_switch\":90140.378},{\"sender\":\"trial_screen\",\"sender_type\":\"canvas.Screen\",\"sender_id\":\"9_3\",\"correct\":true,\"trial_ID\":4,\"word1\":\"Tinxur\",\"word2\":\"Kukutur\",\"word3\":\"Fraktan\",\"word4\":\"Tinktur\",\"word5\":\"Rimsuhr\",\"response\":\"4\",\"response_action\":\"keypress(4)\",\"correctResponse\":\"4\",\"ended_on\":\"response\",\"duration\":5773.7219999996305,\"time_run\":90132.79999999888,\"time_render\":90123.711,\"time_show\":90140.378,\"time_end\":95914.09999999963,\"time_commit\":95918.19999999925,\"timestamp\":\"2021-07-18T19:25:05.935Z\",\"time_switch\":95942.938},{\"sender\":\"trial_screen\",\"sender_type\":\"canvas.Screen\",\"sender_id\":\"9_4\",\"correct\":false,\"trial_ID\":5,\"word1\":\"beralen\",\"word2\":\"ger\u00e4ltet\",\"word3\":\"an\u00e4lteren\",\"word4\":\"unt\u00e4ren\",\"word5\":\"verbr\u00e4men\",\"response\":\"1\",\"response_action\":\"keypress(1)\",\"correctResponse\":\"5\",\"ended_on\":\"response\",\"duration\":10948.161999999633,\"time_run\":95925.59999999963,\"time_render\":95926.271,\"time_show\":95942.938,\"time_end\":106891.09999999963,\"time_commit\":106895.5,\"timestamp\":\"2021-07-18T19:25:16.912Z\",\"time_switch\":106912.805},{\"sender\":\"trial_screen\",\"sender_type\":\"canvas.Screen\",\"sender_id\":\"9_5\",\"correct\":true,\"trial_ID\":6,\"word1\":\"Rosto\",\"word2\":\"Torso\",\"word3\":\"Soro\",\"word4\":\"Torgos\",\"word5\":\"Tosor\",\"response\":\"2\",\"response_action\":\"keypress(2)\",\"correctResponse\":\"2\",\"ended_on\":\"response\",\"duration\":4539.2949999996345,\"time_run\":106903.5,\"time_render\":106896.138,\"time_show\":106912.805,\"time_end\":111452.09999999963,\"time_commit\":111455.5,\"timestamp\":\"2021-07-18T19:25:21.472Z\",\"time_switch\":111470.408},{\"sender\":\"trial_screen\",\"sender_type\":\"canvas.Screen\",\"sender_id\":\"9_6\",\"correct\":true,\"trial_ID\":7,\"word1\":\"Redor\",\"word2\":\"Radium\",\"word3\":\"Terion\",\"word4\":\"Dramin\",\"word5\":\"Orakium\",\"response\":\"2\",\"response_action\":\"keypress(2)\",\"correctResponse\":\"2\",\"ended_on\":\"response\",\"duration\":2397.6919999996317,\"time_run\":111461.90000000037,\"time_render\":111453.741,\"time_show\":111470.408,\"time_end\":113868.09999999963,\"time_commit\":113871.40000000037,\"timestamp\":\"2021-07-18T19:25:23.888Z\",\"time_switch\":113893.047},{\"sender\":\"trial_screen\",\"sender_type\":\"canvas.Screen\",\"sender_id\":\"9_7\",\"correct\":true,\"trial_ID\":8,\"word1\":\"Nale\",\"word2\":\"Sahe\",\"word3\":\"Nase\",\"word4\":\"Nesa\",\"word5\":\"Sehna\",\"response\":\"3\",\"response_action\":\"keypress(3)\",\"correctResponse\":\"3\",\"ended_on\":\"response\",\"duration\":3223.0529999996215,\"time_run\":113878.40000000037,\"time_render\":113876.38,\"time_show\":113893.047,\"time_end\":117116.09999999963,\"time_commit\":117120.19999999925,\"timestamp\":\"2021-07-18T19:25:27.137Z\",\"time_switch\":117137.396},{\"sender\":\"trial_screen\",\"sender_type\":\"canvas.Screen\",\"sender_id\":\"9_8\",\"correct\":false,\"trial_ID\":9,\"word1\":\"Rilkiase\",\"word2\":\"Kilister\",\"word3\":\"Riliker\",\"word4\":\"Klistier\",\"word5\":\"Linkure\",\"response\":\"2\",\"response_action\":\"keypress(2)\",\"correctResponse\":\"4\",\"ended_on\":\"response\",\"duration\":8155.703999999634,\"time_run\":117127.40000000037,\"time_render\":117120.729,\"time_show\":117137.396,\"time_end\":125293.09999999963,\"time_commit\":125296.40000000037,\"timestamp\":\"2021-07-18T19:25:35.313Z\",\"time_switch\":125313.245},{\"sender\":\"trial_screen\",\"sender_type\":\"canvas.Screen\",\"sender_id\":\"9_9\",\"correct\":true,\"trial_ID\":10,\"word1\":\"kentern\",\"word2\":\"knerte\",\"word3\":\"kanzen\",\"word4\":\"kretern\",\"word5\":\"trekern\",\"response\":\"1\",\"response_action\":\"keypress(1)\",\"correctResponse\":\"1\",\"ended_on\":\"response\",\"duration\":4011.854999999632,\"time_run\":125302.09999999963,\"time_render\":125296.578,\"time_show\":125313.245,\"time_end\":129325.09999999963,\"time_commit\":129328.90000000037,\"timestamp\":\"2021-07-18T19:25:39.345Z\",\"time_switch\":129344.049},{\"sender\":\"trial_screen\",\"sender_type\":\"canvas.Screen\",\"sender_id\":\"9_10\",\"correct\":true,\"trial_ID\":11,\"word1\":\"Sorekin\",\"word2\":\"Sarowin\",\"word3\":\"Rosakin\",\"word4\":\"Narosin\",\"word5\":\"Kerosin\",\"response\":\"5\",\"response_action\":\"keypress(5)\",\"correctResponse\":\"5\",\"ended_on\":\"response\",\"duration\":5965.050999999628,\"time_run\":129335.90000000037,\"time_render\":129327.382,\"time_show\":129344.049,\"time_end\":135309.09999999963,\"time_commit\":135313.09999999963,\"timestamp\":\"2021-07-18T19:25:45.330Z\",\"time_switch\":135334.674},{\"sender\":\"trial_screen\",\"sender_type\":\"canvas.Screen\",\"sender_id\":\"9_11\",\"correct\":true,\"trial_ID\":12,\"word1\":\"Ralke\",\"word2\":\"Korre\",\"word3\":\"Ruckse\",\"word4\":\"Recke\",\"word5\":\"Ulte\",\"response\":\"4\",\"response_action\":\"keypress(4)\",\"correctResponse\":\"4\",\"ended_on\":\"response\",\"duration\":10087.425999999628,\"time_run\":135320.29999999888,\"time_render\":135318.007,\"time_show\":135334.674,\"time_end\":145422.09999999963,\"time_commit\":145426.59999999963,\"timestamp\":\"2021-07-18T19:25:55.443Z\",\"time_switch\":145437.403},{\"sender\":\"trial_screen\",\"sender_type\":\"canvas.Screen\",\"sender_id\":\"9_12\",\"correct\":false,\"trial_ID\":13,\"word1\":\"Kapaun\",\"word2\":\"Paukan\",\"word3\":\"Naupack\",\"word4\":\"Aupeck\",\"word5\":\"Ankepran\",\"response\":\"3\",\"response_action\":\"keypress(3)\",\"correctResponse\":\"1\",\"ended_on\":\"response\",\"duration\":8321.696999999636,\"time_run\":145434.29999999888,\"time_render\":145420.736,\"time_show\":145437.403,\"time_end\":153759.09999999963,\"time_commit\":153762.59999999963,\"timestamp\":\"2021-07-18T19:26:03.779Z\",\"time_switch\":153780.408},{\"sender\":\"trial_screen\",\"sender_type\":\"canvas.Screen\",\"sender_id\":\"9_13\",\"correct\":false,\"trial_ID\":14,\"word1\":\"Dissonanz\",\"word2\":\"Diskrisanz\",\"word3\":\"Distranz\",\"word4\":\"Dinotanz\",\"word5\":\"Sidonenz\",\"response\":\"2\",\"response_action\":\"keypress(2)\",\"correctResponse\":\"1\",\"ended_on\":\"response\",\"duration\":12731.691999999632,\"time_run\":153772.29999999888,\"time_render\":153763.741,\"time_show\":153780.408,\"time_end\":166512.09999999963,\"time_commit\":166515.79999999888,\"timestamp\":\"2021-07-18T19:26:16.532Z\",\"time_switch\":166527.695},{\"sender\":\"trial_screen\",\"sender_type\":\"canvas.Screen\",\"sender_id\":\"9_14\",\"correct\":true,\"trial_ID\":15,\"word1\":\"Kirse\",\"word2\":\"Sirke\",\"word3\":\"Krise\",\"word4\":\"Krospe\",\"word5\":\"Seris\",\"response\":\"3\",\"response_action\":\"keypress(3)\",\"correctResponse\":\"3\",\"ended_on\":\"response\",\"duration\":2944.4049999996205,\"time_run\":166522.69999999925,\"time_render\":166511.028,\"time_show\":166527.695,\"time_end\":169472.09999999963,\"time_commit\":169475.79999999888,\"timestamp\":\"2021-07-18T19:26:19.492Z\",\"time_switch\":169497.681},{\"sender\":\"trial_screen\",\"sender_type\":\"canvas.Screen\",\"sender_id\":\"9_15\",\"correct\":true,\"trial_ID\":16,\"word1\":\"Tume\",\"word2\":\"Umat\",\"word3\":\"Maut\",\"word4\":\"Taum\",\"word5\":\"Muta\",\"response\":\"3\",\"response_action\":\"keypress(3)\",\"correctResponse\":\"3\",\"ended_on\":\"response\",\"duration\":2982.418999999616,\"time_run\":169483.5,\"time_render\":169481.014,\"time_show\":169497.681,\"time_end\":172480.09999999963,\"time_commit\":172483.90000000037,\"timestamp\":\"2021-07-18T19:26:22.500Z\",\"time_switch\":172507.444},{\"sender\":\"trial_screen\",\"sender_type\":\"canvas.Screen\",\"sender_id\":\"9_16\",\"correct\":false,\"trial_ID\":17,\"word1\":\"Tuhl\",\"word2\":\"Lar\",\"word3\":\"Lest\",\"word4\":\"Dall\",\"word5\":\"Lid\",\"response\":\"1\",\"response_action\":\"keypress(1)\",\"correctResponse\":\"5\",\"ended_on\":\"response\",\"duration\":4261.655999999639,\"time_run\":172490.59999999963,\"time_render\":172490.777,\"time_show\":172507.444,\"time_end\":176769.09999999963,\"time_commit\":176772.69999999925,\"timestamp\":\"2021-07-18T19:26:26.789Z\",\"time_switch\":176783.762},{\"sender\":\"trial_screen\",\"sender_type\":\"canvas.Screen\",\"sender_id\":\"9_17\",\"correct\":false,\"trial_ID\":18,\"word1\":\"Adept\",\"word2\":\"Padet\",\"word3\":\"Edapt\",\"word4\":\"Epatt\",\"word5\":\"Taped\",\"response\":\"2\",\"response_action\":\"keypress(2)\",\"correctResponse\":\"1\",\"ended_on\":\"response\",\"duration\":10657.33799999964,\"time_run\":176777.19999999925,\"time_render\":176767.095,\"time_show\":176783.762,\"time_end\":187441.09999999963,\"time_commit\":187445.69999999925,\"timestamp\":\"2021-07-18T19:26:37.462Z\",\"time_switch\":187457.204},{\"sender\":\"trial_screen\",\"sender_type\":\"canvas.Screen\",\"sender_id\":\"9_18\",\"correct\":false,\"trial_ID\":19,\"word1\":\"Spirine\",\"word2\":\"Saprin\",\"word3\":\"Parsin\",\"word4\":\"Purin\",\"word5\":\"Asprint\",\"response\":\"5\",\"response_action\":\"keypress(5)\",\"correctResponse\":\"4\",\"ended_on\":\"response\",\"duration\":4224.89599999963,\"time_run\":187453.09999999963,\"time_render\":187440.537,\"time_show\":187457.204,\"time_end\":191682.09999999963,\"time_commit\":191685.40000000037,\"timestamp\":\"2021-07-18T19:26:41.702Z\",\"time_switch\":191698.79},{\"sender\":\"trial_screen\",\"sender_type\":\"canvas.Screen\",\"sender_id\":\"9_19\",\"correct\":false,\"trial_ID\":20,\"word1\":\"Kulon\",\"word2\":\"Solgun\",\"word3\":\"Koskan\",\"word4\":\"Soran\",\"word5\":\"Klonus\",\"response\":\"3\",\"response_action\":\"keypress(3)\",\"correctResponse\":\"5\",\"ended_on\":\"response\",\"duration\":8223.30999999962,\"time_run\":191692.19999999925,\"time_render\":191682.123,\"time_show\":191698.79,\"time_end\":199922.09999999963,\"time_commit\":199926.59999999963,\"timestamp\":\"2021-07-18T19:26:49.943Z\",\"time_switch\":199938.964},{\"sender\":\"trial_screen\",\"sender_type\":\"canvas.Screen\",\"sender_id\":\"9_20\",\"correct\":false,\"trial_ID\":21,\"word1\":\"Tronke\",\"word2\":\"Nocktherm\",\"word3\":\"Teronk\",\"word4\":\"Komtur\",\"word5\":\"Rocktur\",\"response\":\"5\",\"response_action\":\"keypress(5)\",\"correctResponse\":\"4\",\"ended_on\":\"response\",\"duration\":5120.13599999962,\"time_run\":199933.79999999888,\"time_render\":199922.297,\"time_show\":199938.964,\"time_end\":205059.09999999963,\"time_commit\":205062.40000000037,\"timestamp\":\"2021-07-18T19:26:55.079Z\",\"time_switch\":205086.334},{\"sender\":\"trial_screen\",\"sender_type\":\"canvas.Screen\",\"sender_id\":\"9_21\",\"correct\":true,\"trial_ID\":22,\"word1\":\"Ripat\",\"word2\":\"Patinatte\",\"word3\":\"Tapir\",\"word4\":\"Apitt\",\"word5\":\"Padir\",\"response\":\"3\",\"response_action\":\"keypress(3)\",\"correctResponse\":\"3\",\"ended_on\":\"response\",\"duration\":5652.765999999625,\"time_run\":205069.29999999888,\"time_render\":205069.667,\"time_show\":205086.334,\"time_end\":210739.09999999963,\"time_commit\":210743.29999999888,\"timestamp\":\"2021-07-18T19:27:00.760Z\",\"time_switch\":210757.62},{\"sender\":\"trial_screen\",\"sender_type\":\"canvas.Screen\",\"sender_id\":\"9_22\",\"correct\":false,\"trial_ID\":23,\"word1\":\"Akifer\",\"word2\":\"Fiaker\",\"word3\":\"Kiaffa\",\"word4\":\"Sariffer\",\"word5\":\"Refisker\",\"response\":\"5\",\"response_action\":\"keypress(5)\",\"correctResponse\":\"2\",\"ended_on\":\"response\",\"duration\":7022.479999999632,\"time_run\":210750.5,\"time_render\":210740.953,\"time_show\":210757.62,\"time_end\":217780.09999999963,\"time_commit\":217783.5,\"timestamp\":\"2021-07-18T19:27:07.800Z\",\"time_switch\":217794.395},{\"sender\":\"trial_screen\",\"sender_type\":\"canvas.Screen\",\"sender_id\":\"9_23\",\"correct\":true,\"trial_ID\":24,\"word1\":\"Kleiber\",\"word2\":\"Beikel\",\"word3\":\"Keibel\",\"word4\":\"Reikler\",\"word5\":\"Biekerl\",\"response\":\"1\",\"response_action\":\"keypress(1)\",\"correctResponse\":\"1\",\"ended_on\":\"response\",\"duration\":7793.704999999638,\"time_run\":217792.09999999963,\"time_render\":217777.728,\"time_show\":217794.395,\"time_end\":225588.09999999963,\"time_commit\":225592.59999999963,\"timestamp\":\"2021-07-18T19:27:15.609Z\",\"time_switch\":225611.266},{\"sender\":\"trial_screen\",\"sender_type\":\"canvas.Screen\",\"sender_id\":\"9_24\",\"correct\":true,\"trial_ID\":25,\"word1\":\"Ig\u00e4de\",\"word2\":\"D\u00e4gie\",\"word3\":\"\u00c4gide\",\"word4\":\"Dig\u00e4de\",\"word5\":\"Giad\",\"response\":\"3\",\"response_action\":\"keypress(3)\",\"correctResponse\":\"3\",\"ended_on\":\"response\",\"duration\":7305.833999999624,\"time_run\":225597.59999999963,\"time_render\":225594.599,\"time_show\":225611.266,\"time_end\":232917.09999999963,\"time_commit\":232920.5,\"timestamp\":\"2021-07-18T19:27:22.937Z\",\"time_switch\":232926.367},{\"sender\":\"trial_screen\",\"sender_type\":\"canvas.Screen\",\"sender_id\":\"9_25\",\"correct\":true,\"trial_ID\":26,\"word1\":\"Rixal\",\"word2\":\"Irtax\",\"word3\":\"Rackizie\",\"word4\":\"Matrix\",\"word5\":\"Atrige\",\"response\":\"4\",\"response_action\":\"keypress(4)\",\"correctResponse\":\"4\",\"ended_on\":\"response\",\"duration\":3142.732999999629,\"time_run\":232925.59999999963,\"time_render\":232909.7,\"time_show\":232926.367,\"time_end\":236069.09999999963,\"time_commit\":236073,\"timestamp\":\"2021-07-18T19:27:26.090Z\",\"time_switch\":236092.491},{\"sender\":\"trial_screen\",\"sender_type\":\"canvas.Screen\",\"sender_id\":\"9_26\",\"correct\":false,\"trial_ID\":27,\"word1\":\"Haskisch\",\"word2\":\"Asmisch\",\"word3\":\"Schisma\",\"word4\":\"Rasthmie\",\"word5\":\"Ilschah\",\"response\":\"4\",\"response_action\":\"keypress(4)\",\"correctResponse\":\"3\",\"ended_on\":\"response\",\"duration\":6169.608999999618,\"time_run\":236080,\"time_render\":236075.824,\"time_show\":236092.491,\"time_end\":242262.09999999963,\"time_commit\":242265.29999999888,\"timestamp\":\"2021-07-18T19:27:32.282Z\",\"time_switch\":242285.166},{\"sender\":\"trial_screen\",\"sender_type\":\"canvas.Screen\",\"sender_id\":\"9_27\",\"correct\":false,\"trial_ID\":28,\"word1\":\"Sallose\",\"word2\":\"Lordose\",\"word3\":\"Dormase\",\"word4\":\"Rollase\",\"word5\":\"Ardierole\",\"response\":\"4\",\"response_action\":\"keypress(4)\",\"correctResponse\":\"2\",\"ended_on\":\"response\",\"duration\":5480.93399999963,\"time_run\":242273.19999999925,\"time_render\":242268.499,\"time_show\":242285.166,\"time_end\":247766.09999999963,\"time_commit\":247770.09999999963,\"timestamp\":\"2021-07-18T19:27:37.787Z\",\"time_switch\":247787.354},{\"sender\":\"trial_screen\",\"sender_type\":\"canvas.Screen\",\"sender_id\":\"9_28\",\"correct\":true,\"trial_ID\":29,\"word1\":\"Intranotion\",\"word2\":\"Infranatura\",\"word3\":\"Internodium\",\"word4\":\"Indotalie\",\"word5\":\"Indosta\",\"response\":\"3\",\"response_action\":\"keypress(3)\",\"correctResponse\":\"3\",\"ended_on\":\"response\",\"duration\":9099.745999999635,\"time_run\":247775.90000000037,\"time_render\":247770.687,\"time_show\":247787.354,\"time_end\":256887.09999999963,\"time_commit\":256890.5,\"timestamp\":\"2021-07-18T19:27:46.907Z\",\"time_switch\":256907.936},{\"sender\":\"trial_screen\",\"sender_type\":\"canvas.Screen\",\"sender_id\":\"9_29\",\"correct\":false,\"trial_ID\":30,\"word1\":\"Idaste\",\"word2\":\"Dastrix\",\"word3\":\"Astike\",\"word4\":\"Sadile\",\"word5\":\"Kasside\",\"response\":\"3\",\"response_action\":\"keypress(3)\",\"correctResponse\":\"5\",\"ended_on\":\"response\",\"duration\":8235.16399999964,\"time_run\":256897.29999999888,\"time_render\":256891.269,\"time_show\":256907.936,\"time_end\":265143.0999999996,\"time_commit\":265147.69999999925,\"timestamp\":\"2021-07-18T19:27:55.164Z\",\"time_switch\":265169.927},{\"sender\":\"trial_screen\",\"sender_type\":\"canvas.Screen\",\"sender_id\":\"9_30\",\"correct\":true,\"trial_ID\":31,\"word1\":\"Libration\",\"word2\":\"Bilation\",\"word3\":\"Arlation\",\"word4\":\"Iberation\",\"word5\":\"Tiradon\",\"response\":\"1\",\"response_action\":\"keypress(1)\",\"correctResponse\":\"1\",\"ended_on\":\"response\",\"duration\":5254.172999999602,\"time_run\":265155.0999999996,\"time_render\":265153.26,\"time_show\":265169.927,\"time_end\":270424.0999999996,\"time_commit\":270427.4000000004,\"timestamp\":\"2021-07-18T19:28:00.444Z\",\"time_switch\":270450.547},{\"sender\":\"trial_screen\",\"sender_type\":\"canvas.Screen\",\"sender_id\":\"9_31\",\"correct\":false,\"trial_ID\":32,\"word1\":\"Pucker\",\"word2\":\"Keuper\",\"word3\":\"Eucker\",\"word4\":\"Reuspeck\",\"word5\":\"Urkane\",\"response\":\"4\",\"response_action\":\"keypress(4)\",\"correctResponse\":\"2\",\"ended_on\":\"response\",\"duration\":4933.552999999607,\"time_run\":270434.0999999996,\"time_render\":270433.88,\"time_show\":270450.547,\"time_end\":275384.0999999996,\"time_commit\":275388.2999999989,\"timestamp\":\"2021-07-18T19:28:05.405Z\",\"time_switch\":275404.886},{\"sender\":\"trial_screen\",\"sender_type\":\"canvas.Screen\",\"sender_id\":\"9_32\",\"correct\":false,\"trial_ID\":33,\"word1\":\"Sickaber\",\"word2\":\"Bassiker\",\"word3\":\"Kassiber\",\"word4\":\"Sassiker\",\"word5\":\"Askiber\",\"response\":\"1\",\"response_action\":\"keypress(1)\",\"correctResponse\":\"3\",\"ended_on\":\"response\",\"duration\":5756.213999999629,\"time_run\":275395.5,\"time_render\":275388.219,\"time_show\":275404.886,\"time_end\":281161.0999999996,\"time_commit\":281164.0999999996,\"timestamp\":\"2021-07-18T19:28:11.181Z\",\"time_switch\":281176.615},{\"sender\":\"trial_screen\",\"sender_type\":\"canvas.Screen\",\"sender_id\":\"9_33\",\"correct\":false,\"trial_ID\":34,\"word1\":\"Alquallon\",\"word2\":\"Lisqualien\",\"word3\":\"Talquallen\",\"word4\":\"Quisquilien\",\"word5\":\"Rielquellen\",\"response\":\"5\",\"response_action\":\"keypress(5)\",\"correctResponse\":\"4\",\"ended_on\":\"response\",\"duration\":4816.484999999637,\"time_run\":281170.7999999989,\"time_render\":281159.948,\"time_show\":281176.615,\"time_end\":285993.0999999996,\"time_commit\":285997.0999999996,\"timestamp\":\"2021-07-18T19:28:16.014Z\",\"time_switch\":286013.116},{\"sender\":\"trial_screen\",\"sender_type\":\"canvas.Screen\",\"sender_id\":\"9_34\",\"correct\":false,\"trial_ID\":35,\"word1\":\"Berkiza\",\"word2\":\"Brekzie\",\"word3\":\"Birakzie\",\"word4\":\"Brikazie\",\"word5\":\"Bakiria\",\"response\":\"5\",\"response_action\":\"keypress(5)\",\"correctResponse\":\"2\",\"ended_on\":\"response\",\"duration\":13644.983999999647,\"time_run\":286003.9000000004,\"time_render\":285996.449,\"time_show\":286013.116,\"time_end\":299658.0999999996,\"time_commit\":299662.0999999996,\"timestamp\":\"2021-07-18T19:28:29.679Z\",\"time_switch\":299685.325},{\"sender\":\"loop_trial\",\"sender_type\":\"flow.Loop\",\"sender_id\":\"9\",\"ended_on\":\"completion\",\"duration\":225399.37999999963,\"time_run\":74237.90000000037,\"time_render\":74242.053,\"time_show\":74258.72,\"time_end\":299658.0999999996,\"time_commit\":299668.5,\"timestamp\":\"2021-07-18T19:28:29.685Z\",\"time_switch\":299685.325},{\"sender\":\"end_html\",\"sender_type\":\"html.Screen\",\"sender_id\":\"10\",\"ended_on\":\"timeout\",\"duration\":6001.271999999997,\"time_run\":299668.9000000004,\"time_render\":299668.658,\"time_show\":299685.325,\"time_end\":305669.93,\"time_commit\":305677.9000000004,\"timestamp\":\"2021-07-18T19:28:35.694Z\",\"time_switch\":305686.597},{\"sender\":\"root\",\"sender_type\":\"flow.Sequence\",\"sender_id\":null,\"ended_on\":\"completion\",\"duration\":305100.917,\"time_run\":568.4000000003725,\"time_render\":535.679,\"time_show\":569.013,\"time_end\":305669.93,\"time_commit\":305679,\"timestamp\":\"2021-07-18T19:28:35.696Z\",\"time_switch\":305686.597}]",
    "metadata": "{\"slice\":0,\"id\":\"c7fb26c1-ce6f-4564-8844-8ce3b067df45\",\"payload\":\"full\"}",
    "url": "https://exp01.zih.tu-dresden.de/experiments/spot_a_word_task/"
}