{
    "data": "[{\"url\":{},\"meta\":{\"labjs_version\":\"20.1.1\",\"labjs_build\":{\"flavor\":\"production\",\"commit\":\"cd5695f774968f50499757c1423bd95d033ea08e\"},\"location\":\"https://exp02.zih.tu-dresden.de/experiments/raven_task/\",\"userAgent\":\"Mozilla/5.0 (Windows NT 10.0; Win64; x64; rv:97.0) Gecko/20100101 Firefox/97.0\",\"platform\":\"Win32\",\"language\":\"de\",\"locale\":\"de-DE\",\"timeZone\":\"Europe/Berlin\",\"timezoneOffset\":-60,\"screen_width\":1366,\"screen_height\":768,\"scroll_width\":1334,\"scroll_height\":581,\"window_innerWidth\":1334,\"window_innerHeight\":581,\"devicePixelRatio\":1},\"sender\":\"welcome\",\"sender_type\":\"canvas.Screen\",\"sender_id\":\"0\",\"ended_on\":\"timeout\",\"duration\":7992.239999999999,\"time_run\":8016,\"time_render\":8015.74,\"time_show\":8031.14,\"time_end\":16006.74,\"time_commit\":16010,\"timestamp\":\"2022-03-02T12:55:44.563Z\",\"time_switch\":16023.38},{\"sender\":\"instructions\",\"sender_type\":\"html.Page\",\"sender_id\":\"1\",\"response\":\"Space\",\"response_action\":\"keypress(Space)\",\"ended_on\":\"response\",\"duration\":35276.62,\"time_run\":16012,\"time_render\":16006.74,\"time_show\":16023.38,\"time_end\":51300,\"time_commit\":51313,\"timestamp\":\"2022-03-02T12:56:19.866Z\",\"time_switch\":51322.46},{\"sender\":\"example1\",\"sender_type\":\"canvas.Screen\",\"sender_id\":\"2\",\"response\":\"8\",\"response_action\":\"click(0) @8\",\"correctResponse\":\"8\",\"correct\":true,\"ended_on\":\"response\",\"duration\":6461.540000000001,\"time_run\":51314,\"time_render\":51314.64,\"time_show\":51322.46,\"time_end\":57784,\"time_commit\":57804,\"timestamp\":\"2022-03-02T12:56:26.358Z\",\"time_switch\":57837.44},{\"sender\":\"example1_feedback\",\"sender_type\":\"canvas.Screen\",\"sender_id\":\"3\",\"response\":\"space\",\"response_action\":\"keypress(Space)\",\"ended_on\":\"response\",\"duration\":2727.5599999999977,\"time_run\":57815,\"time_render\":57816.14,\"time_show\":57837.44,\"time_end\":60565,\"time_commit\":60577,\"timestamp\":\"2022-03-02T12:56:29.131Z\",\"time_switch\":60596.78},{\"sender\":\"example2\",\"sender_type\":\"canvas.Screen\",\"sender_id\":\"4\",\"response\":\"5\",\"response_action\":\"click(0) @5\",\"correctResponse\":\"4\",\"correct\":false,\"ended_on\":\"response\",\"duration\":5624.220000000001,\"time_run\":60577,\"time_render\":60577.82,\"time_show\":60596.78,\"time_end\":66221,\"time_commit\":66244,\"timestamp\":\"2022-03-02T12:56:34.798Z\",\"time_switch\":66274.56},{\"sender\":\"example2_feedback\",\"sender_type\":\"canvas.Screen\",\"sender_id\":\"5\",\"response\":\"space\",\"response_action\":\"keypress(Space)\",\"ended_on\":\"response\",\"duration\":2072.4400000000023,\"time_run\":66251,\"time_render\":66257.9,\"time_show\":66274.56,\"time_end\":68347,\"time_commit\":68365,\"timestamp\":\"2022-03-02T12:56:36.919Z\",\"time_switch\":68366.34},{\"sender\":\"get ready\",\"sender_type\":\"canvas.Screen\",\"sender_id\":\"6\",\"response\":\"Space\",\"response_action\":\"keypress(Space)\",\"ended_on\":\"response\",\"duration\":31386.660000000003,\"time_run\":68366,\"time_render\":68365.9,\"time_show\":68366.34,\"time_end\":99753,\"time_commit\":99769,\"timestamp\":\"2022-03-02T12:57:08.323Z\",\"time_switch\":99792.06},{\"sender\":\"test01\",\"sender_type\":\"canvas.Screen\",\"sender_id\":\"7_0\",\"response\":\"1\",\"response_action\":\"click(0) @1\",\"correctResponse\":\"7\",\"correct\":false,\"ended_on\":\"response\",\"duration\":23241.940000000002,\"time_run\":99771,\"time_render\":99771.62,\"time_show\":99792.06,\"time_end\":123034,\"time_commit\":123051,\"timestamp\":\"2022-03-02T12:57:31.605Z\",\"time_switch\":123069.48},{\"sender\":\"test02\",\"sender_type\":\"canvas.Screen\",\"sender_id\":\"7_1\",\"response\":\"8\",\"response_action\":\"click(0) @8\",\"correctResponse\":\"4\",\"correct\":false,\"ended_on\":\"response\",\"duration\":26667.520000000004,\"time_run\":123052,\"time_render\":123049.04,\"time_show\":123069.48,\"time_end\":149737,\"time_commit\":149747,\"timestamp\":\"2022-03-02T12:57:58.300Z\",\"time_switch\":149760.24},{\"sender\":\"test03\",\"sender_type\":\"canvas.Screen\",\"sender_id\":\"7_2\",\"response\":\"8\",\"response_action\":\"click(0) @8\",\"correctResponse\":\"6\",\"correct\":false,\"ended_on\":\"response\",\"duration\":31256.76000000001,\"time_run\":149748,\"time_render\":149744.76,\"time_show\":149760.24,\"time_end\":181017,\"time_commit\":181042,\"timestamp\":\"2022-03-02T12:58:29.596Z\",\"time_switch\":181063.14},{\"sender\":\"test04\",\"sender_type\":\"canvas.Screen\",\"sender_id\":\"7_3\",\"response\":\"6\",\"response_action\":\"click(0) @6\",\"correctResponse\":\"2\",\"correct\":false,\"ended_on\":\"response\",\"duration\":38595.859999999986,\"time_run\":181044,\"time_render\":181040.32,\"time_show\":181063.14,\"time_end\":219659,\"time_commit\":219674,\"timestamp\":\"2022-03-02T12:59:08.228Z\",\"time_switch\":219692.32},{\"sender\":\"test05\",\"sender_type\":\"canvas.Screen\",\"sender_id\":\"7_4\",\"response\":\"4\",\"response_action\":\"click(0) @4\",\"correctResponse\":\"4\",\"correct\":true,\"ended_on\":\"response\",\"duration\":44607.67999999999,\"time_run\":219675,\"time_render\":219671.98,\"time_show\":219692.32,\"time_end\":264300,\"time_commit\":264322,\"timestamp\":\"2022-03-02T12:59:52.875Z\",\"time_switch\":264332.46},{\"sender\":\"test06\",\"sender_type\":\"canvas.Screen\",\"sender_id\":\"7_5\",\"response\":\"7\",\"response_action\":\"click(0) @7\",\"correctResponse\":\"7\",\"correct\":true,\"ended_on\":\"response\",\"duration\":25482.53999999998,\"time_run\":264322,\"time_render\":264320.42,\"time_show\":264332.46,\"time_end\":289815,\"time_commit\":289833,\"timestamp\":\"2022-03-02T13:00:18.386Z\",\"time_switch\":289841.24},{\"sender\":\"test07\",\"sender_type\":\"canvas.Screen\",\"sender_id\":\"7_6\",\"response\":\"4\",\"response_action\":\"click(0) @4\",\"correctResponse\":\"8\",\"correct\":false,\"ended_on\":\"response\",\"duration\":29739.76000000001,\"time_run\":289833,\"time_render\":289831.14,\"time_show\":289841.24,\"time_end\":319581,\"time_commit\":319592,\"timestamp\":\"2022-03-02T13:00:48.145Z\",\"time_switch\":319612},{\"sender\":\"test08\",\"sender_type\":\"canvas.Screen\",\"sender_id\":\"7_7\",\"response\":\"7\",\"response_action\":\"click(0) @7\",\"correctResponse\":\"7\",\"correct\":true,\"ended_on\":\"response\",\"duration\":27828,\"time_run\":319593,\"time_render\":319590.78,\"time_show\":319612,\"time_end\":347440,\"time_commit\":347456,\"timestamp\":\"2022-03-02T13:01:16.009Z\",\"time_switch\":347468.32},{\"sender\":\"test09\",\"sender_type\":\"canvas.Screen\",\"sender_id\":\"7_8\",\"response\":\"7\",\"response_action\":\"click(0) @7\",\"correctResponse\":\"5\",\"correct\":false,\"ended_on\":\"response\",\"duration\":36814.67999999999,\"time_run\":347456,\"time_render\":347454.42,\"time_show\":347468.32,\"time_end\":384283,\"time_commit\":384295,\"timestamp\":\"2022-03-02T13:01:52.849Z\",\"time_switch\":384315.86},{\"sender\":\"test10\",\"sender_type\":\"canvas.Screen\",\"sender_id\":\"7_9\",\"response\":\"7\",\"response_action\":\"click(0) @7\",\"correctResponse\":\"5\",\"correct\":false,\"ended_on\":\"response\",\"duration\":12858.140000000014,\"time_run\":384295,\"time_render\":384293.98,\"time_show\":384315.86,\"time_end\":397174,\"time_commit\":397191,\"timestamp\":\"2022-03-02T13:02:05.744Z\",\"time_switch\":397203.38},{\"sender\":\"test11\",\"sender_type\":\"canvas.Screen\",\"sender_id\":\"7_10\",\"response\":\"7\",\"response_action\":\"click(0) @7\",\"correctResponse\":\"4\",\"correct\":false,\"ended_on\":\"response\",\"duration\":37330.619999999995,\"time_run\":397191,\"time_render\":397189.92,\"time_show\":397203.38,\"time_end\":434534,\"time_commit\":434551,\"timestamp\":\"2022-03-02T13:02:43.105Z\",\"time_switch\":434567.08},{\"sender\":\"test12\",\"sender_type\":\"canvas.Screen\",\"sender_id\":\"7_11\",\"response\":\"7\",\"response_action\":\"click(0) @7\",\"correctResponse\":\"1\",\"correct\":false,\"ended_on\":\"response\",\"duration\":17310.919999999984,\"time_run\":434552,\"time_render\":434549.5,\"time_show\":434567.08,\"time_end\":451878,\"time_commit\":451894,\"timestamp\":\"2022-03-02T13:03:00.448Z\",\"time_switch\":451900.28},{\"sender\":\"tests (15min)\",\"sender_type\":\"flow.Sequence\",\"sender_id\":\"7\",\"ended_on\":\"completion\",\"duration\":352085.94,\"time_run\":99771,\"time_render\":99771.62,\"time_show\":99792.06,\"time_end\":451878,\"time_commit\":451896,\"timestamp\":\"2022-03-02T13:03:00.449Z\",\"time_switch\":451900.28},{\"sender\":\"good bye\",\"sender_type\":\"canvas.Screen\",\"sender_id\":\"8\",\"ended_on\":\"timeout\",\"duration\":3996.2999999999884,\"time_run\":451896,\"time_render\":451893.24,\"time_show\":451900.28,\"time_end\":455879.92,\"time_commit\":455880,\"timestamp\":\"2022-03-02T13:03:04.434Z\",\"time_switch\":455896.58},{\"sender\":\"root\",\"sender_type\":\"flow.Sequence\",\"sender_id\":null,\"ended_on\":\"completion\",\"duration\":447848.77999999997,\"time_run\":8016,\"time_render\":8015.74,\"time_show\":8031.14,\"time_end\":455879.92,\"time_commit\":455881,\"timestamp\":\"2022-03-02T13:03:04.434Z\",\"time_switch\":455896.58}]",
    "metadata": "{\"slice\":0,\"id\":\"738ed77a-4b79-416c-a57c-e1c98e7c8e65\",\"payload\":\"full\"}",
    "url": "https://exp02.zih.tu-dresden.de/experiments/raven_task/"
}