{
    "data": "[{\"url\":{},\"meta\":{\"labjs_version\":\"20.1.1\",\"labjs_build\":{\"flavor\":\"production\",\"commit\":\"cd5695f774968f50499757c1423bd95d033ea08e\"},\"location\":\"https://exp02.zih.tu-dresden.de/experiments/spot_a_word_task/\",\"userAgent\":\"Mozilla/5.0 (Windows NT 10.0; Win64; x64; rv:97.0) Gecko/20100101 Firefox/97.0\",\"platform\":\"Win32\",\"language\":\"de\",\"locale\":\"de-DE\",\"timeZone\":\"Europe/Berlin\",\"timezoneOffset\":-60,\"screen_width\":1366,\"screen_height\":768,\"scroll_width\":1334,\"scroll_height\":581,\"window_innerWidth\":1334,\"window_innerHeight\":581,\"devicePixelRatio\":1},\"sender\":\"start_html\",\"sender_type\":\"html.Screen\",\"sender_id\":\"0\",\"ended_on\":\"timeout\",\"duration\":5994.24,\"time_run\":1139,\"time_render\":1207.04,\"time_show\":1223.7,\"time_end\":7201.28,\"time_commit\":7203,\"timestamp\":\"2022-03-02T12:42:10.235Z\",\"time_switch\":7217.94},{\"sender\":\"manual_html\",\"sender_type\":\"html.Screen\",\"sender_id\":\"1\",\"response\":\"space\",\"response_action\":\"keypress(Space)\",\"ended_on\":\"response\",\"duration\":36492.06,\"time_run\":7203,\"time_render\":7201.28,\"time_show\":7217.94,\"time_end\":43710,\"time_commit\":43715,\"timestamp\":\"2022-03-02T12:42:46.747Z\",\"time_switch\":43732.7},{\"sender\":\"example1_screen\",\"sender_type\":\"canvas.Screen\",\"sender_id\":\"2\",\"response\":\"4\",\"response_action\":\"keypress(4)\",\"correctResponse\":\"4\",\"correct\":true,\"ended_on\":\"response\",\"duration\":2649.300000000003,\"time_run\":43728,\"time_render\":43728.04,\"time_show\":43732.7,\"time_end\":46382,\"time_commit\":46399,\"timestamp\":\"2022-03-02T12:42:49.431Z\",\"time_switch\":46406.52},{\"sender\":\"example1_feedback\",\"sender_type\":\"canvas.Screen\",\"sender_id\":\"3\",\"response\":\"Space\",\"response_action\":\"keypress(Space)\",\"ended_on\":\"response\",\"duration\":5085.480000000003,\"time_run\":46406,\"time_render\":46406.28,\"time_show\":46406.52,\"time_end\":51492,\"time_commit\":51511,\"timestamp\":\"2022-03-02T12:42:54.543Z\",\"time_switch\":51524.9},{\"sender\":\"example2_screen\",\"sender_type\":\"canvas.Screen\",\"sender_id\":\"4\",\"response\":\"5\",\"response_action\":\"keypress(5)\",\"correctResponse\":\"5\",\"correct\":true,\"ended_on\":\"response\",\"duration\":2263.0999999999985,\"time_run\":51519,\"time_render\":51518.72,\"time_show\":51524.9,\"time_end\":53788,\"time_commit\":53802,\"timestamp\":\"2022-03-02T12:42:56.835Z\",\"time_switch\":53808.78},{\"sender\":\"example2_feedback\",\"sender_type\":\"canvas.Screen\",\"sender_id\":\"5\",\"response\":\"Space\",\"response_action\":\"keypress(Space)\",\"ended_on\":\"response\",\"duration\":1589.2200000000012,\"time_run\":53809,\"time_render\":53808.5,\"time_show\":53808.78,\"time_end\":55398,\"time_commit\":55421,\"timestamp\":\"2022-03-02T12:42:58.454Z\",\"time_switch\":55428.16},{\"sender\":\"example3_screen\",\"sender_type\":\"canvas.Screen\",\"sender_id\":\"6\",\"response\":\"1\",\"response_action\":\"keypress(1)\",\"correctResponse\":\"1\",\"correct\":true,\"ended_on\":\"response\",\"duration\":1938.8399999999965,\"time_run\":55428,\"time_render\":55427.92,\"time_show\":55428.16,\"time_end\":57367,\"time_commit\":57386,\"timestamp\":\"2022-03-02T12:43:00.418Z\",\"time_switch\":57393.12},{\"sender\":\"example3_feedback\",\"sender_type\":\"canvas.Screen\",\"sender_id\":\"7\",\"response\":\"Space\",\"response_action\":\"keypress(Space)\",\"ended_on\":\"response\",\"duration\":1223.8799999999974,\"time_run\":57392,\"time_render\":57392.86,\"time_show\":57393.12,\"time_end\":58617,\"time_commit\":58623,\"timestamp\":\"2022-03-02T12:43:01.656Z\",\"time_switch\":58624.52},{\"sender\":\"get_ready_html\",\"sender_type\":\"html.Screen\",\"sender_id\":\"8\",\"response\":\"space\",\"response_action\":\"keypress(Space)\",\"ended_on\":\"response\",\"duration\":7508.480000000003,\"time_run\":58624,\"time_render\":58624.22,\"time_show\":58624.52,\"time_end\":66133,\"time_commit\":66150,\"timestamp\":\"2022-03-02T12:43:09.182Z\",\"time_switch\":66211.06},{\"sender\":\"trial_screen\",\"sender_type\":\"canvas.Screen\",\"sender_id\":\"9_0\",\"correct\":true,\"trial_ID\":1,\"word1\":\"siziol\",\"word2\":\"salzahl\",\"word3\":\"sozihl\",\"word4\":\"sziam\",\"word5\":\"sozial\",\"response\":\"5\",\"response_action\":\"keypress(5)\",\"correctResponse\":\"5\",\"ended_on\":\"response\",\"duration\":3045.9400000000023,\"time_run\":66211,\"time_render\":66210.8,\"time_show\":66211.06,\"time_end\":69257,\"time_commit\":69276,\"timestamp\":\"2022-03-02T12:43:12.309Z\",\"time_switch\":69284.7},{\"sender\":\"trial_screen\",\"sender_type\":\"canvas.Screen\",\"sender_id\":\"9_1\",\"correct\":true,\"trial_ID\":2,\"word1\":\"Lamone\",\"word2\":\"Talane\",\"word3\":\"Matrone\",\"word4\":\"Tarone\",\"word5\":\"Malonte\",\"response\":\"3\",\"response_action\":\"keypress(3)\",\"correctResponse\":\"3\",\"ended_on\":\"response\",\"duration\":1536.300000000003,\"time_run\":69285,\"time_render\":69284.42,\"time_show\":69284.7,\"time_end\":70821,\"time_commit\":70835,\"timestamp\":\"2022-03-02T12:43:13.868Z\",\"time_switch\":70843.66},{\"sender\":\"trial_screen\",\"sender_type\":\"canvas.Screen\",\"sender_id\":\"9_2\",\"correct\":true,\"trial_ID\":3,\"word1\":\"kurinesisch\",\"word2\":\"kulinarisch\",\"word3\":\"kumenisch\",\"word4\":\"kulissarisch\",\"word5\":\"kannastrisch\",\"response\":\"2\",\"response_action\":\"keypress(2)\",\"correctResponse\":\"2\",\"ended_on\":\"response\",\"duration\":1866.3399999999965,\"time_run\":70843,\"time_render\":70843.42,\"time_show\":70843.66,\"time_end\":72710,\"time_commit\":72726,\"timestamp\":\"2022-03-02T12:43:15.758Z\",\"time_switch\":72741.78},{\"sender\":\"trial_screen\",\"sender_type\":\"canvas.Screen\",\"sender_id\":\"9_3\",\"correct\":true,\"trial_ID\":4,\"word1\":\"Tinxur\",\"word2\":\"Kukutur\",\"word3\":\"Fraktan\",\"word4\":\"Tinktur\",\"word5\":\"Rimsuhr\",\"response\":\"4\",\"response_action\":\"keypress(4)\",\"correctResponse\":\"4\",\"ended_on\":\"response\",\"duration\":3015.220000000001,\"time_run\":72741,\"time_render\":72741.56,\"time_show\":72741.78,\"time_end\":75757,\"time_commit\":75767,\"timestamp\":\"2022-03-02T12:43:18.800Z\",\"time_switch\":75776.26},{\"sender\":\"trial_screen\",\"sender_type\":\"canvas.Screen\",\"sender_id\":\"9_4\",\"correct\":true,\"trial_ID\":5,\"word1\":\"beralen\",\"word2\":\"ger\u00e4ltet\",\"word3\":\"an\u00e4lteren\",\"word4\":\"unt\u00e4ren\",\"word5\":\"verbr\u00e4men\",\"response\":\"5\",\"response_action\":\"keypress(5)\",\"correctResponse\":\"5\",\"ended_on\":\"response\",\"duration\":3011.7400000000052,\"time_run\":75776,\"time_render\":75776.02,\"time_show\":75776.26,\"time_end\":78788,\"time_commit\":78808,\"timestamp\":\"2022-03-02T12:43:21.840Z\",\"time_switch\":78818.18},{\"sender\":\"trial_screen\",\"sender_type\":\"canvas.Screen\",\"sender_id\":\"9_5\",\"correct\":true,\"trial_ID\":6,\"word1\":\"Rosto\",\"word2\":\"Torso\",\"word3\":\"Soro\",\"word4\":\"Torgos\",\"word5\":\"Tosor\",\"response\":\"2\",\"response_action\":\"keypress(2)\",\"correctResponse\":\"2\",\"ended_on\":\"response\",\"duration\":2469.820000000007,\"time_run\":78817,\"time_render\":78817.92,\"time_show\":78818.18,\"time_end\":81288,\"time_commit\":81307,\"timestamp\":\"2022-03-02T12:43:24.340Z\",\"time_switch\":81315.66},{\"sender\":\"trial_screen\",\"sender_type\":\"canvas.Screen\",\"sender_id\":\"9_6\",\"correct\":true,\"trial_ID\":7,\"word1\":\"Redor\",\"word2\":\"Radium\",\"word3\":\"Terion\",\"word4\":\"Dramin\",\"word5\":\"Orakium\",\"response\":\"2\",\"response_action\":\"keypress(2)\",\"correctResponse\":\"2\",\"ended_on\":\"response\",\"duration\":2082.3399999999965,\"time_run\":81315,\"time_render\":81315.4,\"time_show\":81315.66,\"time_end\":83398,\"time_commit\":83422,\"timestamp\":\"2022-03-02T12:43:26.454Z\",\"time_switch\":83429.64},{\"sender\":\"trial_screen\",\"sender_type\":\"canvas.Screen\",\"sender_id\":\"9_7\",\"correct\":true,\"trial_ID\":8,\"word1\":\"Nale\",\"word2\":\"Sahe\",\"word3\":\"Nase\",\"word4\":\"Nesa\",\"word5\":\"Sehna\",\"response\":\"3\",\"response_action\":\"keypress(3)\",\"correctResponse\":\"3\",\"ended_on\":\"response\",\"duration\":1594.3600000000006,\"time_run\":83429,\"time_render\":83429.36,\"time_show\":83429.64,\"time_end\":85024,\"time_commit\":85034,\"timestamp\":\"2022-03-02T12:43:28.066Z\",\"time_switch\":85041.62},{\"sender\":\"trial_screen\",\"sender_type\":\"canvas.Screen\",\"sender_id\":\"9_8\",\"correct\":true,\"trial_ID\":9,\"word1\":\"Rilkiase\",\"word2\":\"Kilister\",\"word3\":\"Riliker\",\"word4\":\"Klistier\",\"word5\":\"Linkure\",\"response\":\"4\",\"response_action\":\"keypress(4)\",\"correctResponse\":\"4\",\"ended_on\":\"response\",\"duration\":3215.3800000000047,\"time_run\":85041,\"time_render\":85041.26,\"time_show\":85041.62,\"time_end\":88257,\"time_commit\":88274,\"timestamp\":\"2022-03-02T12:43:31.307Z\",\"time_switch\":88281.74},{\"sender\":\"trial_screen\",\"sender_type\":\"canvas.Screen\",\"sender_id\":\"9_9\",\"correct\":true,\"trial_ID\":10,\"word1\":\"kentern\",\"word2\":\"knerte\",\"word3\":\"kanzen\",\"word4\":\"kretern\",\"word5\":\"trekern\",\"response\":\"1\",\"response_action\":\"keypress(1)\",\"correctResponse\":\"1\",\"ended_on\":\"response\",\"duration\":1928.2599999999948,\"time_run\":88281,\"time_render\":88281.4,\"time_show\":88281.74,\"time_end\":90210,\"time_commit\":90222,\"timestamp\":\"2022-03-02T12:43:33.255Z\",\"time_switch\":90228.52},{\"sender\":\"trial_screen\",\"sender_type\":\"canvas.Screen\",\"sender_id\":\"9_10\",\"correct\":true,\"trial_ID\":11,\"word1\":\"Sorekin\",\"word2\":\"Sarowin\",\"word3\":\"Rosakin\",\"word4\":\"Narosin\",\"word5\":\"Kerosin\",\"response\":\"5\",\"response_action\":\"keypress(5)\",\"correctResponse\":\"5\",\"ended_on\":\"response\",\"duration\":3997.479999999996,\"time_run\":90228,\"time_render\":90228.26,\"time_show\":90228.52,\"time_end\":94226,\"time_commit\":94244,\"timestamp\":\"2022-03-02T12:43:37.277Z\",\"time_switch\":94253.46},{\"sender\":\"trial_screen\",\"sender_type\":\"canvas.Screen\",\"sender_id\":\"9_11\",\"correct\":true,\"trial_ID\":12,\"word1\":\"Ralke\",\"word2\":\"Korre\",\"word3\":\"Ruckse\",\"word4\":\"Recke\",\"word5\":\"Ulte\",\"response\":\"4\",\"response_action\":\"keypress(4)\",\"correctResponse\":\"4\",\"ended_on\":\"response\",\"duration\":3144.5399999999936,\"time_run\":94253,\"time_render\":94253.22,\"time_show\":94253.46,\"time_end\":97398,\"time_commit\":97407,\"timestamp\":\"2022-03-02T12:43:40.440Z\",\"time_switch\":97416.18},{\"sender\":\"trial_screen\",\"sender_type\":\"canvas.Screen\",\"sender_id\":\"9_12\",\"correct\":true,\"trial_ID\":13,\"word1\":\"Kapaun\",\"word2\":\"Paukan\",\"word3\":\"Naupack\",\"word4\":\"Aupeck\",\"word5\":\"Ankepran\",\"response\":\"1\",\"response_action\":\"keypress(1)\",\"correctResponse\":\"1\",\"ended_on\":\"response\",\"duration\":1965.820000000007,\"time_run\":97416,\"time_render\":97415.9,\"time_show\":97416.18,\"time_end\":99382,\"time_commit\":99395,\"timestamp\":\"2022-03-02T12:43:42.428Z\",\"time_switch\":99403.42},{\"sender\":\"trial_screen\",\"sender_type\":\"canvas.Screen\",\"sender_id\":\"9_13\",\"correct\":true,\"trial_ID\":14,\"word1\":\"Dissonanz\",\"word2\":\"Diskrisanz\",\"word3\":\"Distranz\",\"word4\":\"Dinotanz\",\"word5\":\"Sidonenz\",\"response\":\"1\",\"response_action\":\"keypress(1)\",\"correctResponse\":\"1\",\"ended_on\":\"response\",\"duration\":1635.5800000000017,\"time_run\":99403,\"time_render\":99403.18,\"time_show\":99403.42,\"time_end\":101039,\"time_commit\":101061,\"timestamp\":\"2022-03-02T12:43:44.094Z\",\"time_switch\":101068.02},{\"sender\":\"trial_screen\",\"sender_type\":\"canvas.Screen\",\"sender_id\":\"9_14\",\"correct\":true,\"trial_ID\":15,\"word1\":\"Kirse\",\"word2\":\"Sirke\",\"word3\":\"Krise\",\"word4\":\"Krospe\",\"word5\":\"Seris\",\"response\":\"3\",\"response_action\":\"keypress(3)\",\"correctResponse\":\"3\",\"ended_on\":\"response\",\"duration\":1766.979999999996,\"time_run\":101068,\"time_render\":101067.76,\"time_show\":101068.02,\"time_end\":102835,\"time_commit\":102851,\"timestamp\":\"2022-03-02T12:43:45.883Z\",\"time_switch\":102858.2},{\"sender\":\"trial_screen\",\"sender_type\":\"canvas.Screen\",\"sender_id\":\"9_15\",\"correct\":true,\"trial_ID\":16,\"word1\":\"Tume\",\"word2\":\"Umat\",\"word3\":\"Maut\",\"word4\":\"Taum\",\"word5\":\"Muta\",\"response\":\"3\",\"response_action\":\"keypress(3)\",\"correctResponse\":\"3\",\"ended_on\":\"response\",\"duration\":1789.800000000003,\"time_run\":102858,\"time_render\":102857.94,\"time_show\":102858.2,\"time_end\":104648,\"time_commit\":104668,\"timestamp\":\"2022-03-02T12:43:47.700Z\",\"time_switch\":104674.1},{\"sender\":\"trial_screen\",\"sender_type\":\"canvas.Screen\",\"sender_id\":\"9_16\",\"correct\":true,\"trial_ID\":17,\"word1\":\"Tuhl\",\"word2\":\"Lar\",\"word3\":\"Lest\",\"word4\":\"Dall\",\"word5\":\"Lid\",\"response\":\"5\",\"response_action\":\"keypress(5)\",\"correctResponse\":\"5\",\"ended_on\":\"response\",\"duration\":6443.899999999994,\"time_run\":104674,\"time_render\":104673.86,\"time_show\":104674.1,\"time_end\":111118,\"time_commit\":111124,\"timestamp\":\"2022-03-02T12:43:54.157Z\",\"time_switch\":111134.02},{\"sender\":\"trial_screen\",\"sender_type\":\"canvas.Screen\",\"sender_id\":\"9_17\",\"correct\":true,\"trial_ID\":18,\"word1\":\"Adept\",\"word2\":\"Padet\",\"word3\":\"Edapt\",\"word4\":\"Epatt\",\"word5\":\"Taped\",\"response\":\"1\",\"response_action\":\"keypress(1)\",\"correctResponse\":\"1\",\"ended_on\":\"response\",\"duration\":3045.979999999996,\"time_run\":111129,\"time_render\":111129.68,\"time_show\":111134.02,\"time_end\":114180,\"time_commit\":114188,\"timestamp\":\"2022-03-02T12:43:57.221Z\",\"time_switch\":114197.62},{\"sender\":\"trial_screen\",\"sender_type\":\"canvas.Screen\",\"sender_id\":\"9_18\",\"correct\":true,\"trial_ID\":19,\"word1\":\"Spirine\",\"word2\":\"Saprin\",\"word3\":\"Parsin\",\"word4\":\"Purin\",\"word5\":\"Asprint\",\"response\":\"4\",\"response_action\":\"keypress(4)\",\"correctResponse\":\"4\",\"ended_on\":\"response\",\"duration\":4528.380000000005,\"time_run\":114195,\"time_render\":114195.22,\"time_show\":114197.62,\"time_end\":118726,\"time_commit\":118741,\"timestamp\":\"2022-03-02T12:44:01.774Z\",\"time_switch\":118747.36},{\"sender\":\"trial_screen\",\"sender_type\":\"canvas.Screen\",\"sender_id\":\"9_19\",\"correct\":true,\"trial_ID\":20,\"word1\":\"Kulon\",\"word2\":\"Solgun\",\"word3\":\"Koskan\",\"word4\":\"Soran\",\"word5\":\"Klonus\",\"response\":\"5\",\"response_action\":\"keypress(5)\",\"correctResponse\":\"5\",\"ended_on\":\"response\",\"duration\":4728.639999999999,\"time_run\":118747,\"time_render\":118747.1,\"time_show\":118747.36,\"time_end\":123476,\"time_commit\":123493,\"timestamp\":\"2022-03-02T12:44:06.525Z\",\"time_switch\":123499.24},{\"sender\":\"trial_screen\",\"sender_type\":\"canvas.Screen\",\"sender_id\":\"9_20\",\"correct\":true,\"trial_ID\":21,\"word1\":\"Tronke\",\"word2\":\"Nocktherm\",\"word3\":\"Teronk\",\"word4\":\"Komtur\",\"word5\":\"Rocktur\",\"response\":\"4\",\"response_action\":\"keypress(4)\",\"correctResponse\":\"4\",\"ended_on\":\"response\",\"duration\":6788.759999999995,\"time_run\":123499,\"time_render\":123498.98,\"time_show\":123499.24,\"time_end\":130288,\"time_commit\":130296,\"timestamp\":\"2022-03-02T12:44:13.330Z\",\"time_switch\":130315.1},{\"sender\":\"trial_screen\",\"sender_type\":\"canvas.Screen\",\"sender_id\":\"9_21\",\"correct\":true,\"trial_ID\":22,\"word1\":\"Ripat\",\"word2\":\"Patinatte\",\"word3\":\"Tapir\",\"word4\":\"Apitt\",\"word5\":\"Padir\",\"response\":\"3\",\"response_action\":\"keypress(3)\",\"correctResponse\":\"3\",\"ended_on\":\"response\",\"duration\":5802.899999999994,\"time_run\":130311,\"time_render\":130311.66,\"time_show\":130315.1,\"time_end\":136118,\"time_commit\":136135,\"timestamp\":\"2022-03-02T12:44:19.168Z\",\"time_switch\":136145.1},{\"sender\":\"trial_screen\",\"sender_type\":\"canvas.Screen\",\"sender_id\":\"9_22\",\"correct\":true,\"trial_ID\":23,\"word1\":\"Akifer\",\"word2\":\"Fiaker\",\"word3\":\"Kiaffa\",\"word4\":\"Sariffer\",\"word5\":\"Refisker\",\"response\":\"2\",\"response_action\":\"keypress(2)\",\"correctResponse\":\"2\",\"ended_on\":\"response\",\"duration\":4221.899999999994,\"time_run\":136144,\"time_render\":136144.9,\"time_show\":136145.1,\"time_end\":140367,\"time_commit\":140387,\"timestamp\":\"2022-03-02T12:44:23.419Z\",\"time_switch\":140397.56},{\"sender\":\"trial_screen\",\"sender_type\":\"canvas.Screen\",\"sender_id\":\"9_23\",\"correct\":true,\"trial_ID\":24,\"word1\":\"Kleiber\",\"word2\":\"Beikel\",\"word3\":\"Keibel\",\"word4\":\"Reikler\",\"word5\":\"Biekerl\",\"response\":\"1\",\"response_action\":\"keypress(1)\",\"correctResponse\":\"1\",\"ended_on\":\"response\",\"duration\":2125.4400000000023,\"time_run\":140397,\"time_render\":140397.3,\"time_show\":140397.56,\"time_end\":142523,\"time_commit\":142532,\"timestamp\":\"2022-03-02T12:44:25.565Z\",\"time_switch\":142540.22},{\"sender\":\"trial_screen\",\"sender_type\":\"canvas.Screen\",\"sender_id\":\"9_24\",\"correct\":true,\"trial_ID\":25,\"word1\":\"Ig\u00e4de\",\"word2\":\"D\u00e4gie\",\"word3\":\"\u00c4gide\",\"word4\":\"Dig\u00e4de\",\"word5\":\"Giad\",\"response\":\"3\",\"response_action\":\"keypress(3)\",\"correctResponse\":\"3\",\"ended_on\":\"response\",\"duration\":2857.779999999999,\"time_run\":142539,\"time_render\":142539.92,\"time_show\":142540.22,\"time_end\":145398,\"time_commit\":145404,\"timestamp\":\"2022-03-02T12:44:28.437Z\",\"time_switch\":145417.1},{\"sender\":\"trial_screen\",\"sender_type\":\"canvas.Screen\",\"sender_id\":\"9_25\",\"correct\":true,\"trial_ID\":26,\"word1\":\"Rixal\",\"word2\":\"Irtax\",\"word3\":\"Rackizie\",\"word4\":\"Matrix\",\"word5\":\"Atrige\",\"response\":\"4\",\"response_action\":\"keypress(4)\",\"correctResponse\":\"4\",\"ended_on\":\"response\",\"duration\":2558.899999999994,\"time_run\":145413,\"time_render\":145413.46,\"time_show\":145417.1,\"time_end\":147976,\"time_commit\":147997,\"timestamp\":\"2022-03-02T12:44:31.030Z\",\"time_switch\":148005.22},{\"sender\":\"trial_screen\",\"sender_type\":\"canvas.Screen\",\"sender_id\":\"9_26\",\"correct\":true,\"trial_ID\":27,\"word1\":\"Haskisch\",\"word2\":\"Asmisch\",\"word3\":\"Schisma\",\"word4\":\"Rasthmie\",\"word5\":\"Ilschah\",\"response\":\"3\",\"response_action\":\"keypress(3)\",\"correctResponse\":\"3\",\"ended_on\":\"response\",\"duration\":3595.779999999999,\"time_run\":148005,\"time_render\":148004.98,\"time_show\":148005.22,\"time_end\":151601,\"time_commit\":151609,\"timestamp\":\"2022-03-02T12:44:34.642Z\",\"time_switch\":151616.9},{\"sender\":\"trial_screen\",\"sender_type\":\"canvas.Screen\",\"sender_id\":\"9_27\",\"correct\":true,\"trial_ID\":28,\"word1\":\"Sallose\",\"word2\":\"Lordose\",\"word3\":\"Dormase\",\"word4\":\"Rollase\",\"word5\":\"Ardierole\",\"response\":\"2\",\"response_action\":\"keypress(2)\",\"correctResponse\":\"2\",\"ended_on\":\"response\",\"duration\":2125.100000000006,\"time_run\":151617,\"time_render\":151616.66,\"time_show\":151616.9,\"time_end\":153742,\"time_commit\":153752,\"timestamp\":\"2022-03-02T12:44:36.785Z\",\"time_switch\":153759.66},{\"sender\":\"trial_screen\",\"sender_type\":\"canvas.Screen\",\"sender_id\":\"9_28\",\"correct\":true,\"trial_ID\":29,\"word1\":\"Intranotion\",\"word2\":\"Infranatura\",\"word3\":\"Internodium\",\"word4\":\"Indotalie\",\"word5\":\"Indosta\",\"response\":\"3\",\"response_action\":\"keypress(3)\",\"correctResponse\":\"3\",\"ended_on\":\"response\",\"duration\":10544.339999999997,\"time_run\":153759,\"time_render\":153759.38,\"time_show\":153759.66,\"time_end\":164304,\"time_commit\":164328,\"timestamp\":\"2022-03-02T12:44:47.361Z\",\"time_switch\":164337.38},{\"sender\":\"trial_screen\",\"sender_type\":\"canvas.Screen\",\"sender_id\":\"9_29\",\"correct\":false,\"trial_ID\":30,\"word1\":\"Idaste\",\"word2\":\"Dastrix\",\"word3\":\"Astike\",\"word4\":\"Sadile\",\"word5\":\"Kasside\",\"response\":\"3\",\"response_action\":\"keypress(3)\",\"correctResponse\":\"5\",\"ended_on\":\"response\",\"duration\":11122.619999999995,\"time_run\":164337,\"time_render\":164337.14,\"time_show\":164337.38,\"time_end\":175460,\"time_commit\":175480,\"timestamp\":\"2022-03-02T12:44:58.512Z\",\"time_switch\":175488.66},{\"sender\":\"trial_screen\",\"sender_type\":\"canvas.Screen\",\"sender_id\":\"9_30\",\"correct\":true,\"trial_ID\":31,\"word1\":\"Libration\",\"word2\":\"Bilation\",\"word3\":\"Arlation\",\"word4\":\"Iberation\",\"word5\":\"Tiradon\",\"response\":\"1\",\"response_action\":\"keypress(1)\",\"correctResponse\":\"1\",\"ended_on\":\"response\",\"duration\":1941.3399999999965,\"time_run\":175488,\"time_render\":175488.42,\"time_show\":175488.66,\"time_end\":177430,\"time_commit\":177433,\"timestamp\":\"2022-03-02T12:45:00.466Z\",\"time_switch\":177441.34},{\"sender\":\"trial_screen\",\"sender_type\":\"canvas.Screen\",\"sender_id\":\"9_31\",\"correct\":true,\"trial_ID\":32,\"word1\":\"Pucker\",\"word2\":\"Keuper\",\"word3\":\"Eucker\",\"word4\":\"Reuspeck\",\"word5\":\"Urkane\",\"response\":\"2\",\"response_action\":\"keypress(2)\",\"correctResponse\":\"2\",\"ended_on\":\"response\",\"duration\":5565.6600000000035,\"time_run\":177441,\"time_render\":177441.1,\"time_show\":177441.34,\"time_end\":183007,\"time_commit\":183029,\"timestamp\":\"2022-03-02T12:45:06.062Z\",\"time_switch\":183038.42},{\"sender\":\"trial_screen\",\"sender_type\":\"canvas.Screen\",\"sender_id\":\"9_32\",\"correct\":true,\"trial_ID\":33,\"word1\":\"Sickaber\",\"word2\":\"Bassiker\",\"word3\":\"Kassiber\",\"word4\":\"Sassiker\",\"word5\":\"Askiber\",\"response\":\"3\",\"response_action\":\"keypress(3)\",\"correctResponse\":\"3\",\"ended_on\":\"response\",\"duration\":2296.579999999987,\"time_run\":183038,\"time_render\":183038.18,\"time_show\":183038.42,\"time_end\":185335,\"time_commit\":185354,\"timestamp\":\"2022-03-02T12:45:08.386Z\",\"time_switch\":185368.32},{\"sender\":\"trial_screen\",\"sender_type\":\"canvas.Screen\",\"sender_id\":\"9_33\",\"correct\":false,\"trial_ID\":34,\"word1\":\"Alquallon\",\"word2\":\"Lisqualien\",\"word3\":\"Talquallen\",\"word4\":\"Quisquilien\",\"word5\":\"Rielquellen\",\"response\":\"3\",\"response_action\":\"keypress(3)\",\"correctResponse\":\"4\",\"ended_on\":\"response\",\"duration\":6310.679999999993,\"time_run\":185368,\"time_render\":185368.08,\"time_show\":185368.32,\"time_end\":191679,\"time_commit\":191691,\"timestamp\":\"2022-03-02T12:45:14.724Z\",\"time_switch\":191700.04},{\"sender\":\"trial_screen\",\"sender_type\":\"canvas.Screen\",\"sender_id\":\"9_34\",\"correct\":false,\"trial_ID\":35,\"word1\":\"Berkiza\",\"word2\":\"Brekzie\",\"word3\":\"Birakzie\",\"word4\":\"Brikazie\",\"word5\":\"Bakiria\",\"response\":\"5\",\"response_action\":\"keypress(5)\",\"correctResponse\":\"2\",\"ended_on\":\"response\",\"duration\":5900.959999999992,\"time_run\":191699,\"time_render\":191699.7,\"time_show\":191700.04,\"time_end\":197601,\"time_commit\":197616,\"timestamp\":\"2022-03-02T12:45:20.649Z\",\"time_switch\":197617.72},{\"sender\":\"loop_trial\",\"sender_type\":\"flow.Loop\",\"sender_id\":\"9\",\"ended_on\":\"completion\",\"duration\":131389.94,\"time_run\":66204,\"time_render\":66210.8,\"time_show\":66211.06,\"time_end\":197601,\"time_commit\":197616,\"timestamp\":\"2022-03-02T12:45:20.649Z\",\"time_switch\":197617.72},{\"sender\":\"end_html\",\"sender_type\":\"html.Screen\",\"sender_id\":\"10\",\"ended_on\":\"timeout\",\"duration\":5993.059999999998,\"time_run\":197618,\"time_render\":197617.44,\"time_show\":197617.72,\"time_end\":203594.12,\"time_commit\":203595,\"timestamp\":\"2022-03-02T12:45:26.627Z\",\"time_switch\":203610.78},{\"sender\":\"root\",\"sender_type\":\"flow.Sequence\",\"sender_id\":null,\"ended_on\":\"completion\",\"duration\":202370.41999999998,\"time_run\":1139,\"time_render\":1207.04,\"time_show\":1223.7,\"time_end\":203594.12,\"time_commit\":203595,\"timestamp\":\"2022-03-02T12:45:26.628Z\",\"time_switch\":203610.78}]",
    "metadata": "{\"slice\":0,\"id\":\"59db8a66-3401-461b-b2ed-487bbe7a982e\",\"payload\":\"full\"}",
    "url": "https://exp02.zih.tu-dresden.de/experiments/spot_a_word_task/"
}