{
    "data": "[{\"url\":{},\"meta\":{\"labjs_version\":\"20.1.1\",\"labjs_build\":{\"flavor\":\"production\",\"commit\":\"cd5695f774968f50499757c1423bd95d033ea08e\"},\"location\":\"https://exp01.zih.tu-dresden.de/experiments/raven_task/\",\"userAgent\":\"Mozilla/5.0 (Windows NT 10.0; Win64; x64) AppleWebKit/537.36 (KHTML, like Gecko) Chrome/99.0.4844.51 Safari/537.36 Edg/99.0.1150.39\",\"platform\":\"Win32\",\"language\":\"de\",\"locale\":\"de\",\"timeZone\":\"Europe/Berlin\",\"timezoneOffset\":-60,\"screen_width\":1024,\"screen_height\":820,\"scroll_width\":976,\"scroll_height\":630,\"window_innerWidth\":976,\"window_innerHeight\":678,\"devicePixelRatio\":1.25},\"sender\":\"welcome\",\"sender_type\":\"canvas.Screen\",\"sender_id\":\"0\",\"ended_on\":\"timeout\",\"duration\":7997.2789999999995,\"time_run\":5416,\"time_render\":5369.98,\"time_show\":5419.962,\"time_end\":13400.58,\"time_commit\":13405.79999999702,\"timestamp\":\"2022-03-13T07:28:45.267Z\",\"time_switch\":13417.241},{\"sender\":\"instructions\",\"sender_type\":\"html.Page\",\"sender_id\":\"1\",\"response\":\"Space\",\"response_action\":\"keypress(Space)\",\"ended_on\":\"response\",\"duration\":37879.95899998808,\"time_run\":13406.29999999702,\"time_render\":13400.58,\"time_show\":13417.241,\"time_end\":51297.19999998808,\"time_commit\":51300.89999999106,\"timestamp\":\"2022-03-13T07:29:23.163Z\",\"time_switch\":51337.893},{\"sender\":\"example1\",\"sender_type\":\"canvas.Screen\",\"sender_id\":\"2\",\"response\":\"8\",\"response_action\":\"click(0) @8\",\"correctResponse\":\"8\",\"correct\":true,\"ended_on\":\"response\",\"duration\":8668.006999991063,\"time_run\":51301.19999998808,\"time_render\":51287.91,\"time_show\":51337.893,\"time_end\":60005.89999999106,\"time_commit\":60008.19999998808,\"timestamp\":\"2022-03-13T07:29:31.870Z\",\"time_switch\":60051.634},{\"sender\":\"example1_feedback\",\"sender_type\":\"canvas.Screen\",\"sender_id\":\"3\",\"response\":\"space\",\"response_action\":\"keypress(Space)\",\"ended_on\":\"response\",\"duration\":2229.4659999940413,\"time_run\":60048.29999999702,\"time_render\":60034.973,\"time_show\":60051.634,\"time_end\":62281.09999999404,\"time_commit\":62282.29999999702,\"timestamp\":\"2022-03-13T07:29:34.144Z\",\"time_switch\":62284.205},{\"sender\":\"example2\",\"sender_type\":\"canvas.Screen\",\"sender_id\":\"4\",\"response\":\"1\",\"response_action\":\"click(0) @1\",\"correctResponse\":\"4\",\"correct\":false,\"ended_on\":\"response\",\"duration\":3689.6949999910576,\"time_run\":62282.5,\"time_render\":62267.544,\"time_show\":62284.205,\"time_end\":65973.89999999106,\"time_commit\":65974.79999999702,\"timestamp\":\"2022-03-13T07:29:37.837Z\",\"time_switch\":66016.27},{\"sender\":\"example2_feedback\",\"sender_type\":\"canvas.Screen\",\"sender_id\":\"5\",\"response\":\"space\",\"response_action\":\"keypress(Space)\",\"ended_on\":\"response\",\"duration\":5613.029999997016,\"time_run\":66014.89999999106,\"time_render\":65999.609,\"time_show\":66016.27,\"time_end\":71629.29999999702,\"time_commit\":71630.39999999106,\"timestamp\":\"2022-03-13T07:29:43.492Z\",\"time_switch\":71664.367},{\"sender\":\"get ready\",\"sender_type\":\"canvas.Screen\",\"sender_id\":\"6\",\"response\":\"Space\",\"response_action\":\"keypress(Space)\",\"ended_on\":\"response\",\"duration\":9872.633000000002,\"time_run\":71630.59999999404,\"time_render\":71614.384,\"time_show\":71664.367,\"time_end\":81537,\"time_commit\":81538,\"timestamp\":\"2022-03-13T07:29:53.400Z\",\"time_switch\":81577.676},{\"sender\":\"test01\",\"sender_type\":\"canvas.Screen\",\"sender_id\":\"7_0\",\"response\":\"3\",\"response_action\":\"click(0) @3\",\"correctResponse\":\"7\",\"correct\":false,\"ended_on\":\"response\",\"duration\":15796.023999988072,\"time_run\":81538.39999999106,\"time_render\":81527.693,\"time_show\":81577.676,\"time_end\":97373.69999998808,\"time_commit\":97374.59999999404,\"timestamp\":\"2022-03-13T07:30:09.236Z\",\"time_switch\":97389.019},{\"sender\":\"test02\",\"sender_type\":\"canvas.Screen\",\"sender_id\":\"7_1\",\"response\":\"2\",\"response_action\":\"click(0) @2\",\"correctResponse\":\"4\",\"correct\":false,\"ended_on\":\"response\",\"duration\":20216.481,\"time_run\":97374.79999999702,\"time_render\":97372.358,\"time_show\":97389.019,\"time_end\":117605.5,\"time_commit\":117606.5,\"timestamp\":\"2022-03-13T07:30:29.468Z\",\"time_switch\":117615.547},{\"sender\":\"test03\",\"sender_type\":\"canvas.Screen\",\"sender_id\":\"7_2\",\"response\":\"6\",\"response_action\":\"click(0) @6\",\"correctResponse\":\"6\",\"correct\":true,\"ended_on\":\"response\",\"duration\":11725.952999999994,\"time_run\":117606.59999999404,\"time_render\":117598.886,\"time_show\":117615.547,\"time_end\":129341.5,\"time_commit\":129342.39999999106,\"timestamp\":\"2022-03-13T07:30:41.204Z\",\"time_switch\":129361.636},{\"sender\":\"test04\",\"sender_type\":\"canvas.Screen\",\"sender_id\":\"7_3\",\"response\":\"6\",\"response_action\":\"click(0) @6\",\"correctResponse\":\"2\",\"correct\":false,\"ended_on\":\"response\",\"duration\":13467.663999997021,\"time_run\":129342.89999999106,\"time_render\":129328.314,\"time_show\":129361.636,\"time_end\":142829.29999999702,\"time_commit\":142830.09999999404,\"timestamp\":\"2022-03-13T07:30:54.692Z\",\"time_switch\":142840.426},{\"sender\":\"test05\",\"sender_type\":\"canvas.Screen\",\"sender_id\":\"7_4\",\"response\":\"4\",\"response_action\":\"click(0) @4\",\"correctResponse\":\"4\",\"correct\":true,\"ended_on\":\"response\",\"duration\":7508.873999997013,\"time_run\":142830.29999999702,\"time_render\":142823.765,\"time_show\":142840.426,\"time_end\":150349.29999999702,\"time_commit\":150350.29999999702,\"timestamp\":\"2022-03-13T07:31:02.212Z\",\"time_switch\":150354.559},{\"sender\":\"test06\",\"sender_type\":\"canvas.Screen\",\"sender_id\":\"7_5\",\"response\":\"7\",\"response_action\":\"click(0) @7\",\"correctResponse\":\"7\",\"correct\":true,\"ended_on\":\"response\",\"duration\":14202.64099998807,\"time_run\":150350.39999999106,\"time_render\":150337.898,\"time_show\":150354.559,\"time_end\":164557.19999998808,\"time_commit\":164558,\"timestamp\":\"2022-03-13T07:31:16.420Z\",\"time_switch\":164566.456},{\"sender\":\"test07\",\"sender_type\":\"canvas.Screen\",\"sender_id\":\"7_6\",\"response\":\"3\",\"response_action\":\"click(0) @3\",\"correctResponse\":\"8\",\"correct\":false,\"ended_on\":\"response\",\"duration\":12942.543999999994,\"time_run\":164558.19999998808,\"time_render\":164549.795,\"time_show\":164566.456,\"time_end\":177509,\"time_commit\":177510,\"timestamp\":\"2022-03-13T07:31:29.372Z\",\"time_switch\":177512.117},{\"sender\":\"test08\",\"sender_type\":\"canvas.Screen\",\"sender_id\":\"7_7\",\"response\":\"8\",\"response_action\":\"click(0) @8\",\"correctResponse\":\"7\",\"correct\":false,\"ended_on\":\"response\",\"duration\":19996.78299999106,\"time_run\":177510.09999999404,\"time_render\":177495.456,\"time_show\":177512.117,\"time_end\":197508.89999999106,\"time_commit\":197509.79999999702,\"timestamp\":\"2022-03-13T07:31:49.372Z\",\"time_switch\":197522.026},{\"sender\":\"test09\",\"sender_type\":\"canvas.Screen\",\"sender_id\":\"7_8\",\"response\":\"8\",\"response_action\":\"click(0) @8\",\"correctResponse\":\"5\",\"correct\":false,\"ended_on\":\"response\",\"duration\":12282.873999991047,\"time_run\":197509.89999999106,\"time_render\":197505.365,\"time_show\":197522.026,\"time_end\":209804.89999999106,\"time_commit\":209810.29999999702,\"timestamp\":\"2022-03-13T07:32:01.672Z\",\"time_switch\":209817.889},{\"sender\":\"test10\",\"sender_type\":\"canvas.Screen\",\"sender_id\":\"7_9\",\"response\":\"5\",\"response_action\":\"click(0) @5\",\"correctResponse\":\"5\",\"correct\":true,\"ended_on\":\"response\",\"duration\":25842.710999994044,\"time_run\":209810.5,\"time_render\":209801.228,\"time_show\":209817.889,\"time_end\":235660.59999999404,\"time_commit\":235661.5,\"timestamp\":\"2022-03-13T07:32:27.523Z\",\"time_switch\":235675.836},{\"sender\":\"test11\",\"sender_type\":\"canvas.Screen\",\"sender_id\":\"7_10\",\"response\":\"3\",\"response_action\":\"click(0) @3\",\"correctResponse\":\"4\",\"correct\":false,\"ended_on\":\"response\",\"duration\":22544.66399999999,\"time_run\":235661.59999999404,\"time_render\":235659.175,\"time_show\":235675.836,\"time_end\":258220.5,\"time_commit\":258221.29999999702,\"timestamp\":\"2022-03-13T07:32:50.083Z\",\"time_switch\":258234.942},{\"sender\":\"test12\",\"sender_type\":\"canvas.Screen\",\"sender_id\":\"7_11\",\"response\":\"5\",\"response_action\":\"click(0) @5\",\"correctResponse\":\"1\",\"correct\":false,\"ended_on\":\"response\",\"duration\":15761.45799999105,\"time_run\":258221.39999999106,\"time_render\":258218.281,\"time_show\":258234.942,\"time_end\":273996.39999999106,\"time_commit\":273997.1999999881,\"timestamp\":\"2022-03-13T07:33:05.859Z\",\"time_switch\":274012.976},{\"sender\":\"tests (15min)\",\"sender_type\":\"flow.Sequence\",\"sender_id\":\"7\",\"ended_on\":\"completion\",\"duration\":192418.72399999105,\"time_run\":81538.29999999702,\"time_render\":81527.693,\"time_show\":81577.676,\"time_end\":273996.39999999106,\"time_commit\":273998.799999997,\"timestamp\":\"2022-03-13T07:33:05.861Z\",\"time_switch\":274012.976},{\"sender\":\"good bye\",\"sender_type\":\"canvas.Screen\",\"sender_id\":\"8\",\"ended_on\":\"timeout\",\"duration\":3998.717000000004,\"time_run\":273998.89999999106,\"time_render\":273996.315,\"time_show\":274012.976,\"time_end\":277995.032,\"time_commit\":277996.799999997,\"timestamp\":\"2022-03-13T07:33:09.859Z\",\"time_switch\":278011.693},{\"sender\":\"root\",\"sender_type\":\"flow.Sequence\",\"sender_id\":null,\"ended_on\":\"completion\",\"duration\":272575.07,\"time_run\":5415.899999991059,\"time_render\":5369.98,\"time_show\":5419.962,\"time_end\":277995.032,\"time_commit\":277997.39999999106,\"timestamp\":\"2022-03-13T07:33:09.859Z\",\"time_switch\":278011.693}]",
    "metadata": "{\"slice\":0,\"id\":\"08391372-9a46-45d5-bc94-8f494dd81c7f\",\"payload\":\"full\"}",
    "url": "https://exp01.zih.tu-dresden.de/experiments/raven_task/"
}