{
    "data": "[{\"url\":{},\"meta\":{\"labjs_version\":\"20.1.1\",\"labjs_build\":{\"flavor\":\"production\",\"commit\":\"cd5695f774968f50499757c1423bd95d033ea08e\"},\"location\":\"https://exp02.zih.tu-dresden.de/experiments/spot_a_word_task/\",\"userAgent\":\"Mozilla/5.0 (Windows NT 10.0; Win64; x64) AppleWebKit/537.36 (KHTML, like Gecko) Chrome/89.0.4389.128 Safari/537.36 Edg/89.0.774.77\",\"platform\":\"Win32\",\"language\":\"de\",\"locale\":\"de\",\"timeZone\":\"Europe/Berlin\",\"timezoneOffset\":-120,\"screen_width\":1536,\"screen_height\":864,\"scroll_width\":1920,\"scroll_height\":895,\"window_innerWidth\":1920,\"window_innerHeight\":943,\"devicePixelRatio\":1},\"sender\":\"start_html\",\"sender_type\":\"html.Screen\",\"sender_id\":\"0\",\"ended_on\":\"timeout\",\"duration\":6015.171,\"time_run\":574.860000051558,\"time_render\":497.387,\"time_show\":580.695,\"time_end\":6562.774,\"time_commit\":6569.7900000959635,\"timestamp\":\"2021-04-19T15:08:00.497Z\",\"time_switch\":6595.866},{\"sender\":\"manual_html\",\"sender_type\":\"html.Screen\",\"sender_id\":\"1\",\"response\":\"space\",\"response_action\":\"keypress(Space)\",\"ended_on\":\"response\",\"duration\":41416.959000099836,\"time_run\":6570.6050004810095,\"time_render\":6562.774,\"time_show\":6595.866,\"time_end\":48012.82500009984,\"time_commit\":48018.280000425875,\"timestamp\":\"2021-04-19T15:08:41.946Z\",\"time_switch\":48035.747},{\"sender\":\"example1_screen\",\"sender_type\":\"canvas.Screen\",\"sender_id\":\"2\",\"response\":\"4\",\"response_action\":\"keypress(4)\",\"correctResponse\":\"4\",\"correct\":true,\"ended_on\":\"response\",\"duration\":3269.4629999040335,\"time_run\":48028.21500040591,\"time_render\":48005.935,\"time_show\":48035.747,\"time_end\":51305.20999990404,\"time_commit\":51306.750000454485,\"timestamp\":\"2021-04-19T15:08:45.234Z\",\"time_switch\":51318.283},{\"sender\":\"example1_feedback\",\"sender_type\":\"canvas.Screen\",\"sender_id\":\"3\",\"response\":\"Space\",\"response_action\":\"keypress(Space)\",\"ended_on\":\"response\",\"duration\":2927.4819996504157,\"time_run\":51312.34499998391,\"time_render\":51302.015,\"time_show\":51318.283,\"time_end\":54245.76499965042,\"time_commit\":54247.130000032485,\"timestamp\":\"2021-04-19T15:08:48.174Z\",\"time_switch\":54267.634},{\"sender\":\"example2_screen\",\"sender_type\":\"canvas.Screen\",\"sender_id\":\"4\",\"response\":\"5\",\"response_action\":\"keypress(5)\",\"correctResponse\":\"5\",\"correct\":true,\"ended_on\":\"response\",\"duration\":3189.7459995705503,\"time_run\":54253.95500008017,\"time_render\":54251.274,\"time_show\":54267.634,\"time_end\":57457.37999957055,\"time_commit\":57458.77499971539,\"timestamp\":\"2021-04-19T15:08:51.386Z\",\"time_switch\":57466.754},{\"sender\":\"example2_feedback\",\"sender_type\":\"canvas.Screen\",\"sender_id\":\"5\",\"response\":\"Space\",\"response_action\":\"keypress(Space)\",\"ended_on\":\"response\",\"duration\":1928.7410002953402,\"time_run\":57464.379999786615,\"time_render\":57450.566,\"time_show\":57466.754,\"time_end\":59395.49500029534,\"time_commit\":59396.82499971241,\"timestamp\":\"2021-04-19T15:08:53.324Z\",\"time_switch\":59416.303},{\"sender\":\"example3_screen\",\"sender_type\":\"canvas.Screen\",\"sender_id\":\"6\",\"response\":\"1\",\"response_action\":\"keypress(1)\",\"correctResponse\":\"1\",\"correct\":true,\"ended_on\":\"response\",\"duration\":1824.7219998793007,\"time_run\":59403.165000490844,\"time_render\":59399.795,\"time_show\":59416.303,\"time_end\":61241.0249998793,\"time_commit\":61242.22999997437,\"timestamp\":\"2021-04-19T15:08:55.170Z\",\"time_switch\":61249.174},{\"sender\":\"example3_feedback\",\"sender_type\":\"canvas.Screen\",\"sender_id\":\"7\",\"response\":\"Space\",\"response_action\":\"keypress(Space)\",\"ended_on\":\"response\",\"duration\":1113.3959998810897,\"time_run\":61247.024999931455,\"time_render\":61232.836,\"time_show\":61249.174,\"time_end\":62362.56999988109,\"time_commit\":62363.77499997616,\"timestamp\":\"2021-04-19T15:08:56.291Z\",\"time_switch\":62382.223},{\"sender\":\"get_ready_html\",\"sender_type\":\"html.Screen\",\"sender_id\":\"8\",\"response\":\"space\",\"response_action\":\"keypress(Space)\",\"ended_on\":\"response\",\"duration\":7751.3970004443545,\"time_run\":62364.149999804795,\"time_render\":62365.857,\"time_show\":62382.223,\"time_end\":70133.62000044435,\"time_commit\":70135.08000038564,\"timestamp\":\"2021-04-19T15:09:04.062Z\",\"time_switch\":70196.958},{\"sender\":\"trial_screen\",\"sender_type\":\"canvas.Screen\",\"sender_id\":\"9_0\",\"correct\":true,\"trial_ID\":1,\"word1\":\"siziol\",\"word2\":\"salzahl\",\"word3\":\"sozihl\",\"word4\":\"sziam\",\"word5\":\"sozial\",\"response\":\"5\",\"response_action\":\"keypress(5)\",\"correctResponse\":\"5\",\"ended_on\":\"response\",\"duration\":2343.4319997472776,\"time_run\":70193.97000037134,\"time_render\":70180.992,\"time_show\":70196.958,\"time_end\":72540.38999974728,\"time_commit\":72541.31499957293,\"timestamp\":\"2021-04-19T15:09:06.469Z\",\"time_switch\":72546.37},{\"sender\":\"trial_screen\",\"sender_type\":\"canvas.Screen\",\"sender_id\":\"9_1\",\"correct\":true,\"trial_ID\":2,\"word1\":\"Lamone\",\"word2\":\"Talane\",\"word3\":\"Matrone\",\"word4\":\"Tarone\",\"word5\":\"Malonte\",\"response\":\"3\",\"response_action\":\"keypress(3)\",\"correctResponse\":\"3\",\"ended_on\":\"response\",\"duration\":2575.4500000003027,\"time_run\":72544.88500021398,\"time_render\":72529.954,\"time_show\":72546.37,\"time_end\":75121.8200000003,\"time_commit\":75122.6800000295,\"timestamp\":\"2021-04-19T15:09:09.050Z\",\"time_switch\":75129.048},{\"sender\":\"trial_screen\",\"sender_type\":\"canvas.Screen\",\"sender_id\":\"9_2\",\"correct\":true,\"trial_ID\":3,\"word1\":\"kurinesisch\",\"word2\":\"kulinarisch\",\"word3\":\"kumenisch\",\"word4\":\"kulissarisch\",\"word5\":\"kannastrisch\",\"response\":\"2\",\"response_action\":\"keypress(2)\",\"correctResponse\":\"2\",\"ended_on\":\"response\",\"duration\":2437.3720000464964,\"time_run\":75125.8800001815,\"time_render\":75112.694,\"time_show\":75129.048,\"time_end\":77566.42000004649,\"time_commit\":77567.78500042856,\"timestamp\":\"2021-04-19T15:09:11.495Z\",\"time_switch\":77578.504},{\"sender\":\"trial_screen\",\"sender_type\":\"canvas.Screen\",\"sender_id\":\"9_3\",\"correct\":true,\"trial_ID\":4,\"word1\":\"Tinxur\",\"word2\":\"Kukutur\",\"word3\":\"Fraktan\",\"word4\":\"Tinktur\",\"word5\":\"Rimsuhr\",\"response\":\"4\",\"response_action\":\"keypress(4)\",\"correctResponse\":\"4\",\"ended_on\":\"response\",\"duration\":2179.980999649226,\"time_run\":77573.06999992579,\"time_render\":77562.053,\"time_show\":77578.504,\"time_end\":79758.48499964923,\"time_commit\":79759.74499993026,\"timestamp\":\"2021-04-19T15:09:13.687Z\",\"time_switch\":79778.583},{\"sender\":\"trial_screen\",\"sender_type\":\"canvas.Screen\",\"sender_id\":\"9_4\",\"correct\":true,\"trial_ID\":5,\"word1\":\"beralen\",\"word2\":\"ger\u00e4ltet\",\"word3\":\"an\u00e4lteren\",\"word4\":\"unt\u00e4ren\",\"word5\":\"verbr\u00e4men\",\"response\":\"5\",\"response_action\":\"keypress(5)\",\"correctResponse\":\"5\",\"ended_on\":\"response\",\"duration\":4011.346999969901,\"time_run\":79765.04999957979,\"time_render\":79761.631,\"time_show\":79778.583,\"time_end\":83789.9299999699,\"time_commit\":83791.55999980867,\"timestamp\":\"2021-04-19T15:09:17.719Z\",\"time_switch\":83810.4},{\"sender\":\"trial_screen\",\"sender_type\":\"canvas.Screen\",\"sender_id\":\"9_5\",\"correct\":true,\"trial_ID\":6,\"word1\":\"Rosto\",\"word2\":\"Torso\",\"word3\":\"Soro\",\"word4\":\"Torgos\",\"word5\":\"Tosor\",\"response\":\"2\",\"response_action\":\"keypress(2)\",\"correctResponse\":\"2\",\"ended_on\":\"response\",\"duration\":2276.5549997150956,\"time_run\":83797.95499984175,\"time_render\":83794.139,\"time_show\":83810.4,\"time_end\":86086.95499971509,\"time_commit\":86088.3799996227,\"timestamp\":\"2021-04-19T15:09:20.016Z\",\"time_switch\":86109.757},{\"sender\":\"trial_screen\",\"sender_type\":\"canvas.Screen\",\"sender_id\":\"9_6\",\"correct\":true,\"trial_ID\":7,\"word1\":\"Redor\",\"word2\":\"Radium\",\"word3\":\"Terion\",\"word4\":\"Dramin\",\"word5\":\"Orakium\",\"response\":\"2\",\"response_action\":\"keypress(2)\",\"correctResponse\":\"2\",\"ended_on\":\"response\",\"duration\":1625.6279997743986,\"time_run\":86099.545000121,\"time_render\":86093.441,\"time_show\":86109.757,\"time_end\":87735.3849997744,\"time_commit\":87736.61500029266,\"timestamp\":\"2021-04-19T15:09:21.664Z\",\"time_switch\":87768.966},{\"sender\":\"trial_screen\",\"sender_type\":\"canvas.Screen\",\"sender_id\":\"9_7\",\"correct\":true,\"trial_ID\":8,\"word1\":\"Nale\",\"word2\":\"Sahe\",\"word3\":\"Nase\",\"word4\":\"Nesa\",\"word5\":\"Sehna\",\"response\":\"3\",\"response_action\":\"keypress(3)\",\"correctResponse\":\"3\",\"ended_on\":\"response\",\"duration\":5027.663999764263,\"time_run\":87742.06000007689,\"time_render\":87726.304,\"time_show\":87768.966,\"time_end\":92796.62999976426,\"time_commit\":92797.43000026792,\"timestamp\":\"2021-04-19T15:09:26.725Z\",\"time_switch\":92808.85},{\"sender\":\"trial_screen\",\"sender_type\":\"canvas.Screen\",\"sender_id\":\"9_8\",\"correct\":true,\"trial_ID\":9,\"word1\":\"Rilkiase\",\"word2\":\"Kilister\",\"word3\":\"Riliker\",\"word4\":\"Klistier\",\"word5\":\"Linkure\",\"response\":\"4\",\"response_action\":\"keypress(4)\",\"correctResponse\":\"4\",\"ended_on\":\"response\",\"duration\":3460.805000418419,\"time_run\":92800.25000032037,\"time_render\":92792.068,\"time_show\":92808.85,\"time_end\":96269.65500041842,\"time_commit\":96270.87500039488,\"timestamp\":\"2021-04-19T15:09:30.198Z\",\"time_switch\":96290.562},{\"sender\":\"trial_screen\",\"sender_type\":\"canvas.Screen\",\"sender_id\":\"9_9\",\"correct\":true,\"trial_ID\":10,\"word1\":\"kentern\",\"word2\":\"knerte\",\"word3\":\"kanzen\",\"word4\":\"kretern\",\"word5\":\"trekern\",\"response\":\"1\",\"response_action\":\"keypress(1)\",\"correctResponse\":\"1\",\"ended_on\":\"response\",\"duration\":1825.922999656672,\"time_run\":96276.24499984086,\"time_render\":96274.27,\"time_show\":96290.562,\"time_end\":98116.48499965668,\"time_commit\":98117.89000034332,\"timestamp\":\"2021-04-19T15:09:32.045Z\",\"time_switch\":98140.129},{\"sender\":\"trial_screen\",\"sender_type\":\"canvas.Screen\",\"sender_id\":\"9_10\",\"correct\":true,\"trial_ID\":11,\"word1\":\"Sorekin\",\"word2\":\"Sarowin\",\"word3\":\"Rosakin\",\"word4\":\"Narosin\",\"word5\":\"Kerosin\",\"response\":\"5\",\"response_action\":\"keypress(5)\",\"correctResponse\":\"5\",\"ended_on\":\"response\",\"duration\":3768.3859997845284,\"time_run\":98124.4099996984,\"time_render\":98123.664,\"time_show\":98140.129,\"time_end\":101908.51499978453,\"time_commit\":101910.34500021487,\"timestamp\":\"2021-04-19T15:09:35.838Z\",\"time_switch\":101922.562},{\"sender\":\"trial_screen\",\"sender_type\":\"canvas.Screen\",\"sender_id\":\"9_11\",\"correct\":true,\"trial_ID\":12,\"word1\":\"Ralke\",\"word2\":\"Korre\",\"word3\":\"Ruckse\",\"word4\":\"Recke\",\"word5\":\"Ulte\",\"response\":\"4\",\"response_action\":\"keypress(4)\",\"correctResponse\":\"4\",\"ended_on\":\"response\",\"duration\":2383.738000287587,\"time_run\":101919.64999958873,\"time_render\":101906.294,\"time_show\":101922.562,\"time_end\":104306.30000028759,\"time_commit\":104307.69500043243,\"timestamp\":\"2021-04-19T15:09:38.235Z\",\"time_switch\":104321.957},{\"sender\":\"trial_screen\",\"sender_type\":\"canvas.Screen\",\"sender_id\":\"9_12\",\"correct\":true,\"trial_ID\":13,\"word1\":\"Kapaun\",\"word2\":\"Paukan\",\"word3\":\"Naupack\",\"word4\":\"Aupeck\",\"word5\":\"Ankepran\",\"response\":\"1\",\"response_action\":\"keypress(1)\",\"correctResponse\":\"1\",\"ended_on\":\"response\",\"duration\":2078.3680002861074,\"time_run\":104312.8000004217,\"time_render\":104305.632,\"time_show\":104321.957,\"time_end\":106400.3250002861,\"time_commit\":106400.99500026554,\"timestamp\":\"2021-04-19T15:09:40.328Z\",\"time_switch\":106421.406},{\"sender\":\"trial_screen\",\"sender_type\":\"canvas.Screen\",\"sender_id\":\"9_13\",\"correct\":true,\"trial_ID\":14,\"word1\":\"Dissonanz\",\"word2\":\"Diskrisanz\",\"word3\":\"Distranz\",\"word4\":\"Dinotanz\",\"word5\":\"Sidonenz\",\"response\":\"1\",\"response_action\":\"keypress(1)\",\"correctResponse\":\"1\",\"ended_on\":\"response\",\"duration\":1848.2940000625822,\"time_run\":106405.76499979943,\"time_render\":106405.077,\"time_show\":106421.406,\"time_end\":108269.70000006258,\"time_commit\":108270.98000049591,\"timestamp\":\"2021-04-19T15:09:42.198Z\",\"time_switch\":108287.905},{\"sender\":\"trial_screen\",\"sender_type\":\"canvas.Screen\",\"sender_id\":\"9_14\",\"correct\":true,\"trial_ID\":15,\"word1\":\"Kirse\",\"word2\":\"Sirke\",\"word3\":\"Krise\",\"word4\":\"Krospe\",\"word5\":\"Seris\",\"response\":\"3\",\"response_action\":\"keypress(3)\",\"correctResponse\":\"3\",\"ended_on\":\"response\",\"duration\":2024.9899999809277,\"time_run\":108276.91000048071,\"time_render\":108271.203,\"time_show\":108287.905,\"time_end\":110312.89499998093,\"time_commit\":110314.100000076,\"timestamp\":\"2021-04-19T15:09:44.241Z\",\"time_switch\":110320.511},{\"sender\":\"trial_screen\",\"sender_type\":\"canvas.Screen\",\"sender_id\":\"9_15\",\"correct\":true,\"trial_ID\":16,\"word1\":\"Tume\",\"word2\":\"Umat\",\"word3\":\"Maut\",\"word4\":\"Taum\",\"word5\":\"Muta\",\"response\":\"3\",\"response_action\":\"keypress(3)\",\"correctResponse\":\"3\",\"ended_on\":\"response\",\"duration\":1252.4290003328933,\"time_run\":110318.85000038892,\"time_render\":110304.013,\"time_show\":110320.511,\"time_end\":111572.94000033289,\"time_commit\":111574.52999986708,\"timestamp\":\"2021-04-19T15:09:45.502Z\",\"time_switch\":111586.922},{\"sender\":\"trial_screen\",\"sender_type\":\"canvas.Screen\",\"sender_id\":\"9_16\",\"correct\":true,\"trial_ID\":17,\"word1\":\"Tuhl\",\"word2\":\"Lar\",\"word3\":\"Lest\",\"word4\":\"Dall\",\"word5\":\"Lid\",\"response\":\"5\",\"response_action\":\"keypress(5)\",\"correctResponse\":\"5\",\"ended_on\":\"response\",\"duration\":3113.8479999958217,\"time_run\":111584.64999962598,\"time_render\":111570.465,\"time_show\":111586.922,\"time_end\":114700.76999999583,\"time_commit\":114702.13000010699,\"timestamp\":\"2021-04-19T15:09:48.629Z\",\"time_switch\":114719.411},{\"sender\":\"trial_screen\",\"sender_type\":\"canvas.Screen\",\"sender_id\":\"9_17\",\"correct\":false,\"trial_ID\":18,\"word1\":\"Adept\",\"word2\":\"Padet\",\"word3\":\"Edapt\",\"word4\":\"Epatt\",\"word5\":\"Taped\",\"response\":\"5\",\"response_action\":\"keypress(5)\",\"correctResponse\":\"1\",\"ended_on\":\"response\",\"duration\":5280.583999729104,\"time_run\":114706.65999967605,\"time_render\":114703.116,\"time_show\":114719.411,\"time_end\":119999.9949997291,\"time_commit\":120002.08999961615,\"timestamp\":\"2021-04-19T15:09:53.929Z\",\"time_switch\":120018.128},{\"sender\":\"trial_screen\",\"sender_type\":\"canvas.Screen\",\"sender_id\":\"9_18\",\"correct\":true,\"trial_ID\":19,\"word1\":\"Spirine\",\"word2\":\"Saprin\",\"word3\":\"Parsin\",\"word4\":\"Purin\",\"word5\":\"Asprint\",\"response\":\"4\",\"response_action\":\"keypress(4)\",\"correctResponse\":\"4\",\"ended_on\":\"response\",\"duration\":4887.381999953213,\"time_run\":120010.73500048369,\"time_render\":120001.917,\"time_show\":120018.128,\"time_end\":124905.50999995321,\"time_commit\":124907.56999980658,\"timestamp\":\"2021-04-19T15:09:58.835Z\",\"time_switch\":124933.769},{\"sender\":\"trial_screen\",\"sender_type\":\"canvas.Screen\",\"sender_id\":\"9_19\",\"correct\":false,\"trial_ID\":20,\"word1\":\"Kulon\",\"word2\":\"Solgun\",\"word3\":\"Koskan\",\"word4\":\"Soran\",\"word5\":\"Klonus\",\"response\":\"1\",\"response_action\":\"keypress(1)\",\"correctResponse\":\"5\",\"ended_on\":\"response\",\"duration\":6542.821000092983,\"time_run\":124917.39999968559,\"time_render\":124917.547,\"time_show\":124933.769,\"time_end\":131476.59000009298,\"time_commit\":131478.22500020266,\"timestamp\":\"2021-04-19T15:10:05.405Z\",\"time_switch\":131499.135},{\"sender\":\"trial_screen\",\"sender_type\":\"canvas.Screen\",\"sender_id\":\"9_20\",\"correct\":true,\"trial_ID\":21,\"word1\":\"Tronke\",\"word2\":\"Nocktherm\",\"word3\":\"Teronk\",\"word4\":\"Komtur\",\"word5\":\"Rocktur\",\"response\":\"4\",\"response_action\":\"keypress(4)\",\"correctResponse\":\"4\",\"ended_on\":\"response\",\"duration\":4266.960000319174,\"time_run\":131487.80499957502,\"time_render\":131482.545,\"time_show\":131499.135,\"time_end\":135766.09500031918,\"time_commit\":135767.5250004977,\"timestamp\":\"2021-04-19T15:10:09.695Z\",\"time_switch\":135780.92},{\"sender\":\"trial_screen\",\"sender_type\":\"canvas.Screen\",\"sender_id\":\"9_21\",\"correct\":true,\"trial_ID\":22,\"word1\":\"Ripat\",\"word2\":\"Patinatte\",\"word3\":\"Tapir\",\"word4\":\"Apitt\",\"word5\":\"Padir\",\"response\":\"3\",\"response_action\":\"keypress(3)\",\"correctResponse\":\"3\",\"ended_on\":\"response\",\"duration\":3046.3200004789105,\"time_run\":135772.06499967724,\"time_render\":135764.825,\"time_show\":135780.92,\"time_end\":138827.24000047892,\"time_commit\":138828.50500009954,\"timestamp\":\"2021-04-19T15:10:12.756Z\",\"time_switch\":138847.099},{\"sender\":\"trial_screen\",\"sender_type\":\"canvas.Screen\",\"sender_id\":\"9_22\",\"correct\":true,\"trial_ID\":23,\"word1\":\"Akifer\",\"word2\":\"Fiaker\",\"word3\":\"Kiaffa\",\"word4\":\"Sariffer\",\"word5\":\"Refisker\",\"response\":\"2\",\"response_action\":\"keypress(2)\",\"correctResponse\":\"2\",\"ended_on\":\"response\",\"duration\":1974.7260004574782,\"time_run\":138833.71500018984,\"time_render\":138830.454,\"time_show\":138847.099,\"time_end\":140821.82500045747,\"time_commit\":140822.97999970615,\"timestamp\":\"2021-04-19T15:10:14.750Z\",\"time_switch\":140829.703},{\"sender\":\"trial_screen\",\"sender_type\":\"canvas.Screen\",\"sender_id\":\"9_23\",\"correct\":true,\"trial_ID\":24,\"word1\":\"Kleiber\",\"word2\":\"Beikel\",\"word3\":\"Keibel\",\"word4\":\"Reikler\",\"word5\":\"Biekerl\",\"response\":\"1\",\"response_action\":\"keypress(1)\",\"correctResponse\":\"1\",\"ended_on\":\"response\",\"duration\":1635.7720004410658,\"time_run\":140828.02500016987,\"time_render\":140813.396,\"time_show\":140829.703,\"time_end\":142465.47500044107,\"time_commit\":142467.1299997717,\"timestamp\":\"2021-04-19T15:10:16.394Z\",\"time_switch\":142479.288},{\"sender\":\"trial_screen\",\"sender_type\":\"canvas.Screen\",\"sender_id\":\"9_24\",\"correct\":true,\"trial_ID\":25,\"word1\":\"Ig\u00e4de\",\"word2\":\"D\u00e4gie\",\"word3\":\"\u00c4gide\",\"word4\":\"Dig\u00e4de\",\"word5\":\"Giad\",\"response\":\"3\",\"response_action\":\"keypress(3)\",\"correctResponse\":\"3\",\"ended_on\":\"response\",\"duration\":2810.9619996125693,\"time_run\":142476.58499982208,\"time_render\":142462.95,\"time_show\":142479.288,\"time_end\":145290.24999961257,\"time_commit\":145291.2149997428,\"timestamp\":\"2021-04-19T15:10:19.218Z\",\"time_switch\":145317.121},{\"sender\":\"trial_screen\",\"sender_type\":\"canvas.Screen\",\"sender_id\":\"9_25\",\"correct\":true,\"trial_ID\":26,\"word1\":\"Rixal\",\"word2\":\"Irtax\",\"word3\":\"Rackizie\",\"word4\":\"Matrix\",\"word5\":\"Atrige\",\"response\":\"4\",\"response_action\":\"keypress(4)\",\"correctResponse\":\"4\",\"ended_on\":\"response\",\"duration\":2856.263999856339,\"time_run\":145294.1450001672,\"time_render\":145278.856,\"time_show\":145317.121,\"time_end\":148173.38499985635,\"time_commit\":148175.15499982983,\"timestamp\":\"2021-04-19T15:10:22.102Z\",\"time_switch\":148194.815},{\"sender\":\"trial_screen\",\"sender_type\":\"canvas.Screen\",\"sender_id\":\"9_26\",\"correct\":false,\"trial_ID\":27,\"word1\":\"Haskisch\",\"word2\":\"Asmisch\",\"word3\":\"Schisma\",\"word4\":\"Rasthmie\",\"word5\":\"Ilschah\",\"response\":\"1\",\"response_action\":\"keypress(1)\",\"correctResponse\":\"3\",\"ended_on\":\"response\",\"duration\":7259.07500046998,\"time_run\":148181.98500014842,\"time_render\":148178.282,\"time_show\":148194.815,\"time_end\":155453.89000046998,\"time_commit\":155455.4449999705,\"timestamp\":\"2021-04-19T15:10:29.383Z\",\"time_switch\":155476.129},{\"sender\":\"trial_screen\",\"sender_type\":\"canvas.Screen\",\"sender_id\":\"9_27\",\"correct\":true,\"trial_ID\":28,\"word1\":\"Sallose\",\"word2\":\"Lordose\",\"word3\":\"Dormase\",\"word4\":\"Rollase\",\"word5\":\"Ardierole\",\"response\":\"2\",\"response_action\":\"keypress(2)\",\"correctResponse\":\"2\",\"ended_on\":\"response\",\"duration\":1930.1009998477239,\"time_run\":155465.90500045568,\"time_render\":155460.106,\"time_show\":155476.129,\"time_end\":157406.2299998477,\"time_commit\":157407.49500039965,\"timestamp\":\"2021-04-19T15:10:31.335Z\",\"time_switch\":157425.752},{\"sender\":\"trial_screen\",\"sender_type\":\"canvas.Screen\",\"sender_id\":\"9_28\",\"correct\":false,\"trial_ID\":29,\"word1\":\"Intranotion\",\"word2\":\"Infranatura\",\"word3\":\"Internodium\",\"word4\":\"Indotalie\",\"word5\":\"Indosta\",\"response\":\"2\",\"response_action\":\"keypress(2)\",\"correctResponse\":\"3\",\"ended_on\":\"response\",\"duration\":6353.908000465803,\"time_run\":157412.42500022054,\"time_render\":157409.246,\"time_show\":157425.752,\"time_end\":163779.6600004658,\"time_commit\":163780.86499962956,\"timestamp\":\"2021-04-19T15:10:37.708Z\",\"time_switch\":163790.735},{\"sender\":\"trial_screen\",\"sender_type\":\"canvas.Screen\",\"sender_id\":\"9_29\",\"correct\":false,\"trial_ID\":30,\"word1\":\"Idaste\",\"word2\":\"Dastrix\",\"word3\":\"Astike\",\"word4\":\"Sadile\",\"word5\":\"Kasside\",\"response\":\"3\",\"response_action\":\"keypress(3)\",\"correctResponse\":\"5\",\"ended_on\":\"response\",\"duration\":5970.604999735369,\"time_run\":163787.7900004387,\"time_render\":163774.653,\"time_show\":163790.735,\"time_end\":169761.33999973536,\"time_commit\":169763.1649998948,\"timestamp\":\"2021-04-19T15:10:43.690Z\",\"time_switch\":169789.516},{\"sender\":\"trial_screen\",\"sender_type\":\"canvas.Screen\",\"sender_id\":\"9_30\",\"correct\":true,\"trial_ID\":31,\"word1\":\"Libration\",\"word2\":\"Bilation\",\"word3\":\"Arlation\",\"word4\":\"Iberation\",\"word5\":\"Tiradon\",\"response\":\"1\",\"response_action\":\"keypress(1)\",\"correctResponse\":\"1\",\"ended_on\":\"response\",\"duration\":3973.4589998450247,\"time_run\":169774.81000032276,\"time_render\":169773.121,\"time_show\":169789.516,\"time_end\":173762.97499984503,\"time_commit\":173764.2949996516,\"timestamp\":\"2021-04-19T15:10:47.692Z\",\"time_switch\":173771.648},{\"sender\":\"trial_screen\",\"sender_type\":\"canvas.Screen\",\"sender_id\":\"9_31\",\"correct\":true,\"trial_ID\":32,\"word1\":\"Pucker\",\"word2\":\"Keuper\",\"word3\":\"Eucker\",\"word4\":\"Reuspeck\",\"word5\":\"Urkane\",\"response\":\"2\",\"response_action\":\"keypress(2)\",\"correctResponse\":\"2\",\"ended_on\":\"response\",\"duration\":1815.51199964626,\"time_run\":173769.3699998781,\"time_render\":173755.428,\"time_show\":173771.648,\"time_end\":175587.15999964625,\"time_commit\":175588.67000043392,\"timestamp\":\"2021-04-19T15:10:49.516Z\",\"time_switch\":175604.579},{\"sender\":\"trial_screen\",\"sender_type\":\"canvas.Screen\",\"sender_id\":\"9_32\",\"correct\":true,\"trial_ID\":33,\"word1\":\"Sickaber\",\"word2\":\"Bassiker\",\"word3\":\"Kassiber\",\"word4\":\"Sassiker\",\"word5\":\"Askiber\",\"response\":\"3\",\"response_action\":\"keypress(3)\",\"correctResponse\":\"3\",\"ended_on\":\"response\",\"duration\":2494.1960003114364,\"time_run\":175593.15000008792,\"time_render\":175588.037,\"time_show\":175604.579,\"time_end\":178098.77500031143,\"time_commit\":178100.34499969333,\"timestamp\":\"2021-04-19T15:10:52.028Z\",\"time_switch\":178120.554},{\"sender\":\"trial_screen\",\"sender_type\":\"canvas.Screen\",\"sender_id\":\"9_33\",\"correct\":false,\"trial_ID\":34,\"word1\":\"Alquallon\",\"word2\":\"Lisqualien\",\"word3\":\"Talquallen\",\"word4\":\"Quisquilien\",\"word5\":\"Rielquellen\",\"response\":\"3\",\"response_action\":\"keypress(3)\",\"correctResponse\":\"4\",\"ended_on\":\"response\",\"duration\":3885.0459998003207,\"time_run\":178110.32500024885,\"time_render\":178104.247,\"time_show\":178120.554,\"time_end\":182005.59999980032,\"time_commit\":182006.7849997431,\"timestamp\":\"2021-04-19T15:10:55.934Z\",\"time_switch\":182019.609},{\"sender\":\"trial_screen\",\"sender_type\":\"canvas.Screen\",\"sender_id\":\"9_34\",\"correct\":false,\"trial_ID\":35,\"word1\":\"Berkiza\",\"word2\":\"Brekzie\",\"word3\":\"Birakzie\",\"word4\":\"Brikazie\",\"word5\":\"Bakiria\",\"response\":\"3\",\"response_action\":\"keypress(3)\",\"correctResponse\":\"2\",\"ended_on\":\"response\",\"duration\":5017.916000050667,\"time_run\":182012.62500043958,\"time_render\":182003.285,\"time_show\":182019.609,\"time_end\":187037.52500005066,\"time_commit\":187038.70999999344,\"timestamp\":\"2021-04-19T15:11:00.966Z\",\"time_switch\":187051.734},{\"sender\":\"loop_trial\",\"sender_type\":\"flow.Loop\",\"sender_id\":\"9\",\"ended_on\":\"completion\",\"duration\":116840.56700005067,\"time_run\":70191.86499994248,\"time_render\":70180.992,\"time_show\":70196.958,\"time_end\":187037.52500005066,\"time_commit\":187043.2500001043,\"timestamp\":\"2021-04-19T15:11:00.971Z\",\"time_switch\":187051.734},{\"sender\":\"end_html\",\"sender_type\":\"html.Screen\",\"sender_id\":\"10\",\"ended_on\":\"timeout\",\"duration\":5998.676999999996,\"time_run\":187043.5650004074,\"time_render\":187035.726,\"time_show\":187051.734,\"time_end\":193033.572,\"time_commit\":193040.55500030518,\"timestamp\":\"2021-04-19T15:11:06.968Z\",\"time_switch\":193050.411},{\"sender\":\"root\",\"sender_type\":\"flow.Sequence\",\"sender_id\":null,\"ended_on\":\"completion\",\"duration\":192452.87699999998,\"time_run\":574.6349999681115,\"time_render\":497.387,\"time_show\":580.695,\"time_end\":193033.572,\"time_commit\":193042.1099998057,\"timestamp\":\"2021-04-19T15:11:06.969Z\",\"time_switch\":193050.411}]",
    "metadata": "{\"slice\":0,\"id\":\"b8dd7169-a88b-4afb-85b9-54a9cc78bdf5\",\"payload\":\"full\"}",
    "url": "https://exp02.zih.tu-dresden.de/experiments/spot_a_word_task/"
}