{
    "data": "[{\"url\":{},\"meta\":{\"labjs_version\":\"20.1.1\",\"labjs_build\":{\"flavor\":\"production\",\"commit\":\"cd5695f774968f50499757c1423bd95d033ea08e\"},\"location\":\"https://exp02.zih.tu-dresden.de/experiments/raven_task/\",\"userAgent\":\"Mozilla/5.0 (Windows NT 6.3; Win64; x64; rv:89.0) Gecko/20100101 Firefox/89.0\",\"platform\":\"Win32\",\"language\":\"de\",\"locale\":\"de\",\"timeZone\":\"Europe/Berlin\",\"timezoneOffset\":-120,\"screen_width\":1280,\"screen_height\":720,\"scroll_width\":1280,\"scroll_height\":598,\"window_innerWidth\":1280,\"window_innerHeight\":598,\"devicePixelRatio\":1.5},\"sender\":\"welcome\",\"sender_type\":\"canvas.Screen\",\"sender_id\":\"0\",\"ended_on\":\"timeout\",\"duration\":8050.48,\"time_run\":1488,\"time_render\":1487.88,\"time_show\":1514.74,\"time_end\":9498.66,\"time_commit\":9505,\"timestamp\":\"2021-08-08T15:16:27.234Z\",\"time_switch\":9565.22},{\"sender\":\"instructions\",\"sender_type\":\"html.Page\",\"sender_id\":\"1\",\"response\":\"Space\",\"response_action\":\"keypress(Space)\",\"ended_on\":\"response\",\"duration\":27664.78,\"time_run\":9508,\"time_render\":9498.66,\"time_show\":9565.22,\"time_end\":37230,\"time_commit\":37234,\"timestamp\":\"2021-08-08T15:16:54.963Z\",\"time_switch\":37283.36},{\"sender\":\"example1\",\"sender_type\":\"canvas.Screen\",\"sender_id\":\"2\",\"response\":\"8\",\"response_action\":\"click(0) @8\",\"correctResponse\":\"8\",\"correct\":true,\"ended_on\":\"response\",\"duration\":6571.639999999999,\"time_run\":37235,\"time_render\":37235.04,\"time_show\":37283.36,\"time_end\":43855,\"time_commit\":43871,\"timestamp\":\"2021-08-08T15:17:01.601Z\",\"time_switch\":43900.42},{\"sender\":\"example1_feedback\",\"sender_type\":\"canvas.Screen\",\"sender_id\":\"3\",\"response\":\"space\",\"response_action\":\"keypress(Space)\",\"ended_on\":\"response\",\"duration\":4047.5800000000017,\"time_run\":43877,\"time_render\":43883.82,\"time_show\":43900.42,\"time_end\":47948,\"time_commit\":47961,\"timestamp\":\"2021-08-08T15:17:05.690Z\",\"time_switch\":48000.62},{\"sender\":\"example2\",\"sender_type\":\"canvas.Screen\",\"sender_id\":\"4\",\"response\":\"4\",\"response_action\":\"click(0) @4\",\"correctResponse\":\"4\",\"correct\":true,\"ended_on\":\"response\",\"duration\":6885.379999999997,\"time_run\":47961,\"time_render\":47961.36,\"time_show\":48000.62,\"time_end\":54886,\"time_commit\":54889,\"timestamp\":\"2021-08-08T15:17:12.619Z\",\"time_switch\":54917.64},{\"sender\":\"example2_feedback\",\"sender_type\":\"canvas.Screen\",\"sender_id\":\"5\",\"response\":\"space\",\"response_action\":\"keypress(Space)\",\"ended_on\":\"response\",\"duration\":1265.3600000000006,\"time_run\":54892,\"time_render\":54901.06,\"time_show\":54917.64,\"time_end\":56183,\"time_commit\":56187,\"timestamp\":\"2021-08-08T15:17:13.916Z\",\"time_switch\":56317.6},{\"sender\":\"get ready\",\"sender_type\":\"canvas.Screen\",\"sender_id\":\"6\",\"response\":\"Space\",\"response_action\":\"keypress(Space)\",\"ended_on\":\"response\",\"duration\":7583.4000000000015,\"time_run\":56188,\"time_render\":56188.26,\"time_show\":56317.6,\"time_end\":63901,\"time_commit\":63916,\"timestamp\":\"2021-08-08T15:17:21.646Z\",\"time_switch\":63968.08},{\"sender\":\"test01\",\"sender_type\":\"canvas.Screen\",\"sender_id\":\"7_0\",\"response\":\"7\",\"response_action\":\"click(0) @7\",\"correctResponse\":\"7\",\"correct\":true,\"ended_on\":\"response\",\"duration\":15057.919999999998,\"time_run\":63917,\"time_render\":63917.88,\"time_show\":63968.08,\"time_end\":79026,\"time_commit\":79036,\"timestamp\":\"2021-08-08T15:17:36.765Z\",\"time_switch\":79052.18},{\"sender\":\"test02\",\"sender_type\":\"canvas.Screen\",\"sender_id\":\"7_1\",\"response\":\"4\",\"response_action\":\"click(0) @4\",\"correctResponse\":\"4\",\"correct\":true,\"ended_on\":\"response\",\"duration\":24005.820000000007,\"time_run\":79037,\"time_render\":79033.86,\"time_show\":79052.18,\"time_end\":103058,\"time_commit\":103073,\"timestamp\":\"2021-08-08T15:18:00.803Z\",\"time_switch\":103086.74},{\"sender\":\"test03\",\"sender_type\":\"canvas.Screen\",\"sender_id\":\"7_2\",\"response\":\"6\",\"response_action\":\"click(0) @6\",\"correctResponse\":\"6\",\"correct\":true,\"ended_on\":\"response\",\"duration\":17455.259999999995,\"time_run\":103074,\"time_render\":103071.82,\"time_show\":103086.74,\"time_end\":120542,\"time_commit\":120554,\"timestamp\":\"2021-08-08T15:18:18.284Z\",\"time_switch\":120570.88},{\"sender\":\"test04\",\"sender_type\":\"canvas.Screen\",\"sender_id\":\"7_3\",\"response\":\"2\",\"response_action\":\"click(0) @2\",\"correctResponse\":\"2\",\"correct\":true,\"ended_on\":\"response\",\"duration\":47877.119999999995,\"time_run\":120555,\"time_render\":120553.38,\"time_show\":120570.88,\"time_end\":168448,\"time_commit\":168460,\"timestamp\":\"2021-08-08T15:19:06.189Z\",\"time_switch\":168473.38},{\"sender\":\"test05\",\"sender_type\":\"canvas.Screen\",\"sender_id\":\"7_4\",\"response\":\"4\",\"response_action\":\"click(0) @4\",\"correctResponse\":\"4\",\"correct\":true,\"ended_on\":\"response\",\"duration\":17443.619999999995,\"time_run\":168461,\"time_render\":168457.1,\"time_show\":168473.38,\"time_end\":185917,\"time_commit\":185934,\"timestamp\":\"2021-08-08T15:19:23.663Z\",\"time_switch\":185940.86},{\"sender\":\"test06\",\"sender_type\":\"canvas.Screen\",\"sender_id\":\"7_5\",\"response\":\"7\",\"response_action\":\"click(0) @7\",\"correctResponse\":\"7\",\"correct\":true,\"ended_on\":\"response\",\"duration\":32679.140000000014,\"time_run\":185935,\"time_render\":185932.84,\"time_show\":185940.86,\"time_end\":218620,\"time_commit\":218633,\"timestamp\":\"2021-08-08T15:19:56.363Z\",\"time_switch\":218642.62},{\"sender\":\"test07\",\"sender_type\":\"canvas.Screen\",\"sender_id\":\"7_6\",\"response\":\"8\",\"response_action\":\"click(0) @8\",\"correctResponse\":\"8\",\"correct\":true,\"ended_on\":\"response\",\"duration\":44118.380000000005,\"time_run\":218634,\"time_render\":218632.56,\"time_show\":218642.62,\"time_end\":262761,\"time_commit\":262763,\"timestamp\":\"2021-08-08T15:20:40.493Z\",\"time_switch\":262778.18},{\"sender\":\"test08\",\"sender_type\":\"canvas.Screen\",\"sender_id\":\"7_7\",\"response\":\"7\",\"response_action\":\"click(0) @7\",\"correctResponse\":\"7\",\"correct\":true,\"ended_on\":\"response\",\"duration\":221747.82,\"time_run\":262763,\"time_render\":262762.18,\"time_show\":262778.18,\"time_end\":484526,\"time_commit\":484543,\"timestamp\":\"2021-08-08T15:24:22.273Z\",\"time_switch\":484556.18},{\"sender\":\"test09\",\"sender_type\":\"canvas.Screen\",\"sender_id\":\"7_8\",\"response\":\"5\",\"response_action\":\"click(0) @5\",\"correctResponse\":\"5\",\"correct\":true,\"ended_on\":\"response\",\"duration\":150891.82,\"time_run\":484544,\"time_render\":484542.28,\"time_show\":484556.18,\"time_end\":635448,\"time_commit\":635458,\"timestamp\":\"2021-08-08T15:26:53.187Z\",\"time_switch\":635463.84},{\"sender\":\"test10\",\"sender_type\":\"canvas.Screen\",\"sender_id\":\"7_9\",\"response\":\"5\",\"response_action\":\"click(0) @5\",\"correctResponse\":\"5\",\"correct\":true,\"ended_on\":\"response\",\"duration\":55609.16000000003,\"time_run\":635458,\"time_render\":635457.02,\"time_show\":635463.84,\"time_end\":691073,\"time_commit\":691077,\"timestamp\":\"2021-08-08T15:27:48.806Z\",\"time_switch\":691083.28},{\"sender\":\"test11\",\"sender_type\":\"canvas.Screen\",\"sender_id\":\"7_10\",\"response\":\"4\",\"response_action\":\"click(0) @4\",\"correctResponse\":\"4\",\"correct\":true,\"ended_on\":\"response\",\"duration\":88692.71999999997,\"time_run\":691077,\"time_render\":691076.2,\"time_show\":691083.28,\"time_end\":779776,\"time_commit\":779791,\"timestamp\":\"2021-08-08T15:29:17.520Z\",\"time_switch\":779804.44},{\"sender\":\"test12\",\"sender_type\":\"canvas.Screen\",\"sender_id\":\"7_11\",\"response\":\"1\",\"response_action\":\"click(0) @1\",\"correctResponse\":\"1\",\"correct\":true,\"ended_on\":\"response\",\"duration\":127237.56000000006,\"time_run\":779791,\"time_render\":779789.24,\"time_show\":779804.44,\"time_end\":907042,\"time_commit\":907054,\"timestamp\":\"2021-08-08T15:31:24.784Z\",\"time_switch\":907060.9},{\"sender\":\"tests (15min)\",\"sender_type\":\"flow.Sequence\",\"sender_id\":\"7\",\"ended_on\":\"completion\",\"duration\":843073.92,\"time_run\":63917,\"time_render\":63917.88,\"time_show\":63968.08,\"time_end\":907042,\"time_commit\":907056,\"timestamp\":\"2021-08-08T15:31:24.785Z\",\"time_switch\":907060.9},{\"sender\":\"good bye\",\"sender_type\":\"canvas.Screen\",\"sender_id\":\"8\",\"ended_on\":\"timeout\",\"duration\":4000.2399999999907,\"time_run\":907057,\"time_render\":907052.04,\"time_show\":907060.9,\"time_end\":911044.46,\"time_commit\":911046,\"timestamp\":\"2021-08-08T15:31:28.776Z\",\"time_switch\":911061.14},{\"sender\":\"root\",\"sender_type\":\"flow.Sequence\",\"sender_id\":null,\"ended_on\":\"completion\",\"duration\":909529.72,\"time_run\":1488,\"time_render\":1487.88,\"time_show\":1514.74,\"time_end\":911044.46,\"time_commit\":911048,\"timestamp\":\"2021-08-08T15:31:28.777Z\",\"time_switch\":911061.14}]",
    "metadata": "{\"slice\":0,\"id\":\"ac9b1b9c-91c7-455c-be6e-d806083c7c77\",\"payload\":\"full\"}",
    "url": "https://exp02.zih.tu-dresden.de/experiments/raven_task/"
}