{
    "data": "[{\"url\":{},\"meta\":{\"labjs_version\":\"20.1.1\",\"labjs_build\":{\"flavor\":\"production\",\"commit\":\"cd5695f774968f50499757c1423bd95d033ea08e\"},\"location\":\"https://exp01.zih.tu-dresden.de/experiments/spot_a_word_task/\",\"userAgent\":\"Mozilla/5.0 (Macintosh; Intel Mac OS X 10_15_7) AppleWebKit/537.36 (KHTML, like Gecko) Chrome/91.0.4472.114 Safari/537.36\",\"platform\":\"MacIntel\",\"language\":\"en-DE\",\"locale\":\"en-GB\",\"timeZone\":\"Europe/Berlin\",\"timezoneOffset\":-120,\"screen_width\":1440,\"screen_height\":900,\"scroll_width\":1437,\"scroll_height\":632,\"window_innerWidth\":1437,\"window_innerHeight\":680,\"devicePixelRatio\":2},\"sender\":\"start_html\",\"sender_type\":\"html.Screen\",\"sender_id\":\"0\",\"ended_on\":\"timeout\",\"duration\":6000.12,\"time_run\":771.8000000119209,\"time_render\":769.125,\"time_show\":785.792,\"time_end\":6769.245,\"time_commit\":6775.9000000059605,\"timestamp\":\"2021-07-21T18:15:01.517Z\",\"time_switch\":6785.912},{\"sender\":\"manual_html\",\"sender_type\":\"html.Screen\",\"sender_id\":\"1\",\"response\":\"space\",\"response_action\":\"keypress(Space)\",\"ended_on\":\"response\",\"duration\":34221.988000005964,\"time_run\":6776.4000000059605,\"time_render\":6769.245,\"time_show\":6785.912,\"time_end\":41007.90000000596,\"time_commit\":41018.60000002384,\"timestamp\":\"2021-07-21T18:15:35.759Z\",\"time_switch\":41020.017},{\"sender\":\"example1_screen\",\"sender_type\":\"canvas.Screen\",\"sender_id\":\"2\",\"response\":\"4\",\"response_action\":\"keypress(4)\",\"correctResponse\":\"4\",\"correct\":true,\"ended_on\":\"response\",\"duration\":5345.783000011921,\"time_run\":41023.60000002384,\"time_render\":41003.35,\"time_show\":41020.017,\"time_end\":46365.80000001192,\"time_commit\":46373.40000000596,\"timestamp\":\"2021-07-21T18:15:41.114Z\",\"time_switch\":46386.791},{\"sender\":\"example1_feedback\",\"sender_type\":\"canvas.Screen\",\"sender_id\":\"3\",\"response\":\"Space\",\"response_action\":\"keypress(Space)\",\"ended_on\":\"response\",\"duration\":3060.109000005963,\"time_run\":46376.5,\"time_render\":46370.124,\"time_show\":46386.791,\"time_end\":49446.90000000596,\"time_commit\":49452.70000001788,\"timestamp\":\"2021-07-21T18:15:44.193Z\",\"time_switch\":49470.459},{\"sender\":\"example2_screen\",\"sender_type\":\"canvas.Screen\",\"sender_id\":\"4\",\"response\":\"5\",\"response_action\":\"keypress(5)\",\"correctResponse\":\"5\",\"correct\":true,\"ended_on\":\"response\",\"duration\":3447.8410000119184,\"time_run\":49457.5,\"time_render\":49453.792,\"time_show\":49470.459,\"time_end\":52918.30000001192,\"time_commit\":52926,\"timestamp\":\"2021-07-21T18:15:47.666Z\",\"time_switch\":52937.195},{\"sender\":\"example2_feedback\",\"sender_type\":\"canvas.Screen\",\"sender_id\":\"5\",\"response\":\"Space\",\"response_action\":\"keypress(Space)\",\"ended_on\":\"response\",\"duration\":1206.7050000059608,\"time_run\":52929.5,\"time_render\":52920.528,\"time_show\":52937.195,\"time_end\":54143.90000000596,\"time_commit\":54149.5,\"timestamp\":\"2021-07-21T18:15:48.890Z\",\"time_switch\":54170.553},{\"sender\":\"example3_screen\",\"sender_type\":\"canvas.Screen\",\"sender_id\":\"6\",\"response\":\"1\",\"response_action\":\"keypress(1)\",\"correctResponse\":\"1\",\"correct\":true,\"ended_on\":\"response\",\"duration\":2188.547000023842,\"time_run\":54153.90000000596,\"time_render\":54153.886,\"time_show\":54170.553,\"time_end\":56359.10000002384,\"time_commit\":56364.80000001192,\"timestamp\":\"2021-07-21T18:15:51.105Z\",\"time_switch\":56370.901},{\"sender\":\"example3_feedback\",\"sender_type\":\"canvas.Screen\",\"sender_id\":\"7\",\"response\":\"Space\",\"response_action\":\"keypress(Space)\",\"ended_on\":\"response\",\"duration\":1329.1990000238438,\"time_run\":56369.5,\"time_render\":56354.234,\"time_show\":56370.901,\"time_end\":57700.10000002384,\"time_commit\":57705.60000002384,\"timestamp\":\"2021-07-21T18:15:52.446Z\",\"time_switch\":57720.928},{\"sender\":\"get_ready_html\",\"sender_type\":\"html.Screen\",\"sender_id\":\"8\",\"response\":\"space\",\"response_action\":\"keypress(Space)\",\"ended_on\":\"response\",\"duration\":5253.472000005961,\"time_run\":57706,\"time_render\":57704.261,\"time_show\":57720.928,\"time_end\":62974.40000000596,\"time_commit\":62981.5,\"timestamp\":\"2021-07-21T18:15:57.721Z\",\"time_switch\":63021.034},{\"sender\":\"trial_screen\",\"sender_type\":\"canvas.Screen\",\"sender_id\":\"9_0\",\"correct\":true,\"trial_ID\":1,\"word1\":\"siziol\",\"word2\":\"salzahl\",\"word3\":\"sozihl\",\"word4\":\"sziam\",\"word5\":\"sozial\",\"response\":\"5\",\"response_action\":\"keypress(5)\",\"correctResponse\":\"5\",\"ended_on\":\"response\",\"duration\":4021.1660000178817,\"time_run\":63016.90000000596,\"time_render\":63004.367,\"time_show\":63021.034,\"time_end\":67042.20000001788,\"time_commit\":67048.10000002384,\"timestamp\":\"2021-07-21T18:16:01.788Z\",\"time_switch\":67054.448},{\"sender\":\"trial_screen\",\"sender_type\":\"canvas.Screen\",\"sender_id\":\"9_1\",\"correct\":true,\"trial_ID\":2,\"word1\":\"Lamone\",\"word2\":\"Talane\",\"word3\":\"Matrone\",\"word4\":\"Tarone\",\"word5\":\"Malonte\",\"response\":\"3\",\"response_action\":\"keypress(3)\",\"correctResponse\":\"3\",\"ended_on\":\"response\",\"duration\":16921.152000023838,\"time_run\":67052.20000001788,\"time_render\":67037.781,\"time_show\":67054.448,\"time_end\":83975.60000002384,\"time_commit\":83983.30000001192,\"timestamp\":\"2021-07-21T18:16:18.723Z\",\"time_switch\":83988.251},{\"sender\":\"trial_screen\",\"sender_type\":\"canvas.Screen\",\"sender_id\":\"9_2\",\"correct\":true,\"trial_ID\":3,\"word1\":\"kurinesisch\",\"word2\":\"kulinarisch\",\"word3\":\"kumenisch\",\"word4\":\"kulissarisch\",\"word5\":\"kannastrisch\",\"response\":\"2\",\"response_action\":\"keypress(2)\",\"correctResponse\":\"2\",\"ended_on\":\"response\",\"duration\":3493.1490000059566,\"time_run\":83988,\"time_render\":83971.584,\"time_show\":83988.251,\"time_end\":87481.40000000596,\"time_commit\":87487.10000002384,\"timestamp\":\"2021-07-21T18:16:22.226Z\",\"time_switch\":87504.988},{\"sender\":\"trial_screen\",\"sender_type\":\"canvas.Screen\",\"sender_id\":\"9_3\",\"correct\":true,\"trial_ID\":4,\"word1\":\"Tinxur\",\"word2\":\"Kukutur\",\"word3\":\"Fraktan\",\"word4\":\"Tinktur\",\"word5\":\"Rimsuhr\",\"response\":\"4\",\"response_action\":\"keypress(4)\",\"correctResponse\":\"4\",\"ended_on\":\"response\",\"duration\":4725.812000011923,\"time_run\":87490.20000001788,\"time_render\":87488.321,\"time_show\":87504.988,\"time_end\":92230.80000001192,\"time_commit\":92236.80000001192,\"timestamp\":\"2021-07-21T18:16:26.976Z\",\"time_switch\":92255.289},{\"sender\":\"trial_screen\",\"sender_type\":\"canvas.Screen\",\"sender_id\":\"9_4\",\"correct\":true,\"trial_ID\":5,\"word1\":\"beralen\",\"word2\":\"ger\u00e4ltet\",\"word3\":\"an\u00e4lteren\",\"word4\":\"unt\u00e4ren\",\"word5\":\"verbr\u00e4men\",\"response\":\"5\",\"response_action\":\"keypress(5)\",\"correctResponse\":\"5\",\"ended_on\":\"response\",\"duration\":7136.111000005956,\"time_run\":92241.10000002384,\"time_render\":92238.622,\"time_show\":92255.289,\"time_end\":99391.40000000596,\"time_commit\":99399.10000002384,\"timestamp\":\"2021-07-21T18:16:34.138Z\",\"time_switch\":99405.432},{\"sender\":\"trial_screen\",\"sender_type\":\"canvas.Screen\",\"sender_id\":\"9_5\",\"correct\":true,\"trial_ID\":6,\"word1\":\"Rosto\",\"word2\":\"Torso\",\"word3\":\"Soro\",\"word4\":\"Torgos\",\"word5\":\"Tosor\",\"response\":\"2\",\"response_action\":\"keypress(2)\",\"correctResponse\":\"2\",\"ended_on\":\"response\",\"duration\":3119.0679999999993,\"time_run\":99402.60000002384,\"time_render\":99388.765,\"time_show\":99405.432,\"time_end\":102524.5,\"time_commit\":102530.60000002384,\"timestamp\":\"2021-07-21T18:16:37.269Z\",\"time_switch\":102538.828},{\"sender\":\"trial_screen\",\"sender_type\":\"canvas.Screen\",\"sender_id\":\"9_6\",\"correct\":true,\"trial_ID\":7,\"word1\":\"Redor\",\"word2\":\"Radium\",\"word3\":\"Terion\",\"word4\":\"Dramin\",\"word5\":\"Orakium\",\"response\":\"2\",\"response_action\":\"keypress(2)\",\"correctResponse\":\"2\",\"ended_on\":\"response\",\"duration\":6410.372000017887,\"time_run\":102535.80000001192,\"time_render\":102522.161,\"time_show\":102538.828,\"time_end\":108949.20000001788,\"time_commit\":108952,\"timestamp\":\"2021-07-21T18:16:43.691Z\",\"time_switch\":108955.898},{\"sender\":\"trial_screen\",\"sender_type\":\"canvas.Screen\",\"sender_id\":\"9_7\",\"correct\":true,\"trial_ID\":8,\"word1\":\"Nale\",\"word2\":\"Sahe\",\"word3\":\"Nase\",\"word4\":\"Nesa\",\"word5\":\"Sehna\",\"response\":\"3\",\"response_action\":\"keypress(3)\",\"correctResponse\":\"3\",\"ended_on\":\"response\",\"duration\":3010.0020000059594,\"time_run\":108954,\"time_render\":108939.231,\"time_show\":108955.898,\"time_end\":111965.90000000596,\"time_commit\":111973.30000001192,\"timestamp\":\"2021-07-21T18:16:46.712Z\",\"time_switch\":111989.292},{\"sender\":\"trial_screen\",\"sender_type\":\"canvas.Screen\",\"sender_id\":\"9_8\",\"correct\":false,\"trial_ID\":9,\"word1\":\"Rilkiase\",\"word2\":\"Kilister\",\"word3\":\"Riliker\",\"word4\":\"Klistier\",\"word5\":\"Linkure\",\"response\":\"2\",\"response_action\":\"keypress(2)\",\"correctResponse\":\"4\",\"ended_on\":\"response\",\"duration\":17790.30800002384,\"time_run\":111976.90000000596,\"time_render\":111972.625,\"time_show\":111989.292,\"time_end\":129779.60000002384,\"time_commit\":129787.10000002384,\"timestamp\":\"2021-07-21T18:17:04.525Z\",\"time_switch\":129806.315},{\"sender\":\"trial_screen\",\"sender_type\":\"canvas.Screen\",\"sender_id\":\"9_9\",\"correct\":true,\"trial_ID\":10,\"word1\":\"kentern\",\"word2\":\"knerte\",\"word3\":\"kanzen\",\"word4\":\"kretern\",\"word5\":\"trekern\",\"response\":\"1\",\"response_action\":\"keypress(1)\",\"correctResponse\":\"1\",\"ended_on\":\"response\",\"duration\":5553.684999999998,\"time_run\":129789.70000001788,\"time_render\":129789.648,\"time_show\":129806.315,\"time_end\":135360,\"time_commit\":135365.60000002384,\"timestamp\":\"2021-07-21T18:17:10.103Z\",\"time_switch\":135373.217},{\"sender\":\"trial_screen\",\"sender_type\":\"canvas.Screen\",\"sender_id\":\"9_10\",\"correct\":true,\"trial_ID\":11,\"word1\":\"Sorekin\",\"word2\":\"Sarowin\",\"word3\":\"Rosakin\",\"word4\":\"Narosin\",\"word5\":\"Kerosin\",\"response\":\"5\",\"response_action\":\"keypress(5)\",\"correctResponse\":\"5\",\"ended_on\":\"response\",\"duration\":6279.683000005956,\"time_run\":135369.80000001192,\"time_render\":135356.55,\"time_show\":135373.217,\"time_end\":141652.90000000596,\"time_commit\":141659.80000001192,\"timestamp\":\"2021-07-21T18:17:16.397Z\",\"time_switch\":141673.57},{\"sender\":\"trial_screen\",\"sender_type\":\"canvas.Screen\",\"sender_id\":\"9_11\",\"correct\":true,\"trial_ID\":12,\"word1\":\"Ralke\",\"word2\":\"Korre\",\"word3\":\"Ruckse\",\"word4\":\"Recke\",\"word5\":\"Ulte\",\"response\":\"4\",\"response_action\":\"keypress(4)\",\"correctResponse\":\"4\",\"ended_on\":\"response\",\"duration\":8167.530000023835,\"time_run\":141663,\"time_render\":141656.903,\"time_show\":141673.57,\"time_end\":149841.10000002384,\"time_commit\":149847.10000002384,\"timestamp\":\"2021-07-21T18:17:24.585Z\",\"time_switch\":149857.067},{\"sender\":\"trial_screen\",\"sender_type\":\"canvas.Screen\",\"sender_id\":\"9_12\",\"correct\":false,\"trial_ID\":13,\"word1\":\"Kapaun\",\"word2\":\"Paukan\",\"word3\":\"Naupack\",\"word4\":\"Aupeck\",\"word5\":\"Ankepran\",\"response\":\"2\",\"response_action\":\"keypress(2)\",\"correctResponse\":\"1\",\"ended_on\":\"response\",\"duration\":9894.033000023832,\"time_run\":149851,\"time_render\":149840.4,\"time_show\":149857.067,\"time_end\":159751.10000002384,\"time_commit\":159758.30000001192,\"timestamp\":\"2021-07-21T18:17:34.495Z\",\"time_switch\":159774.069},{\"sender\":\"trial_screen\",\"sender_type\":\"canvas.Screen\",\"sender_id\":\"9_13\",\"correct\":true,\"trial_ID\":14,\"word1\":\"Dissonanz\",\"word2\":\"Diskrisanz\",\"word3\":\"Distranz\",\"word4\":\"Dinotanz\",\"word5\":\"Sidonenz\",\"response\":\"1\",\"response_action\":\"keypress(1)\",\"correctResponse\":\"1\",\"ended_on\":\"response\",\"duration\":3206.831000005972,\"time_run\":159762.40000000596,\"time_render\":159757.402,\"time_show\":159774.069,\"time_end\":162980.90000000596,\"time_commit\":162986.80000001192,\"timestamp\":\"2021-07-21T18:17:37.724Z\",\"time_switch\":162990.8},{\"sender\":\"trial_screen\",\"sender_type\":\"canvas.Screen\",\"sender_id\":\"9_14\",\"correct\":true,\"trial_ID\":15,\"word1\":\"Kirse\",\"word2\":\"Sirke\",\"word3\":\"Krise\",\"word4\":\"Krospe\",\"word5\":\"Seris\",\"response\":\"3\",\"response_action\":\"keypress(3)\",\"correctResponse\":\"3\",\"ended_on\":\"response\",\"duration\":2888.100000005972,\"time_run\":162990.40000000596,\"time_render\":162974.133,\"time_show\":162990.8,\"time_end\":165878.90000000596,\"time_commit\":165884.40000000596,\"timestamp\":\"2021-07-21T18:17:40.621Z\",\"time_switch\":165891.038},{\"sender\":\"trial_screen\",\"sender_type\":\"canvas.Screen\",\"sender_id\":\"9_15\",\"correct\":true,\"trial_ID\":16,\"word1\":\"Tume\",\"word2\":\"Umat\",\"word3\":\"Maut\",\"word4\":\"Taum\",\"word5\":\"Muta\",\"response\":\"3\",\"response_action\":\"keypress(3)\",\"correctResponse\":\"3\",\"ended_on\":\"response\",\"duration\":2023.86200000596,\"time_run\":165887.5,\"time_render\":165874.371,\"time_show\":165891.038,\"time_end\":167914.90000000596,\"time_commit\":167920.80000001192,\"timestamp\":\"2021-07-21T18:17:42.658Z\",\"time_switch\":167941.079},{\"sender\":\"trial_screen\",\"sender_type\":\"canvas.Screen\",\"sender_id\":\"9_16\",\"correct\":true,\"trial_ID\":17,\"word1\":\"Tuhl\",\"word2\":\"Lar\",\"word3\":\"Lest\",\"word4\":\"Dall\",\"word5\":\"Lid\",\"response\":\"5\",\"response_action\":\"keypress(5)\",\"correctResponse\":\"5\",\"ended_on\":\"response\",\"duration\":3855.1210000178835,\"time_run\":167924.20000001788,\"time_render\":167924.412,\"time_show\":167941.079,\"time_end\":171796.20000001788,\"time_commit\":171803.80000001192,\"timestamp\":\"2021-07-21T18:17:46.541Z\",\"time_switch\":171807.823},{\"sender\":\"trial_screen\",\"sender_type\":\"canvas.Screen\",\"sender_id\":\"9_17\",\"correct\":false,\"trial_ID\":18,\"word1\":\"Adept\",\"word2\":\"Padet\",\"word3\":\"Edapt\",\"word4\":\"Epatt\",\"word5\":\"Taped\",\"response\":\"2\",\"response_action\":\"keypress(2)\",\"correctResponse\":\"1\",\"ended_on\":\"response\",\"duration\":6337.377000017877,\"time_run\":171806.80000001192,\"time_render\":171791.156,\"time_show\":171807.823,\"time_end\":178145.20000001788,\"time_commit\":178151.20000001788,\"timestamp\":\"2021-07-21T18:17:52.888Z\",\"time_switch\":178157.95},{\"sender\":\"trial_screen\",\"sender_type\":\"canvas.Screen\",\"sender_id\":\"9_18\",\"correct\":true,\"trial_ID\":19,\"word1\":\"Spirine\",\"word2\":\"Saprin\",\"word3\":\"Parsin\",\"word4\":\"Purin\",\"word5\":\"Asprint\",\"response\":\"4\",\"response_action\":\"keypress(4)\",\"correctResponse\":\"4\",\"ended_on\":\"response\",\"duration\":5861.549999999988,\"time_run\":178154.90000000596,\"time_render\":178141.283,\"time_show\":178157.95,\"time_end\":184019.5,\"time_commit\":184026.80000001192,\"timestamp\":\"2021-07-21T18:17:58.763Z\",\"time_switch\":184041.618},{\"sender\":\"trial_screen\",\"sender_type\":\"canvas.Screen\",\"sender_id\":\"9_19\",\"correct\":true,\"trial_ID\":20,\"word1\":\"Kulon\",\"word2\":\"Solgun\",\"word3\":\"Koskan\",\"word4\":\"Soran\",\"word5\":\"Klonus\",\"response\":\"5\",\"response_action\":\"keypress(5)\",\"correctResponse\":\"5\",\"ended_on\":\"response\",\"duration\":5619.682000011933,\"time_run\":184029.5,\"time_render\":184024.951,\"time_show\":184041.618,\"time_end\":189661.30000001192,\"time_commit\":189667.30000001192,\"timestamp\":\"2021-07-21T18:18:04.404Z\",\"time_switch\":189675.064},{\"sender\":\"trial_screen\",\"sender_type\":\"canvas.Screen\",\"sender_id\":\"9_20\",\"correct\":false,\"trial_ID\":21,\"word1\":\"Tronke\",\"word2\":\"Nocktherm\",\"word3\":\"Teronk\",\"word4\":\"Komtur\",\"word5\":\"Rocktur\",\"response\":\"5\",\"response_action\":\"keypress(5)\",\"correctResponse\":\"4\",\"ended_on\":\"response\",\"duration\":11617.536000023829,\"time_run\":189671.90000000596,\"time_render\":189658.397,\"time_show\":189675.064,\"time_end\":201292.60000002384,\"time_commit\":201299.80000001192,\"timestamp\":\"2021-07-21T18:18:16.036Z\",\"time_switch\":201308.719},{\"sender\":\"trial_screen\",\"sender_type\":\"canvas.Screen\",\"sender_id\":\"9_21\",\"correct\":true,\"trial_ID\":22,\"word1\":\"Ripat\",\"word2\":\"Patinatte\",\"word3\":\"Tapir\",\"word4\":\"Apitt\",\"word5\":\"Padir\",\"response\":\"3\",\"response_action\":\"keypress(3)\",\"correctResponse\":\"3\",\"ended_on\":\"response\",\"duration\":4086.6810000059486,\"time_run\":201303.10000002384,\"time_render\":201292.052,\"time_show\":201308.719,\"time_end\":205395.40000000596,\"time_commit\":205401,\"timestamp\":\"2021-07-21T18:18:20.137Z\",\"time_switch\":205408.801},{\"sender\":\"trial_screen\",\"sender_type\":\"canvas.Screen\",\"sender_id\":\"9_22\",\"correct\":true,\"trial_ID\":23,\"word1\":\"Akifer\",\"word2\":\"Fiaker\",\"word3\":\"Kiaffa\",\"word4\":\"Sariffer\",\"word5\":\"Refisker\",\"response\":\"2\",\"response_action\":\"keypress(2)\",\"correctResponse\":\"2\",\"ended_on\":\"response\",\"duration\":3241.5990000059537,\"time_run\":205404.80000001192,\"time_render\":205392.134,\"time_show\":205408.801,\"time_end\":208650.40000000596,\"time_commit\":208656,\"timestamp\":\"2021-07-21T18:18:23.392Z\",\"time_switch\":208675.729},{\"sender\":\"trial_screen\",\"sender_type\":\"canvas.Screen\",\"sender_id\":\"9_23\",\"correct\":true,\"trial_ID\":24,\"word1\":\"Kleiber\",\"word2\":\"Beikel\",\"word3\":\"Keibel\",\"word4\":\"Reikler\",\"word5\":\"Biekerl\",\"response\":\"1\",\"response_action\":\"keypress(1)\",\"correctResponse\":\"1\",\"ended_on\":\"response\",\"duration\":7763.571000011929,\"time_run\":208659.20000001788,\"time_render\":208659.062,\"time_show\":208675.729,\"time_end\":216439.30000001192,\"time_commit\":216446.60000002384,\"timestamp\":\"2021-07-21T18:18:31.182Z\",\"time_switch\":216459.218},{\"sender\":\"trial_screen\",\"sender_type\":\"canvas.Screen\",\"sender_id\":\"9_24\",\"correct\":true,\"trial_ID\":25,\"word1\":\"Ig\u00e4de\",\"word2\":\"D\u00e4gie\",\"word3\":\"\u00c4gide\",\"word4\":\"Dig\u00e4de\",\"word5\":\"Giad\",\"response\":\"3\",\"response_action\":\"keypress(3)\",\"correctResponse\":\"3\",\"ended_on\":\"response\",\"duration\":6044.982000017888,\"time_run\":216449.70000001788,\"time_render\":216442.551,\"time_show\":216459.218,\"time_end\":222504.20000001788,\"time_commit\":222510,\"timestamp\":\"2021-07-21T18:18:37.245Z\",\"time_switch\":222526.006},{\"sender\":\"trial_screen\",\"sender_type\":\"canvas.Screen\",\"sender_id\":\"9_25\",\"correct\":true,\"trial_ID\":26,\"word1\":\"Rixal\",\"word2\":\"Irtax\",\"word3\":\"Rackizie\",\"word4\":\"Matrix\",\"word5\":\"Atrige\",\"response\":\"4\",\"response_action\":\"keypress(4)\",\"correctResponse\":\"4\",\"ended_on\":\"response\",\"duration\":4234.094000023848,\"time_run\":222513.60000002384,\"time_render\":222509.339,\"time_show\":222526.006,\"time_end\":226760.10000002384,\"time_commit\":226767.20000001788,\"timestamp\":\"2021-07-21T18:18:41.502Z\",\"time_switch\":226776.289},{\"sender\":\"trial_screen\",\"sender_type\":\"canvas.Screen\",\"sender_id\":\"9_26\",\"correct\":false,\"trial_ID\":27,\"word1\":\"Haskisch\",\"word2\":\"Asmisch\",\"word3\":\"Schisma\",\"word4\":\"Rasthmie\",\"word5\":\"Ilschah\",\"response\":\"5\",\"response_action\":\"keypress(5)\",\"correctResponse\":\"3\",\"ended_on\":\"response\",\"duration\":19244.811000023852,\"time_run\":226770.5,\"time_render\":226759.622,\"time_show\":226776.289,\"time_end\":246021.10000002384,\"time_commit\":246028.60000002384,\"timestamp\":\"2021-07-21T18:19:00.763Z\",\"time_switch\":246043.341},{\"sender\":\"trial_screen\",\"sender_type\":\"canvas.Screen\",\"sender_id\":\"9_27\",\"correct\":false,\"trial_ID\":28,\"word1\":\"Sallose\",\"word2\":\"Lordose\",\"word3\":\"Dormase\",\"word4\":\"Rollase\",\"word5\":\"Ardierole\",\"response\":\"1\",\"response_action\":\"keypress(1)\",\"correctResponse\":\"2\",\"ended_on\":\"response\",\"duration\":6870.059000005975,\"time_run\":246031.60000002384,\"time_render\":246026.674,\"time_show\":246043.341,\"time_end\":252913.40000000596,\"time_commit\":252919.30000001192,\"timestamp\":\"2021-07-21T18:19:07.654Z\",\"time_switch\":252926.938},{\"sender\":\"trial_screen\",\"sender_type\":\"canvas.Screen\",\"sender_id\":\"9_28\",\"correct\":true,\"trial_ID\":29,\"word1\":\"Intranotion\",\"word2\":\"Infranatura\",\"word3\":\"Internodium\",\"word4\":\"Indotalie\",\"word5\":\"Indosta\",\"response\":\"3\",\"response_action\":\"keypress(3)\",\"correctResponse\":\"3\",\"ended_on\":\"response\",\"duration\":17189.362000011926,\"time_run\":252922.80000001192,\"time_render\":252910.271,\"time_show\":252926.938,\"time_end\":270116.3000000119,\"time_commit\":270123.3000000119,\"timestamp\":\"2021-07-21T18:19:24.857Z\",\"time_switch\":270127.481},{\"sender\":\"trial_screen\",\"sender_type\":\"canvas.Screen\",\"sender_id\":\"9_29\",\"correct\":false,\"trial_ID\":30,\"word1\":\"Idaste\",\"word2\":\"Dastrix\",\"word3\":\"Astike\",\"word4\":\"Sadile\",\"word5\":\"Kasside\",\"response\":\"1\",\"response_action\":\"keypress(1)\",\"correctResponse\":\"5\",\"ended_on\":\"response\",\"duration\":5510.7190000178525,\"time_run\":270126,\"time_render\":270110.814,\"time_show\":270127.481,\"time_end\":275638.2000000179,\"time_commit\":275644,\"timestamp\":\"2021-07-21T18:19:30.378Z\",\"time_switch\":275660.925},{\"sender\":\"trial_screen\",\"sender_type\":\"canvas.Screen\",\"sender_id\":\"9_30\",\"correct\":false,\"trial_ID\":31,\"word1\":\"Libration\",\"word2\":\"Bilation\",\"word3\":\"Arlation\",\"word4\":\"Iberation\",\"word5\":\"Tiradon\",\"response\":\"4\",\"response_action\":\"keypress(4)\",\"correctResponse\":\"1\",\"ended_on\":\"response\",\"duration\":5428.275000017893,\"time_run\":275647.8000000119,\"time_render\":275644.258,\"time_show\":275660.925,\"time_end\":281089.2000000179,\"time_commit\":281096.5,\"timestamp\":\"2021-07-21T18:19:35.830Z\",\"time_switch\":281111.302},{\"sender\":\"trial_screen\",\"sender_type\":\"canvas.Screen\",\"sender_id\":\"9_31\",\"correct\":false,\"trial_ID\":32,\"word1\":\"Pucker\",\"word2\":\"Keuper\",\"word3\":\"Eucker\",\"word4\":\"Reuspeck\",\"word5\":\"Urkane\",\"response\":\"1\",\"response_action\":\"keypress(1)\",\"correctResponse\":\"2\",\"ended_on\":\"response\",\"duration\":7858.697999999975,\"time_run\":281099.60000002384,\"time_render\":281094.635,\"time_show\":281111.302,\"time_end\":288970,\"time_commit\":288975.8000000119,\"timestamp\":\"2021-07-21T18:19:43.709Z\",\"time_switch\":288994.793},{\"sender\":\"trial_screen\",\"sender_type\":\"canvas.Screen\",\"sender_id\":\"9_32\",\"correct\":false,\"trial_ID\":33,\"word1\":\"Sickaber\",\"word2\":\"Bassiker\",\"word3\":\"Kassiber\",\"word4\":\"Sassiker\",\"word5\":\"Askiber\",\"response\":\"5\",\"response_action\":\"keypress(5)\",\"correctResponse\":\"3\",\"ended_on\":\"response\",\"duration\":8855.407000017876,\"time_run\":288979.7000000179,\"time_render\":288978.126,\"time_show\":288994.793,\"time_end\":297850.2000000179,\"time_commit\":297857.60000002384,\"timestamp\":\"2021-07-21T18:19:52.591Z\",\"time_switch\":297861.876},{\"sender\":\"trial_screen\",\"sender_type\":\"canvas.Screen\",\"sender_id\":\"9_33\",\"correct\":false,\"trial_ID\":34,\"word1\":\"Alquallon\",\"word2\":\"Lisqualien\",\"word3\":\"Talquallen\",\"word4\":\"Quisquilien\",\"word5\":\"Rielquellen\",\"response\":\"2\",\"response_action\":\"keypress(2)\",\"correctResponse\":\"4\",\"ended_on\":\"response\",\"duration\":7378.924000011932,\"time_run\":297861.2000000179,\"time_render\":297845.209,\"time_show\":297861.876,\"time_end\":305240.8000000119,\"time_commit\":305246.8000000119,\"timestamp\":\"2021-07-21T18:19:59.980Z\",\"time_switch\":305262.024},{\"sender\":\"trial_screen\",\"sender_type\":\"canvas.Screen\",\"sender_id\":\"9_34\",\"correct\":false,\"trial_ID\":35,\"word1\":\"Berkiza\",\"word2\":\"Brekzie\",\"word3\":\"Birakzie\",\"word4\":\"Brikazie\",\"word5\":\"Bakiria\",\"response\":\"4\",\"response_action\":\"keypress(4)\",\"correctResponse\":\"2\",\"ended_on\":\"response\",\"duration\":13895.776000011945,\"time_run\":305250.5,\"time_render\":305245.357,\"time_show\":305262.024,\"time_end\":319157.8000000119,\"time_commit\":319164.90000000596,\"timestamp\":\"2021-07-21T18:20:13.897Z\",\"time_switch\":319179.175},{\"sender\":\"loop_trial\",\"sender_type\":\"flow.Loop\",\"sender_id\":\"9\",\"ended_on\":\"completion\",\"duration\":256136.76600001194,\"time_run\":63014.90000000596,\"time_render\":63004.367,\"time_show\":63021.034,\"time_end\":319157.8000000119,\"time_commit\":319168.60000002384,\"timestamp\":\"2021-07-21T18:20:13.901Z\",\"time_switch\":319179.175},{\"sender\":\"end_html\",\"sender_type\":\"html.Screen\",\"sender_id\":\"10\",\"ended_on\":\"timeout\",\"duration\":6000.119999999995,\"time_run\":319168.90000000596,\"time_render\":319162.508,\"time_show\":319179.175,\"time_end\":325162.628,\"time_commit\":325168.3000000119,\"timestamp\":\"2021-07-21T18:20:19.901Z\",\"time_switch\":325179.295},{\"sender\":\"root\",\"sender_type\":\"flow.Sequence\",\"sender_id\":null,\"ended_on\":\"completion\",\"duration\":324376.836,\"time_run\":771.7000000178814,\"time_render\":769.125,\"time_show\":785.792,\"time_end\":325162.628,\"time_commit\":325169.10000002384,\"timestamp\":\"2021-07-21T18:20:19.902Z\",\"time_switch\":325179.295}]",
    "metadata": "{\"slice\":0,\"id\":\"9bd4a140-a5a2-4cd4-ac90-77268579e9fb\",\"payload\":\"full\"}",
    "url": "https://exp01.zih.tu-dresden.de/experiments/spot_a_word_task/"
}