{
    "data": "[{\"url\":{},\"meta\":{\"labjs_version\":\"20.1.1\",\"labjs_build\":{\"flavor\":\"production\",\"commit\":\"cd5695f774968f50499757c1423bd95d033ea08e\"},\"location\":\"https://exp01.zih.tu-dresden.de/experiments/raven_task/\",\"userAgent\":\"Mozilla/5.0 (Windows NT 10.0; Win64; x64) AppleWebKit/537.36 (KHTML, like Gecko) Chrome/98.0.4758.109 Safari/537.36 OPR/84.0.4316.31\",\"platform\":\"Win32\",\"language\":\"de-DE\",\"locale\":\"de\",\"timeZone\":\"Europe/Berlin\",\"timezoneOffset\":-60,\"screen_width\":1137,\"screen_height\":640,\"scroll_width\":1088,\"scroll_height\":521,\"window_innerWidth\":1088,\"window_innerHeight\":521,\"devicePixelRatio\":1.690000057220459},\"sender\":\"welcome\",\"sender_type\":\"canvas.Screen\",\"sender_id\":\"0\",\"ended_on\":\"timeout\",\"duration\":7994.931,\"time_run\":6836.899999999441,\"time_render\":6797.113,\"time_show\":6830.066,\"time_end\":14808.739,\"time_commit\":14813.199999999255,\"timestamp\":\"2022-03-10T16:02:36.905Z\",\"time_switch\":14824.997},{\"sender\":\"instructions\",\"sender_type\":\"html.Page\",\"sender_id\":\"1\",\"response\":\"Space\",\"response_action\":\"keypress(Space)\",\"ended_on\":\"response\",\"duration\":31676.702999999256,\"time_run\":14813.599999999627,\"time_render\":14808.739,\"time_show\":14824.997,\"time_end\":46501.699999999255,\"time_commit\":46506.699999999255,\"timestamp\":\"2022-03-10T16:03:08.598Z\",\"time_switch\":46521.809},{\"sender\":\"example1\",\"sender_type\":\"canvas.Screen\",\"sender_id\":\"2\",\"response\":\"5\",\"response_action\":\"click(0) @5\",\"correctResponse\":\"8\",\"correct\":false,\"ended_on\":\"response\",\"duration\":12740.59099999944,\"time_run\":46506.799999999814,\"time_render\":46489.819,\"time_show\":46521.809,\"time_end\":59262.39999999944,\"time_commit\":59263.5,\"timestamp\":\"2022-03-10T16:03:21.355Z\",\"time_switch\":59320.3},{\"sender\":\"example1_feedback\",\"sender_type\":\"canvas.Screen\",\"sender_id\":\"3\",\"response\":\"space\",\"response_action\":\"keypress(Space)\",\"ended_on\":\"response\",\"duration\":2178.399999999252,\"time_run\":59316.699999999255,\"time_render\":59303.785,\"time_show\":59320.3,\"time_end\":61498.699999999255,\"time_commit\":61500.09999999963,\"timestamp\":\"2022-03-10T16:03:23.591Z\",\"time_switch\":61514.349},{\"sender\":\"example2\",\"sender_type\":\"canvas.Screen\",\"sender_id\":\"4\",\"response\":\"4\",\"response_action\":\"click(0) @4\",\"correctResponse\":\"4\",\"correct\":true,\"ended_on\":\"response\",\"duration\":4883.350999999253,\"time_run\":61500.39999999944,\"time_render\":61497.948,\"time_show\":61514.349,\"time_end\":66397.69999999925,\"time_commit\":66398.89999999944,\"timestamp\":\"2022-03-10T16:03:28.489Z\",\"time_switch\":66467.706},{\"sender\":\"example2_feedback\",\"sender_type\":\"canvas.Screen\",\"sender_id\":\"5\",\"response\":\"space\",\"response_action\":\"keypress(Space)\",\"ended_on\":\"response\",\"duration\":2521.9939999992494,\"time_run\":66434.89999999944,\"time_render\":66451.09,\"time_show\":66467.706,\"time_end\":68989.69999999925,\"time_commit\":68990.79999999981,\"timestamp\":\"2022-03-10T16:03:31.081Z\",\"time_switch\":68993.932},{\"sender\":\"get ready\",\"sender_type\":\"canvas.Screen\",\"sender_id\":\"6\",\"response\":\"Space\",\"response_action\":\"keypress(Space)\",\"ended_on\":\"response\",\"duration\":5208.567999999999,\"time_run\":68991.09999999963,\"time_render\":68977.912,\"time_show\":68993.932,\"time_end\":74202.5,\"time_commit\":74203.59999999963,\"timestamp\":\"2022-03-10T16:03:36.294Z\",\"time_switch\":74212.981},{\"sender\":\"test01\",\"sender_type\":\"canvas.Screen\",\"sender_id\":\"7_0\",\"response\":\"3\",\"response_action\":\"click(0) @3\",\"correctResponse\":\"7\",\"correct\":false,\"ended_on\":\"response\",\"duration\":23232.41899999944,\"time_run\":74204,\"time_render\":74198.52,\"time_show\":74212.981,\"time_end\":97445.39999999944,\"time_commit\":97446.5,\"timestamp\":\"2022-03-10T16:03:59.537Z\",\"time_switch\":97449.569},{\"sender\":\"test02\",\"sender_type\":\"canvas.Screen\",\"sender_id\":\"7_1\",\"response\":\"2\",\"response_action\":\"click(0) @2\",\"correctResponse\":\"4\",\"correct\":false,\"ended_on\":\"response\",\"duration\":28873.830999999438,\"time_run\":97446.69999999925,\"time_render\":97430.961,\"time_show\":97449.569,\"time_end\":126323.39999999944,\"time_commit\":126324.39999999944,\"timestamp\":\"2022-03-10T16:04:28.415Z\",\"time_switch\":126337.494},{\"sender\":\"test03\",\"sender_type\":\"canvas.Screen\",\"sender_id\":\"7_2\",\"response\":\"5\",\"response_action\":\"click(0) @5\",\"correctResponse\":\"6\",\"correct\":false,\"ended_on\":\"response\",\"duration\":29752.805999999808,\"time_run\":126324.79999999981,\"time_render\":126321.32,\"time_show\":126337.494,\"time_end\":156090.2999999998,\"time_commit\":156091.5,\"timestamp\":\"2022-03-10T16:04:58.182Z\",\"time_switch\":156106.22},{\"sender\":\"test04\",\"sender_type\":\"canvas.Screen\",\"sender_id\":\"7_3\",\"response\":\"2\",\"response_action\":\"click(0) @2\",\"correctResponse\":\"2\",\"correct\":true,\"ended_on\":\"response\",\"duration\":22315.17999999944,\"time_run\":156092,\"time_render\":156089.971,\"time_show\":156106.22,\"time_end\":178421.39999999944,\"time_commit\":178422.5,\"timestamp\":\"2022-03-10T16:05:20.513Z\",\"time_switch\":178428.721},{\"sender\":\"test05\",\"sender_type\":\"canvas.Screen\",\"sender_id\":\"7_4\",\"response\":\"3\",\"response_action\":\"click(0) @3\",\"correctResponse\":\"4\",\"correct\":false,\"ended_on\":\"response\",\"duration\":15923.77900000001,\"time_run\":178422.69999999925,\"time_render\":178412.355,\"time_show\":178428.721,\"time_end\":194352.5,\"time_commit\":194353.09999999963,\"timestamp\":\"2022-03-10T16:05:36.444Z\",\"time_switch\":194368.582},{\"sender\":\"test06\",\"sender_type\":\"canvas.Screen\",\"sender_id\":\"7_5\",\"response\":\"5\",\"response_action\":\"click(0) @5\",\"correctResponse\":\"7\",\"correct\":false,\"ended_on\":\"response\",\"duration\":35437.817999999446,\"time_run\":194353.19999999925,\"time_render\":194351.978,\"time_show\":194368.582,\"time_end\":229806.39999999944,\"time_commit\":229807.2999999998,\"timestamp\":\"2022-03-10T16:06:11.898Z\",\"time_switch\":229822.056},{\"sender\":\"test07\",\"sender_type\":\"canvas.Screen\",\"sender_id\":\"7_6\",\"response\":\"7\",\"response_action\":\"click(0) @7\",\"correctResponse\":\"8\",\"correct\":false,\"ended_on\":\"response\",\"duration\":23751.543999999616,\"time_run\":229807.5,\"time_render\":229806.106,\"time_show\":229822.056,\"time_end\":253573.59999999963,\"time_commit\":253574.5,\"timestamp\":\"2022-03-10T16:06:35.665Z\",\"time_switch\":253590.559},{\"sender\":\"test08\",\"sender_type\":\"canvas.Screen\",\"sender_id\":\"7_7\",\"response\":\"8\",\"response_action\":\"click(0) @8\",\"correctResponse\":\"7\",\"correct\":false,\"ended_on\":\"response\",\"duration\":35148.64099999925,\"time_run\":253574.59999999963,\"time_render\":253574.511,\"time_show\":253590.559,\"time_end\":288739.19999999925,\"time_commit\":288740.39999999944,\"timestamp\":\"2022-03-10T16:07:10.831Z\",\"time_switch\":288744.436},{\"sender\":\"test09\",\"sender_type\":\"canvas.Screen\",\"sender_id\":\"7_8\",\"response\":\"8\",\"response_action\":\"click(0) @8\",\"correctResponse\":\"5\",\"correct\":false,\"ended_on\":\"response\",\"duration\":45977.963999999454,\"time_run\":288740.5,\"time_render\":288728.447,\"time_show\":288744.436,\"time_end\":334722.39999999944,\"time_commit\":334723.5,\"timestamp\":\"2022-03-10T16:07:56.815Z\",\"time_switch\":334735.648},{\"sender\":\"test10\",\"sender_type\":\"canvas.Screen\",\"sender_id\":\"7_9\",\"response\":\"4\",\"response_action\":\"click(0) @4\",\"correctResponse\":\"5\",\"correct\":false,\"ended_on\":\"response\",\"duration\":48381.45199999964,\"time_run\":334723.5999999996,\"time_render\":334718.966,\"time_show\":334735.648,\"time_end\":383117.0999999996,\"time_commit\":383118.19999999925,\"timestamp\":\"2022-03-10T16:08:45.209Z\",\"time_switch\":383120.319},{\"sender\":\"test11\",\"sender_type\":\"canvas.Screen\",\"sender_id\":\"7_10\",\"response\":\"8\",\"response_action\":\"click(0) @8\",\"correctResponse\":\"4\",\"correct\":false,\"ended_on\":\"response\",\"duration\":28530.980999999796,\"time_run\":383118.2999999998,\"time_render\":383104.516,\"time_show\":383120.319,\"time_end\":411651.2999999998,\"time_commit\":411652,\"timestamp\":\"2022-03-10T16:09:13.743Z\",\"time_switch\":411659.125},{\"sender\":\"test12\",\"sender_type\":\"canvas.Screen\",\"sender_id\":\"7_11\",\"response\":\"7\",\"response_action\":\"click(0) @7\",\"correctResponse\":\"1\",\"correct\":false,\"ended_on\":\"response\",\"duration\":21418.875,\"time_run\":411652.0999999996,\"time_render\":411643.087,\"time_show\":411659.125,\"time_end\":433078,\"time_commit\":433079,\"timestamp\":\"2022-03-10T16:09:35.170Z\",\"time_switch\":433084.175},{\"sender\":\"tests (15min)\",\"sender_type\":\"flow.Sequence\",\"sender_id\":\"7\",\"ended_on\":\"completion\",\"duration\":358865.019,\"time_run\":74204,\"time_render\":74198.52,\"time_show\":74212.981,\"time_end\":433078,\"time_commit\":433081.5,\"timestamp\":\"2022-03-10T16:09:35.172Z\",\"time_switch\":433084.175},{\"sender\":\"good bye\",\"sender_type\":\"canvas.Screen\",\"sender_id\":\"8\",\"ended_on\":\"timeout\",\"duration\":4005.6749999999884,\"time_run\":433081.69999999925,\"time_render\":433068.05,\"time_show\":433084.175,\"time_end\":437073.189,\"time_commit\":437074.5,\"timestamp\":\"2022-03-10T16:09:39.165Z\",\"time_switch\":437089.85},{\"sender\":\"root\",\"sender_type\":\"flow.Sequence\",\"sender_id\":null,\"ended_on\":\"completion\",\"duration\":430243.123,\"time_run\":6836.799999999814,\"time_render\":6797.113,\"time_show\":6830.066,\"time_end\":437073.189,\"time_commit\":437074.89999999944,\"timestamp\":\"2022-03-10T16:09:39.166Z\",\"time_switch\":437089.85}]",
    "metadata": "{\"slice\":0,\"id\":\"f6c72636-202a-40fc-9ff3-6df829bb5757\",\"payload\":\"full\"}",
    "url": "https://exp01.zih.tu-dresden.de/experiments/raven_task/"
}