{
    "data": "[{\"url\":{},\"meta\":{\"labjs_version\":\"20.1.1\",\"labjs_build\":{\"flavor\":\"production\",\"commit\":\"cd5695f774968f50499757c1423bd95d033ea08e\"},\"location\":\"https://exp02.zih.tu-dresden.de/experiments/identical_pictures_task/\",\"userAgent\":\"Mozilla/5.0 (Windows NT 10.0; Win64; x64) AppleWebKit/537.36 (KHTML, like Gecko) Chrome/99.0.4844.74 Safari/537.36 Edg/99.0.1150.52\",\"platform\":\"Win32\",\"language\":\"de\",\"locale\":\"de\",\"timeZone\":\"Europe/Berlin\",\"timezoneOffset\":-120,\"screen_width\":1600,\"screen_height\":900,\"scroll_width\":1760,\"scroll_height\":796,\"window_innerWidth\":1760,\"window_innerHeight\":845,\"devicePixelRatio\":0.8999999761581421},\"sender\":\"start_html\",\"sender_type\":\"html.Screen\",\"sender_id\":\"0\",\"ended_on\":\"timeout\",\"duration\":6010.489,\"time_run\":1198.7000000029802,\"time_render\":1104.716,\"time_show\":1204.591,\"time_end\":7181.868,\"time_commit\":7188.29999999702,\"timestamp\":\"2022-03-28T16:06:22.809Z\",\"time_switch\":7215.08},{\"sender\":\"manual_html\",\"sender_type\":\"html.Screen\",\"sender_id\":\"1\",\"response\":\"space\",\"response_action\":\"keypress(Space)\",\"ended_on\":\"response\",\"duration\":28100.519999994038,\"time_run\":7189.0999999940395,\"time_render\":7181.868,\"time_show\":7215.08,\"time_end\":35315.59999999404,\"time_commit\":35322.70000000298,\"timestamp\":\"2022-03-28T16:06:50.944Z\",\"time_switch\":35602.62},{\"sender\":\"example1_screen\",\"sender_type\":\"canvas.Screen\",\"sender_id\":\"2\",\"response\":\"3\",\"response_action\":\"keypress(3)\",\"correctResponse\":\"3\",\"correct\":true,\"ended_on\":\"response\",\"duration\":3208.979999994037,\"time_run\":35587.70000000298,\"time_render\":35585.941,\"time_show\":35602.62,\"time_end\":38811.59999999404,\"time_commit\":38813.29999999702,\"timestamp\":\"2022-03-28T16:06:54.434Z\",\"time_switch\":38832.66},{\"sender\":\"example1_feedback\",\"sender_type\":\"canvas.Screen\",\"sender_id\":\"3\",\"response\":\"space\",\"response_action\":\"keypress(Space)\",\"ended_on\":\"response\",\"duration\":2347.939999994036,\"time_run\":38822.39999999106,\"time_render\":38815.969,\"time_show\":38832.66,\"time_end\":41180.59999999404,\"time_commit\":41182,\"timestamp\":\"2022-03-28T16:06:56.803Z\",\"time_switch\":41363.359},{\"sender\":\"example2_screen\",\"sender_type\":\"canvas.Screen\",\"sender_id\":\"4\",\"response\":\"5\",\"response_action\":\"keypress(5)\",\"correctResponse\":\"5\",\"correct\":true,\"ended_on\":\"response\",\"duration\":2503.0409999910626,\"time_run\":41347.59999999404,\"time_render\":41346.744,\"time_show\":41363.359,\"time_end\":43866.39999999106,\"time_commit\":43868.20000000298,\"timestamp\":\"2022-03-28T16:06:59.489Z\",\"time_switch\":43894.102},{\"sender\":\"example2_feedback\",\"sender_type\":\"canvas.Screen\",\"sender_id\":\"5\",\"response\":\"Space\",\"response_action\":\"keypress(Space)\",\"ended_on\":\"response\",\"duration\":2837.0980000029813,\"time_run\":43878.70000000298,\"time_render\":43877.487,\"time_show\":43894.102,\"time_end\":46731.20000000298,\"time_commit\":46732.79999999702,\"timestamp\":\"2022-03-28T16:07:02.354Z\",\"time_switch\":47007.674},{\"sender\":\"example3_screen\",\"sender_type\":\"canvas.Screen\",\"sender_id\":\"6\",\"response\":\"4\",\"response_action\":\"keypress(4)\",\"correctResponse\":\"4\",\"correct\":true,\"ended_on\":\"response\",\"duration\":2674.7259999910602,\"time_run\":46991.79999999702,\"time_render\":46990.946,\"time_show\":47007.674,\"time_end\":49682.39999999106,\"time_commit\":49684,\"timestamp\":\"2022-03-28T16:07:05.305Z\",\"time_switch\":49738.037},{\"sender\":\"example3_feedback\",\"sender_type\":\"canvas.Screen\",\"sender_id\":\"7\",\"response\":\"Space\",\"response_action\":\"keypress(Space)\",\"ended_on\":\"response\",\"duration\":2340.1630000029836,\"time_run\":49728,\"time_render\":49721.528,\"time_show\":49738.037,\"time_end\":52078.20000000298,\"time_commit\":52079.70000000298,\"timestamp\":\"2022-03-28T16:07:07.701Z\",\"time_switch\":52085.692},{\"sender\":\"get_ready_html\",\"sender_type\":\"html.Screen\",\"sender_id\":\"8\",\"response\":\"space\",\"response_action\":\"keypress(Space)\",\"ended_on\":\"response\",\"duration\":7767.607999997017,\"time_run\":52080.20000000298,\"time_render\":52069.032,\"time_show\":52085.692,\"time_end\":59853.29999999702,\"time_commit\":59855.29999999702,\"timestamp\":\"2022-03-28T16:07:15.476Z\",\"time_switch\":60194.023},{\"sender\":\"trial_screen\",\"sender_type\":\"canvas.Screen\",\"sender_id\":\"9_0\",\"image1\":\"embedded/be71ead77eb97295e0d7b9a7e8184ab0675740a0c1de4bc194c3421d08eac3a7.JPG\",\"image2\":\"embedded/eae95e51b254ad68e95a3fa516ded6062f0eac5b81eb10bfa9fc77af464ee6c5.JPG\",\"image3\":\"embedded/536074044c1694129b9cc36c5c21eca42e553859d300aff7dc5f3a9b64408c3f.JPG\",\"image4\":\"embedded/d10716993eeebe9ee3b4ee16be4ef83675909c999f9237b3f27f7f7379cb3052.JPG\",\"image5\":\"embedded/0f58f8018381a55afd1fb3f4bf214495f637d461c480dd996c95abb02d0dd371.JPG\",\"image6\":\"embedded/03d6f2067936c08545b80be762f9ebd78c246f2e4418af4419ddd2673fdefee9.JPG\",\"correct\":true,\"trial_ID\":1,\"response\":\"3\",\"response_action\":\"keypress(3)\",\"correctResponse\":\"3\",\"ended_on\":\"response\",\"duration\":2602.8769999910583,\"time_run\":60178.59999999404,\"time_render\":60177.416,\"time_show\":60194.023,\"time_end\":62796.89999999106,\"time_commit\":62798.89999999106,\"timestamp\":\"2022-03-28T16:07:18.420Z\",\"time_switch\":62974.47},{\"sender\":\"trial_screen\",\"sender_type\":\"canvas.Screen\",\"sender_id\":\"9_1\",\"image1\":\"embedded/a815ea543b9da4c93c65c904605b22e5cb0869653011514a95e3e79823bb2ed9.JPG\",\"image2\":\"embedded/4cc2b92c22c4626cf2ec1386eca28a00d052721dbfa2e127157546f105193189.JPG\",\"image3\":\"embedded/c53511c14819f76fd339f96d8b4a5c3656632879e80001d6fb3fa7ab0e53c966.JPG\",\"image4\":\"embedded/a139cb8aec2fad456a64689e874811fc6ef69e8cded05dc3d9a7661813b9cd58.JPG\",\"image5\":\"embedded/1b5efceab9e8e197a81df2625bd336deaebe54d5eb5722eadfe7ae412dc20210.JPG\",\"image6\":\"embedded/6b41302da90440de6d2da204e8d623e3686e09e302f1627bc2d72862609c2dc7.JPG\",\"correct\":true,\"trial_ID\":2,\"response\":\"5\",\"response_action\":\"keypress(5)\",\"correctResponse\":\"5\",\"ended_on\":\"response\",\"duration\":4043.3299999970186,\"time_run\":62958.79999999702,\"time_render\":62957.795,\"time_show\":62974.47,\"time_end\":67017.79999999702,\"time_commit\":67019.5,\"timestamp\":\"2022-03-28T16:07:22.641Z\",\"time_switch\":67286.703},{\"sender\":\"trial_screen\",\"sender_type\":\"canvas.Screen\",\"sender_id\":\"9_2\",\"image1\":\"embedded/9716ec8f70bf0762c9bc746e8c9546d82e3a12d318b25727b4608a3b701bb88f.JPG\",\"image2\":\"embedded/49697aa23e7fed60109571bdf2c30a8d5516c072f8b8762fec748ba43a3c0fce.JPG\",\"image3\":\"embedded/5923810d269e0097e324d26e67ad336596d95a79ae561fe0d97201231d5f4b89.JPG\",\"image4\":\"embedded/7bd7ba6081a8aa1020288518166e8d142fcac3062528ec52c19c83d640383590.JPG\",\"image5\":\"embedded/0e329efd566c7b60a3f466b5adba4b8bdc9d42e298ff55c0938fbe58a0b4604b.JPG\",\"image6\":\"embedded/8c21123a7236ab39c762f1222a24042aff3b0004e3acec4baa6e8a9a982df9c8.JPG\",\"correct\":true,\"trial_ID\":3,\"response\":\"2\",\"response_action\":\"keypress(2)\",\"correctResponse\":\"2\",\"ended_on\":\"response\",\"duration\":2350.8969999940455,\"time_run\":67270.89999999106,\"time_render\":67270.085,\"time_show\":67286.703,\"time_end\":69637.59999999404,\"time_commit\":69639.29999999702,\"timestamp\":\"2022-03-28T16:07:25.260Z\",\"time_switch\":69767.508},{\"sender\":\"trial_screen\",\"sender_type\":\"canvas.Screen\",\"sender_id\":\"9_3\",\"image1\":\"embedded/75f6527706857290f4a9251ae4aa0f421a10e5773c57f05e198800a5a523d13d.JPG\",\"image2\":\"embedded/4506516badf5da36ed8986786bbc3437c7741565fe38065c9ff05474b1b5e0ef.JPG\",\"image3\":\"embedded/1f2ef486c88473cecd7352bc12ca6e419e8d00e87f9d3b9bab3f3ff076d90bd2.JPG\",\"image4\":\"embedded/6ce252ccc493b8aba9f6fc3a7514d35bce7f085ae624f2b85d937ddda1e3e757.JPG\",\"image5\":\"embedded/8a95b6c1dcda328afb9c4956f1352f2ed303222b7587e9eab0d27dd05e5083c4.JPG\",\"image6\":\"embedded/7e05afa7b0820704a35ba4bb6572617e3accd7710c8a82c28852f00a7963a68c.JPG\",\"correct\":true,\"trial_ID\":4,\"response\":\"4\",\"response_action\":\"keypress(4)\",\"correctResponse\":\"4\",\"ended_on\":\"response\",\"duration\":2990.291999997018,\"time_run\":69751.89999999106,\"time_render\":69750.855,\"time_show\":69767.508,\"time_end\":72757.79999999702,\"time_commit\":72759.79999999702,\"timestamp\":\"2022-03-28T16:07:28.381Z\",\"time_switch\":72880.931},{\"sender\":\"trial_screen\",\"sender_type\":\"canvas.Screen\",\"sender_id\":\"9_4\",\"image1\":\"embedded/33d10c8509856a909068a5696eb6cb1e67ee4ddfe131c85ff4aa564bde9ad576.JPG\",\"image2\":\"embedded/d9214d99aa66f2bcbd7ba8f8427d486ad64869d7336679c5f70ff26631c397b8.JPG\",\"image3\":\"embedded/39d878b9baacb696402870042c654a04c6279bcdd543f5363eb618553a8c1b7c.JPG\",\"image4\":\"embedded/a2d1e717a41838ba3008e375df31cc80b3699d3e0676680a752c196ee8d41253.JPG\",\"image5\":\"embedded/0a2a31229b3d47a9ba900ee1c3a8939cd5855dcc16e5d330b4a0ee683ff2ced4.JPG\",\"image6\":\"embedded/8a00507325ba2c2df573f0bdcf9df586374454dcfae65d9d4ace76bd33a95b16.JPG\",\"correct\":true,\"trial_ID\":5,\"response\":\"1\",\"response_action\":\"keypress(1)\",\"correctResponse\":\"1\",\"ended_on\":\"response\",\"duration\":2249.868999997023,\"time_run\":72865.39999999106,\"time_render\":72864.311,\"time_show\":72880.931,\"time_end\":75130.79999999702,\"time_commit\":75131.5,\"timestamp\":\"2022-03-28T16:07:30.753Z\",\"time_switch\":75395.05},{\"sender\":\"trial_screen\",\"sender_type\":\"canvas.Screen\",\"sender_id\":\"9_5\",\"image1\":\"embedded/5d5fccc4585b9d63464d8bcdfca8b9f710e172923ffff2714cd3be42ae7d388b.JPG\",\"image2\":\"embedded/cd31649ce7c7a2b398e2662fbca306c425b28768781a551c496916eb43eb3d45.JPG\",\"image3\":\"embedded/c610efa2e0b0a08678cb9e30daddf3d4bad48a7014e417433d9f068885752cb0.JPG\",\"image4\":\"embedded/8f94ea8c58d07d04b340717a0c1cd08bcb3b959e5fcb063aa75026d1a3335964.JPG\",\"image5\":\"embedded/c33e457c1c4aaf5196fcdb9a13292d28d1b7c99319a9556b37c53f3660bc2392.JPG\",\"image6\":\"embedded/3f24d7234b857ffac5d6deeb59d2f0c669fc32751ab36586b1f387279b4e568b.JPG\",\"correct\":true,\"trial_ID\":6,\"response\":\"4\",\"response_action\":\"keypress(4)\",\"correctResponse\":\"4\",\"ended_on\":\"response\",\"duration\":2060.249999997017,\"time_run\":75379.89999999106,\"time_render\":75378.42,\"time_show\":75395.05,\"time_end\":77455.29999999702,\"time_commit\":77457.09999999404,\"timestamp\":\"2022-03-28T16:07:33.078Z\",\"time_switch\":77742.611},{\"sender\":\"trial_screen\",\"sender_type\":\"canvas.Screen\",\"sender_id\":\"9_6\",\"image1\":\"embedded/e62241aa503b963ca56bb9f7327e943e88f4b6e7ed6f5991a6eda11bf4ed3c64.JPG\",\"image2\":\"embedded/f062807faf2fe129078f155b4806f060df4461413cd063e217e31bd6df25b2f5.JPG\",\"image3\":\"embedded/49eaecf5c746cfffbe1c860985bf2b0b06c5ef93bb9e25cadef2428ee84f5d7f.JPG\",\"image4\":\"embedded/eaa44db3672f49a5efe8f326633813671b1b90d23f26622ae4d5484ddcf9c73f.JPG\",\"image5\":\"embedded/b5e9357c2518b21e581f7ded8830b46b410fcecaaf2b3b995572062e701ed29a.JPG\",\"image6\":\"embedded/b830331fb6a7946afd62aa08008c8176622c2cae288c743d2a36e8d14deee8c7.JPG\",\"correct\":true,\"trial_ID\":7,\"response\":\"3\",\"response_action\":\"keypress(3)\",\"correctResponse\":\"3\",\"ended_on\":\"response\",\"duration\":4682.888999999996,\"time_run\":77727.89999999106,\"time_render\":77726.005,\"time_show\":77742.611,\"time_end\":82425.5,\"time_commit\":82426.89999999106,\"timestamp\":\"2022-03-28T16:07:38.048Z\",\"time_switch\":82620.924},{\"sender\":\"trial_screen\",\"sender_type\":\"canvas.Screen\",\"sender_id\":\"9_7\",\"image1\":\"embedded/6bf18ec01dd938d7288fc8b64697bf13a710a9a8fd7e26d5fd91ca4cc3dbb2df.JPG\",\"image2\":\"embedded/f361753568d428c7cb9f20b91170d5952199378b55315dc271fdba4d33209c23.JPG\",\"image3\":\"embedded/92a6d535894d2d6c243b065287db2d43748761ca2e4edd173f9d1b1ef37ae365.JPG\",\"image4\":\"embedded/5a8a46e635e7d4238c451d5d9f5a8454c27ebc8cf99e256e9952b36443680f6d.JPG\",\"image5\":\"embedded/c707a46deee4e46e24d6297318cb6cb2f0da948e7412cae5be44cea2dae9aca7.JPG\",\"image6\":\"embedded/32ebcf795d58bdea6c08199497cf1a529e7fbd8e8e91fc8c46226a606bc8851f.JPG\",\"correct\":true,\"trial_ID\":8,\"response\":\"3\",\"response_action\":\"keypress(3)\",\"correctResponse\":\"3\",\"ended_on\":\"response\",\"duration\":2056.9759999910602,\"time_run\":82605.89999999106,\"time_render\":82604.345,\"time_show\":82620.924,\"time_end\":84677.89999999106,\"time_commit\":84679.59999999404,\"timestamp\":\"2022-03-28T16:07:40.301Z\",\"time_switch\":84935.163},{\"sender\":\"trial_screen\",\"sender_type\":\"canvas.Screen\",\"sender_id\":\"9_8\",\"image1\":\"embedded/a068ec99563d5ab895e9659b846126e869999ecb8cfcf191f30bfaeede6ae917.JPG\",\"image2\":\"embedded/0c1458121bd5eef598620ddeb16da964d8be05ecf1992404b0080c6d0e2d81be.JPG\",\"image3\":\"embedded/6fb65789d2d79d920c19494aa0da281a3595d3b5a747b122c1878c96e69f2840.JPG\",\"image4\":\"embedded/64f5dddba2d87d338fcb1f1e047f3b1e4184e6056ca79d70696b55c85f8a1d02.JPG\",\"image5\":\"embedded/68fd233b0c72b093ad21085b4bab6068343b9e185f1fc9b940c53d603b1af90e.JPG\",\"image6\":\"embedded/2ce185b017047415200299919792581f95f3606582aa7614f81d203b5a2ed159.JPG\",\"correct\":true,\"trial_ID\":9,\"response\":\"4\",\"response_action\":\"keypress(4)\",\"correctResponse\":\"4\",\"ended_on\":\"response\",\"duration\":1777.936999994039,\"time_run\":84919.5,\"time_render\":84918.606,\"time_show\":84935.163,\"time_end\":86713.09999999404,\"time_commit\":86714.59999999404,\"timestamp\":\"2022-03-28T16:07:42.336Z\",\"time_switch\":86849.872},{\"sender\":\"trial_screen\",\"sender_type\":\"canvas.Screen\",\"sender_id\":\"9_9\",\"image1\":\"embedded/ff8d3dd5092f0168c55f7ca0d612231c0573a1bd5ebed0c5189dd44c7aadab7b.JPG\",\"image2\":\"embedded/5dddad3148ecfbbe036261f4d2462dc8f5c937c145d103390ab692d9fc52e069.JPG\",\"image3\":\"embedded/87565073acb1b836e4b1f30d16667a47fe62c4e5374ce89a07f4a2c6b8d68de6.JPG\",\"image4\":\"embedded/bcc36dd2411d3779b06ab44a4b6622bfab9b5a8a09925d37f92dfc7d455874de.JPG\",\"image5\":\"embedded/c9f5836e6661461601b2eb4d2fe1970a1d6f81bc444dff3b35a4efbd5ae7aee5.JPG\",\"image6\":\"embedded/52d3777c13a1d0853b4c9f221c6e805028ac88c1a6c563d997f0a238d6c40cc4.JPG\",\"correct\":true,\"trial_ID\":10,\"response\":\"3\",\"response_action\":\"keypress(3)\",\"correctResponse\":\"3\",\"ended_on\":\"response\",\"duration\":2621.4279999970167,\"time_run\":86834.39999999106,\"time_render\":86833.269,\"time_show\":86849.872,\"time_end\":89471.29999999702,\"time_commit\":89472.89999999106,\"timestamp\":\"2022-03-28T16:07:45.094Z\",\"time_switch\":89647.007},{\"sender\":\"trial_screen\",\"sender_type\":\"canvas.Screen\",\"sender_id\":\"9_10\",\"image1\":\"embedded/148b4ffb0824d65da25423f3651976bfea23ae52505e87e1eed725bb0614b83a.JPG\",\"image2\":\"embedded/97af074959fbd3a3705d41bba7e306f9cb25f63e5f7ff7c8ea7415bb84314ed1.JPG\",\"image3\":\"embedded/8c4c59cc3c76628623d637dcec64c00c5605ece4c2870ba92a545540a2dcab13.JPG\",\"image4\":\"embedded/0d84c35089540a84f9f7e4d57142a6455b176690f1b8b926a02283d53848afb8.JPG\",\"image5\":\"embedded/efccdda17a0ea054f28662c4a0f10758f4a58fa9b62a12b3eb1ad25204ae2ff7.JPG\",\"image6\":\"embedded/9edf5f5db387c370fd760f9237eb7a63f73dfa298d6f676ec9da53e79efc619a.JPG\",\"correct\":true,\"trial_ID\":11,\"response\":\"1\",\"response_action\":\"keypress(1)\",\"correctResponse\":\"1\",\"ended_on\":\"response\",\"duration\":2051.6930000029824,\"time_run\":89631.20000000298,\"time_render\":89630.382,\"time_show\":89647.007,\"time_end\":91698.70000000298,\"time_commit\":91700.29999999702,\"timestamp\":\"2022-03-28T16:07:47.321Z\",\"time_switch\":91828.123},{\"sender\":\"trial_screen\",\"sender_type\":\"canvas.Screen\",\"sender_id\":\"9_11\",\"image1\":\"embedded/5258b03b190a7fdab4a32f9cd12194484cfd5d8ecf3cb98e111eedc80ccfd5df.JPG\",\"image2\":\"embedded/dce8cb61538d51253956b6f0aa372f7e3340d4605ab73c763bbcaded024f44fd.JPG\",\"image3\":\"embedded/6b34bb13c8ca98dbaeda091184a575e239ff2ea9905db4bc6a572132598ded81.JPG\",\"image4\":\"embedded/2675620f7ff4837ea5819697972e37364f037132acbf83e3d03e0d70f16b21a4.JPG\",\"image5\":\"embedded/e3e1113cd6692b20fa85905c1fed0ef85ea24f289308a6eb0a6cd435ee861b69.JPG\",\"image6\":\"embedded/908c17df23bf7cba4873188e52427071f11d87e4b013386fff7a441b7e629537.JPG\",\"correct\":true,\"trial_ID\":12,\"response\":\"1\",\"response_action\":\"keypress(1)\",\"correctResponse\":\"1\",\"ended_on\":\"response\",\"duration\":2944.4769999940327,\"time_run\":91812.59999999404,\"time_render\":91811.502,\"time_show\":91828.123,\"time_end\":94772.59999999404,\"time_commit\":94774.29999999702,\"timestamp\":\"2022-03-28T16:07:50.395Z\",\"time_switch\":95041.47},{\"sender\":\"trial_screen\",\"sender_type\":\"canvas.Screen\",\"sender_id\":\"9_12\",\"image1\":\"embedded/9ae46441cda43cc6501c471f3594fa4addecbe4b728cea583d6bf2f928c0c90e.JPG\",\"image2\":\"embedded/ef2796ea9158ee05600766eb64432bcfd5af4daf3c19a707091b547ed1982054.JPG\",\"image3\":\"embedded/7949e60a2810859cec6cf211ec596f0d2f28417755f9029174cd8702354af50f.JPG\",\"image4\":\"embedded/4b8ce3984e53740d2ba6d143c21bd54475c99dd68edcc756c4de3d439ca26ee6.JPG\",\"image5\":\"embedded/93e6910bfd94f90e204eedffb309b6a421094c26cf1f226c60a4223495bed739.JPG\",\"image6\":\"embedded/4e4ccc81f42cbcc85b6874caa05154b3f0ec80cdfe116ff842ba2c8a02ba28af.JPG\",\"correct\":true,\"trial_ID\":13,\"response\":\"4\",\"response_action\":\"keypress(4)\",\"correctResponse\":\"4\",\"ended_on\":\"response\",\"duration\":2288.8299999970186,\"time_run\":95026.39999999106,\"time_render\":95024.937,\"time_show\":95041.47,\"time_end\":97330.29999999702,\"time_commit\":97331.89999999106,\"timestamp\":\"2022-03-28T16:07:52.953Z\",\"time_switch\":97488.951},{\"sender\":\"trial_screen\",\"sender_type\":\"canvas.Screen\",\"sender_id\":\"9_13\",\"image1\":\"embedded/59abf8c9bddc375defad9bbbafadc3f07a28887c9aa80d6780e026978645fa6f.JPG\",\"image2\":\"embedded/6833790947588f26b067d4b94f5716b919e60241486d6ce78029826eb6b20cb6.JPG\",\"image3\":\"embedded/a7363817a880a298becc2544cb1dc8e3b216b266d5e31c4cb1390b005100aa54.JPG\",\"image4\":\"embedded/58e892ed441733932de6151f44ea63cfc3d2bd8774e97686f30a7a13c7fc5349.JPG\",\"image5\":\"embedded/e7a292f7fd3b9f91fc46f2b055e3e3d92a68599cb53a4c1a08527c69c7d80dc2.JPG\",\"image6\":\"embedded/f59e87f2670aa5d609cba45150771ea071bc5ae3b9233c437c437d43fd9b1403.JPG\",\"correct\":true,\"trial_ID\":14,\"response\":\"4\",\"response_action\":\"keypress(4)\",\"correctResponse\":\"4\",\"ended_on\":\"response\",\"duration\":2942.348999997019,\"time_run\":97473,\"time_render\":97472.311,\"time_show\":97488.951,\"time_end\":100431.29999999702,\"time_commit\":100432.89999999106,\"timestamp\":\"2022-03-28T16:07:56.054Z\",\"time_switch\":100635.67},{\"sender\":\"trial_screen\",\"sender_type\":\"canvas.Screen\",\"sender_id\":\"9_14\",\"image1\":\"embedded/453642645201b48165f868a5890f3f20e34c31b9eeed5ddea98d9436ebe84617.JPG\",\"image2\":\"embedded/1d8cda0ab218802cc82978c9141cdcc569273e24d13a67736c9e1e40e43b452d.JPG\",\"image3\":\"embedded/a89d26cdcfaaea3840983d7f08b78ff783ea8e57ccb4a01f33838751cecd3dec.JPG\",\"image4\":\"embedded/afa94680d8b2e6d50ca40a63704ec1434f5355c6b2cd83b70f2eda28fa40ea01.JPG\",\"image5\":\"embedded/b01e84d049a407921efafe60977072d1db8643514d863328fc6c64c39f336849.JPG\",\"image6\":\"embedded/5a55e20cf08251cdd53d6721d29c2356fa7e9555cf18dbbbd76e696ed0c7ea81.JPG\",\"correct\":true,\"trial_ID\":15,\"response\":\"1\",\"response_action\":\"keypress(1)\",\"correctResponse\":\"1\",\"ended_on\":\"response\",\"duration\":2093.4299999940413,\"time_run\":100620.20000000298,\"time_render\":100619.101,\"time_show\":100635.67,\"time_end\":102729.09999999404,\"time_commit\":102730.5,\"timestamp\":\"2022-03-28T16:07:58.352Z\",\"time_switch\":102933.29},{\"sender\":\"trial_screen\",\"sender_type\":\"canvas.Screen\",\"sender_id\":\"9_15\",\"image1\":\"embedded/4d0d8ee818dda371d8b8c2079845d0827b5fc8c5066646586d711fe16e9c207a.JPG\",\"image2\":\"embedded/c11cad2331cf90605ce6964e8be4c6d1b6ad24b9974b86a8106cfeab04a59ca6.JPG\",\"image3\":\"embedded/b872c18b2b6f2b0a7efbd1c2294cafc168f268a97e4c8fccff65aeda87af2393.JPG\",\"image4\":\"embedded/bd684d4750cac17b8ae90a6a98d51d7efb958d6de406e04c1bad91713df20448.JPG\",\"image5\":\"embedded/13913f171a5aa126d0a18d58697f630b26590f51346f0174d6d338e6d8e6a855.JPG\",\"image6\":\"embedded/bab6fcc9a4bf9918ea562ce09be4fe3286e6ff95d361c5f544a629cf0b9084bf.JPG\",\"correct\":true,\"trial_ID\":16,\"response\":\"1\",\"response_action\":\"keypress(1)\",\"correctResponse\":\"1\",\"ended_on\":\"response\",\"duration\":2760.509999997026,\"time_run\":102917.59999999404,\"time_render\":102916.704,\"time_show\":102933.29,\"time_end\":105693.79999999702,\"time_commit\":105694.89999999106,\"timestamp\":\"2022-03-28T16:08:01.316Z\",\"time_switch\":105913.526},{\"sender\":\"trial_screen\",\"sender_type\":\"canvas.Screen\",\"sender_id\":\"9_16\",\"image1\":\"embedded/d62c18deb063ecf7c34b94b2d109605bc68db5384f5895b3b1a3ab418514300a.JPG\",\"image2\":\"embedded/450b7a365a131d042ce242fc7313002e7180ff1fa14161316a285dc961cf72f9.JPG\",\"image3\":\"embedded/71454b6ba35a524b7e80f35872444d89782efcc1fb00a7dc78ad902543c5feef.JPG\",\"image4\":\"embedded/e82ff10221a5ce127ad593ec660e33fe044a9f1a9bcad7ffb6f05442bd0fe540.JPG\",\"image5\":\"embedded/22164a447ca05bfe1694f7ddea06e16fea89674448906ccdfd915d4fbe83b494.JPG\",\"image6\":\"embedded/ec48f8052e484a8a0e47686f644d16adc3bef771a7dc9c67c12503c92aa57967.JPG\",\"correct\":true,\"trial_ID\":17,\"response\":\"5\",\"response_action\":\"keypress(5)\",\"correctResponse\":\"5\",\"ended_on\":\"response\",\"duration\":5106.273999997022,\"time_run\":105897.89999999106,\"time_render\":105896.88,\"time_show\":105913.526,\"time_end\":111019.79999999702,\"time_commit\":111021.29999999702,\"timestamp\":\"2022-03-28T16:08:06.642Z\",\"time_switch\":111141.556},{\"sender\":\"trial_screen\",\"sender_type\":\"canvas.Screen\",\"sender_id\":\"9_17\",\"image1\":\"embedded/9a0eece04e0f8c582835046016d0a8370639cd8885ffd714e7cd5adada07c88f.JPG\",\"image2\":\"embedded/3da51bba3b72e77f2f1b9708b04b640ce97bdd1a35c357793a4fb76faca5f082.JPG\",\"image3\":\"embedded/afc7ca2241f7c16f0aee88966fe81447b2c9a392b04c7540c43c4bfe69441b8d.JPG\",\"image4\":\"embedded/19e819d3e7284c08ddad3d8e6b208711178e6142ed2c243adb7f9092df384de0.JPG\",\"image5\":\"embedded/9650c594ba93aeb4a7fe8c053ebef70840754fb6863884567c279fe7477185bd.JPG\",\"image6\":\"embedded/fddc262a91e604fd23f94e34aac6f80a093f1535400ccbce1f7ce13b1d599724.JPG\",\"correct\":true,\"trial_ID\":18,\"response\":\"2\",\"response_action\":\"keypress(2)\",\"correctResponse\":\"2\",\"ended_on\":\"response\",\"duration\":3619.0439999940427,\"time_run\":111125.79999999702,\"time_render\":111124.946,\"time_show\":111141.556,\"time_end\":114760.59999999404,\"time_commit\":114762.09999999404,\"timestamp\":\"2022-03-28T16:08:10.383Z\",\"time_switch\":115004.25},{\"sender\":\"trial_screen\",\"sender_type\":\"canvas.Screen\",\"sender_id\":\"9_18\",\"image1\":\"embedded/cbe7474f1dad6e9f7c5cbe85d55e093c32b3509160a2771dab875bc556eddb96.JPG\",\"image2\":\"embedded/1c3d84eb9a4c8f4c6b1797124e42a3a039203fe2f11b63148e631a6e7471627f.JPG\",\"image3\":\"embedded/f58ab21863fa8c3a784dd3ce4cdbae9f0722e39625a7bc88e21114b1bddc47a0.JPG\",\"image4\":\"embedded/2462f7734b4e9ea076b5ff018380929cd503d5779d5676864e17d08484731fec.JPG\",\"image5\":\"embedded/9dbbbdb11843b66cc6df38dbef70d101599ce0b16594a96aa5f42184fc93e358.JPG\",\"image6\":\"embedded/04cb147ca78609a1697300e18149b915294779b71f0b6a67f4fa3d60a8d6a609.JPG\",\"correct\":true,\"trial_ID\":19,\"response\":\"2\",\"response_action\":\"keypress(2)\",\"correctResponse\":\"2\",\"ended_on\":\"response\",\"duration\":3239.75,\"time_run\":114988.70000000298,\"time_render\":114987.632,\"time_show\":115004.25,\"time_end\":118244,\"time_commit\":118246,\"timestamp\":\"2022-03-28T16:08:13.867Z\",\"time_switch\":118417.385},{\"sender\":\"trial_screen\",\"sender_type\":\"canvas.Screen\",\"sender_id\":\"9_19\",\"image1\":\"embedded/f453a77e3deaed9060a6104c6b0a7934499398ed644577f864a31cd42d9f43f0.JPG\",\"image2\":\"embedded/2d47c06449ee9371384582dc5af3c6cd3b5d2dca03d7db0a0d327bf200a89491.JPG\",\"image3\":\"embedded/f2f93b81d817074f207b11621bb8102bf64183f83469c2e37f8b230c5a9d366a.JPG\",\"image4\":\"embedded/dfaf08b89eb6f9162330abb3d1a1bfc4789f9781ac1ec21026726c174a2f8f94.JPG\",\"image5\":\"embedded/bd85641c3b9b8426404c74693554ac6bd1455a5c232fbbf227d18fd5063b12c9.JPG\",\"image6\":\"embedded/f4c7e73d3a9a6f5d59e37865af5506553d803e6559fabb25eb9bde96c9c5fdf1.JPG\",\"correct\":true,\"trial_ID\":20,\"response\":\"4\",\"response_action\":\"keypress(4)\",\"correctResponse\":\"4\",\"ended_on\":\"response\",\"duration\":2363.1150000000052,\"time_run\":118402,\"time_render\":118400.744,\"time_show\":118417.385,\"time_end\":120780.5,\"time_commit\":120782,\"timestamp\":\"2022-03-28T16:08:16.403Z\",\"time_switch\":120948.11},{\"sender\":\"trial_screen\",\"sender_type\":\"canvas.Screen\",\"sender_id\":\"9_20\",\"image1\":\"embedded/7de51f4e58a8050759c5d3f5e4e7feff7c099d9e1e8f2d98e4accd9719b72316.JPG\",\"image2\":\"embedded/baa4fe9f3b740ff5f43599f5e35f8029d2ec785d14a33f7602b5a82db4936cec.JPG\",\"image3\":\"embedded/9db950f8de273498bac2eb9f0ff39f86dca1e7931cb449d84e2612ea6b12e264.JPG\",\"image4\":\"embedded/c501a3f923ff2febd2e9a42220166315eca0013b74e830e098b0f663ebc78a4e.JPG\",\"image5\":\"embedded/7716dd247b0d46dd3f4ea4945f3f3f233aad470bac6c553bb80c299e13ca972e.JPG\",\"image6\":\"embedded/f89cca4d9e1d47449db34dc9e05b1c0dd9b0eb62d3a126dcd4b9300c9801e13f.JPG\",\"correct\":true,\"trial_ID\":21,\"response\":\"4\",\"response_action\":\"keypress(4)\",\"correctResponse\":\"4\",\"ended_on\":\"response\",\"duration\":2088.689999997019,\"time_run\":120932.5,\"time_render\":120931.417,\"time_show\":120948.11,\"time_end\":123036.79999999702,\"time_commit\":123038.20000000298,\"timestamp\":\"2022-03-28T16:08:18.659Z\",\"time_switch\":123162.503},{\"sender\":\"trial_screen\",\"sender_type\":\"canvas.Screen\",\"sender_id\":\"9_21\",\"image1\":\"embedded/08efb99342da5ae327688ae9ba90c045c76c69b3763822e1df95425c4aa431b7.JPG\",\"image2\":\"embedded/d0ee00077896221d557d91b2ecd407f505ae7de3479627e0792cfc52cc9b80ee.JPG\",\"image3\":\"embedded/0499403a67459f29975f32dea8e26b9d2eefdc492d1ace63f73f4b2b5fff5e65.JPG\",\"image4\":\"embedded/f74fa28dd2f2a30ae4e00110081d0a17ad3484570f5da2b33048d66b6f42a509.JPG\",\"image5\":\"embedded/71079f9c239361424a73bd335ea90b2404e5e8bc9da6041513f1efda110fdbb0.JPG\",\"image6\":\"embedded/cceccfbd331572214cf6ed1631b10f03ca285cf77f31581db28345be53568dd3.JPG\",\"correct\":true,\"trial_ID\":22,\"response\":\"3\",\"response_action\":\"keypress(3)\",\"correctResponse\":\"3\",\"ended_on\":\"response\",\"duration\":2447.497000000003,\"time_run\":123146.59999999404,\"time_render\":123145.869,\"time_show\":123162.503,\"time_end\":125610,\"time_commit\":125611.70000000298,\"timestamp\":\"2022-03-28T16:08:21.233Z\",\"time_switch\":125876.371},{\"sender\":\"trial_screen\",\"sender_type\":\"canvas.Screen\",\"sender_id\":\"9_22\",\"image1\":\"embedded/74a82e45c82c39ae92310fb430b3ec4c38798649dda1512cae202797e7e9c72f.JPG\",\"image2\":\"embedded/c26fdc8e4434add316f752bb2dd0b7ae41caca074082ad50fae15c0ba7dac6c1.JPG\",\"image3\":\"embedded/9f4661a32756106851568bebcb73af9fd54dc73503719749e2e282d97e6d8c47.JPG\",\"image4\":\"embedded/67fc9d21e5b0e89dc8228cb627126c985eeb00e48b80daf574a1996d9c1439b4.JPG\",\"image5\":\"embedded/bb38b129d53ac43eb56f10946dbbf58f2befbd3702701fb7dd78fe52342a4404.JPG\",\"image6\":\"embedded/3b4c154dd2b571241c9ef4f45b8e7bb5c39ee4e01cc771c32e2809ad347ced08.JPG\",\"correct\":true,\"trial_ID\":23,\"response\":\"4\",\"response_action\":\"keypress(4)\",\"correctResponse\":\"4\",\"ended_on\":\"response\",\"duration\":2766.129000000001,\"time_run\":125860.79999999702,\"time_render\":125859.75,\"time_show\":125876.371,\"time_end\":128642.5,\"time_commit\":128644.39999999106,\"timestamp\":\"2022-03-28T16:08:24.265Z\",\"time_switch\":128790.074},{\"sender\":\"trial_screen\",\"sender_type\":\"canvas.Screen\",\"sender_id\":\"9_23\",\"image1\":\"embedded/a7651d2535084e026ab3fa25cee69ed74db5fd0dff38c24d40db5f04da8e5854.JPG\",\"image2\":\"embedded/8540fd964796d50d51069e3de2555e7dab182da0140e999fdc98d1369365a772.JPG\",\"image3\":\"embedded/6b053f138af2ca3fd62162eeaeba9947c29531aaf8d5cc9a7b34985ccf2d2bea.JPG\",\"image4\":\"embedded/007295db4cb3bde01a057ef78b02674167a008ad0d5e77544fffe4bb1a07efe2.JPG\",\"image5\":\"embedded/a7651d2535084e026ab3fa25cee69ed74db5fd0dff38c24d40db5f04da8e5854.JPG\",\"image6\":\"embedded/0829baebfae91a74100aae32657161b42f51edbbecd4a49ca00da59be9a16958.JPG\",\"correct\":true,\"trial_ID\":24,\"response\":\"4\",\"response_action\":\"keypress(4)\",\"correctResponse\":\"4\",\"ended_on\":\"response\",\"duration\":3032.325999991066,\"time_run\":128774.59999999404,\"time_render\":128773.439,\"time_show\":128790.074,\"time_end\":131822.39999999106,\"time_commit\":131823.89999999106,\"timestamp\":\"2022-03-28T16:08:27.445Z\",\"time_switch\":131953.472},{\"sender\":\"trial_screen\",\"sender_type\":\"canvas.Screen\",\"sender_id\":\"9_24\",\"image1\":\"embedded/f0f4f3cd0ec78d5d880fc78e41360a356eb3864d984fc0b731156a766855f576.JPG\",\"image2\":\"embedded/fb03a6b12d1fcfeccb58ef8893cb213772066e6bf2ae1104aab9c237ca861f4b.JPG\",\"image3\":\"embedded/6133b17c8de716b8efcc01c788e96fddb029eea8b3ebb448544849e8e72b747c.JPG\",\"image4\":\"embedded/828c5678ac750526e67dc24d90963961caf8b17d4110b7a5f9a17c5c58eda867.JPG\",\"image5\":\"embedded/4eae7ba4460cd98998392f5076fee82bf713c4dcaf848640efae03049145bdf9.JPG\",\"image6\":\"embedded/7dc741389995b20a7490b49bf22bea620a6219c21424621dd7dca176be1e7de2.JPG\",\"correct\":true,\"trial_ID\":25,\"response\":\"3\",\"response_action\":\"keypress(3)\",\"correctResponse\":\"3\",\"ended_on\":\"response\",\"duration\":4419.327999997011,\"time_run\":131937.70000000298,\"time_render\":131936.833,\"time_show\":131953.472,\"time_end\":136372.79999999702,\"time_commit\":136374.89999999106,\"timestamp\":\"2022-03-28T16:08:31.996Z\",\"time_switch\":136631.95},{\"sender\":\"trial_screen\",\"sender_type\":\"canvas.Screen\",\"sender_id\":\"9_25\",\"image1\":\"embedded/046e29677cc68d5f59bfea65b8353eec009c4bd60e259fd24b5690394a8e382c.JPG\",\"image2\":\"embedded/861a7b8de96c8a7502131a8c29c1eb09c8943315526dc6b538cd8c8c694f509f.JPG\",\"image3\":\"embedded/a6935b3e399dd2b2d0e097f688a8915b8b5630c6121613a07d9125a7ad9a2dab.JPG\",\"image4\":\"embedded/58553e5e229a36edf36c040e50ba6df5aa928447dd29369fde0b0d8e68b1efbb.JPG\",\"image5\":\"embedded/5425e12c034cd26c85a1a41091f9b11586d78d965ae7a33eb5f5def87732b224.JPG\",\"image6\":\"embedded/fcdc9d55ae389c886bdf488445def2ce26ca63071a17feb4c225722169d75169.JPG\",\"correct\":true,\"trial_ID\":26,\"response\":\"1\",\"response_action\":\"keypress(1)\",\"correctResponse\":\"1\",\"ended_on\":\"response\",\"duration\":2276.2500000029686,\"time_run\":136616.29999999702,\"time_render\":136615.351,\"time_show\":136631.95,\"time_end\":138908.20000000298,\"time_commit\":138910,\"timestamp\":\"2022-03-28T16:08:34.531Z\",\"time_switch\":139046.126},{\"sender\":\"trial_screen\",\"sender_type\":\"canvas.Screen\",\"sender_id\":\"9_26\",\"image1\":\"embedded/8269fc6cf5d43d2d23723e28602968764ec5156fac193688b0eab1549809c6eb.JPG\",\"image2\":\"embedded/2d16337fd1932470c5f06ba217dee00a11c3d5355eed173adf549196c2177c22.JPG\",\"image3\":\"embedded/d87a21a8c2d256356bb229311bed700374ee6ce4f0922bf6b6ce110e8536f990.JPG\",\"image4\":\"embedded/c90a70d17df85f92f555854d8009be5cc63e11eb6d2b82278e3303b4530ee960.JPG\",\"image5\":\"embedded/a34603df84e7b1877b0b7c65ef90442427eb3e84ace088847d3c3833974a9c5b.JPG\",\"image6\":\"embedded/2457a9dfbe2c5c720c7aeb426d4ca470937e27a31961daa640fdad984fee3cbb.JPG\",\"correct\":true,\"trial_ID\":27,\"response\":\"2\",\"response_action\":\"keypress(2)\",\"correctResponse\":\"2\",\"ended_on\":\"response\",\"duration\":4073.27399999107,\"time_run\":139030.29999999702,\"time_render\":139029.484,\"time_show\":139046.126,\"time_end\":143119.39999999106,\"time_commit\":143121.20000000298,\"timestamp\":\"2022-03-28T16:08:38.742Z\",\"time_switch\":143258.427},{\"sender\":\"trial_screen\",\"sender_type\":\"canvas.Screen\",\"sender_id\":\"9_27\",\"image1\":\"embedded/72d83af38cd8d8d9c06df7b40bec5ba0f133f66c8ec64c93810e32c561d9fda8.JPG\",\"image2\":\"embedded/b510933df1e77aebf440bfd1b3f4859de40dffc9ef2f2e24d5513ba3a34f4621.JPG\",\"image3\":\"embedded/68432697cc680548be489c1e1dfdc41db01bed06d6e6d0f51979d03f44471423.JPG\",\"image4\":\"embedded/2f59dc9083e5d7cc9310d91fa8f7e1aecc774ed38f775e2cefcc0081ed37839e.JPG\",\"image5\":\"embedded/3de060adb2b68a5d613900b64662861a280e5dfce96a11f1da1d2de60c420f1c.JPG\",\"image6\":\"embedded/743a29bb49e5a3d5f21efb99aaaf3f99788be0b0fb730ee090cfb5c7661bca7c.JPG\",\"correct\":true,\"trial_ID\":28,\"response\":\"4\",\"response_action\":\"keypress(4)\",\"correctResponse\":\"4\",\"ended_on\":\"response\",\"duration\":2767.9729999910633,\"time_run\":143242.5,\"time_render\":143241.793,\"time_show\":143258.427,\"time_end\":146026.39999999106,\"time_commit\":146027.79999999702,\"timestamp\":\"2022-03-28T16:08:41.649Z\",\"time_switch\":146305.28},{\"sender\":\"trial_screen\",\"sender_type\":\"canvas.Screen\",\"sender_id\":\"9_28\",\"image1\":\"embedded/817b4feb8c66d78b53cbb0a1f98b7b4a7afea5f008d4328991539315c7e91f54.JPG\",\"image2\":\"embedded/53a4074a0f298e3523358f8be2f86554b16381e3b04de8a727ef3102ffda980f.JPG\",\"image3\":\"embedded/db015f6cfc4342f53f9a4933c6b1acb9fc79d09d52ae9a89c8335f2d82aa685f.JPG\",\"image4\":\"embedded/63debf4bfed1af1e477cd3b0648502012d1224288baa63fa1afeb1db91c6bb18.JPG\",\"image5\":\"embedded/1aa1ab481fbbd0d85b6dc5af7a6a40db1309d8e080a756081cd6db1324db0a81.JPG\",\"image6\":\"embedded/3d3bbea9d586be1a9309e4b83b47b739fc42b8861b4addc6bbb0935aa69f1d6b.JPG\",\"correct\":true,\"trial_ID\":29,\"response\":\"1\",\"response_action\":\"keypress(1)\",\"correctResponse\":\"1\",\"ended_on\":\"response\",\"duration\":2313.6199999910605,\"time_run\":146289.5,\"time_render\":146288.643,\"time_show\":146305.28,\"time_end\":148618.89999999106,\"time_commit\":148619.59999999404,\"timestamp\":\"2022-03-28T16:08:44.240Z\",\"time_switch\":148736.11},{\"sender\":\"trial_screen\",\"sender_type\":\"canvas.Screen\",\"sender_id\":\"9_29\",\"image1\":\"embedded/9c49f206dd429c639f5d0dff78e0bd4b56a996abd16ac9a74b2daebf7113566f.JPG\",\"image2\":\"embedded/82ac986a775a8ff209a4594e3c27a9f7fa9c960c10bb96b070eb15969286bfe3.JPG\",\"image3\":\"embedded/1b04f867a4a1b1ba3cb0691e2e7105908ec2313980c72172cdac14e583d412d7.JPG\",\"image4\":\"embedded/8ea2603123ab85baf12b5a0050c59d881190f2e2aff9cba8dd5cb7c34ed861ef.JPG\",\"image5\":\"embedded/4bf04d8780ef64ee28d36facd54008ac5fdb549d184d3f76783b87019162871e.JPG\",\"image6\":\"embedded/7a94d57e93270ac9b1b86d4ffbc33436036282da2819504b2da35f2ea5fe9d5a.JPG\",\"correct\":true,\"trial_ID\":30,\"response\":\"3\",\"response_action\":\"keypress(3)\",\"correctResponse\":\"3\",\"ended_on\":\"response\",\"duration\":1815.5900000029942,\"time_run\":148720.29999999702,\"time_render\":148719.466,\"time_show\":148736.11,\"time_end\":150551.70000000298,\"time_commit\":150552.5,\"timestamp\":\"2022-03-28T16:08:46.173Z\",\"time_switch\":150667.46},{\"sender\":\"trial_screen\",\"sender_type\":\"canvas.Screen\",\"sender_id\":\"9_30\",\"image1\":\"embedded/5288291db9166c838b14861655d1dc87d21c5202f0867fb98aae65d75322587c.JPG\",\"image2\":\"embedded/738a19a421e37dfe47cdeac764711d9f506fa553f85f95f4386ea53bb7572416.JPG\",\"image3\":\"embedded/3ee87c6d316b9a1c4c371268445fb2d3e4e91c6ff4b3d4439bac8863947a35f9.JPG\",\"image4\":\"embedded/a218d6a1d60e98440ecd2c71d9f42c75c15d45ee313257e22de9909586fb89b3.JPG\",\"image5\":\"embedded/b01f678498f43b3bf9598048395f895b436d6be9e3c7c5229e0905b4b500a398.JPG\",\"image6\":\"embedded/49e256be8f5763e5077d9499adc6deecf05794b31fcdb1730938551f8c7bc645.JPG\",\"correct\":true,\"trial_ID\":31,\"response\":\"4\",\"response_action\":\"keypress(4)\",\"correctResponse\":\"4\",\"ended_on\":\"response\",\"duration\":3472.839999997028,\"time_run\":150651.70000000298,\"time_render\":150650.82,\"time_show\":150667.46,\"time_end\":154140.29999999702,\"time_commit\":154141.09999999404,\"timestamp\":\"2022-03-28T16:08:49.762Z\",\"time_switch\":154363.665},{\"sender\":\"trial_screen\",\"sender_type\":\"canvas.Screen\",\"sender_id\":\"9_31\",\"image1\":\"embedded/55d5a1a19e0d0e37b60e63ea5613d7dce7f75de8ed7dafa6dde80b52214bbae4.JPG\",\"image2\":\"embedded/feec39a992b52cf1f8ba359e5ff727b184d102bd2a6b2b317eb1a4fd4e27f3d6.JPG\",\"image3\":\"embedded/4d8cfa643cdd00769cd381dd0f4d648caeaae34281f09a981dbe068e4bd8a06f.JPG\",\"image4\":\"embedded/6a8811dd99ad997e3ba89ed364091a45001d1cdd34e9582c27494825298d2588.JPG\",\"image5\":\"embedded/9174e88262e1477e4bfa4e4b37aec65b353f9391473bb0a2be3896ea0bff0f18.JPG\",\"image6\":\"embedded/fbdba7702fe51ca07012749aa7ac4198a2c7cc1ee9c0b5635c311f34b775d79b.JPG\",\"correct\":true,\"trial_ID\":32,\"response\":\"5\",\"response_action\":\"keypress(5)\",\"correctResponse\":\"5\",\"ended_on\":\"response\",\"duration\":6130.134999997012,\"time_run\":154348.09999999404,\"time_render\":154346.991,\"time_show\":154363.665,\"time_end\":160493.79999999702,\"time_commit\":160495.5,\"timestamp\":\"2022-03-28T16:08:56.116Z\",\"time_switch\":160607.488},{\"sender\":\"trial_screen\",\"sender_type\":\"canvas.Screen\",\"sender_id\":\"9_32\",\"image1\":\"embedded/e56857263235039058f800740b62a42ee8e354bf66eb821ed1bd0e2d842c3161.JPG\",\"image2\":\"embedded/ce23c91333304b065f6741b7b019f4bcfd3b3d24e7ff77248a1e9817c8c2cdcb.JPG\",\"image3\":\"embedded/50c69ab5427de5d1801f2c61b953d066ec94e862752f255ed881c37a59506ec1.JPG\",\"image4\":\"embedded/fcf47a147052439be2e6fad30b496b69c0478f934935b3c6fec5eb6a1c2dbcaf.JPG\",\"image5\":\"embedded/04eee079bc4fb3c565ea900dac0b606ab3ed658d2a2b57d0181e3f5abe22146a.JPG\",\"image6\":\"embedded/d3160e0d620fe2199376b6ec2edab9091593e98089eed1dbf7708942648630ba.JPG\",\"correct\":true,\"trial_ID\":33,\"response\":\"4\",\"response_action\":\"keypress(4)\",\"correctResponse\":\"4\",\"ended_on\":\"response\",\"duration\":3290.212000002968,\"time_run\":160591.79999999702,\"time_render\":160590.645,\"time_show\":160607.488,\"time_end\":163897.70000000298,\"time_commit\":163899.39999999106,\"timestamp\":\"2022-03-28T16:08:59.520Z\",\"time_switch\":164170.295},{\"sender\":\"trial_screen\",\"sender_type\":\"canvas.Screen\",\"sender_id\":\"9_33\",\"image1\":\"embedded/f389578182f8c64d6074ba9a51e95b6fc2728aec0c9ddb808c04fb54ab1914a9.JPG\",\"image2\":\"embedded/423f690e26f8b2b5ffa82e1328175b7f420b68850e616f449dcd2022839ac26b.JPG\",\"image3\":\"embedded/b564bf64f82d72fac1918991f0ba13eb842e2ab992d99f4362d86d0467b68713.JPG\",\"image4\":\"embedded/a4f0c144c54057ee0e420a45a83f6f3649c1178d77bece37a93a27406e39d3a8.JPG\",\"image5\":\"embedded/b2a9615cb38fb85067c96d60d8dc70a4f719f7f00651c3f5ebffafd416964cd5.JPG\",\"image6\":\"embedded/cc7b6f86db64c61bda89abb75126d2a05172b31e1cb30dfc014d1a44ce883e11.JPG\",\"correct\":true,\"trial_ID\":34,\"response\":\"2\",\"response_action\":\"keypress(2)\",\"correctResponse\":\"2\",\"ended_on\":\"response\",\"duration\":2592.6049999910465,\"time_run\":164154.5,\"time_render\":164153.677,\"time_show\":164170.295,\"time_end\":166762.89999999106,\"time_commit\":166764.39999999106,\"timestamp\":\"2022-03-28T16:09:02.385Z\",\"time_switch\":166917.438},{\"sender\":\"trial_screen\",\"sender_type\":\"canvas.Screen\",\"sender_id\":\"9_34\",\"image1\":\"embedded/a6efbc883a80afb2056f0a95ef60ac01732b326d2b8eff1a9cecdeadbb8f7eb5.JPG\",\"image2\":\"embedded/88dc294a58d5bfaca9948295f005210da004328bfd3ee9edde391b416fec4ccc.JPG\",\"image3\":\"embedded/0da96c12da09175a1f304fefdbb2b58db3a5d31832db91b55d9df085c22b522b.JPG\",\"image4\":\"embedded/af4983855ca0eee3c4597312e8dbdb31c0634fc8e2d76cca8bea3bb3f000f2aa.JPG\",\"image5\":\"embedded/cf3b5dde76db99b8d622619353a1efea005b2becce381a05f9f4766ea931d573.JPG\",\"image6\":\"embedded/ab5704661fd9d4a222b52811b936754dd9b58bf70ff14e2fa159cff762ca6937.JPG\",\"correct\":true,\"trial_ID\":35,\"response\":\"3\",\"response_action\":\"keypress(3)\",\"correctResponse\":\"3\",\"ended_on\":\"response\",\"duration\":2824.7620000029856,\"time_run\":166902.29999999702,\"time_render\":166900.819,\"time_show\":166917.438,\"time_end\":169742.20000000298,\"time_commit\":169743.89999999106,\"timestamp\":\"2022-03-28T16:09:05.365Z\",\"time_switch\":169914.399},{\"sender\":\"trial_screen\",\"sender_type\":\"canvas.Screen\",\"sender_id\":\"9_35\",\"image1\":\"embedded/6cd7fd4c88197c0e8d6ef6f80f1d474bf24b7fd4595bf66cffa2d90c876ade57.JPG\",\"image2\":\"embedded/dee132616825b44745a8e6c3ec65c5e8001de6f91f16b47ff31a84f135b61543.JPG\",\"image3\":\"embedded/d4b97d5fb1ffb4931940968e0fba83f28f98e4101fb45673be82cd0dcc15ddc2.JPG\",\"image4\":\"embedded/9a3caa74163504f19ac5c8f2fb9fc7f291fff7be924c98672b6cfc50c4a8f94b.JPG\",\"image5\":\"embedded/a84389f319add93e781490bf669ec787d527ed0f8b922c4690f0a1bbc6f5313d.JPG\",\"image6\":\"embedded/fa3785e61b064bb104bb3b5e99ce52a40f9e2ae9c45c2fa12bb63b452f99804c.JPG\",\"correct\":true,\"trial_ID\":36,\"response\":\"4\",\"response_action\":\"keypress(4)\",\"correctResponse\":\"4\",\"ended_on\":\"response\",\"duration\":2330.100999999995,\"time_run\":169898.89999999106,\"time_render\":169897.731,\"time_show\":169914.399,\"time_end\":172244.5,\"time_commit\":172280.09999999404,\"timestamp\":\"2022-03-28T16:09:07.900Z\",\"time_switch\":172395.126},{\"sender\":\"trial_screen\",\"sender_type\":\"canvas.Screen\",\"sender_id\":\"9_36\",\"image1\":\"embedded/a6c887c0a1744c12773538e6b9333410703f7219de26349da953d433661008b8.JPG\",\"image2\":\"embedded/1f84c67447069815fc667f4424a14f5234f138a8b69c5d1b83aeb23b5bc8cd94.JPG\",\"image3\":\"embedded/e39ce6f1382ef54792cada784ec2b54667256b959b6f6b78a4176e1687026f09.JPG\",\"image4\":\"embedded/aa63e56b98112e996b8a5bd319927d35f1583922fbb349deab96034ee49fcb0a.JPG\",\"image5\":\"embedded/9b7d023c0acbfc9e721fa9a9b6068885f6e0fd68d698d3788516aceb8b51e16e.JPG\",\"image6\":\"embedded/01c3dc146e147a3722f9c85e5ffadb653d0bd43efff0a4f0779d30179e3f8c4a.JPG\",\"correct\":true,\"trial_ID\":37,\"response\":\"1\",\"response_action\":\"keypress(1)\",\"correctResponse\":\"1\",\"ended_on\":\"response\",\"duration\":2033.1739999970305,\"time_run\":172379.39999999106,\"time_render\":172378.509,\"time_show\":172395.126,\"time_end\":174428.29999999702,\"time_commit\":174430.09999999404,\"timestamp\":\"2022-03-28T16:09:10.050Z\",\"time_switch\":174759.361},{\"sender\":\"trial_screen\",\"sender_type\":\"canvas.Screen\",\"sender_id\":\"9_37\",\"image1\":\"embedded/7d9c399ec76c5427806100ef60ccc804089ab6a91fed8ec69a28ba0ea32bbca5.JPG\",\"image2\":\"embedded/56e102fdf934db627bc591435ecdb81cc219516721147130d43cbc3f09d98f12.JPG\",\"image3\":\"embedded/77a47ea0c6efcfb9675ecc7840943a19a1e55f1b795d079fb9e4f3b68960b491.JPG\",\"image4\":\"embedded/efac4ec1e34d5fe61a9ec79f762afc6cab82664a1dc93bf2c64b2abe78a7992c.JPG\",\"image5\":\"embedded/83b034eff8c0bb5379dfd658cf8291642bdd24e59a340611eaf7299f88265086.JPG\",\"image6\":\"embedded/1c2ac64e2257cee9e9e9e3d83d07e3579453ee5633f921fbdb047d9d4e8e0b4e.JPG\",\"correct\":false,\"trial_ID\":38,\"response\":\"2\",\"response_action\":\"keypress(2)\",\"correctResponse\":\"4\",\"ended_on\":\"response\",\"duration\":3432.038999991055,\"time_run\":174743.59999999404,\"time_render\":174742.756,\"time_show\":174759.361,\"time_end\":178191.39999999106,\"time_commit\":178193,\"timestamp\":\"2022-03-28T16:09:13.813Z\",\"time_switch\":178372.349},{\"sender\":\"trial_screen\",\"sender_type\":\"canvas.Screen\",\"sender_id\":\"9_38\",\"image1\":\"embedded/f9d8952d77f1b49e3450d59393e806ae95d7fba71d45bc87a8e86f8f45e5f9a2.JPG\",\"image2\":\"embedded/4d396677feb49d61ca1ef71551452b1a3108ed899c59624da2551c7805dc7bb0.JPG\",\"image3\":\"embedded/1de299a381178c368d8c34a2a9aaf0aed93057df0cfd330fe016b195a085472a.JPG\",\"image4\":\"embedded/e08dec845a94a059437d86801cd943d071f7479d91819cf0bf3b7219e3f65c54.JPG\",\"image5\":\"embedded/e3e896e7d5963049a132018c935425652734fe7642b8733de81c0897eeed5f06.JPG\",\"image6\":\"embedded/8a307089f361717cef82513e105b7fee3d1b88e83ceb3267437d358380d8be40.JPG\",\"correct\":true,\"trial_ID\":39,\"response\":\"2\",\"response_action\":\"keypress(2)\",\"correctResponse\":\"2\",\"ended_on\":\"response\",\"duration\":2063.750999994052,\"time_run\":178357.89999999106,\"time_render\":178355.79,\"time_show\":178372.349,\"time_end\":180436.09999999404,\"time_commit\":180437.39999999106,\"timestamp\":\"2022-03-28T16:09:16.058Z\",\"time_switch\":180570.067},{\"sender\":\"trial_screen\",\"sender_type\":\"canvas.Screen\",\"sender_id\":\"9_39\",\"image1\":\"embedded/fe96dac774b8a25481c1c40a25fc7800c36a55331ca145f809d7e465afd76343.JPG\",\"image2\":\"embedded/fe96dac774b8a25481c1c40a25fc7800c36a55331ca145f809d7e465afd76343.JPG\",\"image3\":\"embedded/77a1d250809bb6fbee597acf6286014504ccea24f354595210e725608daa2d5a.JPG\",\"image4\":\"embedded/f6b4252a0962b6d79854362e739ad1b0fe9a0c6577cd0041a8be3bd522b92097.JPG\",\"image5\":\"embedded/d2aa9b3cc8b531f7468cd64ee31c3ad62704c70ab992ba637e1be98207338512.JPG\",\"image6\":\"embedded/c17c9dcc01dd42189b688ede4dcd8212365c9f41f697f6075bd06d724d5b069e.JPG\",\"correct\":true,\"trial_ID\":40,\"response\":\"1\",\"response_action\":\"keypress(1)\",\"correctResponse\":\"1\",\"ended_on\":\"response\",\"duration\":2633.5329999940295,\"time_run\":180555.09999999404,\"time_render\":180553.447,\"time_show\":180570.067,\"time_end\":183203.59999999404,\"time_commit\":183205,\"timestamp\":\"2022-03-28T16:09:18.825Z\",\"time_switch\":183400.504},{\"sender\":\"trial_screen\",\"sender_type\":\"canvas.Screen\",\"sender_id\":\"9_40\",\"image1\":\"embedded/eda26e8a511246548a8175ca26cf4fdb9b9218e15a85e86f970e99746028c0f2.JPG\",\"image2\":\"embedded/9e48d869919ade50a716f949d4157f51976846a556f577094bc94aa738696292.JPG\",\"image3\":\"embedded/9c366f2838b7f396db9db657a338002269636263f44580a0269f61841cb77dd1.JPG\",\"image4\":\"embedded/00442c28fea6e753c600b1e7b7dc784d008e5710d6920713640989668b1c44d6.JPG\",\"image5\":\"embedded/ae40ba27cfd957f9522866077648777b840810a053b673eefe7e3d86da3f2c98.JPG\",\"image6\":\"embedded/1dfa9b34afa9be8af4c716fe20a621afe4d98597e7db00070d410d56777deae1.JPG\",\"correct\":false,\"trial_ID\":41,\"response\":\"2\",\"response_action\":\"keypress(2)\",\"correctResponse\":\"3\",\"ended_on\":\"response\",\"duration\":2505.196000002994,\"time_run\":183385.20000000298,\"time_render\":183383.895,\"time_show\":183400.504,\"time_end\":185905.70000000298,\"time_commit\":185907.79999999702,\"timestamp\":\"2022-03-28T16:09:21.528Z\",\"time_switch\":186180.959},{\"sender\":\"trial_screen\",\"sender_type\":\"canvas.Screen\",\"sender_id\":\"9_41\",\"image1\":\"embedded/3b658429066ce64f711982802a9f15a40ee1ee2deecf033dd0629093ffca432c.JPG\",\"image2\":\"embedded/9d33ed8e9c9af961d68f983621075d456ccd96866a05061c230370cf8e061c9b.JPG\",\"image3\":\"embedded/21fe439c8dd6b8db0a3695f61e8821712214074b9e7b69859ddb5a241ddc2e82.JPG\",\"image4\":\"embedded/be967c65fe719bce1aa40d14e31d06838a70a8f8330badc9ffd8e6b955f900ef.JPG\",\"image5\":\"embedded/8f557c17257dd3fc2f542f066c6df891c6b14289009b0305c3fdfc04b4ff3f8f.JPG\",\"image6\":\"embedded/a0abc47b568fef9cd012712bfc873458886b0106d720b9f2a8da783084d7f147.JPG\",\"correct\":true,\"trial_ID\":42,\"response\":\"5\",\"response_action\":\"keypress(5)\",\"correctResponse\":\"5\",\"ended_on\":\"response\",\"duration\":3521.140999994037,\"time_run\":186166.09999999404,\"time_render\":186164.416,\"time_show\":186180.959,\"time_end\":189702.09999999404,\"time_commit\":189703.59999999404,\"timestamp\":\"2022-03-28T16:09:25.324Z\",\"time_switch\":189843.833},{\"sender\":\"trial_screen\",\"sender_type\":\"canvas.Screen\",\"sender_id\":\"9_42\",\"image1\":\"embedded/ef7d519320c39e00a349b313bd78eda9e90c8a1011bcc78c4444e537ae7f2f92.JPG\",\"image2\":\"embedded/0ae0245371e15c9ace3762ee6587a878201c745ffad340501d6964e74824315f.JPG\",\"image3\":\"embedded/ef7d519320c39e00a349b313bd78eda9e90c8a1011bcc78c4444e537ae7f2f92.JPG\",\"image4\":\"embedded/1d4a5da9de3748636fb56e99f2a12845bd1a66dc6c54c683cceea699af043ade.JPG\",\"image5\":\"embedded/b5dec9b8fe007ad187a589c249da6d2f705b6c965cd51c2ec06f2f4887871445.JPG\",\"image6\":\"embedded/622e9c42b517b05b55a403a07fa66348b56e984378d84319cbfe8632073bf8c3.JPG\",\"correct\":true,\"trial_ID\":43,\"response\":\"2\",\"response_action\":\"keypress(2)\",\"correctResponse\":\"2\",\"ended_on\":\"response\",\"duration\":5691.367000002967,\"time_run\":189828,\"time_render\":189827.21,\"time_show\":189843.833,\"time_end\":195535.20000000298,\"time_commit\":195536.70000000298,\"timestamp\":\"2022-03-28T16:09:31.157Z\",\"time_switch\":195804.299},{\"sender\":\"trial_screen\",\"sender_type\":\"canvas.Screen\",\"sender_id\":\"9_43\",\"image1\":\"embedded/2a52ccd62720bedf20b804648bc631af75f330895dbb6a09fdab0c9ebca896b0.JPG\",\"image2\":\"embedded/eea75bf41e87ab377805d443a528ed4027376b21d1aab00f9285d0d50b3360a2.JPG\",\"image3\":\"embedded/0f7199bc4386d3fe3f38c5c7702a4c0d5cec6624947ea36049b528e7928e0278.JPG\",\"image4\":\"embedded/afb774510b74e2ad8ac56772e620077eda8103b7e09f50ac3dac5154b2e83b86.JPG\",\"image5\":\"embedded/e2fc14e2a006d29c3a4238b2c26df6303cdeed21371aa702668def1a77cda16c.JPG\",\"image6\":\"embedded/f1f0918b32d49aa9c40654c0c0950bf3fb17e5767cb382e9c44363f59ba356b1.JPG\",\"correct\":true,\"trial_ID\":44,\"response\":\"5\",\"response_action\":\"keypress(5)\",\"correctResponse\":\"5\",\"ended_on\":\"response\",\"duration\":2739.5009999970207,\"time_run\":195788.59999999404,\"time_render\":195787.692,\"time_show\":195804.299,\"time_end\":198543.79999999702,\"time_commit\":198545.59999999404,\"timestamp\":\"2022-03-28T16:09:34.166Z\",\"time_switch\":198668.106},{\"sender\":\"trial_screen\",\"sender_type\":\"canvas.Screen\",\"sender_id\":\"9_44\",\"image1\":\"embedded/23424ef9d325b3b1ab1d7323b3174b19c45ed4aaabdbb3a2a2bb2201fe189b7b.JPG\",\"image2\":\"embedded/8d1a57e75d31ccb8d6bff95020477bd249cdbe267b44e4d55c7531dbb203e94d.JPG\",\"image3\":\"embedded/b3400498f41a6cc00512812442c2b1fb2e0fd5f2957d5e13791b8ca347ac19ed.JPG\",\"image4\":\"embedded/9ae0ee3349f18058791cc488716433f92884e9f6a203b344da38e49462b4a817.JPG\",\"image5\":\"embedded/a0826f4981e386c92b576522b21de3f21633f7a907b232fdfe9069123f93e2fe.JPG\",\"image6\":\"embedded/461cd6e2e86a1d93dff402c7eab94f1fba4fc38da2d062403dea83618ba54c69.JPG\",\"correct\":true,\"trial_ID\":45,\"response\":\"1\",\"response_action\":\"keypress(1)\",\"correctResponse\":\"1\",\"ended_on\":\"response\",\"duration\":2795.8940000000002,\"time_run\":198652.39999999106,\"time_render\":198651.464,\"time_show\":198668.106,\"time_end\":201464,\"time_commit\":201465.39999999106,\"timestamp\":\"2022-03-28T16:09:37.086Z\",\"time_switch\":201598.43},{\"sender\":\"trial_screen\",\"sender_type\":\"canvas.Screen\",\"sender_id\":\"9_45\",\"image1\":\"embedded/2502a9f5898e292851c28bea43529bd75c6ae710b95ccb5146d6f12b5e78f328.JPG\",\"image2\":\"embedded/f9cea8b14760b928aa9c09294e44ae43446b4e69543707d44720813bcaad0d41.JPG\",\"image3\":\"embedded/5057bc51dd1a3ffa8cfe8437b90f25672fc57f9470ba4402cfb762d7bb0268c2.JPG\",\"image4\":\"embedded/e6c375c1416374d2ea26606ade713434dc70a334badac64496a34957edf3337f.JPG\",\"image5\":\"embedded/f3d0a28d818094915ef07f2c224b425ff6e5c3f3d417a8cb3a98bd277e00aba8.JPG\",\"image6\":\"embedded/50362e7a289af4e4642436c802c4edc5f71a338f0f33cd802934e0bdc0c00090.JPG\",\"correct\":true,\"trial_ID\":46,\"response\":\"1\",\"response_action\":\"keypress(1)\",\"correctResponse\":\"1\",\"ended_on\":\"response\",\"duration\":2322.1699999940465,\"time_run\":201583.59999999404,\"time_render\":201581.815,\"time_show\":201598.43,\"time_end\":203920.59999999404,\"time_commit\":203921.89999999106,\"timestamp\":\"2022-03-28T16:09:39.542Z\",\"time_switch\":203929.351},{\"sender\":\"loop_trial\",\"sender_type\":\"flow.Loop\",\"sender_id\":\"9\",\"ended_on\":\"completion\",\"duration\":143726.57699999405,\"time_run\":59936.09999999404,\"time_render\":60177.416,\"time_show\":60194.023,\"time_end\":203920.59999999404,\"time_commit\":203926.79999999702,\"timestamp\":\"2022-03-28T16:09:39.547Z\",\"time_switch\":203929.351},{\"sender\":\"end_html\",\"sender_type\":\"html.Screen\",\"sender_id\":\"10\",\"ended_on\":\"timeout\",\"duration\":5993.831999999995,\"time_run\":203927.20000000298,\"time_render\":203912.697,\"time_show\":203929.351,\"time_end\":209906.642,\"time_commit\":209912,\"timestamp\":\"2022-03-28T16:09:45.532Z\",\"time_switch\":209923.183},{\"sender\":\"root\",\"sender_type\":\"flow.Sequence\",\"sender_id\":null,\"ended_on\":\"completion\",\"duration\":208702.051,\"time_run\":1198.0999999940395,\"time_render\":1104.716,\"time_show\":1204.591,\"time_end\":209906.642,\"time_commit\":209913,\"timestamp\":\"2022-03-28T16:09:45.533Z\",\"time_switch\":209923.183}]",
    "metadata": "{\"slice\":0,\"id\":\"e0cb79eb-7cf8-4db3-9d53-e600b303eeda\",\"payload\":\"full\"}",
    "url": "https://exp02.zih.tu-dresden.de/experiments/identical_pictures_task/"
}