{
    "data": "[{\"url\":{},\"meta\":{\"labjs_version\":\"20.1.1\",\"labjs_build\":{\"flavor\":\"production\",\"commit\":\"cd5695f774968f50499757c1423bd95d033ea08e\"},\"location\":\"https://exp02.zih.tu-dresden.de/experiments/raven_task/\",\"userAgent\":\"Mozilla/5.0 (Windows NT 10.0; Win64; x64) AppleWebKit/537.36 (KHTML, like Gecko) Chrome/99.0.4844.74 Safari/537.36 Edg/99.0.1150.52\",\"platform\":\"Win32\",\"language\":\"de\",\"locale\":\"de\",\"timeZone\":\"Europe/Berlin\",\"timezoneOffset\":-120,\"screen_width\":1600,\"screen_height\":900,\"scroll_width\":1760,\"scroll_height\":796,\"window_innerWidth\":1760,\"window_innerHeight\":845,\"devicePixelRatio\":0.8999999761581421},\"sender\":\"welcome\",\"sender_type\":\"canvas.Screen\",\"sender_id\":\"0\",\"ended_on\":\"timeout\",\"duration\":8008.461,\"time_run\":7021.699999988079,\"time_render\":6937.424,\"time_show\":7037.309,\"time_end\":15012.515,\"time_commit\":15020.09999999404,\"timestamp\":\"2022-03-28T16:11:06.152Z\",\"time_switch\":15045.77},{\"sender\":\"instructions\",\"sender_type\":\"html.Page\",\"sender_id\":\"1\",\"response\":\"Space\",\"response_action\":\"keypress(Space)\",\"ended_on\":\"response\",\"duration\":318.62999999105887,\"time_run\":15021.09999999404,\"time_render\":15012.515,\"time_show\":15045.77,\"time_end\":15364.39999999106,\"time_commit\":15368.39999999106,\"timestamp\":\"2022-03-28T16:11:06.500Z\",\"time_switch\":15445.305},{\"sender\":\"example1\",\"sender_type\":\"canvas.Screen\",\"sender_id\":\"2\",\"response\":\"8\",\"response_action\":\"click(0) @8\",\"correctResponse\":\"8\",\"correct\":true,\"ended_on\":\"response\",\"duration\":14108.99499999702,\"time_run\":15368.79999999702,\"time_render\":15362.062,\"time_show\":15445.305,\"time_end\":29554.29999999702,\"time_commit\":29616.19999998808,\"timestamp\":\"2022-03-28T16:11:20.748Z\",\"time_switch\":29747.305},{\"sender\":\"example1_feedback\",\"sender_type\":\"canvas.Screen\",\"sender_id\":\"3\",\"response\":\"space\",\"response_action\":\"keypress(Space)\",\"ended_on\":\"response\",\"duration\":2311.9949999970195,\"time_run\":29715.59999999404,\"time_render\":29714.058,\"time_show\":29747.305,\"time_end\":32059.29999999702,\"time_commit\":32060.79999999702,\"timestamp\":\"2022-03-28T16:11:23.192Z\",\"time_switch\":32111.567},{\"sender\":\"example2\",\"sender_type\":\"canvas.Screen\",\"sender_id\":\"4\",\"response\":\"4\",\"response_action\":\"click(0) @4\",\"correctResponse\":\"4\",\"correct\":true,\"ended_on\":\"response\",\"duration\":8693.33299999106,\"time_run\":32061.19999998808,\"time_render\":32061.503,\"time_show\":32111.567,\"time_end\":40804.89999999106,\"time_commit\":40807.09999999404,\"timestamp\":\"2022-03-28T16:11:31.939Z\",\"time_switch\":40898.824},{\"sender\":\"example2_feedback\",\"sender_type\":\"canvas.Screen\",\"sender_id\":\"5\",\"response\":\"space\",\"response_action\":\"keypress(Space)\",\"ended_on\":\"response\",\"duration\":2692.9759999970192,\"time_run\":40867.79999999702,\"time_render\":40852.583,\"time_show\":40898.824,\"time_end\":43591.79999999702,\"time_commit\":43593.39999999106,\"timestamp\":\"2022-03-28T16:11:34.725Z\",\"time_switch\":43633.034},{\"sender\":\"get ready\",\"sender_type\":\"canvas.Screen\",\"sender_id\":\"6\",\"response\":\"Space\",\"response_action\":\"keypress(Space)\",\"ended_on\":\"response\",\"duration\":6583.86599999106,\"time_run\":43593.69999998808,\"time_render\":43583.117,\"time_show\":43633.034,\"time_end\":50216.89999999106,\"time_commit\":50217.69999998808,\"timestamp\":\"2022-03-28T16:11:41.349Z\",\"time_switch\":50309.514},{\"sender\":\"test01\",\"sender_type\":\"canvas.Screen\",\"sender_id\":\"7_0\",\"response\":\"1\",\"response_action\":\"click(0) @1\",\"correctResponse\":\"7\",\"correct\":false,\"ended_on\":\"response\",\"duration\":21196.685999988076,\"time_run\":50218,\"time_render\":50209.573,\"time_show\":50309.514,\"time_end\":71506.19999998808,\"time_commit\":71507.5,\"timestamp\":\"2022-03-28T16:12:02.639Z\",\"time_switch\":71537.634},{\"sender\":\"test02\",\"sender_type\":\"canvas.Screen\",\"sender_id\":\"7_1\",\"response\":\"5\",\"response_action\":\"click(0) @5\",\"correctResponse\":\"4\",\"correct\":false,\"ended_on\":\"response\",\"duration\":41509.665999997014,\"time_run\":71508.09999999404,\"time_render\":71504.378,\"time_show\":71537.634,\"time_end\":113047.29999999702,\"time_commit\":113049.19999998808,\"timestamp\":\"2022-03-28T16:12:44.181Z\",\"time_switch\":113078.275},{\"sender\":\"test03\",\"sender_type\":\"canvas.Screen\",\"sender_id\":\"7_2\",\"response\":\"5\",\"response_action\":\"click(0) @5\",\"correctResponse\":\"6\",\"correct\":false,\"ended_on\":\"response\",\"duration\":18031.225000000006,\"time_run\":113049.39999999106,\"time_render\":113045.011,\"time_show\":113078.275,\"time_end\":131109.5,\"time_commit\":131111,\"timestamp\":\"2022-03-28T16:13:02.243Z\",\"time_switch\":131143.121},{\"sender\":\"test04\",\"sender_type\":\"canvas.Screen\",\"sender_id\":\"7_3\",\"response\":\"6\",\"response_action\":\"click(0) @6\",\"correctResponse\":\"2\",\"correct\":false,\"ended_on\":\"response\",\"duration\":11227.178999997006,\"time_run\":131111.69999998808,\"time_render\":131109.182,\"time_show\":131143.121,\"time_end\":142370.29999999702,\"time_commit\":142372.09999999404,\"timestamp\":\"2022-03-28T16:13:13.504Z\",\"time_switch\":142398.185},{\"sender\":\"test05\",\"sender_type\":\"canvas.Screen\",\"sender_id\":\"7_4\",\"response\":\"5\",\"response_action\":\"click(0) @5\",\"correctResponse\":\"4\",\"correct\":false,\"ended_on\":\"response\",\"duration\":16068.614999997022,\"time_run\":142372.19999998808,\"time_render\":142364.98,\"time_show\":142398.185,\"time_end\":158466.79999999702,\"time_commit\":158468.5,\"timestamp\":\"2022-03-28T16:13:29.601Z\",\"time_switch\":158498.307},{\"sender\":\"test06\",\"sender_type\":\"canvas.Screen\",\"sender_id\":\"7_5\",\"response\":\"4\",\"response_action\":\"click(0) @4\",\"correctResponse\":\"7\",\"correct\":false,\"ended_on\":\"response\",\"duration\":19759.39299998808,\"time_run\":158468.89999999106,\"time_render\":158465.147,\"time_show\":158498.307,\"time_end\":178257.69999998808,\"time_commit\":178259.09999999404,\"timestamp\":\"2022-03-28T16:13:49.391Z\",\"time_switch\":178278.063},{\"sender\":\"test07\",\"sender_type\":\"canvas.Screen\",\"sender_id\":\"7_6\",\"response\":\"4\",\"response_action\":\"click(0) @4\",\"correctResponse\":\"8\",\"correct\":false,\"ended_on\":\"response\",\"duration\":16453.236999997025,\"time_run\":178259.39999999106,\"time_render\":178244.779,\"time_show\":178278.063,\"time_end\":194731.29999999702,\"time_commit\":194733.29999999702,\"timestamp\":\"2022-03-28T16:14:05.865Z\",\"time_switch\":194761.105},{\"sender\":\"test08\",\"sender_type\":\"canvas.Screen\",\"sender_id\":\"7_7\",\"response\":\"8\",\"response_action\":\"click(0) @8\",\"correctResponse\":\"7\",\"correct\":false,\"ended_on\":\"response\",\"duration\":7574.994999994029,\"time_run\":194733.59999999404,\"time_render\":194727.904,\"time_show\":194761.105,\"time_end\":202336.09999999404,\"time_commit\":202338,\"timestamp\":\"2022-03-28T16:14:13.470Z\",\"time_switch\":202386.591},{\"sender\":\"test09\",\"sender_type\":\"canvas.Screen\",\"sender_id\":\"7_8\",\"response\":\"5\",\"response_action\":\"click(0) @5\",\"correctResponse\":\"5\",\"correct\":true,\"ended_on\":\"response\",\"duration\":25114.608999988093,\"time_run\":202338.19999998808,\"time_render\":202336.796,\"time_show\":202386.591,\"time_end\":227501.19999998808,\"time_commit\":227502.69999998808,\"timestamp\":\"2022-03-28T16:14:38.635Z\",\"time_switch\":227527.462},{\"sender\":\"test10\",\"sender_type\":\"canvas.Screen\",\"sender_id\":\"7_9\",\"response\":\"6\",\"response_action\":\"click(0) @6\",\"correctResponse\":\"5\",\"correct\":false,\"ended_on\":\"response\",\"duration\":38610.83799999702,\"time_run\":227502.89999999106,\"time_render\":227494.21,\"time_show\":227527.462,\"time_end\":266138.299999997,\"time_commit\":266140,\"timestamp\":\"2022-03-28T16:15:17.272Z\",\"time_switch\":266171.122},{\"sender\":\"test11\",\"sender_type\":\"canvas.Screen\",\"sender_id\":\"7_10\",\"response\":\"7\",\"response_action\":\"click(0) @7\",\"correctResponse\":\"4\",\"correct\":false,\"ended_on\":\"response\",\"duration\":10576.277999991085,\"time_run\":266140.299999997,\"time_render\":266137.873,\"time_show\":266171.122,\"time_end\":276747.39999999106,\"time_commit\":276749,\"timestamp\":\"2022-03-28T16:15:27.881Z\",\"time_switch\":276776.924},{\"sender\":\"test12\",\"sender_type\":\"canvas.Screen\",\"sender_id\":\"7_11\",\"response\":\"5\",\"response_action\":\"click(0) @5\",\"correctResponse\":\"1\",\"correct\":false,\"ended_on\":\"response\",\"duration\":29555.67599999404,\"time_run\":276749.299999997,\"time_render\":276743.709,\"time_show\":276776.924,\"time_end\":306332.59999999404,\"time_commit\":306334,\"timestamp\":\"2022-03-28T16:15:57.466Z\",\"time_switch\":306346.552},{\"sender\":\"tests (15min)\",\"sender_type\":\"flow.Sequence\",\"sender_id\":\"7\",\"ended_on\":\"completion\",\"duration\":256023.08599999404,\"time_run\":50217.89999999106,\"time_render\":50209.573,\"time_show\":50309.514,\"time_end\":306332.59999999404,\"time_commit\":306336.39999999106,\"timestamp\":\"2022-03-28T16:15:57.468Z\",\"time_switch\":306346.552},{\"sender\":\"good bye\",\"sender_type\":\"canvas.Screen\",\"sender_id\":\"8\",\"ended_on\":\"timeout\",\"duration\":3996.1169999999693,\"time_run\":306336.59999999404,\"time_render\":306330.022,\"time_show\":306346.552,\"time_end\":310326.018,\"time_commit\":310327.59999999404,\"timestamp\":\"2022-03-28T16:16:01.460Z\",\"time_switch\":310342.669},{\"sender\":\"root\",\"sender_type\":\"flow.Sequence\",\"sender_id\":null,\"ended_on\":\"completion\",\"duration\":303288.709,\"time_run\":7021.5,\"time_render\":6937.424,\"time_show\":7037.309,\"time_end\":310326.018,\"time_commit\":310328.5,\"timestamp\":\"2022-03-28T16:16:01.461Z\",\"time_switch\":310342.669}]",
    "metadata": "{\"slice\":0,\"id\":\"8b366c6c-a3db-4faa-a3a1-a47011c9b1ef\",\"payload\":\"full\"}",
    "url": "https://exp02.zih.tu-dresden.de/experiments/raven_task/"
}