{
    "data": "[{\"url\":{},\"meta\":{\"labjs_version\":\"20.1.1\",\"labjs_build\":{\"flavor\":\"production\",\"commit\":\"cd5695f774968f50499757c1423bd95d033ea08e\"},\"location\":\"https://exp02.zih.tu-dresden.de/experiments/raven_task/\",\"userAgent\":\"Mozilla/5.0 (Windows NT 10.0; Win64; x64; rv:91.0) Gecko/20100101 Firefox/91.0\",\"platform\":\"Win32\",\"language\":\"de\",\"locale\":\"de-DE\",\"timeZone\":\"Europe/Berlin\",\"timezoneOffset\":-120,\"screen_width\":1536,\"screen_height\":864,\"scroll_width\":1536,\"scroll_height\":691,\"window_innerWidth\":1536,\"window_innerHeight\":739,\"devicePixelRatio\":1.25},\"sender\":\"welcome\",\"sender_type\":\"canvas.Screen\",\"sender_id\":\"0\",\"ended_on\":\"timeout\",\"duration\":8008.040000000001,\"time_run\":17246,\"time_render\":17246.04,\"time_show\":17258.94,\"time_end\":25250.3,\"time_commit\":25253,\"timestamp\":\"2021-08-23T20:27:38.849Z\",\"time_switch\":25266.98},{\"sender\":\"instructions\",\"sender_type\":\"html.Page\",\"sender_id\":\"1\",\"\":\"\",\"ended_on\":\"form submission\",\"duration\":24444.02,\"time_run\":25254,\"time_render\":25250.3,\"time_show\":25266.98,\"time_end\":49711,\"time_commit\":49712,\"timestamp\":\"2021-08-23T20:28:03.310Z\",\"time_switch\":49708.02},{\"sender\":\"example1\",\"sender_type\":\"canvas.Screen\",\"sender_id\":\"2\",\"response\":\"8\",\"response_action\":\"click(0) @8\",\"correctResponse\":\"8\",\"correct\":true,\"ended_on\":\"response\",\"duration\":15459.980000000003,\"time_run\":49712,\"time_render\":49706.68,\"time_show\":49708.02,\"time_end\":65168,\"time_commit\":65183,\"timestamp\":\"2021-08-23T20:28:18.780Z\",\"time_switch\":65206.7},{\"sender\":\"example1_feedback\",\"sender_type\":\"canvas.Screen\",\"sender_id\":\"3\",\"response\":\"space\",\"response_action\":\"keypress(Space)\",\"ended_on\":\"response\",\"duration\":3086.300000000003,\"time_run\":65188,\"time_render\":65190.02,\"time_show\":65206.7,\"time_end\":68293,\"time_commit\":68312,\"timestamp\":\"2021-08-23T20:28:21.909Z\",\"time_switch\":68326.48},{\"sender\":\"example2\",\"sender_type\":\"canvas.Screen\",\"sender_id\":\"4\",\"response\":\"4\",\"response_action\":\"click(0) @4\",\"correctResponse\":\"4\",\"correct\":true,\"ended_on\":\"response\",\"duration\":19186.520000000004,\"time_run\":68312,\"time_render\":68312.72,\"time_show\":68326.48,\"time_end\":87513,\"time_commit\":87522,\"timestamp\":\"2021-08-23T20:28:41.120Z\",\"time_switch\":87545.64},{\"sender\":\"example2_feedback\",\"sender_type\":\"canvas.Screen\",\"sender_id\":\"5\",\"response\":\"space\",\"response_action\":\"keypress(Space)\",\"ended_on\":\"response\",\"duration\":1264.3600000000006,\"time_run\":87525,\"time_render\":87529,\"time_show\":87545.64,\"time_end\":88810,\"time_commit\":88816,\"timestamp\":\"2021-08-23T20:28:42.413Z\",\"time_switch\":88816.86},{\"sender\":\"get ready\",\"sender_type\":\"canvas.Screen\",\"sender_id\":\"6\",\"response\":\"Space\",\"response_action\":\"keypress(Space)\",\"ended_on\":\"response\",\"duration\":4539.139999999999,\"time_run\":88816,\"time_render\":88816.64,\"time_show\":88816.86,\"time_end\":93356,\"time_commit\":93368,\"timestamp\":\"2021-08-23T20:28:46.965Z\",\"time_switch\":93369.56},{\"sender\":\"test01\",\"sender_type\":\"canvas.Screen\",\"sender_id\":\"7_0\",\"response\":\"7\",\"response_action\":\"click(0) @7\",\"correctResponse\":\"7\",\"correct\":true,\"ended_on\":\"response\",\"duration\":53079.44,\"time_run\":93369,\"time_render\":93368.88,\"time_show\":93369.56,\"time_end\":146449,\"time_commit\":146466,\"timestamp\":\"2021-08-23T20:29:40.064Z\",\"time_switch\":146471.04},{\"sender\":\"test02\",\"sender_type\":\"canvas.Screen\",\"sender_id\":\"7_1\",\"response\":\"4\",\"response_action\":\"click(0) @4\",\"correctResponse\":\"4\",\"correct\":true,\"ended_on\":\"response\",\"duration\":54838.95999999999,\"time_run\":146466,\"time_render\":146464.88,\"time_show\":146471.04,\"time_end\":201310,\"time_commit\":201325,\"timestamp\":\"2021-08-23T20:30:34.923Z\",\"time_switch\":201325.66},{\"sender\":\"test03\",\"sender_type\":\"canvas.Screen\",\"sender_id\":\"7_2\",\"response\":\"6\",\"response_action\":\"click(0) @6\",\"correctResponse\":\"6\",\"correct\":true,\"ended_on\":\"response\",\"duration\":31545.339999999997,\"time_run\":201326,\"time_render\":201324,\"time_show\":201325.66,\"time_end\":232871,\"time_commit\":232876,\"timestamp\":\"2021-08-23T20:31:06.473Z\",\"time_switch\":232890.4},{\"sender\":\"test04\",\"sender_type\":\"canvas.Screen\",\"sender_id\":\"7_3\",\"response\":\"2\",\"response_action\":\"click(0) @2\",\"correctResponse\":\"2\",\"correct\":true,\"ended_on\":\"response\",\"duration\":81965.6,\"time_run\":232876,\"time_render\":232874.94,\"time_show\":232890.4,\"time_end\":314856,\"time_commit\":314874,\"timestamp\":\"2021-08-23T20:32:28.472Z\",\"time_switch\":314888.8},{\"sender\":\"test05\",\"sender_type\":\"canvas.Screen\",\"sender_id\":\"7_4\",\"response\":\"4\",\"response_action\":\"click(0) @4\",\"correctResponse\":\"4\",\"correct\":true,\"ended_on\":\"response\",\"duration\":86733.20000000001,\"time_run\":314874,\"time_render\":314873.02,\"time_show\":314888.8,\"time_end\":401622,\"time_commit\":401628,\"timestamp\":\"2021-08-23T20:33:55.226Z\",\"time_switch\":401641.84},{\"sender\":\"test06\",\"sender_type\":\"canvas.Screen\",\"sender_id\":\"7_5\",\"response\":\"7\",\"response_action\":\"click(0) @7\",\"correctResponse\":\"7\",\"correct\":true,\"ended_on\":\"response\",\"duration\":59262.159999999974,\"time_run\":401629,\"time_render\":401626.22,\"time_show\":401641.84,\"time_end\":460904,\"time_commit\":460922,\"timestamp\":\"2021-08-23T20:34:54.519Z\",\"time_switch\":460934.24},{\"sender\":\"test07\",\"sender_type\":\"canvas.Screen\",\"sender_id\":\"7_6\",\"response\":\"8\",\"response_action\":\"click(0) @8\",\"correctResponse\":\"8\",\"correct\":true,\"ended_on\":\"response\",\"duration\":44702.76000000001,\"time_run\":460922,\"time_render\":460919.9,\"time_show\":460934.24,\"time_end\":505637,\"time_commit\":505642,\"timestamp\":\"2021-08-23T20:35:39.240Z\",\"time_switch\":505645.42},{\"sender\":\"test08\",\"sender_type\":\"canvas.Screen\",\"sender_id\":\"7_7\",\"response\":\"8\",\"response_action\":\"click(0) @8\",\"correctResponse\":\"7\",\"correct\":false,\"ended_on\":\"response\",\"duration\":66960.58000000002,\"time_run\":505642,\"time_render\":505641.18,\"time_show\":505645.42,\"time_end\":572606,\"time_commit\":572610,\"timestamp\":\"2021-08-23T20:36:46.207Z\",\"time_switch\":572612.08},{\"sender\":\"test09\",\"sender_type\":\"canvas.Screen\",\"sender_id\":\"7_8\",\"response\":\"4\",\"response_action\":\"click(0) @4\",\"correctResponse\":\"5\",\"correct\":false,\"ended_on\":\"response\",\"duration\":129900.92000000004,\"time_run\":572610,\"time_render\":572609.12,\"time_show\":572612.08,\"time_end\":702513,\"time_commit\":702530,\"timestamp\":\"2021-08-23T20:38:56.128Z\",\"time_switch\":702541.58},{\"sender\":\"test10\",\"sender_type\":\"canvas.Screen\",\"sender_id\":\"7_9\",\"response\":\"6\",\"response_action\":\"click(0) @6\",\"correctResponse\":\"5\",\"correct\":false,\"ended_on\":\"response\",\"duration\":134768.42000000004,\"time_run\":702530,\"time_render\":702529.54,\"time_show\":702541.58,\"time_end\":837310,\"time_commit\":837316,\"timestamp\":\"2021-08-23T20:41:10.913Z\",\"time_switch\":837325.78},{\"sender\":\"test11\",\"sender_type\":\"canvas.Screen\",\"sender_id\":\"7_10\",\"response\":\"4\",\"response_action\":\"click(0) @4\",\"correctResponse\":\"4\",\"correct\":true,\"ended_on\":\"response\",\"duration\":138514.21999999997,\"time_run\":837316,\"time_render\":837314.6,\"time_show\":837325.78,\"time_end\":975840,\"time_commit\":975849,\"timestamp\":\"2021-08-23T20:43:29.446Z\",\"time_switch\":975863.66},{\"sender\":\"test12\",\"sender_type\":\"canvas.Screen\",\"sender_id\":\"7_11\",\"ended_on\":\"abort by sequence\",\"duration\":17486.339999999967,\"time_run\":975849,\"time_render\":975847.68,\"time_show\":975863.66,\"time_end\":993350,\"time_commit\":993350,\"timestamp\":\"2021-08-23T20:43:46.947Z\",\"time_switch\":993381.18},{\"sender\":\"tests (15min)\",\"sender_type\":\"flow.Sequence\",\"sender_id\":\"7\",\"ended_on\":\"timeout\",\"duration\":899994.94,\"time_run\":93368,\"time_render\":93368.88,\"time_show\":93369.56,\"time_end\":993347.82,\"time_commit\":993350,\"timestamp\":\"2021-08-23T20:43:46.947Z\",\"time_switch\":993364.5},{\"sender\":\"good bye\",\"sender_type\":\"canvas.Screen\",\"sender_id\":\"8\",\"ended_on\":\"timeout\",\"duration\":4004.0400000000373,\"time_run\":993351,\"time_render\":993347.82,\"time_show\":993364.5,\"time_end\":997351.86,\"time_commit\":997353,\"timestamp\":\"2021-08-23T20:43:50.950Z\",\"time_switch\":997368.54},{\"sender\":\"root\",\"sender_type\":\"flow.Sequence\",\"sender_id\":null,\"ended_on\":\"completion\",\"duration\":980092.92,\"time_run\":17245,\"time_render\":17246.04,\"time_show\":17258.94,\"time_end\":997351.86,\"time_commit\":997354,\"timestamp\":\"2021-08-23T20:43:50.952Z\",\"time_switch\":997368.54}]",
    "metadata": "{\"slice\":0,\"id\":\"4e84cf96-32c8-412d-911a-6a0a48fc8bec\",\"payload\":\"full\"}",
    "url": "https://exp02.zih.tu-dresden.de/experiments/raven_task/"
}