{
    "data": "[{\"url\":{},\"meta\":{\"labjs_version\":\"20.1.1\",\"labjs_build\":{\"flavor\":\"production\",\"commit\":\"cd5695f774968f50499757c1423bd95d033ea08e\"},\"location\":\"https://exp01.zih.tu-dresden.de/experiments/raven_task/\",\"userAgent\":\"Mozilla/5.0 (Windows NT 10.0; Win64; x64; rv:88.0) Gecko/20100101 Firefox/88.0\",\"platform\":\"Win32\",\"language\":\"de\",\"locale\":\"de-DE\",\"timeZone\":\"Europe/Berlin\",\"timezoneOffset\":-120,\"screen_width\":1536,\"screen_height\":864,\"scroll_width\":1536,\"scroll_height\":674,\"window_innerWidth\":1536,\"window_innerHeight\":722,\"devicePixelRatio\":1.25},\"sender\":\"welcome\",\"sender_type\":\"canvas.Screen\",\"sender_id\":\"0\",\"ended_on\":\"timeout\",\"duration\":8003.759999999999,\"time_run\":5044,\"time_render\":5050.14,\"time_show\":5066.8,\"time_end\":13054.04,\"time_commit\":13058,\"timestamp\":\"2021-05-19T12:08:57.429Z\",\"time_switch\":13070.56},{\"sender\":\"instructions\",\"sender_type\":\"html.Page\",\"sender_id\":\"1\",\"response\":\"Space\",\"response_action\":\"keypress(Space)\",\"ended_on\":\"response\",\"duration\":25413.440000000002,\"time_run\":13059,\"time_render\":13054.04,\"time_show\":13070.56,\"time_end\":38484,\"time_commit\":38498,\"timestamp\":\"2021-05-19T12:09:22.870Z\",\"time_switch\":38512.92},{\"sender\":\"example1\",\"sender_type\":\"canvas.Screen\",\"sender_id\":\"2\",\"response\":\"8\",\"response_action\":\"click(0) @8\",\"correctResponse\":\"8\",\"correct\":true,\"ended_on\":\"response\",\"duration\":13361.080000000002,\"time_run\":38499,\"time_render\":38500.38,\"time_show\":38512.92,\"time_end\":51874,\"time_commit\":51882,\"timestamp\":\"2021-05-19T12:09:36.254Z\",\"time_switch\":51924.58},{\"sender\":\"example1_feedback\",\"sender_type\":\"canvas.Screen\",\"sender_id\":\"3\",\"response\":\"space\",\"response_action\":\"keypress(Space)\",\"ended_on\":\"response\",\"duration\":2856.4199999999983,\"time_run\":51895,\"time_render\":51907.94,\"time_show\":51924.58,\"time_end\":54781,\"time_commit\":54793,\"timestamp\":\"2021-05-19T12:09:39.164Z\",\"time_switch\":54803.4},{\"sender\":\"example2\",\"sender_type\":\"canvas.Screen\",\"sender_id\":\"4\",\"response\":\"1\",\"response_action\":\"click(0) @1\",\"correctResponse\":\"4\",\"correct\":false,\"ended_on\":\"response\",\"duration\":4195.5999999999985,\"time_run\":54793,\"time_render\":54793.76,\"time_show\":54803.4,\"time_end\":58999,\"time_commit\":59017,\"timestamp\":\"2021-05-19T12:09:43.389Z\",\"time_switch\":59046.46},{\"sender\":\"example2_feedback\",\"sender_type\":\"canvas.Screen\",\"sender_id\":\"5\",\"response\":\"space\",\"response_action\":\"keypress(Space)\",\"ended_on\":\"response\",\"duration\":8094.540000000001,\"time_run\":59022,\"time_render\":59029.88,\"time_show\":59046.46,\"time_end\":67141,\"time_commit\":67155,\"timestamp\":\"2021-05-19T12:09:51.526Z\",\"time_switch\":67166.68},{\"sender\":\"get ready\",\"sender_type\":\"canvas.Screen\",\"sender_id\":\"6\",\"response\":\"Space\",\"response_action\":\"keypress(Space)\",\"ended_on\":\"response\",\"duration\":5896.320000000007,\"time_run\":67155,\"time_render\":67155.42,\"time_show\":67166.68,\"time_end\":73063,\"time_commit\":73074,\"timestamp\":\"2021-05-19T12:09:57.445Z\",\"time_switch\":73090.6},{\"sender\":\"test01\",\"sender_type\":\"canvas.Screen\",\"sender_id\":\"7_0\",\"response\":\"7\",\"response_action\":\"click(0) @7\",\"correctResponse\":\"7\",\"correct\":true,\"ended_on\":\"response\",\"duration\":20143.399999999994,\"time_run\":73074,\"time_render\":73074.66,\"time_show\":73090.6,\"time_end\":93234,\"time_commit\":93242,\"timestamp\":\"2021-05-19T12:10:17.614Z\",\"time_switch\":93274.62},{\"sender\":\"test02\",\"sender_type\":\"canvas.Screen\",\"sender_id\":\"7_1\",\"response\":\"8\",\"response_action\":\"click(0) @8\",\"correctResponse\":\"4\",\"correct\":false,\"ended_on\":\"response\",\"duration\":27521.380000000005,\"time_run\":93242,\"time_render\":93257.94,\"time_show\":93274.62,\"time_end\":120796,\"time_commit\":120818,\"timestamp\":\"2021-05-19T12:10:45.190Z\",\"time_switch\":120846.82},{\"sender\":\"test03\",\"sender_type\":\"canvas.Screen\",\"sender_id\":\"7_2\",\"response\":\"5\",\"response_action\":\"click(0) @5\",\"correctResponse\":\"6\",\"correct\":false,\"ended_on\":\"response\",\"duration\":29918.179999999993,\"time_run\":120818,\"time_render\":120830.2,\"time_show\":120846.82,\"time_end\":150765,\"time_commit\":150777,\"timestamp\":\"2021-05-19T12:11:15.148Z\",\"time_switch\":150798.66},{\"sender\":\"test04\",\"sender_type\":\"canvas.Screen\",\"sender_id\":\"7_3\",\"response\":\"2\",\"response_action\":\"click(0) @2\",\"correctResponse\":\"2\",\"correct\":true,\"ended_on\":\"response\",\"duration\":22857.339999999997,\"time_run\":150778,\"time_render\":150781.98,\"time_show\":150798.66,\"time_end\":173656,\"time_commit\":173666,\"timestamp\":\"2021-05-19T12:11:38.038Z\",\"time_switch\":173695},{\"sender\":\"test05\",\"sender_type\":\"canvas.Screen\",\"sender_id\":\"7_4\",\"response\":\"5\",\"response_action\":\"click(0) @5\",\"correctResponse\":\"4\",\"correct\":false,\"ended_on\":\"response\",\"duration\":29399,\"time_run\":173666,\"time_render\":173678.9,\"time_show\":173695,\"time_end\":203094,\"time_commit\":203105,\"timestamp\":\"2021-05-19T12:12:07.477Z\",\"time_switch\":203131.18},{\"sender\":\"test06\",\"sender_type\":\"canvas.Screen\",\"sender_id\":\"7_5\",\"response\":\"1\",\"response_action\":\"click(0) @1\",\"correctResponse\":\"7\",\"correct\":false,\"ended_on\":\"response\",\"duration\":30117.820000000007,\"time_run\":203106,\"time_render\":203114.72,\"time_show\":203131.18,\"time_end\":233249,\"time_commit\":233274,\"timestamp\":\"2021-05-19T12:12:37.645Z\",\"time_switch\":233298.96},{\"sender\":\"test07\",\"sender_type\":\"canvas.Screen\",\"sender_id\":\"7_6\",\"response\":\"4\",\"response_action\":\"click(0) @4\",\"correctResponse\":\"8\",\"correct\":false,\"ended_on\":\"response\",\"duration\":32200.040000000008,\"time_run\":233274,\"time_render\":233282.4,\"time_show\":233298.96,\"time_end\":265499,\"time_commit\":265513,\"timestamp\":\"2021-05-19T12:13:09.884Z\",\"time_switch\":265530.34},{\"sender\":\"test08\",\"sender_type\":\"canvas.Screen\",\"sender_id\":\"7_7\",\"response\":\"7\",\"response_action\":\"click(0) @7\",\"correctResponse\":\"7\",\"correct\":true,\"ended_on\":\"response\",\"duration\":17453.659999999974,\"time_run\":265513,\"time_render\":265513.68,\"time_show\":265530.34,\"time_end\":282984,\"time_commit\":283001,\"timestamp\":\"2021-05-19T12:13:27.373Z\",\"time_switch\":283018.82},{\"sender\":\"test09\",\"sender_type\":\"canvas.Screen\",\"sender_id\":\"7_8\",\"response\":\"3\",\"response_action\":\"click(0) @3\",\"correctResponse\":\"5\",\"correct\":false,\"ended_on\":\"response\",\"duration\":37387.17999999999,\"time_run\":283002,\"time_render\":283002.14,\"time_show\":283018.82,\"time_end\":320406,\"time_commit\":320432,\"timestamp\":\"2021-05-19T12:14:04.804Z\",\"time_switch\":320458.5},{\"sender\":\"test10\",\"sender_type\":\"canvas.Screen\",\"sender_id\":\"7_9\",\"response\":\"5\",\"response_action\":\"click(0) @5\",\"correctResponse\":\"5\",\"correct\":true,\"ended_on\":\"response\",\"duration\":40275.5,\"time_run\":320433,\"time_render\":320441.84,\"time_show\":320458.5,\"time_end\":360734,\"time_commit\":360754,\"timestamp\":\"2021-05-19T12:14:45.126Z\",\"time_switch\":360776.82},{\"sender\":\"test11\",\"sender_type\":\"canvas.Screen\",\"sender_id\":\"7_10\",\"response\":\"3\",\"response_action\":\"click(0) @3\",\"correctResponse\":\"4\",\"correct\":false,\"ended_on\":\"response\",\"duration\":52114.17999999999,\"time_run\":360754,\"time_render\":360760.26,\"time_show\":360776.82,\"time_end\":412891,\"time_commit\":412905,\"timestamp\":\"2021-05-19T12:15:37.277Z\",\"time_switch\":412926.1},{\"sender\":\"test12\",\"sender_type\":\"canvas.Screen\",\"sender_id\":\"7_11\",\"response\":\"5\",\"response_action\":\"click(0) @5\",\"correctResponse\":\"1\",\"correct\":false,\"ended_on\":\"response\",\"duration\":24244.900000000023,\"time_run\":412905,\"time_render\":412909.56,\"time_show\":412926.1,\"time_end\":437171,\"time_commit\":437186,\"timestamp\":\"2021-05-19T12:16:01.556Z\",\"time_switch\":437203.6},{\"sender\":\"tests (15min)\",\"sender_type\":\"flow.Sequence\",\"sender_id\":\"7\",\"ended_on\":\"completion\",\"duration\":364080.4,\"time_run\":73074,\"time_render\":73074.66,\"time_show\":73090.6,\"time_end\":437171,\"time_commit\":437186,\"timestamp\":\"2021-05-19T12:16:01.558Z\",\"time_switch\":437203.6},{\"sender\":\"good bye\",\"sender_type\":\"canvas.Screen\",\"sender_id\":\"8\",\"ended_on\":\"timeout\",\"duration\":3993.6199999999953,\"time_run\":437186,\"time_render\":437187.08,\"time_show\":437203.6,\"time_end\":441180.58,\"time_commit\":441181,\"timestamp\":\"2021-05-19T12:16:05.553Z\",\"time_switch\":441197.22},{\"sender\":\"root\",\"sender_type\":\"flow.Sequence\",\"sender_id\":null,\"ended_on\":\"completion\",\"duration\":436113.78,\"time_run\":5044,\"time_render\":5050.14,\"time_show\":5066.8,\"time_end\":441180.58,\"time_commit\":441181,\"timestamp\":\"2021-05-19T12:16:05.553Z\",\"time_switch\":441197.22}]",
    "metadata": "{\"slice\":0,\"id\":\"2814e783-09c5-4abb-8481-d36068fc3ab7\",\"payload\":\"full\"}",
    "url": "https://exp01.zih.tu-dresden.de/experiments/raven_task/"
}