{
    "data": "[{\"url\":{},\"meta\":{\"labjs_version\":\"20.1.1\",\"labjs_build\":{\"flavor\":\"production\",\"commit\":\"cd5695f774968f50499757c1423bd95d033ea08e\"},\"location\":\"https://exp01.zih.tu-dresden.de/experiments/spot_a_word_task/\",\"userAgent\":\"Mozilla/5.0 (Windows NT 10.0; Win64; x64) AppleWebKit/537.36 (KHTML, like Gecko) Chrome/98.0.4758.102 Safari/537.36\",\"platform\":\"Win32\",\"language\":\"de-DE\",\"locale\":\"de\",\"timeZone\":\"Europe/Berlin\",\"timezoneOffset\":-60,\"screen_width\":1536,\"screen_height\":864,\"scroll_width\":1526,\"scroll_height\":650,\"window_innerWidth\":1526,\"window_innerHeight\":698,\"devicePixelRatio\":1.25},\"sender\":\"start_html\",\"sender_type\":\"html.Screen\",\"sender_id\":\"0\",\"ended_on\":\"timeout\",\"duration\":6002.313,\"time_run\":997.8000000007451,\"time_render\":1003.677,\"time_show\":1020.438,\"time_end\":7006.317,\"time_commit\":7012.5,\"timestamp\":\"2022-03-06T18:25:33.096Z\",\"time_switch\":7022.751},{\"sender\":\"manual_html\",\"sender_type\":\"html.Screen\",\"sender_id\":\"1\",\"response\":\"space\",\"response_action\":\"keypress(Space)\",\"ended_on\":\"response\",\"duration\":117808.64900000037,\"time_run\":7013.300000000745,\"time_render\":7006.317,\"time_show\":7022.751,\"time_end\":124831.40000000037,\"time_commit\":124837.40000000037,\"timestamp\":\"2022-03-06T18:27:30.921Z\",\"time_switch\":124850.935},{\"sender\":\"example1_screen\",\"sender_type\":\"canvas.Screen\",\"sender_id\":\"2\",\"response\":\"4\",\"response_action\":\"keypress(4)\",\"correctResponse\":\"4\",\"correct\":true,\"ended_on\":\"response\",\"duration\":3651.465000000375,\"time_run\":124839.30000000075,\"time_render\":124834.282,\"time_show\":124850.935,\"time_end\":128502.40000000037,\"time_commit\":128503.70000000112,\"timestamp\":\"2022-03-06T18:27:34.587Z\",\"time_switch\":128518.929},{\"sender\":\"example1_feedback\",\"sender_type\":\"canvas.Screen\",\"sender_id\":\"3\",\"response\":\"Space\",\"response_action\":\"keypress(Space)\",\"ended_on\":\"response\",\"duration\":2352.6710000014864,\"time_run\":128509.10000000149,\"time_render\":128502.353,\"time_show\":128518.929,\"time_end\":130871.60000000149,\"time_commit\":130872.80000000075,\"timestamp\":\"2022-03-06T18:27:36.956Z\",\"time_switch\":130903.365},{\"sender\":\"example2_screen\",\"sender_type\":\"canvas.Screen\",\"sender_id\":\"4\",\"response\":\"5\",\"response_action\":\"keypress(5)\",\"correctResponse\":\"5\",\"correct\":true,\"ended_on\":\"response\",\"duration\":3614.43500000074,\"time_run\":130878.10000000149,\"time_render\":130886.686,\"time_show\":130903.365,\"time_end\":134517.80000000075,\"time_commit\":134518.6000000015,\"timestamp\":\"2022-03-06T18:27:40.602Z\",\"time_switch\":134538.064},{\"sender\":\"example2_feedback\",\"sender_type\":\"canvas.Screen\",\"sender_id\":\"5\",\"response\":\"Space\",\"response_action\":\"keypress(Space)\",\"ended_on\":\"response\",\"duration\":1155.435999999987,\"time_run\":134519.70000000112,\"time_render\":134521.336,\"time_show\":134538.064,\"time_end\":135693.5,\"time_commit\":135694,\"timestamp\":\"2022-03-06T18:27:41.778Z\",\"time_switch\":135721.669},{\"sender\":\"example3_screen\",\"sender_type\":\"canvas.Screen\",\"sender_id\":\"6\",\"response\":\"1\",\"response_action\":\"keypress(1)\",\"correctResponse\":\"1\",\"correct\":true,\"ended_on\":\"response\",\"duration\":3141.031000001123,\"time_run\":135695.30000000075,\"time_render\":135704.968,\"time_show\":135721.669,\"time_end\":138862.70000000112,\"time_commit\":138863.70000000112,\"timestamp\":\"2022-03-06T18:27:44.947Z\",\"time_switch\":138889.73},{\"sender\":\"example3_feedback\",\"sender_type\":\"canvas.Screen\",\"sender_id\":\"7\",\"response\":\"Space\",\"response_action\":\"keypress(Space)\",\"ended_on\":\"response\",\"duration\":1667.8700000014796,\"time_run\":138867.90000000037,\"time_render\":138873.16,\"time_show\":138889.73,\"time_end\":140557.6000000015,\"time_commit\":140558.6000000015,\"timestamp\":\"2022-03-06T18:27:46.642Z\",\"time_switch\":140590.372},{\"sender\":\"get_ready_html\",\"sender_type\":\"html.Screen\",\"sender_id\":\"8\",\"response\":\"space\",\"response_action\":\"keypress(Space)\",\"ended_on\":\"response\",\"duration\":5998.228000001487,\"time_run\":140558.70000000112,\"time_render\":140573.693,\"time_show\":140590.372,\"time_end\":146588.6000000015,\"time_commit\":146588.90000000037,\"timestamp\":\"2022-03-06T18:27:52.673Z\",\"time_switch\":146609.178},{\"sender\":\"trial_screen\",\"sender_type\":\"canvas.Screen\",\"sender_id\":\"9_0\",\"correct\":true,\"trial_ID\":1,\"word1\":\"siziol\",\"word2\":\"salzahl\",\"word3\":\"sozihl\",\"word4\":\"sziam\",\"word5\":\"sozial\",\"response\":\"5\",\"response_action\":\"keypress(5)\",\"correctResponse\":\"5\",\"ended_on\":\"response\",\"duration\":2429.522000001103,\"time_run\":146608.70000000112,\"time_render\":146592.434,\"time_show\":146609.178,\"time_end\":149038.70000000112,\"time_commit\":149040,\"timestamp\":\"2022-03-06T18:27:55.124Z\",\"time_switch\":149060.332},{\"sender\":\"trial_screen\",\"sender_type\":\"canvas.Screen\",\"sender_id\":\"9_1\",\"correct\":true,\"trial_ID\":2,\"word1\":\"Lamone\",\"word2\":\"Talane\",\"word3\":\"Matrone\",\"word4\":\"Tarone\",\"word5\":\"Malonte\",\"response\":\"3\",\"response_action\":\"keypress(3)\",\"correctResponse\":\"3\",\"ended_on\":\"response\",\"duration\":3443.3680000011227,\"time_run\":149044.6000000015,\"time_render\":149043.452,\"time_show\":149060.332,\"time_end\":152503.70000000112,\"time_commit\":152504.70000000112,\"timestamp\":\"2022-03-06T18:27:58.588Z\",\"time_switch\":152528.254},{\"sender\":\"trial_screen\",\"sender_type\":\"canvas.Screen\",\"sender_id\":\"9_2\",\"correct\":true,\"trial_ID\":3,\"word1\":\"kurinesisch\",\"word2\":\"kulinarisch\",\"word3\":\"kumenisch\",\"word4\":\"kulissarisch\",\"word5\":\"kannastrisch\",\"response\":\"2\",\"response_action\":\"keypress(2)\",\"correctResponse\":\"2\",\"ended_on\":\"response\",\"duration\":3316.2460000000137,\"time_run\":152515.80000000075,\"time_render\":152511.409,\"time_show\":152528.254,\"time_end\":155844.5,\"time_commit\":155845.90000000037,\"timestamp\":\"2022-03-06T18:28:01.929Z\",\"time_switch\":155862.992},{\"sender\":\"trial_screen\",\"sender_type\":\"canvas.Screen\",\"sender_id\":\"9_3\",\"correct\":true,\"trial_ID\":4,\"word1\":\"Tinxur\",\"word2\":\"Kukutur\",\"word3\":\"Fraktan\",\"word4\":\"Tinktur\",\"word5\":\"Rimsuhr\",\"response\":\"4\",\"response_action\":\"keypress(4)\",\"correctResponse\":\"4\",\"ended_on\":\"response\",\"duration\":2062.8080000007467,\"time_run\":155850.30000000075,\"time_render\":155846.076,\"time_show\":155862.992,\"time_end\":157925.80000000075,\"time_commit\":157926.90000000037,\"timestamp\":\"2022-03-06T18:28:04.011Z\",\"time_switch\":157946.784},{\"sender\":\"trial_screen\",\"sender_type\":\"canvas.Screen\",\"sender_id\":\"9_4\",\"correct\":true,\"trial_ID\":5,\"word1\":\"beralen\",\"word2\":\"ger\u00e4ltet\",\"word3\":\"an\u00e4lteren\",\"word4\":\"unt\u00e4ren\",\"word5\":\"verbr\u00e4men\",\"response\":\"5\",\"response_action\":\"keypress(5)\",\"correctResponse\":\"5\",\"ended_on\":\"response\",\"duration\":3244.9160000011034,\"time_run\":157931.70000000112,\"time_render\":157930.203,\"time_show\":157946.784,\"time_end\":161191.70000000112,\"time_commit\":161193,\"timestamp\":\"2022-03-06T18:28:07.277Z\",\"time_switch\":161214.61},{\"sender\":\"trial_screen\",\"sender_type\":\"canvas.Screen\",\"sender_id\":\"9_5\",\"correct\":true,\"trial_ID\":6,\"word1\":\"Rosto\",\"word2\":\"Torso\",\"word3\":\"Soro\",\"word4\":\"Torgos\",\"word5\":\"Tosor\",\"response\":\"2\",\"response_action\":\"keypress(2)\",\"correctResponse\":\"2\",\"ended_on\":\"response\",\"duration\":2704.2900000003865,\"time_run\":161197.20000000112,\"time_render\":161198.097,\"time_show\":161214.61,\"time_end\":163918.90000000037,\"time_commit\":163920.1000000015,\"timestamp\":\"2022-03-06T18:28:10.004Z\",\"time_switch\":163949.27},{\"sender\":\"trial_screen\",\"sender_type\":\"canvas.Screen\",\"sender_id\":\"9_6\",\"correct\":true,\"trial_ID\":7,\"word1\":\"Redor\",\"word2\":\"Radium\",\"word3\":\"Terion\",\"word4\":\"Dramin\",\"word5\":\"Orakium\",\"response\":\"2\",\"response_action\":\"keypress(2)\",\"correctResponse\":\"2\",\"ended_on\":\"response\",\"duration\":1790.3300000015006,\"time_run\":163925,\"time_render\":163932.635,\"time_show\":163949.27,\"time_end\":165739.6000000015,\"time_commit\":165740,\"timestamp\":\"2022-03-06T18:28:11.824Z\",\"time_switch\":165766.64},{\"sender\":\"trial_screen\",\"sender_type\":\"canvas.Screen\",\"sender_id\":\"9_7\",\"correct\":true,\"trial_ID\":8,\"word1\":\"Nale\",\"word2\":\"Sahe\",\"word3\":\"Nase\",\"word4\":\"Nesa\",\"word5\":\"Sehna\",\"response\":\"3\",\"response_action\":\"keypress(3)\",\"correctResponse\":\"3\",\"ended_on\":\"response\",\"duration\":2655.2600000003586,\"time_run\":165741.5,\"time_render\":165749.931,\"time_show\":165766.64,\"time_end\":168421.90000000037,\"time_commit\":168422.90000000037,\"timestamp\":\"2022-03-06T18:28:14.506Z\",\"time_switch\":168451.024},{\"sender\":\"trial_screen\",\"sender_type\":\"canvas.Screen\",\"sender_id\":\"9_8\",\"correct\":true,\"trial_ID\":9,\"word1\":\"Rilkiase\",\"word2\":\"Kilister\",\"word3\":\"Riliker\",\"word4\":\"Klistier\",\"word5\":\"Linkure\",\"response\":\"4\",\"response_action\":\"keypress(4)\",\"correctResponse\":\"4\",\"ended_on\":\"response\",\"duration\":1957.0760000014852,\"time_run\":168426.6000000015,\"time_render\":168434.188,\"time_show\":168451.024,\"time_end\":170408.1000000015,\"time_commit\":170409.1000000015,\"timestamp\":\"2022-03-06T18:28:16.493Z\",\"time_switch\":170435.023},{\"sender\":\"trial_screen\",\"sender_type\":\"canvas.Screen\",\"sender_id\":\"9_9\",\"correct\":true,\"trial_ID\":10,\"word1\":\"kentern\",\"word2\":\"knerte\",\"word3\":\"kanzen\",\"word4\":\"kretern\",\"word5\":\"trekern\",\"response\":\"1\",\"response_action\":\"keypress(1)\",\"correctResponse\":\"1\",\"ended_on\":\"response\",\"duration\":3626.9770000000135,\"time_run\":170413.20000000112,\"time_render\":170418.443,\"time_show\":170435.023,\"time_end\":174062,\"time_commit\":174063.20000000112,\"timestamp\":\"2022-03-06T18:28:20.147Z\",\"time_switch\":174086.423},{\"sender\":\"trial_screen\",\"sender_type\":\"canvas.Screen\",\"sender_id\":\"9_10\",\"correct\":true,\"trial_ID\":11,\"word1\":\"Sorekin\",\"word2\":\"Sarowin\",\"word3\":\"Rosakin\",\"word4\":\"Narosin\",\"word5\":\"Kerosin\",\"response\":\"5\",\"response_action\":\"keypress(5)\",\"correctResponse\":\"5\",\"ended_on\":\"response\",\"duration\":3084.1770000014803,\"time_run\":174066.5,\"time_render\":174069.757,\"time_show\":174086.423,\"time_end\":177170.6000000015,\"time_commit\":177171.20000000112,\"timestamp\":\"2022-03-06T18:28:23.255Z\",\"time_switch\":177187.403},{\"sender\":\"trial_screen\",\"sender_type\":\"canvas.Screen\",\"sender_id\":\"9_11\",\"correct\":true,\"trial_ID\":12,\"word1\":\"Ralke\",\"word2\":\"Korre\",\"word3\":\"Ruckse\",\"word4\":\"Recke\",\"word5\":\"Ulte\",\"response\":\"4\",\"response_action\":\"keypress(4)\",\"correctResponse\":\"4\",\"ended_on\":\"response\",\"duration\":3982.9970000003814,\"time_run\":177172.70000000112,\"time_render\":177170.72,\"time_show\":177187.403,\"time_end\":181170.40000000037,\"time_commit\":181171,\"timestamp\":\"2022-03-06T18:28:27.254Z\",\"time_switch\":181189.171},{\"sender\":\"trial_screen\",\"sender_type\":\"canvas.Screen\",\"sender_id\":\"9_12\",\"correct\":true,\"trial_ID\":13,\"word1\":\"Kapaun\",\"word2\":\"Paukan\",\"word3\":\"Naupack\",\"word4\":\"Aupeck\",\"word5\":\"Ankepran\",\"response\":\"1\",\"response_action\":\"keypress(1)\",\"correctResponse\":\"1\",\"ended_on\":\"response\",\"duration\":5044.0290000011155,\"time_run\":181171.90000000037,\"time_render\":181172.293,\"time_show\":181189.171,\"time_end\":186233.20000000112,\"time_commit\":186233.6000000015,\"timestamp\":\"2022-03-06T18:28:32.317Z\",\"time_switch\":186257.576},{\"sender\":\"trial_screen\",\"sender_type\":\"canvas.Screen\",\"sender_id\":\"9_13\",\"correct\":true,\"trial_ID\":14,\"word1\":\"Dissonanz\",\"word2\":\"Diskrisanz\",\"word3\":\"Distranz\",\"word4\":\"Dinotanz\",\"word5\":\"Sidonenz\",\"response\":\"1\",\"response_action\":\"keypress(1)\",\"correctResponse\":\"1\",\"ended_on\":\"response\",\"duration\":1195.2240000007441,\"time_run\":186234.90000000037,\"time_render\":186240.89,\"time_show\":186257.576,\"time_end\":187452.80000000075,\"time_commit\":187453.70000000112,\"timestamp\":\"2022-03-06T18:28:33.537Z\",\"time_switch\":187474.743},{\"sender\":\"trial_screen\",\"sender_type\":\"canvas.Screen\",\"sender_id\":\"9_14\",\"correct\":true,\"trial_ID\":15,\"word1\":\"Kirse\",\"word2\":\"Sirke\",\"word3\":\"Krise\",\"word4\":\"Krospe\",\"word5\":\"Seris\",\"response\":\"3\",\"response_action\":\"keypress(3)\",\"correctResponse\":\"3\",\"ended_on\":\"response\",\"duration\":2658.3570000015025,\"time_run\":187458.20000000112,\"time_render\":187458.071,\"time_show\":187474.743,\"time_end\":190133.1000000015,\"time_commit\":190134.30000000075,\"timestamp\":\"2022-03-06T18:28:36.218Z\",\"time_switch\":190158.961},{\"sender\":\"trial_screen\",\"sender_type\":\"canvas.Screen\",\"sender_id\":\"9_15\",\"correct\":false,\"trial_ID\":16,\"word1\":\"Tume\",\"word2\":\"Umat\",\"word3\":\"Maut\",\"word4\":\"Taum\",\"word5\":\"Muta\",\"response\":\"5\",\"response_action\":\"keypress(5)\",\"correctResponse\":\"3\",\"ended_on\":\"response\",\"duration\":5375.13900000148,\"time_run\":190138.20000000112,\"time_render\":190142.555,\"time_show\":190158.961,\"time_end\":195534.1000000015,\"time_commit\":195535.1000000015,\"timestamp\":\"2022-03-06T18:28:41.619Z\",\"time_switch\":195561.332},{\"sender\":\"trial_screen\",\"sender_type\":\"canvas.Screen\",\"sender_id\":\"9_16\",\"correct\":false,\"trial_ID\":17,\"word1\":\"Tuhl\",\"word2\":\"Lar\",\"word3\":\"Lest\",\"word4\":\"Dall\",\"word5\":\"Lid\",\"response\":\"4\",\"response_action\":\"keypress(4)\",\"correctResponse\":\"5\",\"ended_on\":\"response\",\"duration\":4543.46800000075,\"time_run\":195538.80000000075,\"time_render\":195544.619,\"time_show\":195561.332,\"time_end\":200104.80000000075,\"time_commit\":200105.20000000112,\"timestamp\":\"2022-03-06T18:28:46.189Z\",\"time_switch\":200129.718},{\"sender\":\"trial_screen\",\"sender_type\":\"canvas.Screen\",\"sender_id\":\"9_17\",\"correct\":true,\"trial_ID\":18,\"word1\":\"Adept\",\"word2\":\"Padet\",\"word3\":\"Edapt\",\"word4\":\"Epatt\",\"word5\":\"Taped\",\"response\":\"1\",\"response_action\":\"keypress(1)\",\"correctResponse\":\"1\",\"ended_on\":\"response\",\"duration\":4338.082000000752,\"time_run\":200106.1000000015,\"time_render\":200112.775,\"time_show\":200129.718,\"time_end\":204467.80000000075,\"time_commit\":204468.80000000075,\"timestamp\":\"2022-03-06T18:28:50.552Z\",\"time_switch\":204497.999},{\"sender\":\"trial_screen\",\"sender_type\":\"canvas.Screen\",\"sender_id\":\"9_18\",\"correct\":true,\"trial_ID\":19,\"word1\":\"Spirine\",\"word2\":\"Saprin\",\"word3\":\"Parsin\",\"word4\":\"Purin\",\"word5\":\"Asprint\",\"response\":\"4\",\"response_action\":\"keypress(4)\",\"correctResponse\":\"4\",\"ended_on\":\"response\",\"duration\":3298.5009999999893,\"time_run\":204472.70000000112,\"time_render\":204481.473,\"time_show\":204497.999,\"time_end\":207796.5,\"time_commit\":207797.6000000015,\"timestamp\":\"2022-03-06T18:28:53.881Z\",\"time_switch\":207815.899},{\"sender\":\"trial_screen\",\"sender_type\":\"canvas.Screen\",\"sender_id\":\"9_19\",\"correct\":false,\"trial_ID\":20,\"word1\":\"Kulon\",\"word2\":\"Solgun\",\"word3\":\"Koskan\",\"word4\":\"Soran\",\"word5\":\"Klonus\",\"response\":\"4\",\"response_action\":\"keypress(4)\",\"correctResponse\":\"5\",\"ended_on\":\"response\",\"duration\":3212.600999999995,\"time_run\":207798.6000000015,\"time_render\":207799.046,\"time_show\":207815.899,\"time_end\":211028.5,\"time_commit\":211029.6000000015,\"timestamp\":\"2022-03-06T18:28:57.113Z\",\"time_switch\":211050.563},{\"sender\":\"trial_screen\",\"sender_type\":\"canvas.Screen\",\"sender_id\":\"9_20\",\"correct\":true,\"trial_ID\":21,\"word1\":\"Tronke\",\"word2\":\"Nocktherm\",\"word3\":\"Teronk\",\"word4\":\"Komtur\",\"word5\":\"Rocktur\",\"response\":\"4\",\"response_action\":\"keypress(4)\",\"correctResponse\":\"4\",\"ended_on\":\"response\",\"duration\":2356.9370000000054,\"time_run\":211033.20000000112,\"time_render\":211033.732,\"time_show\":211050.563,\"time_end\":213407.5,\"time_commit\":213408.6000000015,\"timestamp\":\"2022-03-06T18:28:59.492Z\",\"time_switch\":213434.721},{\"sender\":\"trial_screen\",\"sender_type\":\"canvas.Screen\",\"sender_id\":\"9_21\",\"correct\":true,\"trial_ID\":22,\"word1\":\"Ripat\",\"word2\":\"Patinatte\",\"word3\":\"Tapir\",\"word4\":\"Apitt\",\"word5\":\"Padir\",\"response\":\"3\",\"response_action\":\"keypress(3)\",\"correctResponse\":\"3\",\"ended_on\":\"response\",\"duration\":2110.679000000382,\"time_run\":213412.40000000037,\"time_render\":213418.07,\"time_show\":213434.721,\"time_end\":215545.40000000037,\"time_commit\":215545.90000000037,\"timestamp\":\"2022-03-06T18:29:01.629Z\",\"time_switch\":215568.877},{\"sender\":\"trial_screen\",\"sender_type\":\"canvas.Screen\",\"sender_id\":\"9_22\",\"correct\":false,\"trial_ID\":23,\"word1\":\"Akifer\",\"word2\":\"Fiaker\",\"word3\":\"Kiaffa\",\"word4\":\"Sariffer\",\"word5\":\"Refisker\",\"response\":\"3\",\"response_action\":\"keypress(3)\",\"correctResponse\":\"2\",\"ended_on\":\"response\",\"duration\":3087.32300000111,\"time_run\":215547.1000000015,\"time_render\":215552.183,\"time_show\":215568.877,\"time_end\":218656.20000000112,\"time_commit\":218657.1000000015,\"timestamp\":\"2022-03-06T18:29:04.741Z\",\"time_switch\":218686.728},{\"sender\":\"trial_screen\",\"sender_type\":\"canvas.Screen\",\"sender_id\":\"9_23\",\"correct\":true,\"trial_ID\":24,\"word1\":\"Kleiber\",\"word2\":\"Beikel\",\"word3\":\"Keibel\",\"word4\":\"Reikler\",\"word5\":\"Biekerl\",\"response\":\"1\",\"response_action\":\"keypress(1)\",\"correctResponse\":\"1\",\"ended_on\":\"response\",\"duration\":1526.5720000007423,\"time_run\":218661.80000000075,\"time_render\":218669.932,\"time_show\":218686.728,\"time_end\":220213.30000000075,\"time_commit\":220213.80000000075,\"timestamp\":\"2022-03-06T18:29:06.297Z\",\"time_switch\":220237.335},{\"sender\":\"trial_screen\",\"sender_type\":\"canvas.Screen\",\"sender_id\":\"9_24\",\"correct\":true,\"trial_ID\":25,\"word1\":\"Ig\u00e4de\",\"word2\":\"D\u00e4gie\",\"word3\":\"\u00c4gide\",\"word4\":\"Dig\u00e4de\",\"word5\":\"Giad\",\"response\":\"3\",\"response_action\":\"keypress(3)\",\"correctResponse\":\"3\",\"ended_on\":\"response\",\"duration\":1881.7650000014983,\"time_run\":220215.6000000015,\"time_render\":220220.451,\"time_show\":220237.335,\"time_end\":222119.1000000015,\"time_commit\":222119.6000000015,\"timestamp\":\"2022-03-06T18:29:08.203Z\",\"time_switch\":222138.048},{\"sender\":\"trial_screen\",\"sender_type\":\"canvas.Screen\",\"sender_id\":\"9_25\",\"correct\":true,\"trial_ID\":26,\"word1\":\"Rixal\",\"word2\":\"Irtax\",\"word3\":\"Rackizie\",\"word4\":\"Matrix\",\"word5\":\"Atrige\",\"response\":\"4\",\"response_action\":\"keypress(4)\",\"correctResponse\":\"4\",\"ended_on\":\"response\",\"duration\":2297.8520000003628,\"time_run\":222120.70000000112,\"time_render\":222121.207,\"time_show\":222138.048,\"time_end\":224435.90000000037,\"time_commit\":224436.90000000037,\"timestamp\":\"2022-03-06T18:29:10.520Z\",\"time_switch\":224455.523},{\"sender\":\"trial_screen\",\"sender_type\":\"canvas.Screen\",\"sender_id\":\"9_26\",\"correct\":false,\"trial_ID\":27,\"word1\":\"Haskisch\",\"word2\":\"Asmisch\",\"word3\":\"Schisma\",\"word4\":\"Rasthmie\",\"word5\":\"Ilschah\",\"response\":\"1\",\"response_action\":\"keypress(1)\",\"correctResponse\":\"3\",\"ended_on\":\"response\",\"duration\":2369.7770000007586,\"time_run\":224440.5,\"time_render\":224438.833,\"time_show\":224455.523,\"time_end\":226825.30000000075,\"time_commit\":226825.90000000037,\"timestamp\":\"2022-03-06T18:29:12.909Z\",\"time_switch\":226856.479},{\"sender\":\"trial_screen\",\"sender_type\":\"canvas.Screen\",\"sender_id\":\"9_27\",\"correct\":true,\"trial_ID\":28,\"word1\":\"Sallose\",\"word2\":\"Lordose\",\"word3\":\"Dormase\",\"word4\":\"Rollase\",\"word5\":\"Ardierole\",\"response\":\"2\",\"response_action\":\"keypress(2)\",\"correctResponse\":\"2\",\"ended_on\":\"response\",\"duration\":2903.4210000003804,\"time_run\":226826.70000000112,\"time_render\":226839.813,\"time_show\":226856.479,\"time_end\":229759.90000000037,\"time_commit\":229761,\"timestamp\":\"2022-03-06T18:29:15.844Z\",\"time_switch\":229790.999},{\"sender\":\"trial_screen\",\"sender_type\":\"canvas.Screen\",\"sender_id\":\"9_28\",\"correct\":true,\"trial_ID\":29,\"word1\":\"Intranotion\",\"word2\":\"Infranatura\",\"word3\":\"Internodium\",\"word4\":\"Indotalie\",\"word5\":\"Indosta\",\"response\":\"3\",\"response_action\":\"keypress(3)\",\"correctResponse\":\"3\",\"ended_on\":\"response\",\"duration\":3018.701000001107,\"time_run\":229764.70000000112,\"time_render\":229774.344,\"time_show\":229790.999,\"time_end\":232809.70000000112,\"time_commit\":232810.1000000015,\"timestamp\":\"2022-03-06T18:29:18.893Z\",\"time_switch\":232842.154},{\"sender\":\"trial_screen\",\"sender_type\":\"canvas.Screen\",\"sender_id\":\"9_29\",\"correct\":false,\"trial_ID\":30,\"word1\":\"Idaste\",\"word2\":\"Dastrix\",\"word3\":\"Astike\",\"word4\":\"Sadile\",\"word5\":\"Kasside\",\"response\":\"4\",\"response_action\":\"keypress(4)\",\"correctResponse\":\"5\",\"ended_on\":\"response\",\"duration\":2709.6460000007355,\"time_run\":232811,\"time_render\":232825.285,\"time_show\":232842.154,\"time_end\":235551.80000000075,\"time_commit\":235552.90000000037,\"timestamp\":\"2022-03-06T18:29:21.636Z\",\"time_switch\":235576.462},{\"sender\":\"trial_screen\",\"sender_type\":\"canvas.Screen\",\"sender_id\":\"9_30\",\"correct\":false,\"trial_ID\":31,\"word1\":\"Libration\",\"word2\":\"Bilation\",\"word3\":\"Arlation\",\"word4\":\"Iberation\",\"word5\":\"Tiradon\",\"response\":\"2\",\"response_action\":\"keypress(2)\",\"correctResponse\":\"1\",\"ended_on\":\"response\",\"duration\":2726.6380000014906,\"time_run\":235556.40000000037,\"time_render\":235559.684,\"time_show\":235576.462,\"time_end\":238303.1000000015,\"time_commit\":238303.90000000037,\"timestamp\":\"2022-03-06T18:29:24.387Z\",\"time_switch\":238327.422},{\"sender\":\"trial_screen\",\"sender_type\":\"canvas.Screen\",\"sender_id\":\"9_31\",\"correct\":false,\"trial_ID\":32,\"word1\":\"Pucker\",\"word2\":\"Keuper\",\"word3\":\"Eucker\",\"word4\":\"Reuspeck\",\"word5\":\"Urkane\",\"response\":\"5\",\"response_action\":\"keypress(5)\",\"correctResponse\":\"2\",\"ended_on\":\"response\",\"duration\":3120.8780000007537,\"time_run\":238307.20000000112,\"time_render\":238310.671,\"time_show\":238327.422,\"time_end\":241448.30000000075,\"time_commit\":241449.40000000037,\"timestamp\":\"2022-03-06T18:29:27.532Z\",\"time_switch\":241478.845},{\"sender\":\"trial_screen\",\"sender_type\":\"canvas.Screen\",\"sender_id\":\"9_32\",\"correct\":true,\"trial_ID\":33,\"word1\":\"Sickaber\",\"word2\":\"Bassiker\",\"word3\":\"Kassiber\",\"word4\":\"Sassiker\",\"word5\":\"Askiber\",\"response\":\"3\",\"response_action\":\"keypress(3)\",\"correctResponse\":\"3\",\"ended_on\":\"response\",\"duration\":1729.8550000011164,\"time_run\":241453.30000000075,\"time_render\":241462.12,\"time_show\":241478.845,\"time_end\":243208.70000000112,\"time_commit\":243209.70000000112,\"timestamp\":\"2022-03-06T18:29:29.293Z\",\"time_switch\":243229.436},{\"sender\":\"trial_screen\",\"sender_type\":\"canvas.Screen\",\"sender_id\":\"9_33\",\"correct\":true,\"trial_ID\":34,\"word1\":\"Alquallon\",\"word2\":\"Lisqualien\",\"word3\":\"Talquallen\",\"word4\":\"Quisquilien\",\"word5\":\"Rielquellen\",\"response\":\"4\",\"response_action\":\"keypress(4)\",\"correctResponse\":\"4\",\"ended_on\":\"response\",\"duration\":2938.864000000758,\"time_run\":243213.40000000037,\"time_render\":243212.637,\"time_show\":243229.436,\"time_end\":246168.30000000075,\"time_commit\":246169.30000000075,\"timestamp\":\"2022-03-06T18:29:32.252Z\",\"time_switch\":246197.278},{\"sender\":\"trial_screen\",\"sender_type\":\"canvas.Screen\",\"sender_id\":\"9_34\",\"correct\":false,\"trial_ID\":35,\"word1\":\"Berkiza\",\"word2\":\"Brekzie\",\"word3\":\"Birakzie\",\"word4\":\"Brikazie\",\"word5\":\"Bakiria\",\"response\":\"1\",\"response_action\":\"keypress(1)\",\"correctResponse\":\"2\",\"ended_on\":\"response\",\"duration\":2868.722000000009,\"time_run\":246172.90000000037,\"time_render\":246180.529,\"time_show\":246197.278,\"time_end\":249066,\"time_commit\":249066.40000000037,\"timestamp\":\"2022-03-06T18:29:35.149Z\",\"time_switch\":249098.115},{\"sender\":\"loop_trial\",\"sender_type\":\"flow.Loop\",\"sender_id\":\"9\",\"ended_on\":\"completion\",\"duration\":102456.82199999999,\"time_run\":146606.80000000075,\"time_render\":146592.434,\"time_show\":146609.178,\"time_end\":249066,\"time_commit\":249068.6000000015,\"timestamp\":\"2022-03-06T18:29:35.152Z\",\"time_switch\":249098.115},{\"sender\":\"end_html\",\"sender_type\":\"html.Screen\",\"sender_id\":\"10\",\"ended_on\":\"timeout\",\"duration\":6002.518000000011,\"time_run\":249068.70000000112,\"time_render\":249081.712,\"time_show\":249098.115,\"time_end\":255083.82,\"time_commit\":255088.90000000037,\"timestamp\":\"2022-03-06T18:29:41.172Z\",\"time_switch\":255100.633},{\"sender\":\"root\",\"sender_type\":\"flow.Sequence\",\"sender_id\":null,\"ended_on\":\"completion\",\"duration\":254063.382,\"time_run\":997.7000000011176,\"time_render\":1003.677,\"time_show\":1020.438,\"time_end\":255083.82,\"time_commit\":255089.6000000015,\"timestamp\":\"2022-03-06T18:29:41.173Z\",\"time_switch\":255100.633}]",
    "metadata": "{\"slice\":0,\"id\":\"d5f2b670-f836-40b1-a3bf-3f067b0b4dc4\",\"payload\":\"full\"}",
    "url": "https://exp01.zih.tu-dresden.de/experiments/spot_a_word_task/"
}