{
    "data": "[{\"url\":{},\"meta\":{\"labjs_version\":\"20.1.1\",\"labjs_build\":{\"flavor\":\"production\",\"commit\":\"cd5695f774968f50499757c1423bd95d033ea08e\"},\"location\":\"https://exp01.zih.tu-dresden.de/experiments/raven_task/\",\"userAgent\":\"Mozilla/5.0 (Windows NT 6.3; Win64; x64) AppleWebKit/537.36 (KHTML, like Gecko) Chrome/90.0.4430.212 Safari/537.36\",\"platform\":\"Win32\",\"language\":\"de-DE\",\"locale\":\"de\",\"timeZone\":\"Europe/Berlin\",\"timezoneOffset\":-120,\"screen_width\":1600,\"screen_height\":900,\"scroll_width\":1600,\"scroll_height\":741,\"window_innerWidth\":1600,\"window_innerHeight\":789,\"devicePixelRatio\":1},\"sender\":\"welcome\",\"sender_type\":\"canvas.Screen\",\"sender_id\":\"0\",\"ended_on\":\"timeout\",\"duration\":8049.209,\"time_run\":1998.3199999987846,\"time_render\":1904.547,\"time_show\":2021.146,\"time_end\":10003.695,\"time_commit\":10012.960000007297,\"timestamp\":\"2021-05-17T09:15:23.957Z\",\"time_switch\":10070.355},{\"sender\":\"instructions\",\"sender_type\":\"html.Page\",\"sender_id\":\"1\",\"response\":\"Space\",\"response_action\":\"keypress(Space)\",\"ended_on\":\"response\",\"duration\":28805.280000003968,\"time_run\":10013.860000006389,\"time_render\":10003.695,\"time_show\":10070.355,\"time_end\":38875.63500000397,\"time_commit\":38882.32499999867,\"timestamp\":\"2021-05-17T09:15:52.826Z\",\"time_switch\":39075.126},{\"sender\":\"example1\",\"sender_type\":\"canvas.Screen\",\"sender_id\":\"2\",\"response\":\"8\",\"response_action\":\"click(0) @8\",\"correctResponse\":\"8\",\"correct\":true,\"ended_on\":\"response\",\"duration\":4666.894000005144,\"time_run\":38883.23000000673,\"time_render\":38875.23,\"time_show\":39075.126,\"time_end\":43742.02000000514,\"time_commit\":43753.020000003744,\"timestamp\":\"2021-05-17T09:15:57.697Z\",\"time_switch\":43839.765},{\"sender\":\"example1_feedback\",\"sender_type\":\"canvas.Screen\",\"sender_id\":\"3\",\"response\":\"space\",\"response_action\":\"keypress(Space)\",\"ended_on\":\"response\",\"duration\":4674.27000000015,\"time_run\":43820.925000007264,\"time_render\":43806.447,\"time_show\":43839.765,\"time_end\":48514.03500000015,\"time_commit\":48515.14000000316,\"timestamp\":\"2021-05-17T09:16:02.459Z\",\"time_switch\":48539.604},{\"sender\":\"example2\",\"sender_type\":\"canvas.Screen\",\"sender_id\":\"4\",\"response\":\"4\",\"response_action\":\"click(0) @4\",\"correctResponse\":\"4\",\"correct\":true,\"ended_on\":\"response\",\"duration\":4362.291000002697,\"time_run\":48515.48499999626,\"time_render\":48506.28,\"time_show\":48539.604,\"time_end\":52901.895000002696,\"time_commit\":52902.60000000126,\"timestamp\":\"2021-05-17T09:16:06.847Z\",\"time_switch\":53021.342},{\"sender\":\"example2_feedback\",\"sender_type\":\"canvas.Screen\",\"sender_id\":\"5\",\"response\":\"space\",\"response_action\":\"keypress(Space)\",\"ended_on\":\"response\",\"duration\":1364.1030000071696,\"time_run\":53012.195000002976,\"time_render\":53004.68,\"time_show\":53021.342,\"time_end\":54385.44500000717,\"time_commit\":54386.75000000512,\"timestamp\":\"2021-05-17T09:16:08.323Z\",\"time_switch\":54420.503},{\"sender\":\"get ready\",\"sender_type\":\"canvas.Screen\",\"sender_id\":\"6\",\"response\":\"Space\",\"response_action\":\"keypress(Space)\",\"ended_on\":\"response\",\"duration\":12220.541999996669,\"time_run\":54387.3600000079,\"time_render\":54387.179,\"time_show\":54420.503,\"time_end\":66641.04499999667,\"time_commit\":66642.0700000017,\"timestamp\":\"2021-05-17T09:16:20.578Z\",\"time_switch\":66683},{\"sender\":\"test01\",\"sender_type\":\"canvas.Screen\",\"sender_id\":\"7_0\",\"response\":\"8\",\"response_action\":\"click(0) @8\",\"correctResponse\":\"7\",\"correct\":false,\"ended_on\":\"response\",\"duration\":9570.985000003013,\"time_run\":66642.57500000531,\"time_render\":66633.02,\"time_show\":66683,\"time_end\":76253.98500000301,\"time_commit\":76254.79500000074,\"timestamp\":\"2021-05-17T09:16:30.191Z\",\"time_switch\":76279.234},{\"sender\":\"test02\",\"sender_type\":\"canvas.Screen\",\"sender_id\":\"7_1\",\"response\":\"8\",\"response_action\":\"click(0) @8\",\"correctResponse\":\"4\",\"correct\":false,\"ended_on\":\"response\",\"duration\":10750.560999994923,\"time_run\":76254.98500000685,\"time_render\":76245.914,\"time_show\":76279.234,\"time_end\":87029.79499999492,\"time_commit\":87030.50999999687,\"timestamp\":\"2021-05-17T09:16:40.966Z\",\"time_switch\":87055.783},{\"sender\":\"test03\",\"sender_type\":\"canvas.Screen\",\"sender_id\":\"7_2\",\"response\":\"6\",\"response_action\":\"click(0) @6\",\"correctResponse\":\"6\",\"correct\":true,\"ended_on\":\"response\",\"duration\":12590.027000001806,\"time_run\":87030.66499999841,\"time_render\":87022.467,\"time_show\":87055.783,\"time_end\":99645.8100000018,\"time_commit\":99646.7100000009,\"timestamp\":\"2021-05-17T09:16:53.583Z\",\"time_switch\":99667.702},{\"sender\":\"test04\",\"sender_type\":\"canvas.Screen\",\"sender_id\":\"7_3\",\"response\":\"8\",\"response_action\":\"click(0) @8\",\"correctResponse\":\"2\",\"correct\":false,\"ended_on\":\"response\",\"duration\":17353.9680000019,\"time_run\":99646.90500000142,\"time_render\":99634.386,\"time_show\":99667.702,\"time_end\":117021.6700000019,\"time_commit\":117022.47500000522,\"timestamp\":\"2021-05-17T09:17:10.967Z\",\"time_switch\":117049.526},{\"sender\":\"test05\",\"sender_type\":\"canvas.Screen\",\"sender_id\":\"7_4\",\"response\":\"8\",\"response_action\":\"click(0) @8\",\"correctResponse\":\"4\",\"correct\":false,\"ended_on\":\"response\",\"duration\":9788.164000000295,\"time_run\":117022.62000000337,\"time_render\":117016.204,\"time_show\":117049.526,\"time_end\":126837.6900000003,\"time_commit\":126838.42500000901,\"timestamp\":\"2021-05-17T09:17:20.783Z\",\"time_switch\":126859.228},{\"sender\":\"test06\",\"sender_type\":\"canvas.Screen\",\"sender_id\":\"7_5\",\"response\":\"8\",\"response_action\":\"click(0) @8\",\"correctResponse\":\"7\",\"correct\":false,\"ended_on\":\"response\",\"duration\":24058.542000000016,\"time_run\":126838.5649999982,\"time_render\":126825.912,\"time_show\":126859.228,\"time_end\":150917.77000000002,\"time_commit\":150918.48999999638,\"timestamp\":\"2021-05-17T09:17:44.863Z\",\"time_switch\":150939.635},{\"sender\":\"test07\",\"sender_type\":\"canvas.Screen\",\"sender_id\":\"7_6\",\"response\":\"4\",\"response_action\":\"click(0) @4\",\"correctResponse\":\"8\",\"correct\":false,\"ended_on\":\"response\",\"duration\":14409.589999998105,\"time_run\":150918.63000000012,\"time_render\":150906.311,\"time_show\":150939.635,\"time_end\":165349.2249999981,\"time_commit\":165350.0550000026,\"timestamp\":\"2021-05-17T09:17:59.295Z\",\"time_switch\":165378.633},{\"sender\":\"test08\",\"sender_type\":\"canvas.Screen\",\"sender_id\":\"7_7\",\"response\":\"8\",\"response_action\":\"click(0) @8\",\"correctResponse\":\"7\",\"correct\":false,\"ended_on\":\"response\",\"duration\":15459.157000005041,\"time_run\":165350.25000000314,\"time_render\":165345.315,\"time_show\":165378.633,\"time_end\":180837.79000000504,\"time_commit\":180838.49999999802,\"timestamp\":\"2021-05-17T09:18:14.783Z\",\"time_switch\":180857.939},{\"sender\":\"test09\",\"sender_type\":\"canvas.Screen\",\"sender_id\":\"7_8\",\"response\":\"3\",\"response_action\":\"click(0) @3\",\"correctResponse\":\"5\",\"correct\":false,\"ended_on\":\"response\",\"duration\":12035.691000005929,\"time_run\":180838.65000000515,\"time_render\":180824.621,\"time_show\":180857.939,\"time_end\":192893.63000000594,\"time_commit\":192894.29999999993,\"timestamp\":\"2021-05-17T09:18:26.839Z\",\"time_switch\":192921.078},{\"sender\":\"test10\",\"sender_type\":\"canvas.Screen\",\"sender_id\":\"7_9\",\"response\":\"2\",\"response_action\":\"click(0) @2\",\"correctResponse\":\"5\",\"correct\":false,\"ended_on\":\"response\",\"duration\":17892.302000006865,\"time_run\":192894.44000000367,\"time_render\":192887.76,\"time_show\":192921.078,\"time_end\":210813.38000000687,\"time_commit\":210814.2200000002,\"timestamp\":\"2021-05-17T09:18:44.759Z\",\"time_switch\":210847.955},{\"sender\":\"test11\",\"sender_type\":\"canvas.Screen\",\"sender_id\":\"7_10\",\"response\":\"7\",\"response_action\":\"click(0) @7\",\"correctResponse\":\"4\",\"correct\":false,\"ended_on\":\"response\",\"duration\":48733.62000000381,\"time_run\":210814.37000000733,\"time_render\":210797.978,\"time_show\":210847.955,\"time_end\":259581.5750000038,\"time_commit\":259582.3650000093,\"timestamp\":\"2021-05-17T09:19:33.527Z\",\"time_switch\":259601.872},{\"sender\":\"test12\",\"sender_type\":\"canvas.Screen\",\"sender_id\":\"7_11\",\"response\":\"3\",\"response_action\":\"click(0) @3\",\"correctResponse\":\"1\",\"correct\":false,\"ended_on\":\"response\",\"duration\":15955.643000007694,\"time_run\":259582.55000000645,\"time_render\":259568.55,\"time_show\":259601.872,\"time_end\":275557.5150000077,\"time_commit\":275558.18000000727,\"timestamp\":\"2021-05-17T09:19:49.502Z\",\"time_switch\":275564.416},{\"sender\":\"tests (15min)\",\"sender_type\":\"flow.Sequence\",\"sender_id\":\"7\",\"ended_on\":\"completion\",\"duration\":208874.5150000077,\"time_run\":66642.42499999818,\"time_render\":66633.02,\"time_show\":66683,\"time_end\":275557.5150000077,\"time_commit\":275560.215000005,\"timestamp\":\"2021-05-17T09:19:49.504Z\",\"time_switch\":275564.416},{\"sender\":\"good bye\",\"sender_type\":\"canvas.Screen\",\"sender_id\":\"8\",\"ended_on\":\"timeout\",\"duration\":3998.0509999999776,\"time_run\":275560.36000000313,\"time_render\":275547.754,\"time_show\":275564.416,\"time_end\":279545.805,\"time_commit\":279547.9750000086,\"timestamp\":\"2021-05-17T09:19:53.492Z\",\"time_switch\":279562.467},{\"sender\":\"root\",\"sender_type\":\"flow.Sequence\",\"sender_id\":null,\"ended_on\":\"completion\",\"duration\":277524.659,\"time_run\":1998.040000005858,\"time_render\":1904.547,\"time_show\":2021.146,\"time_end\":279545.805,\"time_commit\":279549.05000000144,\"timestamp\":\"2021-05-17T09:19:53.493Z\",\"time_switch\":279562.467}]",
    "metadata": "{\"slice\":0,\"id\":\"f0a820ae-70d3-4194-bd19-0a9a0252ae0a\",\"payload\":\"full\"}",
    "url": "https://exp01.zih.tu-dresden.de/experiments/raven_task/"
}