{
    "data": "[{\"url\":{},\"meta\":{\"labjs_version\":\"20.1.1\",\"labjs_build\":{\"flavor\":\"production\",\"commit\":\"cd5695f774968f50499757c1423bd95d033ea08e\"},\"location\":\"https://exp01.zih.tu-dresden.de/experiments/raven_task/\",\"userAgent\":\"Mozilla/5.0 (Windows NT 10.0; Win64; x64) AppleWebKit/537.36 (KHTML, like Gecko) Chrome/91.0.4472.114 Safari/537.36 Edg/91.0.864.54\",\"platform\":\"Win32\",\"language\":\"de\",\"locale\":\"de\",\"timeZone\":\"Europe/Berlin\",\"timezoneOffset\":-120,\"screen_width\":1707,\"screen_height\":960,\"scroll_width\":1707,\"scroll_height\":801,\"window_innerWidth\":1707,\"window_innerHeight\":849,\"devicePixelRatio\":1.5},\"sender\":\"welcome\",\"sender_type\":\"canvas.Screen\",\"sender_id\":\"0\",\"response\":\"anyclick\",\"response_action\":\"click(0)\",\"ended_on\":\"response\",\"duration\":5382.1210000029805,\"time_run\":1438.4000000059605,\"time_render\":1394.206,\"time_show\":1427.579,\"time_end\":6809.70000000298,\"time_commit\":6810.9000000059605,\"timestamp\":\"2021-06-25T15:03:09.389Z\",\"time_switch\":6815.437},{\"sender\":\"instructions\",\"sender_type\":\"html.Page\",\"sender_id\":\"1\",\"response\":\"Space\",\"response_action\":\"keypress(Space)\",\"ended_on\":\"response\",\"duration\":22970.963000005962,\"time_run\":6811.20000000298,\"time_render\":6799.035,\"time_show\":6815.437,\"time_end\":29786.40000000596,\"time_commit\":29791.60000000894,\"timestamp\":\"2021-06-25T15:03:32.369Z\",\"time_switch\":29801.322},{\"sender\":\"example1\",\"sender_type\":\"canvas.Screen\",\"sender_id\":\"2\",\"response\":\"8\",\"response_action\":\"click(0) @8\",\"correctResponse\":\"8\",\"correct\":true,\"ended_on\":\"response\",\"duration\":3424.5780000059603,\"time_run\":29792.40000000596,\"time_render\":29784.715,\"time_show\":29801.322,\"time_end\":33225.90000000596,\"time_commit\":33226.80000001192,\"timestamp\":\"2021-06-25T15:03:35.805Z\",\"time_switch\":33271.128},{\"sender\":\"example1_feedback\",\"sender_type\":\"canvas.Screen\",\"sender_id\":\"3\",\"response\":\"space\",\"response_action\":\"keypress(Space)\",\"ended_on\":\"response\",\"duration\":3619.372000000003,\"time_run\":33258.70000000298,\"time_render\":33254.261,\"time_show\":33271.128,\"time_end\":36890.5,\"time_commit\":36891.60000000894,\"timestamp\":\"2021-06-25T15:03:39.470Z\",\"time_switch\":36907.248},{\"sender\":\"example2\",\"sender_type\":\"canvas.Screen\",\"sender_id\":\"4\",\"response\":\"4\",\"response_action\":\"click(0) @4\",\"correctResponse\":\"4\",\"correct\":true,\"ended_on\":\"response\",\"duration\":7238.652000005961,\"time_run\":36892,\"time_render\":36890.77,\"time_show\":36907.248,\"time_end\":44145.90000000596,\"time_commit\":44146.60000000894,\"timestamp\":\"2021-06-25T15:03:46.724Z\",\"time_switch\":44197.072},{\"sender\":\"example2_feedback\",\"sender_type\":\"canvas.Screen\",\"sender_id\":\"5\",\"response\":\"space\",\"response_action\":\"keypress(Space)\",\"ended_on\":\"response\",\"duration\":2013.4279999999999,\"time_run\":44180.10000000894,\"time_render\":44179.854,\"time_show\":44197.072,\"time_end\":46210.5,\"time_commit\":46211.5,\"timestamp\":\"2021-06-25T15:03:48.789Z\",\"time_switch\":46215.028},{\"sender\":\"get ready\",\"sender_type\":\"canvas.Screen\",\"sender_id\":\"6\",\"response\":\"Space\",\"response_action\":\"keypress(Space)\",\"ended_on\":\"response\",\"duration\":4963.372000005962,\"time_run\":46211.90000000596,\"time_render\":46198.525,\"time_show\":46215.028,\"time_end\":51178.40000000596,\"time_commit\":51179.30000001192,\"timestamp\":\"2021-06-25T15:03:53.758Z\",\"time_switch\":51185.717},{\"sender\":\"test01\",\"sender_type\":\"canvas.Screen\",\"sender_id\":\"7_0\",\"response\":\"8\",\"response_action\":\"click(0) @8\",\"correctResponse\":\"7\",\"correct\":false,\"ended_on\":\"response\",\"duration\":4888.283000000003,\"time_run\":51179.70000000298,\"time_render\":51169.413,\"time_show\":51185.717,\"time_end\":56074,\"time_commit\":56074.80000001192,\"timestamp\":\"2021-06-25T15:03:58.653Z\",\"time_switch\":56090.244},{\"sender\":\"test02\",\"sender_type\":\"canvas.Screen\",\"sender_id\":\"7_1\",\"response\":\"2\",\"response_action\":\"click(0) @2\",\"correctResponse\":\"4\",\"correct\":false,\"ended_on\":\"response\",\"duration\":15103.756000000001,\"time_run\":56074.90000000596,\"time_render\":56073.393,\"time_show\":56090.244,\"time_end\":71194,\"time_commit\":71194.70000000298,\"timestamp\":\"2021-06-25T15:04:13.773Z\",\"time_switch\":71202.359},{\"sender\":\"test03\",\"sender_type\":\"canvas.Screen\",\"sender_id\":\"7_2\",\"response\":\"5\",\"response_action\":\"click(0) @5\",\"correctResponse\":\"6\",\"correct\":false,\"ended_on\":\"response\",\"duration\":6488.541000005964,\"time_run\":71194.70000000298,\"time_render\":71185.959,\"time_show\":71202.359,\"time_end\":77690.90000000596,\"time_commit\":77691.5,\"timestamp\":\"2021-06-25T15:04:20.270Z\",\"time_switch\":77707.81},{\"sender\":\"test04\",\"sender_type\":\"canvas.Screen\",\"sender_id\":\"7_3\",\"response\":\"8\",\"response_action\":\"click(0) @8\",\"correctResponse\":\"2\",\"correct\":false,\"ended_on\":\"response\",\"duration\":9638.090000005963,\"time_run\":77691.70000000298,\"time_render\":77674.744,\"time_show\":77707.81,\"time_end\":87345.90000000596,\"time_commit\":87346.70000000298,\"timestamp\":\"2021-06-25T15:04:29.925Z\",\"time_switch\":87349.184},{\"sender\":\"test05\",\"sender_type\":\"canvas.Screen\",\"sender_id\":\"7_4\",\"response\":\"5\",\"response_action\":\"click(0) @5\",\"correctResponse\":\"4\",\"correct\":false,\"ended_on\":\"response\",\"duration\":7436.716000005967,\"time_run\":87346.80000001192,\"time_render\":87332.765,\"time_show\":87349.184,\"time_end\":94785.90000000596,\"time_commit\":94786.5,\"timestamp\":\"2021-06-25T15:04:37.365Z\",\"time_switch\":94788.705},{\"sender\":\"test06\",\"sender_type\":\"canvas.Screen\",\"sender_id\":\"7_5\",\"response\":\"8\",\"response_action\":\"click(0) @8\",\"correctResponse\":\"7\",\"correct\":false,\"ended_on\":\"response\",\"duration\":5725.195000005959,\"time_run\":94786.5,\"time_render\":94771.999,\"time_show\":94788.705,\"time_end\":100513.90000000596,\"time_commit\":100514.80000001192,\"timestamp\":\"2021-06-25T15:04:43.093Z\",\"time_switch\":100527.047},{\"sender\":\"test07\",\"sender_type\":\"canvas.Screen\",\"sender_id\":\"7_6\",\"response\":\"1\",\"response_action\":\"click(0) @1\",\"correctResponse\":\"8\",\"correct\":false,\"ended_on\":\"response\",\"duration\":9058.853000005955,\"time_run\":100514.80000001192,\"time_render\":100510.409,\"time_show\":100527.047,\"time_end\":109585.90000000596,\"time_commit\":109586.60000000894,\"timestamp\":\"2021-06-25T15:04:52.165Z\",\"time_switch\":109601.426},{\"sender\":\"test08\",\"sender_type\":\"canvas.Screen\",\"sender_id\":\"7_7\",\"response\":\"2\",\"response_action\":\"click(0) @2\",\"correctResponse\":\"7\",\"correct\":false,\"ended_on\":\"response\",\"duration\":4800.374000011914,\"time_run\":109586.70000000298,\"time_render\":109584.49,\"time_show\":109601.426,\"time_end\":114401.80000001192,\"time_commit\":114402.5,\"timestamp\":\"2021-06-25T15:04:56.981Z\",\"time_switch\":114405.057},{\"sender\":\"test09\",\"sender_type\":\"canvas.Screen\",\"sender_id\":\"7_8\",\"response\":\"2\",\"response_action\":\"click(0) @2\",\"correctResponse\":\"5\",\"correct\":false,\"ended_on\":\"response\",\"duration\":44820.943,\"time_run\":114402.70000000298,\"time_render\":114388.618,\"time_show\":114405.057,\"time_end\":159226,\"time_commit\":159226.80000001192,\"timestamp\":\"2021-06-25T15:05:41.805Z\",\"time_switch\":159259.515},{\"sender\":\"test10\",\"sender_type\":\"canvas.Screen\",\"sender_id\":\"7_9\",\"response\":\"4\",\"response_action\":\"click(0) @4\",\"correctResponse\":\"5\",\"correct\":false,\"ended_on\":\"response\",\"duration\":68006.48499999999,\"time_run\":159226.80000001192,\"time_render\":159242.406,\"time_show\":159259.515,\"time_end\":227266,\"time_commit\":227266.60000000894,\"timestamp\":\"2021-06-25T15:06:49.845Z\",\"time_switch\":227282.66},{\"sender\":\"test11\",\"sender_type\":\"canvas.Screen\",\"sender_id\":\"7_10\",\"response\":\"3\",\"response_action\":\"click(0) @3\",\"correctResponse\":\"4\",\"correct\":false,\"ended_on\":\"response\",\"duration\":26831.339999999997,\"time_run\":227266.80000001192,\"time_render\":227266.033,\"time_show\":227282.66,\"time_end\":254114,\"time_commit\":254114.70000000298,\"timestamp\":\"2021-06-25T15:07:16.693Z\",\"time_switch\":254138.114},{\"sender\":\"test12\",\"sender_type\":\"canvas.Screen\",\"sender_id\":\"7_11\",\"response\":\"5\",\"response_action\":\"click(0) @5\",\"correctResponse\":\"1\",\"correct\":false,\"ended_on\":\"response\",\"duration\":50087.78600000596,\"time_run\":254114.80000001192,\"time_render\":254104.822,\"time_show\":254138.114,\"time_end\":304225.90000000596,\"time_commit\":304226.700000003,\"timestamp\":\"2021-06-25T15:08:06.805Z\",\"time_switch\":304229.802},{\"sender\":\"tests (15min)\",\"sender_type\":\"flow.Sequence\",\"sender_id\":\"7\",\"ended_on\":\"completion\",\"duration\":253040.18300000596,\"time_run\":51179.70000000298,\"time_render\":51169.413,\"time_show\":51185.717,\"time_end\":304225.90000000596,\"time_commit\":304228.200000003,\"timestamp\":\"2021-06-25T15:08:06.806Z\",\"time_switch\":304229.802},{\"sender\":\"good bye\",\"sender_type\":\"canvas.Screen\",\"sender_id\":\"8\",\"ended_on\":\"timeout\",\"duration\":4003.7059999999474,\"time_run\":304228.3000000119,\"time_render\":304213.351,\"time_show\":304229.802,\"time_end\":308216.697,\"time_commit\":308218.3000000119,\"timestamp\":\"2021-06-25T15:08:10.797Z\",\"time_switch\":308233.508},{\"sender\":\"root\",\"sender_type\":\"flow.Sequence\",\"sender_id\":null,\"ended_on\":\"completion\",\"duration\":306789.11799999996,\"time_run\":1438.300000011921,\"time_render\":1394.206,\"time_show\":1427.579,\"time_end\":308216.697,\"time_commit\":308219.200000003,\"timestamp\":\"2021-06-25T15:08:10.797Z\",\"time_switch\":308233.508}]",
    "metadata": "{\"slice\":0,\"id\":\"87d97b28-65fa-4eb9-bf1f-2efb5ee804a7\",\"payload\":\"full\"}",
    "url": "https://exp01.zih.tu-dresden.de/experiments/raven_task/"
}