{
    "data": "[{\"url\":{},\"meta\":{\"labjs_version\":\"20.1.1\",\"labjs_build\":{\"flavor\":\"production\",\"commit\":\"cd5695f774968f50499757c1423bd95d033ea08e\"},\"location\":\"https://exp01.zih.tu-dresden.de/experiments/spot_a_word_task/\",\"userAgent\":\"Mozilla/5.0 (Windows NT 10.0; Win64; x64) AppleWebKit/537.36 (KHTML, like Gecko) Chrome/91.0.4472.114 Safari/537.36 Edg/91.0.864.54\",\"platform\":\"Win32\",\"language\":\"de\",\"locale\":\"de\",\"timeZone\":\"Europe/Berlin\",\"timezoneOffset\":-120,\"screen_width\":1707,\"screen_height\":960,\"scroll_width\":1707,\"scroll_height\":801,\"window_innerWidth\":1707,\"window_innerHeight\":849,\"devicePixelRatio\":1.5},\"sender\":\"start_html\",\"sender_type\":\"html.Screen\",\"sender_id\":\"0\",\"ended_on\":\"timeout\",\"duration\":6005.237999999999,\"time_run\":446.59999999403954,\"time_render\":393.453,\"time_show\":443.475,\"time_end\":6432.092,\"time_commit\":6437.29999999702,\"timestamp\":\"2021-06-25T14:55:44.178Z\",\"time_switch\":6448.713},{\"sender\":\"manual_html\",\"sender_type\":\"html.Screen\",\"sender_id\":\"1\",\"response\":\"space\",\"response_action\":\"keypress(Space)\",\"ended_on\":\"response\",\"duration\":34235.58699999702,\"time_run\":6437.29999999702,\"time_render\":6432.092,\"time_show\":6448.713,\"time_end\":40684.29999999702,\"time_commit\":40685.69999998808,\"timestamp\":\"2021-06-25T14:56:18.426Z\",\"time_switch\":40693.889},{\"sender\":\"example1_screen\",\"sender_type\":\"canvas.Screen\",\"sender_id\":\"2\",\"response\":\"4\",\"response_action\":\"keypress(4)\",\"correctResponse\":\"4\",\"correct\":true,\"ended_on\":\"response\",\"duration\":3681.5109999910565,\"time_run\":40687.09999999404,\"time_render\":40676.161,\"time_show\":40693.889,\"time_end\":44375.39999999106,\"time_commit\":44376.69999998808,\"timestamp\":\"2021-06-25T14:56:22.117Z\",\"time_switch\":44396.88},{\"sender\":\"example1_feedback\",\"sender_type\":\"canvas.Screen\",\"sender_id\":\"3\",\"response\":\"Space\",\"response_action\":\"keypress(Space)\",\"ended_on\":\"response\",\"duration\":1338.019999991062,\"time_run\":44380.79999999702,\"time_render\":44380.116,\"time_show\":44396.88,\"time_end\":45734.89999999106,\"time_commit\":45735.39999999106,\"timestamp\":\"2021-06-25T14:56:23.476Z\",\"time_switch\":45748.165},{\"sender\":\"example2_screen\",\"sender_type\":\"canvas.Screen\",\"sender_id\":\"4\",\"response\":\"5\",\"response_action\":\"keypress(5)\",\"correctResponse\":\"5\",\"correct\":true,\"ended_on\":\"response\",\"duration\":2995.2349999910584,\"time_run\":45736.59999999404,\"time_render\":45731.322,\"time_show\":45748.165,\"time_end\":48743.39999999106,\"time_commit\":48744.59999999404,\"timestamp\":\"2021-06-25T14:56:26.485Z\",\"time_switch\":48780.42},{\"sender\":\"example2_feedback\",\"sender_type\":\"canvas.Screen\",\"sender_id\":\"5\",\"response\":\"Space\",\"response_action\":\"keypress(Space)\",\"ended_on\":\"response\",\"duration\":1966.979999991061,\"time_run\":48749.19999998808,\"time_render\":48733.864,\"time_show\":48780.42,\"time_end\":50747.39999999106,\"time_commit\":50748.39999999106,\"timestamp\":\"2021-06-25T14:56:28.489Z\",\"time_switch\":50752.281},{\"sender\":\"example3_screen\",\"sender_type\":\"canvas.Screen\",\"sender_id\":\"6\",\"response\":\"1\",\"response_action\":\"keypress(1)\",\"correctResponse\":\"1\",\"correct\":true,\"ended_on\":\"response\",\"duration\":1455.1189999910566,\"time_run\":50749.39999999106,\"time_render\":50735.591,\"time_show\":50752.281,\"time_end\":52207.39999999106,\"time_commit\":52208.5,\"timestamp\":\"2021-06-25T14:56:29.949Z\",\"time_switch\":52219.995},{\"sender\":\"example3_feedback\",\"sender_type\":\"canvas.Screen\",\"sender_id\":\"7\",\"response\":\"Space\",\"response_action\":\"keypress(Space)\",\"ended_on\":\"response\",\"duration\":2171.304999997017,\"time_run\":52212.79999999702,\"time_render\":52203.563,\"time_show\":52219.995,\"time_end\":54391.29999999702,\"time_commit\":54392.39999999106,\"timestamp\":\"2021-06-25T14:56:32.133Z\",\"time_switch\":54405.108},{\"sender\":\"get_ready_html\",\"sender_type\":\"html.Screen\",\"sender_id\":\"8\",\"response\":\"space\",\"response_action\":\"keypress(Space)\",\"ended_on\":\"response\",\"duration\":8958.19199999702,\"time_run\":54392.69999998808,\"time_render\":54388.662,\"time_show\":54405.108,\"time_end\":63363.29999999702,\"time_commit\":63364.29999999702,\"timestamp\":\"2021-06-25T14:56:41.105Z\",\"time_switch\":63396.314},{\"sender\":\"trial_screen\",\"sender_type\":\"canvas.Screen\",\"sender_id\":\"9_0\",\"correct\":true,\"trial_ID\":1,\"word1\":\"siziol\",\"word2\":\"salzahl\",\"word3\":\"sozihl\",\"word4\":\"sziam\",\"word5\":\"sozial\",\"response\":\"5\",\"response_action\":\"keypress(5)\",\"correctResponse\":\"5\",\"ended_on\":\"response\",\"duration\":1994.9859999970213,\"time_run\":63380,\"time_render\":63379.357,\"time_show\":63396.314,\"time_end\":65391.29999999702,\"time_commit\":65392.5,\"timestamp\":\"2021-06-25T14:56:43.133Z\",\"time_switch\":65427.847},{\"sender\":\"trial_screen\",\"sender_type\":\"canvas.Screen\",\"sender_id\":\"9_1\",\"correct\":true,\"trial_ID\":2,\"word1\":\"Lamone\",\"word2\":\"Talane\",\"word3\":\"Matrone\",\"word4\":\"Tarone\",\"word5\":\"Malonte\",\"response\":\"3\",\"response_action\":\"keypress(3)\",\"correctResponse\":\"3\",\"ended_on\":\"response\",\"duration\":6739.652999999998,\"time_run\":65396.79999999702,\"time_render\":65381.209,\"time_show\":65427.847,\"time_end\":72167.5,\"time_commit\":72168.89999999106,\"timestamp\":\"2021-06-25T14:56:49.910Z\",\"time_switch\":72186.835},{\"sender\":\"trial_screen\",\"sender_type\":\"canvas.Screen\",\"sender_id\":\"9_2\",\"correct\":true,\"trial_ID\":3,\"word1\":\"kurinesisch\",\"word2\":\"kulinarisch\",\"word3\":\"kumenisch\",\"word4\":\"kulissarisch\",\"word5\":\"kannastrisch\",\"response\":\"2\",\"response_action\":\"keypress(2)\",\"correctResponse\":\"2\",\"ended_on\":\"response\",\"duration\":1944.6649999999936,\"time_run\":72173.5,\"time_render\":72169.984,\"time_show\":72186.835,\"time_end\":74131.5,\"time_commit\":74132.59999999404,\"timestamp\":\"2021-06-25T14:56:51.873Z\",\"time_switch\":74162.22},{\"sender\":\"trial_screen\",\"sender_type\":\"canvas.Screen\",\"sender_id\":\"9_3\",\"correct\":true,\"trial_ID\":4,\"word1\":\"Tinxur\",\"word2\":\"Kukutur\",\"word3\":\"Fraktan\",\"word4\":\"Tinktur\",\"word5\":\"Rimsuhr\",\"response\":\"4\",\"response_action\":\"keypress(4)\",\"correctResponse\":\"4\",\"ended_on\":\"response\",\"duration\":3773.179999991058,\"time_run\":74136.69999998808,\"time_render\":74121.643,\"time_show\":74162.22,\"time_end\":77935.39999999106,\"time_commit\":77936.59999999404,\"timestamp\":\"2021-06-25T14:56:55.677Z\",\"time_switch\":77958.363},{\"sender\":\"trial_screen\",\"sender_type\":\"canvas.Screen\",\"sender_id\":\"9_4\",\"correct\":false,\"trial_ID\":5,\"word1\":\"beralen\",\"word2\":\"ger\u00e4ltet\",\"word3\":\"an\u00e4lteren\",\"word4\":\"unt\u00e4ren\",\"word5\":\"verbr\u00e4men\",\"response\":\"2\",\"response_action\":\"keypress(2)\",\"correctResponse\":\"5\",\"ended_on\":\"response\",\"duration\":11588.936999997022,\"time_run\":77940.79999999702,\"time_render\":77924.988,\"time_show\":77958.363,\"time_end\":89547.29999999702,\"time_commit\":89548.39999999106,\"timestamp\":\"2021-06-25T14:57:07.289Z\",\"time_switch\":89576.827},{\"sender\":\"trial_screen\",\"sender_type\":\"canvas.Screen\",\"sender_id\":\"9_5\",\"correct\":true,\"trial_ID\":6,\"word1\":\"Rosto\",\"word2\":\"Torso\",\"word3\":\"Soro\",\"word4\":\"Torgos\",\"word5\":\"Tosor\",\"response\":\"2\",\"response_action\":\"keypress(2)\",\"correctResponse\":\"2\",\"ended_on\":\"response\",\"duration\":4566.472999997015,\"time_run\":89549.59999999404,\"time_render\":89534.058,\"time_show\":89576.827,\"time_end\":94143.29999999702,\"time_commit\":94144.5,\"timestamp\":\"2021-06-25T14:57:11.885Z\",\"time_switch\":94155.004},{\"sender\":\"trial_screen\",\"sender_type\":\"canvas.Screen\",\"sender_id\":\"9_6\",\"correct\":true,\"trial_ID\":7,\"word1\":\"Redor\",\"word2\":\"Radium\",\"word3\":\"Terion\",\"word4\":\"Dramin\",\"word5\":\"Orakium\",\"response\":\"2\",\"response_action\":\"keypress(2)\",\"correctResponse\":\"2\",\"ended_on\":\"response\",\"duration\":3276.1959999880783,\"time_run\":94148.89999999106,\"time_render\":94138.324,\"time_show\":94155.004,\"time_end\":97431.19999998808,\"time_commit\":97432.19999998808,\"timestamp\":\"2021-06-25T14:57:15.173Z\",\"time_switch\":97440.979},{\"sender\":\"trial_screen\",\"sender_type\":\"canvas.Screen\",\"sender_id\":\"9_7\",\"correct\":true,\"trial_ID\":8,\"word1\":\"Nale\",\"word2\":\"Sahe\",\"word3\":\"Nase\",\"word4\":\"Nesa\",\"word5\":\"Sehna\",\"response\":\"3\",\"response_action\":\"keypress(3)\",\"correctResponse\":\"3\",\"ended_on\":\"response\",\"duration\":2970.5209999999934,\"time_run\":97435.89999999106,\"time_render\":97424.477,\"time_show\":97440.979,\"time_end\":100411.5,\"time_commit\":100412.39999999106,\"timestamp\":\"2021-06-25T14:57:18.153Z\",\"time_switch\":100427.184},{\"sender\":\"trial_screen\",\"sender_type\":\"canvas.Screen\",\"sender_id\":\"9_8\",\"correct\":false,\"trial_ID\":9,\"word1\":\"Rilkiase\",\"word2\":\"Kilister\",\"word3\":\"Riliker\",\"word4\":\"Klistier\",\"word5\":\"Linkure\",\"response\":\"2\",\"response_action\":\"keypress(2)\",\"correctResponse\":\"4\",\"ended_on\":\"response\",\"duration\":7364.115999997026,\"time_run\":100413.29999999702,\"time_render\":100410.23,\"time_show\":100427.184,\"time_end\":107791.29999999702,\"time_commit\":107792.29999999702,\"timestamp\":\"2021-06-25T14:57:25.533Z\",\"time_switch\":107799.527},{\"sender\":\"trial_screen\",\"sender_type\":\"canvas.Screen\",\"sender_id\":\"9_9\",\"correct\":true,\"trial_ID\":10,\"word1\":\"kentern\",\"word2\":\"knerte\",\"word3\":\"kanzen\",\"word4\":\"kretern\",\"word5\":\"trekern\",\"response\":\"1\",\"response_action\":\"keypress(1)\",\"correctResponse\":\"1\",\"ended_on\":\"response\",\"duration\":3675.672999988077,\"time_run\":107796,\"time_render\":107782.908,\"time_show\":107799.527,\"time_end\":111475.19999998808,\"time_commit\":111476.29999999702,\"timestamp\":\"2021-06-25T14:57:29.217Z\",\"time_switch\":111486.348},{\"sender\":\"trial_screen\",\"sender_type\":\"canvas.Screen\",\"sender_id\":\"9_10\",\"correct\":true,\"trial_ID\":11,\"word1\":\"Sorekin\",\"word2\":\"Sarowin\",\"word3\":\"Rosakin\",\"word4\":\"Narosin\",\"word5\":\"Kerosin\",\"response\":\"5\",\"response_action\":\"keypress(5)\",\"correctResponse\":\"5\",\"ended_on\":\"response\",\"duration\":4201.152000000002,\"time_run\":111477.5,\"time_render\":111469.353,\"time_show\":111486.348,\"time_end\":115687.5,\"time_commit\":115688.59999999404,\"timestamp\":\"2021-06-25T14:57:33.429Z\",\"time_switch\":115706.439},{\"sender\":\"trial_screen\",\"sender_type\":\"canvas.Screen\",\"sender_id\":\"9_11\",\"correct\":false,\"trial_ID\":12,\"word1\":\"Ralke\",\"word2\":\"Korre\",\"word3\":\"Ruckse\",\"word4\":\"Recke\",\"word5\":\"Ulte\",\"response\":\"5\",\"response_action\":\"keypress(5)\",\"correctResponse\":\"4\",\"ended_on\":\"response\",\"duration\":5628.960999991061,\"time_run\":115692.19999998808,\"time_render\":115689.668,\"time_show\":115706.439,\"time_end\":121335.39999999106,\"time_commit\":121336.59999999404,\"timestamp\":\"2021-06-25T14:57:39.077Z\",\"time_switch\":121344.166},{\"sender\":\"trial_screen\",\"sender_type\":\"canvas.Screen\",\"sender_id\":\"9_12\",\"correct\":false,\"trial_ID\":13,\"word1\":\"Kapaun\",\"word2\":\"Paukan\",\"word3\":\"Naupack\",\"word4\":\"Aupeck\",\"word5\":\"Ankepran\",\"response\":\"4\",\"response_action\":\"keypress(4)\",\"correctResponse\":\"1\",\"ended_on\":\"response\",\"duration\":9067.233999991062,\"time_run\":121340.69999998808,\"time_render\":121327.578,\"time_show\":121344.166,\"time_end\":130411.39999999106,\"time_commit\":130412.39999999106,\"timestamp\":\"2021-06-25T14:57:48.153Z\",\"time_switch\":130443.64},{\"sender\":\"trial_screen\",\"sender_type\":\"canvas.Screen\",\"sender_id\":\"9_13\",\"correct\":true,\"trial_ID\":14,\"word1\":\"Dissonanz\",\"word2\":\"Diskrisanz\",\"word3\":\"Distranz\",\"word4\":\"Dinotanz\",\"word5\":\"Sidonenz\",\"response\":\"1\",\"response_action\":\"keypress(1)\",\"correctResponse\":\"1\",\"ended_on\":\"response\",\"duration\":4123.95999999404,\"time_run\":130417.09999999404,\"time_render\":130401.816,\"time_show\":130443.64,\"time_end\":134567.59999999404,\"time_commit\":134568.59999999404,\"timestamp\":\"2021-06-25T14:57:52.309Z\",\"time_switch\":134588.864},{\"sender\":\"trial_screen\",\"sender_type\":\"canvas.Screen\",\"sender_id\":\"9_14\",\"correct\":true,\"trial_ID\":15,\"word1\":\"Kirse\",\"word2\":\"Sirke\",\"word3\":\"Krise\",\"word4\":\"Krospe\",\"word5\":\"Seris\",\"response\":\"3\",\"response_action\":\"keypress(3)\",\"correctResponse\":\"3\",\"ended_on\":\"response\",\"duration\":3330.6359999999986,\"time_run\":134572.5,\"time_render\":134572.148,\"time_show\":134588.864,\"time_end\":137919.5,\"time_commit\":137920.5,\"timestamp\":\"2021-06-25T14:57:55.661Z\",\"time_switch\":137941.768},{\"sender\":\"trial_screen\",\"sender_type\":\"canvas.Screen\",\"sender_id\":\"9_15\",\"correct\":true,\"trial_ID\":16,\"word1\":\"Tume\",\"word2\":\"Umat\",\"word3\":\"Maut\",\"word4\":\"Taum\",\"word5\":\"Muta\",\"response\":\"3\",\"response_action\":\"keypress(3)\",\"correctResponse\":\"3\",\"ended_on\":\"response\",\"duration\":6853.531999997009,\"time_run\":137923.89999999106,\"time_render\":137908.168,\"time_show\":137941.768,\"time_end\":144795.29999999702,\"time_commit\":144796.5,\"timestamp\":\"2021-06-25T14:58:02.537Z\",\"time_switch\":144813.899},{\"sender\":\"trial_screen\",\"sender_type\":\"canvas.Screen\",\"sender_id\":\"9_16\",\"correct\":true,\"trial_ID\":17,\"word1\":\"Tuhl\",\"word2\":\"Lar\",\"word3\":\"Lest\",\"word4\":\"Dall\",\"word5\":\"Lid\",\"response\":\"5\",\"response_action\":\"keypress(5)\",\"correctResponse\":\"5\",\"ended_on\":\"response\",\"duration\":4905.600999999995,\"time_run\":144800.5,\"time_render\":144796.999,\"time_show\":144813.899,\"time_end\":149719.5,\"time_commit\":149720.59999999404,\"timestamp\":\"2021-06-25T14:58:07.462Z\",\"time_switch\":149734.861},{\"sender\":\"trial_screen\",\"sender_type\":\"canvas.Screen\",\"sender_id\":\"9_17\",\"correct\":true,\"trial_ID\":18,\"word1\":\"Adept\",\"word2\":\"Padet\",\"word3\":\"Edapt\",\"word4\":\"Epatt\",\"word5\":\"Taped\",\"response\":\"1\",\"response_action\":\"keypress(1)\",\"correctResponse\":\"1\",\"ended_on\":\"response\",\"duration\":8604.538999991055,\"time_run\":149724.19999998808,\"time_render\":149718.048,\"time_show\":149734.861,\"time_end\":158339.39999999106,\"time_commit\":158340.5,\"timestamp\":\"2021-06-25T14:58:16.081Z\",\"time_switch\":158358.657},{\"sender\":\"trial_screen\",\"sender_type\":\"canvas.Screen\",\"sender_id\":\"9_18\",\"correct\":false,\"trial_ID\":19,\"word1\":\"Spirine\",\"word2\":\"Saprin\",\"word3\":\"Parsin\",\"word4\":\"Purin\",\"word5\":\"Asprint\",\"response\":\"5\",\"response_action\":\"keypress(5)\",\"correctResponse\":\"4\",\"ended_on\":\"response\",\"duration\":7920.8429999999935,\"time_run\":158344.59999999404,\"time_render\":158341.642,\"time_show\":158358.657,\"time_end\":166279.5,\"time_commit\":166280.5,\"timestamp\":\"2021-06-25T14:58:24.021Z\",\"time_switch\":166298.529},{\"sender\":\"trial_screen\",\"sender_type\":\"canvas.Screen\",\"sender_id\":\"9_19\",\"correct\":false,\"trial_ID\":20,\"word1\":\"Kulon\",\"word2\":\"Solgun\",\"word3\":\"Koskan\",\"word4\":\"Soran\",\"word5\":\"Klonus\",\"response\":\"3\",\"response_action\":\"keypress(3)\",\"correctResponse\":\"5\",\"ended_on\":\"response\",\"duration\":8048.87099999105,\"time_run\":166284.09999999404,\"time_render\":166281.633,\"time_show\":166298.529,\"time_end\":174347.39999999106,\"time_commit\":174348.5,\"timestamp\":\"2021-06-25T14:58:32.090Z\",\"time_switch\":174355.015},{\"sender\":\"trial_screen\",\"sender_type\":\"canvas.Screen\",\"sender_id\":\"9_20\",\"correct\":false,\"trial_ID\":21,\"word1\":\"Tronke\",\"word2\":\"Nocktherm\",\"word3\":\"Teronk\",\"word4\":\"Komtur\",\"word5\":\"Rocktur\",\"response\":\"2\",\"response_action\":\"keypress(2)\",\"correctResponse\":\"4\",\"ended_on\":\"response\",\"duration\":7092.584999994026,\"time_run\":174352.79999999702,\"time_render\":174338.31,\"time_show\":174355.015,\"time_end\":181447.59999999404,\"time_commit\":181448.59999999404,\"timestamp\":\"2021-06-25T14:58:39.190Z\",\"time_switch\":181461.134},{\"sender\":\"trial_screen\",\"sender_type\":\"canvas.Screen\",\"sender_id\":\"9_21\",\"correct\":false,\"trial_ID\":22,\"word1\":\"Ripat\",\"word2\":\"Patinatte\",\"word3\":\"Tapir\",\"word4\":\"Apitt\",\"word5\":\"Padir\",\"response\":\"5\",\"response_action\":\"keypress(5)\",\"correctResponse\":\"3\",\"ended_on\":\"response\",\"duration\":6310.366000000009,\"time_run\":181452.5,\"time_render\":181444.178,\"time_show\":181461.134,\"time_end\":187771.5,\"time_commit\":187772.5,\"timestamp\":\"2021-06-25T14:58:45.514Z\",\"time_switch\":187783.162},{\"sender\":\"trial_screen\",\"sender_type\":\"canvas.Screen\",\"sender_id\":\"9_22\",\"correct\":false,\"trial_ID\":23,\"word1\":\"Akifer\",\"word2\":\"Fiaker\",\"word3\":\"Kiaffa\",\"word4\":\"Sariffer\",\"word5\":\"Refisker\",\"response\":\"5\",\"response_action\":\"keypress(5)\",\"correctResponse\":\"2\",\"ended_on\":\"response\",\"duration\":4744.537999988068,\"time_run\":187773.59999999404,\"time_render\":187766.125,\"time_show\":187783.162,\"time_end\":192527.69999998808,\"time_commit\":192528.69999998808,\"timestamp\":\"2021-06-25T14:58:50.270Z\",\"time_switch\":192537.163},{\"sender\":\"trial_screen\",\"sender_type\":\"canvas.Screen\",\"sender_id\":\"9_23\",\"correct\":false,\"trial_ID\":24,\"word1\":\"Kleiber\",\"word2\":\"Beikel\",\"word3\":\"Keibel\",\"word4\":\"Reikler\",\"word5\":\"Biekerl\",\"response\":\"3\",\"response_action\":\"keypress(3)\",\"correctResponse\":\"1\",\"ended_on\":\"response\",\"duration\":9794.436999994039,\"time_run\":192532.19999998808,\"time_render\":192520.285,\"time_show\":192537.163,\"time_end\":202331.59999999404,\"time_commit\":202332.59999999404,\"timestamp\":\"2021-06-25T14:59:00.074Z\",\"time_switch\":202345.35},{\"sender\":\"trial_screen\",\"sender_type\":\"canvas.Screen\",\"sender_id\":\"9_24\",\"correct\":false,\"trial_ID\":25,\"word1\":\"Ig\u00e4de\",\"word2\":\"D\u00e4gie\",\"word3\":\"\u00c4gide\",\"word4\":\"Dig\u00e4de\",\"word5\":\"Giad\",\"response\":\"4\",\"response_action\":\"keypress(4)\",\"correctResponse\":\"3\",\"ended_on\":\"response\",\"duration\":8454.349999988073,\"time_run\":202336.59999999404,\"time_render\":202328.399,\"time_show\":202345.35,\"time_end\":210799.69999998808,\"time_commit\":210800.69999998808,\"timestamp\":\"2021-06-25T14:59:08.542Z\",\"time_switch\":210819.011},{\"sender\":\"trial_screen\",\"sender_type\":\"canvas.Screen\",\"sender_id\":\"9_25\",\"correct\":true,\"trial_ID\":26,\"word1\":\"Rixal\",\"word2\":\"Irtax\",\"word3\":\"Rackizie\",\"word4\":\"Matrix\",\"word5\":\"Atrige\",\"response\":\"4\",\"response_action\":\"keypress(4)\",\"correctResponse\":\"4\",\"ended_on\":\"response\",\"duration\":3296.3889999910607,\"time_run\":210804.19999998808,\"time_render\":210802.088,\"time_show\":210819.011,\"time_end\":214115.39999999106,\"time_commit\":214116.39999999106,\"timestamp\":\"2021-06-25T14:59:11.858Z\",\"time_switch\":214142.194},{\"sender\":\"trial_screen\",\"sender_type\":\"canvas.Screen\",\"sender_id\":\"9_26\",\"correct\":true,\"trial_ID\":27,\"word1\":\"Haskisch\",\"word2\":\"Asmisch\",\"word3\":\"Schisma\",\"word4\":\"Rasthmie\",\"word5\":\"Ilschah\",\"response\":\"3\",\"response_action\":\"keypress(3)\",\"correctResponse\":\"3\",\"ended_on\":\"response\",\"duration\":12692.605999997031,\"time_run\":214120.39999999106,\"time_render\":214104.83,\"time_show\":214142.194,\"time_end\":226834.79999999702,\"time_commit\":226835.19999998808,\"timestamp\":\"2021-06-25T14:59:24.577Z\",\"time_switch\":226848.907},{\"sender\":\"trial_screen\",\"sender_type\":\"canvas.Screen\",\"sender_id\":\"9_27\",\"correct\":false,\"trial_ID\":28,\"word1\":\"Sallose\",\"word2\":\"Lordose\",\"word3\":\"Dormase\",\"word4\":\"Rollase\",\"word5\":\"Ardierole\",\"response\":\"1\",\"response_action\":\"keypress(1)\",\"correctResponse\":\"2\",\"ended_on\":\"response\",\"duration\":11522.792999988073,\"time_run\":226836,\"time_render\":226831.933,\"time_show\":226848.907,\"time_end\":238371.69999998808,\"time_commit\":238372.69999998808,\"timestamp\":\"2021-06-25T14:59:36.113Z\",\"time_switch\":238392.046},{\"sender\":\"trial_screen\",\"sender_type\":\"canvas.Screen\",\"sender_id\":\"9_28\",\"correct\":true,\"trial_ID\":29,\"word1\":\"Intranotion\",\"word2\":\"Infranatura\",\"word3\":\"Internodium\",\"word4\":\"Indotalie\",\"word5\":\"Indosta\",\"response\":\"3\",\"response_action\":\"keypress(3)\",\"correctResponse\":\"3\",\"ended_on\":\"response\",\"duration\":10099.253999997018,\"time_run\":238376.59999999404,\"time_render\":238374.899,\"time_show\":238392.046,\"time_end\":248491.29999999702,\"time_commit\":248492.39999999106,\"timestamp\":\"2021-06-25T14:59:46.233Z\",\"time_switch\":248500.239},{\"sender\":\"trial_screen\",\"sender_type\":\"canvas.Screen\",\"sender_id\":\"9_29\",\"correct\":false,\"trial_ID\":30,\"word1\":\"Idaste\",\"word2\":\"Dastrix\",\"word3\":\"Astike\",\"word4\":\"Sadile\",\"word5\":\"Kasside\",\"response\":\"2\",\"response_action\":\"keypress(2)\",\"correctResponse\":\"5\",\"ended_on\":\"response\",\"duration\":5707.460999988078,\"time_run\":248493.29999999702,\"time_render\":248483.408,\"time_show\":248500.239,\"time_end\":254207.69999998808,\"time_commit\":254208.59999999404,\"timestamp\":\"2021-06-25T14:59:51.949Z\",\"time_switch\":254221.739},{\"sender\":\"trial_screen\",\"sender_type\":\"canvas.Screen\",\"sender_id\":\"9_30\",\"correct\":true,\"trial_ID\":31,\"word1\":\"Libration\",\"word2\":\"Bilation\",\"word3\":\"Arlation\",\"word4\":\"Iberation\",\"word5\":\"Tiradon\",\"response\":\"1\",\"response_action\":\"keypress(1)\",\"correctResponse\":\"1\",\"ended_on\":\"response\",\"duration\":6181.660999991058,\"time_run\":254212.69999998808,\"time_render\":254204.978,\"time_show\":254221.739,\"time_end\":260403.39999999106,\"time_commit\":260404.39999999106,\"timestamp\":\"2021-06-25T14:59:58.145Z\",\"time_switch\":260410.059},{\"sender\":\"trial_screen\",\"sender_type\":\"canvas.Screen\",\"sender_id\":\"9_31\",\"correct\":false,\"trial_ID\":32,\"word1\":\"Pucker\",\"word2\":\"Keuper\",\"word3\":\"Eucker\",\"word4\":\"Reuspeck\",\"word5\":\"Urkane\",\"response\":\"4\",\"response_action\":\"keypress(4)\",\"correctResponse\":\"2\",\"ended_on\":\"response\",\"duration\":4853.340999991051,\"time_run\":260407.89999999106,\"time_render\":260393.297,\"time_show\":260410.059,\"time_end\":265263.39999999106,\"time_commit\":265264.5,\"timestamp\":\"2021-06-25T15:00:03.005Z\",\"time_switch\":265280.744},{\"sender\":\"trial_screen\",\"sender_type\":\"canvas.Screen\",\"sender_id\":\"9_32\",\"correct\":false,\"trial_ID\":33,\"word1\":\"Sickaber\",\"word2\":\"Bassiker\",\"word3\":\"Kassiber\",\"word4\":\"Sassiker\",\"word5\":\"Askiber\",\"response\":\"1\",\"response_action\":\"keypress(1)\",\"correctResponse\":\"3\",\"ended_on\":\"response\",\"duration\":6019.555999997014,\"time_run\":265268.6999999881,\"time_render\":265263.964,\"time_show\":265280.744,\"time_end\":271300.299999997,\"time_commit\":271301.299999997,\"timestamp\":\"2021-06-25T15:00:09.042Z\",\"time_switch\":271319.277},{\"sender\":\"trial_screen\",\"sender_type\":\"canvas.Screen\",\"sender_id\":\"9_33\",\"correct\":false,\"trial_ID\":34,\"word1\":\"Alquallon\",\"word2\":\"Lisqualien\",\"word3\":\"Talquallen\",\"word4\":\"Quisquilien\",\"word5\":\"Rielquellen\",\"response\":\"3\",\"response_action\":\"keypress(3)\",\"correctResponse\":\"4\",\"ended_on\":\"response\",\"duration\":8048.222999999998,\"time_run\":271305.39999999106,\"time_render\":271302.156,\"time_show\":271319.277,\"time_end\":279367.5,\"time_commit\":279368.6999999881,\"timestamp\":\"2021-06-25T15:00:17.109Z\",\"time_switch\":279375.795},{\"sender\":\"trial_screen\",\"sender_type\":\"canvas.Screen\",\"sender_id\":\"9_34\",\"correct\":false,\"trial_ID\":35,\"word1\":\"Berkiza\",\"word2\":\"Brekzie\",\"word3\":\"Birakzie\",\"word4\":\"Brikazie\",\"word5\":\"Bakiria\",\"response\":\"3\",\"response_action\":\"keypress(3)\",\"correctResponse\":\"2\",\"ended_on\":\"response\",\"duration\":5051.705000000016,\"time_run\":279372.6999999881,\"time_render\":279359.067,\"time_show\":279375.795,\"time_end\":284427.5,\"time_commit\":284428.5,\"timestamp\":\"2021-06-25T15:00:22.169Z\",\"time_switch\":284447.032},{\"sender\":\"loop_trial\",\"sender_type\":\"flow.Loop\",\"sender_id\":\"9\",\"ended_on\":\"completion\",\"duration\":221031.186,\"time_run\":63378.79999999702,\"time_render\":63379.357,\"time_show\":63396.314,\"time_end\":284427.5,\"time_commit\":284429.6999999881,\"timestamp\":\"2021-06-25T15:00:22.170Z\",\"time_switch\":284447.032},{\"sender\":\"end_html\",\"sender_type\":\"html.Screen\",\"sender_id\":\"10\",\"ended_on\":\"timeout\",\"duration\":6004.821999999986,\"time_run\":284429.799999997,\"time_render\":284413.577,\"time_show\":284447.032,\"time_end\":290435.414,\"time_commit\":290440.09999999404,\"timestamp\":\"2021-06-25T15:00:28.181Z\",\"time_switch\":290451.854},{\"sender\":\"root\",\"sender_type\":\"flow.Sequence\",\"sender_id\":null,\"ended_on\":\"completion\",\"duration\":289991.939,\"time_run\":446.5,\"time_render\":393.453,\"time_show\":443.475,\"time_end\":290435.414,\"time_commit\":290440.89999999106,\"timestamp\":\"2021-06-25T15:00:28.182Z\",\"time_switch\":290451.854}]",
    "metadata": "{\"slice\":0,\"id\":\"202047a6-de3e-4c0d-b45d-82fd0d24cb75\",\"payload\":\"full\"}",
    "url": "https://exp01.zih.tu-dresden.de/experiments/spot_a_word_task/"
}