{
    "data": "[{\"url\":{},\"meta\":{\"labjs_version\":\"20.1.1\",\"labjs_build\":{\"flavor\":\"production\",\"commit\":\"cd5695f774968f50499757c1423bd95d033ea08e\"},\"location\":\"https://exp01.zih.tu-dresden.de/experiments/raven_task/\",\"userAgent\":\"Mozilla/5.0 (Windows NT 10.0; Win64; x64; rv:88.0) Gecko/20100101 Firefox/88.0\",\"platform\":\"Win32\",\"language\":\"de\",\"locale\":\"de-DE\",\"timeZone\":\"Europe/Berlin\",\"timezoneOffset\":-120,\"screen_width\":1920,\"screen_height\":1080,\"scroll_width\":1920,\"scroll_height\":890,\"window_innerWidth\":1920,\"window_innerHeight\":938,\"devicePixelRatio\":1},\"sender\":\"welcome\",\"sender_type\":\"canvas.Screen\",\"sender_id\":\"0\",\"ended_on\":\"timeout\",\"duration\":8000.080000000002,\"time_run\":83870,\"time_render\":83885.24,\"time_show\":83901.9,\"time_end\":91885.32,\"time_commit\":91892,\"timestamp\":\"2021-05-02T12:46:36.708Z\",\"time_switch\":91901.98},{\"sender\":\"instructions\",\"sender_type\":\"html.Page\",\"sender_id\":\"1\",\"response\":\"Space\",\"response_action\":\"keypress(Space)\",\"ended_on\":\"response\",\"duration\":28842.020000000004,\"time_run\":91895,\"time_render\":91885.32,\"time_show\":91901.98,\"time_end\":120744,\"time_commit\":120764,\"timestamp\":\"2021-05-02T12:47:05.580Z\",\"time_switch\":120801.98},{\"sender\":\"example1\",\"sender_type\":\"canvas.Screen\",\"sender_id\":\"2\",\"response\":\"8\",\"response_action\":\"click(0) @8\",\"correctResponse\":\"8\",\"correct\":true,\"ended_on\":\"response\",\"duration\":9896.020000000004,\"time_run\":120767,\"time_render\":120768.66,\"time_show\":120801.98,\"time_end\":130698,\"time_commit\":130762,\"timestamp\":\"2021-05-02T12:47:15.578Z\",\"time_switch\":130801.88},{\"sender\":\"example1_feedback\",\"sender_type\":\"canvas.Screen\",\"sender_id\":\"3\",\"response\":\"space\",\"response_action\":\"keypress(Space)\",\"ended_on\":\"response\",\"duration\":4740.119999999995,\"time_run\":130776,\"time_render\":130785.22,\"time_show\":130801.88,\"time_end\":135542,\"time_commit\":135556,\"timestamp\":\"2021-05-02T12:47:20.373Z\",\"time_switch\":135601.98},{\"sender\":\"example2\",\"sender_type\":\"canvas.Screen\",\"sender_id\":\"4\",\"response\":\"4\",\"response_action\":\"click(0) @4\",\"correctResponse\":\"4\",\"correct\":true,\"ended_on\":\"response\",\"duration\":7939.0199999999895,\"time_run\":135557,\"time_render\":135558.12,\"time_show\":135601.98,\"time_end\":143541,\"time_commit\":143571,\"timestamp\":\"2021-05-02T12:47:28.387Z\",\"time_switch\":143968.54},{\"sender\":\"example2_feedback\",\"sender_type\":\"canvas.Screen\",\"sender_id\":\"5\",\"response\":\"space\",\"response_action\":\"keypress(Space)\",\"ended_on\":\"response\",\"duration\":4275.459999999992,\"time_run\":143916,\"time_render\":143918.54,\"time_show\":143968.54,\"time_end\":148244,\"time_commit\":148262,\"timestamp\":\"2021-05-02T12:47:33.079Z\",\"time_switch\":148301.94},{\"sender\":\"get ready\",\"sender_type\":\"canvas.Screen\",\"sender_id\":\"6\",\"response\":\"Space\",\"response_action\":\"keypress(Space)\",\"ended_on\":\"response\",\"duration\":6209.059999999998,\"time_run\":148262,\"time_render\":148263.44,\"time_show\":148301.94,\"time_end\":154511,\"time_commit\":154534,\"timestamp\":\"2021-05-02T12:47:39.351Z\",\"time_switch\":154568.62},{\"sender\":\"test01\",\"sender_type\":\"canvas.Screen\",\"sender_id\":\"7_0\",\"response\":\"7\",\"response_action\":\"click(0) @7\",\"correctResponse\":\"7\",\"correct\":true,\"ended_on\":\"response\",\"duration\":18379.380000000005,\"time_run\":154536,\"time_render\":154535.66,\"time_show\":154568.62,\"time_end\":172948,\"time_commit\":172967,\"timestamp\":\"2021-05-02T12:47:57.784Z\",\"time_switch\":173001.88},{\"sender\":\"test02\",\"sender_type\":\"canvas.Screen\",\"sender_id\":\"7_1\",\"response\":\"4\",\"response_action\":\"click(0) @4\",\"correctResponse\":\"4\",\"correct\":true,\"ended_on\":\"response\",\"duration\":21821.119999999995,\"time_run\":172969,\"time_render\":172968.66,\"time_show\":173001.88,\"time_end\":194823,\"time_commit\":194830,\"timestamp\":\"2021-05-02T12:48:19.646Z\",\"time_switch\":194868.58},{\"sender\":\"test03\",\"sender_type\":\"canvas.Screen\",\"sender_id\":\"7_2\",\"response\":\"6\",\"response_action\":\"click(0) @6\",\"correctResponse\":\"6\",\"correct\":true,\"ended_on\":\"response\",\"duration\":29142.420000000013,\"time_run\":194831,\"time_render\":194835.52,\"time_show\":194868.58,\"time_end\":224011,\"time_commit\":224019,\"timestamp\":\"2021-05-02T12:48:48.834Z\",\"time_switch\":224051.94},{\"sender\":\"test04\",\"sender_type\":\"canvas.Screen\",\"sender_id\":\"7_3\",\"response\":\"2\",\"response_action\":\"click(0) @2\",\"correctResponse\":\"2\",\"correct\":true,\"ended_on\":\"response\",\"duration\":46489.06,\"time_run\":224020,\"time_render\":224018.6,\"time_show\":224051.94,\"time_end\":270541,\"time_commit\":270556,\"timestamp\":\"2021-05-02T12:49:35.373Z\",\"time_switch\":270601.88},{\"sender\":\"test05\",\"sender_type\":\"canvas.Screen\",\"sender_id\":\"7_4\",\"response\":\"4\",\"response_action\":\"click(0) @4\",\"correctResponse\":\"4\",\"correct\":true,\"ended_on\":\"response\",\"duration\":31486.119999999995,\"time_run\":270557,\"time_render\":270568.56,\"time_show\":270601.88,\"time_end\":302088,\"time_commit\":302112,\"timestamp\":\"2021-05-02T12:50:06.929Z\",\"time_switch\":302151.86},{\"sender\":\"test06\",\"sender_type\":\"canvas.Screen\",\"sender_id\":\"7_5\",\"response\":\"7\",\"response_action\":\"click(0) @7\",\"correctResponse\":\"7\",\"correct\":true,\"ended_on\":\"response\",\"duration\":52092.140000000014,\"time_run\":302116,\"time_render\":302118.64,\"time_show\":302151.86,\"time_end\":354244,\"time_commit\":354256,\"timestamp\":\"2021-05-02T12:50:59.074Z\",\"time_switch\":354301.88},{\"sender\":\"test07\",\"sender_type\":\"canvas.Screen\",\"sender_id\":\"7_6\",\"response\":\"8\",\"response_action\":\"click(0) @8\",\"correctResponse\":\"8\",\"correct\":true,\"ended_on\":\"response\",\"duration\":44223.119999999995,\"time_run\":354259,\"time_render\":354268.54,\"time_show\":354301.88,\"time_end\":398525,\"time_commit\":398541,\"timestamp\":\"2021-05-02T12:51:43.358Z\",\"time_switch\":398585.18},{\"sender\":\"test08\",\"sender_type\":\"canvas.Screen\",\"sender_id\":\"7_7\",\"response\":\"7\",\"response_action\":\"click(0) @7\",\"correctResponse\":\"7\",\"correct\":true,\"ended_on\":\"response\",\"duration\":53580.82000000001,\"time_run\":398541,\"time_render\":398552.08,\"time_show\":398585.18,\"time_end\":452166,\"time_commit\":452180,\"timestamp\":\"2021-05-02T12:52:36.997Z\",\"time_switch\":452218.54},{\"sender\":\"test09\",\"sender_type\":\"canvas.Screen\",\"sender_id\":\"7_8\",\"response\":\"3\",\"response_action\":\"click(0) @3\",\"correctResponse\":\"5\",\"correct\":false,\"ended_on\":\"response\",\"duration\":81509.46000000002,\"time_run\":452183,\"time_render\":452185.3,\"time_show\":452218.54,\"time_end\":533728,\"time_commit\":533747,\"timestamp\":\"2021-05-02T12:53:58.564Z\",\"time_switch\":533785.26},{\"sender\":\"test10\",\"sender_type\":\"canvas.Screen\",\"sender_id\":\"7_9\",\"response\":\"1\",\"response_action\":\"click(0) @1\",\"correctResponse\":\"5\",\"correct\":false,\"ended_on\":\"response\",\"duration\":32147.73999999999,\"time_run\":533748,\"time_render\":533751.92,\"time_show\":533785.26,\"time_end\":565933,\"time_commit\":565952,\"timestamp\":\"2021-05-02T12:54:30.768Z\",\"time_switch\":565985.22},{\"sender\":\"test11\",\"sender_type\":\"canvas.Screen\",\"sender_id\":\"7_10\",\"response\":\"3\",\"response_action\":\"click(0) @3\",\"correctResponse\":\"4\",\"correct\":false,\"ended_on\":\"response\",\"duration\":34399.78000000003,\"time_run\":565953,\"time_render\":565951.88,\"time_show\":565985.22,\"time_end\":600385,\"time_commit\":600394,\"timestamp\":\"2021-05-02T12:55:05.210Z\",\"time_switch\":600435.24},{\"sender\":\"test12\",\"sender_type\":\"canvas.Screen\",\"sender_id\":\"7_11\",\"response\":\"5\",\"response_action\":\"click(0) @5\",\"correctResponse\":\"1\",\"correct\":false,\"ended_on\":\"response\",\"duration\":38792.76000000001,\"time_run\":600396,\"time_render\":600401.92,\"time_show\":600435.24,\"time_end\":639228,\"time_commit\":639248,\"timestamp\":\"2021-05-02T12:55:44.065Z\",\"time_switch\":639268.54},{\"sender\":\"tests (15min)\",\"sender_type\":\"flow.Sequence\",\"sender_id\":\"7\",\"ended_on\":\"completion\",\"duration\":484659.38,\"time_run\":154535,\"time_render\":154535.66,\"time_show\":154568.62,\"time_end\":639228,\"time_commit\":639250,\"timestamp\":\"2021-05-02T12:55:44.068Z\",\"time_switch\":639268.54},{\"sender\":\"good bye\",\"sender_type\":\"canvas.Screen\",\"sender_id\":\"8\",\"ended_on\":\"timeout\",\"duration\":4000.0200000000186,\"time_run\":639252,\"time_render\":639251.88,\"time_show\":639268.54,\"time_end\":643251.9,\"time_commit\":643253,\"timestamp\":\"2021-05-02T12:55:48.070Z\",\"time_switch\":643268.56},{\"sender\":\"root\",\"sender_type\":\"flow.Sequence\",\"sender_id\":null,\"ended_on\":\"completion\",\"duration\":559350,\"time_run\":83869,\"time_render\":83885.24,\"time_show\":83901.9,\"time_end\":643251.9,\"time_commit\":643256,\"timestamp\":\"2021-05-02T12:55:48.073Z\",\"time_switch\":643268.56}]",
    "metadata": "{\"slice\":0,\"id\":\"fc976835-2c40-4f84-984a-445178b60cec\",\"payload\":\"full\"}",
    "url": "https://exp01.zih.tu-dresden.de/experiments/raven_task/"
}