{
    "data": "[{\"url\":{},\"meta\":{\"labjs_version\":\"20.1.1\",\"labjs_build\":{\"flavor\":\"production\",\"commit\":\"cd5695f774968f50499757c1423bd95d033ea08e\"},\"location\":\"https://exp02.zih.tu-dresden.de/experiments/spot_a_word_task/\",\"userAgent\":\"Mozilla/5.0 (Windows NT 10.0; Win64; x64; rv:88.0) Gecko/20100101 Firefox/88.0\",\"platform\":\"Win32\",\"language\":\"de\",\"locale\":\"de-DE\",\"timeZone\":\"Europe/Berlin\",\"timezoneOffset\":-120,\"screen_width\":1536,\"screen_height\":864,\"scroll_width\":1536,\"scroll_height\":702,\"window_innerWidth\":1536,\"window_innerHeight\":750,\"devicePixelRatio\":1.25},\"sender\":\"start_html\",\"sender_type\":\"html.Screen\",\"sender_id\":\"0\",\"ended_on\":\"timeout\",\"duration\":7807.98,\"time_run\":1086,\"time_render\":1119.42,\"time_show\":1136.08,\"time_end\":7985.28,\"time_commit\":7990,\"timestamp\":\"2021-05-12T08:32:24.222Z\",\"time_switch\":8944.06},{\"sender\":\"manual_html\",\"sender_type\":\"html.Screen\",\"sender_id\":\"1\",\"response\":\"space\",\"response_action\":\"keypress(Space)\",\"ended_on\":\"response\",\"duration\":442753.94,\"time_run\":7991,\"time_render\":7985.28,\"time_show\":8944.06,\"time_end\":451698,\"time_commit\":451715,\"timestamp\":\"2021-05-12T08:39:47.947Z\",\"time_switch\":451747.46},{\"sender\":\"example1_screen\",\"sender_type\":\"canvas.Screen\",\"sender_id\":\"2\",\"response\":\"4\",\"response_action\":\"keypress(4)\",\"correctResponse\":\"4\",\"correct\":true,\"ended_on\":\"response\",\"duration\":4419.539999999979,\"time_run\":451727,\"time_render\":451730.8,\"time_show\":451747.46,\"time_end\":456167,\"time_commit\":456179,\"timestamp\":\"2021-05-12T08:39:52.411Z\",\"time_switch\":456196.72},{\"sender\":\"example1_feedback\",\"sender_type\":\"canvas.Screen\",\"sender_id\":\"3\",\"response\":\"Space\",\"response_action\":\"keypress(Space)\",\"ended_on\":\"response\",\"duration\":1642.280000000028,\"time_run\":456186,\"time_render\":456186.74,\"time_show\":456196.72,\"time_end\":457839,\"time_commit\":457857,\"timestamp\":\"2021-05-12T08:39:54.088Z\",\"time_switch\":457879.58},{\"sender\":\"example2_screen\",\"sender_type\":\"canvas.Screen\",\"sender_id\":\"4\",\"response\":\"5\",\"response_action\":\"keypress(5)\",\"correctResponse\":\"5\",\"correct\":true,\"ended_on\":\"response\",\"duration\":4895.419999999984,\"time_run\":457864,\"time_render\":457864.62,\"time_show\":457879.58,\"time_end\":462775,\"time_commit\":462795,\"timestamp\":\"2021-05-12T08:39:59.026Z\",\"time_switch\":462811.94},{\"sender\":\"example2_feedback\",\"sender_type\":\"canvas.Screen\",\"sender_id\":\"5\",\"response\":\"Space\",\"response_action\":\"keypress(Space)\",\"ended_on\":\"response\",\"duration\":1042.0599999999977,\"time_run\":462802,\"time_render\":462801.48,\"time_show\":462811.94,\"time_end\":463854,\"time_commit\":463862,\"timestamp\":\"2021-05-12T08:40:00.094Z\",\"time_switch\":463878.34},{\"sender\":\"example3_screen\",\"sender_type\":\"canvas.Screen\",\"sender_id\":\"6\",\"response\":\"1\",\"response_action\":\"keypress(1)\",\"correctResponse\":\"1\",\"correct\":true,\"ended_on\":\"response\",\"duration\":2943.6599999999744,\"time_run\":463870,\"time_render\":463870.16,\"time_show\":463878.34,\"time_end\":466822,\"time_commit\":466827,\"timestamp\":\"2021-05-12T08:40:03.058Z\",\"time_switch\":466844.48},{\"sender\":\"example3_feedback\",\"sender_type\":\"canvas.Screen\",\"sender_id\":\"7\",\"response\":\"Space\",\"response_action\":\"keypress(Space)\",\"ended_on\":\"response\",\"duration\":713.5200000000186,\"time_run\":466834,\"time_render\":466834.28,\"time_show\":466844.48,\"time_end\":467558,\"time_commit\":467568,\"timestamp\":\"2021-05-12T08:40:03.801Z\",\"time_switch\":467577.68},{\"sender\":\"get_ready_html\",\"sender_type\":\"html.Screen\",\"sender_id\":\"8\",\"response\":\"space\",\"response_action\":\"keypress(Space)\",\"ended_on\":\"response\",\"duration\":2776.320000000007,\"time_run\":467570,\"time_render\":467569.56,\"time_show\":467577.68,\"time_end\":470354,\"time_commit\":470375,\"timestamp\":\"2021-05-12T08:40:06.607Z\",\"time_switch\":470443.84},{\"sender\":\"trial_screen\",\"sender_type\":\"canvas.Screen\",\"sender_id\":\"9_0\",\"correct\":true,\"trial_ID\":1,\"word1\":\"siziol\",\"word2\":\"salzahl\",\"word3\":\"sozihl\",\"word4\":\"sziam\",\"word5\":\"sozial\",\"response\":\"5\",\"response_action\":\"keypress(5)\",\"correctResponse\":\"5\",\"ended_on\":\"response\",\"duration\":2410.1599999999744,\"time_run\":470431,\"time_render\":470431.36,\"time_show\":470443.84,\"time_end\":472854,\"time_commit\":472866,\"timestamp\":\"2021-05-12T08:40:09.098Z\",\"time_switch\":472876.7},{\"sender\":\"trial_screen\",\"sender_type\":\"canvas.Screen\",\"sender_id\":\"9_1\",\"correct\":true,\"trial_ID\":2,\"word1\":\"Lamone\",\"word2\":\"Talane\",\"word3\":\"Matrone\",\"word4\":\"Tarone\",\"word5\":\"Malonte\",\"response\":\"3\",\"response_action\":\"keypress(3)\",\"correctResponse\":\"3\",\"ended_on\":\"response\",\"duration\":4868.299999999988,\"time_run\":472874,\"time_render\":472874.6,\"time_show\":472876.7,\"time_end\":477745,\"time_commit\":477765,\"timestamp\":\"2021-05-12T08:40:13.997Z\",\"time_switch\":477775.68},{\"sender\":\"trial_screen\",\"sender_type\":\"canvas.Screen\",\"sender_id\":\"9_2\",\"correct\":true,\"trial_ID\":3,\"word1\":\"kurinesisch\",\"word2\":\"kulinarisch\",\"word3\":\"kumenisch\",\"word4\":\"kulissarisch\",\"word5\":\"kannastrisch\",\"response\":\"2\",\"response_action\":\"keypress(2)\",\"correctResponse\":\"2\",\"ended_on\":\"response\",\"duration\":2499.320000000007,\"time_run\":477773,\"time_render\":477773.38,\"time_show\":477775.68,\"time_end\":480275,\"time_commit\":480293,\"timestamp\":\"2021-05-12T08:40:16.525Z\",\"time_switch\":480308.52},{\"sender\":\"trial_screen\",\"sender_type\":\"canvas.Screen\",\"sender_id\":\"9_3\",\"correct\":true,\"trial_ID\":4,\"word1\":\"Tinxur\",\"word2\":\"Kukutur\",\"word3\":\"Fraktan\",\"word4\":\"Tinktur\",\"word5\":\"Rimsuhr\",\"response\":\"4\",\"response_action\":\"keypress(4)\",\"correctResponse\":\"4\",\"ended_on\":\"response\",\"duration\":1905.4799999999814,\"time_run\":480300,\"time_render\":480300.56,\"time_show\":480308.52,\"time_end\":482214,\"time_commit\":482216,\"timestamp\":\"2021-05-12T08:40:18.448Z\",\"time_switch\":482224.8},{\"sender\":\"trial_screen\",\"sender_type\":\"canvas.Screen\",\"sender_id\":\"9_4\",\"correct\":false,\"trial_ID\":5,\"word1\":\"beralen\",\"word2\":\"ger\u00e4ltet\",\"word3\":\"an\u00e4lteren\",\"word4\":\"unt\u00e4ren\",\"word5\":\"verbr\u00e4men\",\"response\":\"4\",\"response_action\":\"keypress(4)\",\"correctResponse\":\"5\",\"ended_on\":\"response\",\"duration\":6269.200000000012,\"time_run\":482223,\"time_render\":482223.54,\"time_show\":482224.8,\"time_end\":488494,\"time_commit\":488509,\"timestamp\":\"2021-05-12T08:40:24.741Z\",\"time_switch\":488523.54},{\"sender\":\"trial_screen\",\"sender_type\":\"canvas.Screen\",\"sender_id\":\"9_5\",\"correct\":true,\"trial_ID\":6,\"word1\":\"Rosto\",\"word2\":\"Torso\",\"word3\":\"Soro\",\"word4\":\"Torgos\",\"word5\":\"Tosor\",\"response\":\"2\",\"response_action\":\"keypress(2)\",\"correctResponse\":\"2\",\"ended_on\":\"response\",\"duration\":2173.460000000021,\"time_run\":488516,\"time_render\":488516.56,\"time_show\":488523.54,\"time_end\":490697,\"time_commit\":490715,\"timestamp\":\"2021-05-12T08:40:26.946Z\",\"time_switch\":490739.8},{\"sender\":\"trial_screen\",\"sender_type\":\"canvas.Screen\",\"sender_id\":\"9_6\",\"correct\":true,\"trial_ID\":7,\"word1\":\"Redor\",\"word2\":\"Radium\",\"word3\":\"Terion\",\"word4\":\"Dramin\",\"word5\":\"Orakium\",\"response\":\"2\",\"response_action\":\"keypress(2)\",\"correctResponse\":\"2\",\"ended_on\":\"response\",\"duration\":3301.2000000000116,\"time_run\":490722,\"time_render\":490722.18,\"time_show\":490739.8,\"time_end\":494041,\"time_commit\":494046,\"timestamp\":\"2021-05-12T08:40:30.278Z\",\"time_switch\":494055.82},{\"sender\":\"trial_screen\",\"sender_type\":\"canvas.Screen\",\"sender_id\":\"9_7\",\"correct\":true,\"trial_ID\":8,\"word1\":\"Nale\",\"word2\":\"Sahe\",\"word3\":\"Nase\",\"word4\":\"Nesa\",\"word5\":\"Sehna\",\"response\":\"3\",\"response_action\":\"keypress(3)\",\"correctResponse\":\"3\",\"ended_on\":\"response\",\"duration\":3844.179999999993,\"time_run\":494053,\"time_render\":494053.34,\"time_show\":494055.82,\"time_end\":497900,\"time_commit\":497919,\"timestamp\":\"2021-05-12T08:40:34.152Z\",\"time_switch\":497938.44},{\"sender\":\"trial_screen\",\"sender_type\":\"canvas.Screen\",\"sender_id\":\"9_8\",\"correct\":false,\"trial_ID\":9,\"word1\":\"Rilkiase\",\"word2\":\"Kilister\",\"word3\":\"Riliker\",\"word4\":\"Klistier\",\"word5\":\"Linkure\",\"response\":\"2\",\"response_action\":\"keypress(2)\",\"correctResponse\":\"4\",\"ended_on\":\"response\",\"duration\":4681.559999999998,\"time_run\":497927,\"time_render\":497927.26,\"time_show\":497938.44,\"time_end\":502620,\"time_commit\":502627,\"timestamp\":\"2021-05-12T08:40:38.859Z\",\"time_switch\":502637.42},{\"sender\":\"trial_screen\",\"sender_type\":\"canvas.Screen\",\"sender_id\":\"9_9\",\"correct\":true,\"trial_ID\":10,\"word1\":\"kentern\",\"word2\":\"knerte\",\"word3\":\"kanzen\",\"word4\":\"kretern\",\"word5\":\"trekern\",\"response\":\"1\",\"response_action\":\"keypress(1)\",\"correctResponse\":\"1\",\"ended_on\":\"response\",\"duration\":4309.580000000016,\"time_run\":502636,\"time_render\":502636.12,\"time_show\":502637.42,\"time_end\":506947,\"time_commit\":506959,\"timestamp\":\"2021-05-12T08:40:43.191Z\",\"time_switch\":506970},{\"sender\":\"trial_screen\",\"sender_type\":\"canvas.Screen\",\"sender_id\":\"9_10\",\"correct\":true,\"trial_ID\":11,\"word1\":\"Sorekin\",\"word2\":\"Sarowin\",\"word3\":\"Rosakin\",\"word4\":\"Narosin\",\"word5\":\"Kerosin\",\"response\":\"5\",\"response_action\":\"keypress(5)\",\"correctResponse\":\"5\",\"ended_on\":\"response\",\"duration\":5071,\"time_run\":506966,\"time_render\":506966.1,\"time_show\":506970,\"time_end\":512041,\"time_commit\":512047,\"timestamp\":\"2021-05-12T08:40:48.278Z\",\"time_switch\":512068.9},{\"sender\":\"trial_screen\",\"sender_type\":\"canvas.Screen\",\"sender_id\":\"9_11\",\"correct\":true,\"trial_ID\":12,\"word1\":\"Ralke\",\"word2\":\"Korre\",\"word3\":\"Ruckse\",\"word4\":\"Recke\",\"word5\":\"Ulte\",\"response\":\"4\",\"response_action\":\"keypress(4)\",\"correctResponse\":\"4\",\"ended_on\":\"response\",\"duration\":3894.0999999999767,\"time_run\":512054,\"time_render\":512054.06,\"time_show\":512068.9,\"time_end\":515963,\"time_commit\":515980,\"timestamp\":\"2021-05-12T08:40:52.211Z\",\"time_switch\":516001.56},{\"sender\":\"trial_screen\",\"sender_type\":\"canvas.Screen\",\"sender_id\":\"9_12\",\"correct\":true,\"trial_ID\":13,\"word1\":\"Kapaun\",\"word2\":\"Paukan\",\"word3\":\"Naupack\",\"word4\":\"Aupeck\",\"word5\":\"Ankepran\",\"response\":\"1\",\"response_action\":\"keypress(1)\",\"correctResponse\":\"1\",\"ended_on\":\"response\",\"duration\":6352.440000000002,\"time_run\":515987,\"time_render\":515986.9,\"time_show\":516001.56,\"time_end\":522354,\"time_commit\":522366,\"timestamp\":\"2021-05-12T08:40:58.597Z\",\"time_switch\":522383.64},{\"sender\":\"trial_screen\",\"sender_type\":\"canvas.Screen\",\"sender_id\":\"9_13\",\"correct\":true,\"trial_ID\":14,\"word1\":\"Dissonanz\",\"word2\":\"Diskrisanz\",\"word3\":\"Distranz\",\"word4\":\"Dinotanz\",\"word5\":\"Sidonenz\",\"response\":\"1\",\"response_action\":\"keypress(1)\",\"correctResponse\":\"1\",\"ended_on\":\"response\",\"duration\":2205.359999999986,\"time_run\":522372,\"time_render\":522372.48,\"time_show\":522383.64,\"time_end\":524589,\"time_commit\":524605,\"timestamp\":\"2021-05-12T08:41:00.836Z\",\"time_switch\":524616.64},{\"sender\":\"trial_screen\",\"sender_type\":\"canvas.Screen\",\"sender_id\":\"9_14\",\"correct\":true,\"trial_ID\":15,\"word1\":\"Kirse\",\"word2\":\"Sirke\",\"word3\":\"Krise\",\"word4\":\"Krospe\",\"word5\":\"Seris\",\"response\":\"3\",\"response_action\":\"keypress(3)\",\"correctResponse\":\"3\",\"ended_on\":\"response\",\"duration\":2253.359999999986,\"time_run\":524611,\"time_render\":524611.86,\"time_show\":524616.64,\"time_end\":526870,\"time_commit\":526879,\"timestamp\":\"2021-05-12T08:41:03.110Z\",\"time_switch\":526899.42},{\"sender\":\"trial_screen\",\"sender_type\":\"canvas.Screen\",\"sender_id\":\"9_15\",\"correct\":false,\"trial_ID\":16,\"word1\":\"Tume\",\"word2\":\"Umat\",\"word3\":\"Maut\",\"word4\":\"Taum\",\"word5\":\"Muta\",\"response\":\"5\",\"response_action\":\"keypress(5)\",\"correctResponse\":\"3\",\"ended_on\":\"response\",\"duration\":9969.579999999958,\"time_run\":526886,\"time_render\":526886.14,\"time_show\":526899.42,\"time_end\":536869,\"time_commit\":536894,\"timestamp\":\"2021-05-12T08:41:13.126Z\",\"time_switch\":536914.22},{\"sender\":\"trial_screen\",\"sender_type\":\"canvas.Screen\",\"sender_id\":\"9_16\",\"correct\":true,\"trial_ID\":17,\"word1\":\"Tuhl\",\"word2\":\"Lar\",\"word3\":\"Lest\",\"word4\":\"Dall\",\"word5\":\"Lid\",\"response\":\"5\",\"response_action\":\"keypress(5)\",\"correctResponse\":\"5\",\"ended_on\":\"response\",\"duration\":4642.780000000028,\"time_run\":536905,\"time_render\":536905.12,\"time_show\":536914.22,\"time_end\":541557,\"time_commit\":541573,\"timestamp\":\"2021-05-12T08:41:17.805Z\",\"time_switch\":541596.62},{\"sender\":\"trial_screen\",\"sender_type\":\"canvas.Screen\",\"sender_id\":\"9_17\",\"correct\":true,\"trial_ID\":18,\"word1\":\"Adept\",\"word2\":\"Padet\",\"word3\":\"Edapt\",\"word4\":\"Epatt\",\"word5\":\"Taped\",\"response\":\"1\",\"response_action\":\"keypress(1)\",\"correctResponse\":\"1\",\"ended_on\":\"response\",\"duration\":9508.380000000005,\"time_run\":541587,\"time_render\":541587.68,\"time_show\":541596.62,\"time_end\":551105,\"time_commit\":551117,\"timestamp\":\"2021-05-12T08:41:27.350Z\",\"time_switch\":551144.52},{\"sender\":\"trial_screen\",\"sender_type\":\"canvas.Screen\",\"sender_id\":\"9_18\",\"correct\":false,\"trial_ID\":19,\"word1\":\"Spirine\",\"word2\":\"Saprin\",\"word3\":\"Parsin\",\"word4\":\"Purin\",\"word5\":\"Asprint\",\"response\":\"2\",\"response_action\":\"keypress(2)\",\"correctResponse\":\"4\",\"ended_on\":\"response\",\"duration\":7334.479999999981,\"time_run\":551127,\"time_render\":551127.42,\"time_show\":551144.52,\"time_end\":558479,\"time_commit\":558500,\"timestamp\":\"2021-05-12T08:41:34.732Z\",\"time_switch\":558526.52},{\"sender\":\"trial_screen\",\"sender_type\":\"canvas.Screen\",\"sender_id\":\"9_19\",\"correct\":false,\"trial_ID\":20,\"word1\":\"Kulon\",\"word2\":\"Solgun\",\"word3\":\"Koskan\",\"word4\":\"Soran\",\"word5\":\"Klonus\",\"response\":\"4\",\"response_action\":\"keypress(4)\",\"correctResponse\":\"5\",\"ended_on\":\"response\",\"duration\":6265.479999999981,\"time_run\":558511,\"time_render\":558511.12,\"time_show\":558526.52,\"time_end\":564792,\"time_commit\":564797,\"timestamp\":\"2021-05-12T08:41:41.029Z\",\"time_switch\":564808.54},{\"sender\":\"trial_screen\",\"sender_type\":\"canvas.Screen\",\"sender_id\":\"9_20\",\"correct\":false,\"trial_ID\":21,\"word1\":\"Tronke\",\"word2\":\"Nocktherm\",\"word3\":\"Teronk\",\"word4\":\"Komtur\",\"word5\":\"Rocktur\",\"response\":\"2\",\"response_action\":\"keypress(2)\",\"correctResponse\":\"4\",\"ended_on\":\"response\",\"duration\":6592.459999999963,\"time_run\":564806,\"time_render\":564806.2,\"time_show\":564808.54,\"time_end\":571401,\"time_commit\":571426,\"timestamp\":\"2021-05-12T08:41:47.658Z\",\"time_switch\":571440.58},{\"sender\":\"trial_screen\",\"sender_type\":\"canvas.Screen\",\"sender_id\":\"9_21\",\"correct\":true,\"trial_ID\":22,\"word1\":\"Ripat\",\"word2\":\"Patinatte\",\"word3\":\"Tapir\",\"word4\":\"Apitt\",\"word5\":\"Padir\",\"response\":\"3\",\"response_action\":\"keypress(3)\",\"correctResponse\":\"3\",\"ended_on\":\"response\",\"duration\":3584.420000000042,\"time_run\":571434,\"time_render\":571434.1,\"time_show\":571440.58,\"time_end\":575025,\"time_commit\":575040,\"timestamp\":\"2021-05-12T08:41:51.271Z\",\"time_switch\":575056.66},{\"sender\":\"trial_screen\",\"sender_type\":\"canvas.Screen\",\"sender_id\":\"9_22\",\"correct\":false,\"trial_ID\":23,\"word1\":\"Akifer\",\"word2\":\"Fiaker\",\"word3\":\"Kiaffa\",\"word4\":\"Sariffer\",\"word5\":\"Refisker\",\"response\":\"1\",\"response_action\":\"keypress(1)\",\"correctResponse\":\"2\",\"ended_on\":\"response\",\"duration\":6126.339999999967,\"time_run\":575048,\"time_render\":575048.16,\"time_show\":575056.66,\"time_end\":581183,\"time_commit\":581193,\"timestamp\":\"2021-05-12T08:41:57.425Z\",\"time_switch\":581205.64},{\"sender\":\"trial_screen\",\"sender_type\":\"canvas.Screen\",\"sender_id\":\"9_23\",\"correct\":false,\"trial_ID\":24,\"word1\":\"Kleiber\",\"word2\":\"Beikel\",\"word3\":\"Keibel\",\"word4\":\"Reikler\",\"word5\":\"Biekerl\",\"response\":\"3\",\"response_action\":\"keypress(3)\",\"correctResponse\":\"1\",\"ended_on\":\"response\",\"duration\":2632.359999999986,\"time_run\":581202,\"time_render\":581201.84,\"time_show\":581205.64,\"time_end\":583838,\"time_commit\":583853,\"timestamp\":\"2021-05-12T08:42:00.085Z\",\"time_switch\":583871.44},{\"sender\":\"trial_screen\",\"sender_type\":\"canvas.Screen\",\"sender_id\":\"9_24\",\"correct\":false,\"trial_ID\":25,\"word1\":\"Ig\u00e4de\",\"word2\":\"D\u00e4gie\",\"word3\":\"\u00c4gide\",\"word4\":\"Dig\u00e4de\",\"word5\":\"Giad\",\"response\":\"5\",\"response_action\":\"keypress(5)\",\"correctResponse\":\"3\",\"ended_on\":\"response\",\"duration\":5841.560000000056,\"time_run\":583860,\"time_render\":583860.9,\"time_show\":583871.44,\"time_end\":589713,\"time_commit\":589734,\"timestamp\":\"2021-05-12T08:42:05.966Z\",\"time_switch\":589753.8},{\"sender\":\"trial_screen\",\"sender_type\":\"canvas.Screen\",\"sender_id\":\"9_25\",\"correct\":true,\"trial_ID\":26,\"word1\":\"Rixal\",\"word2\":\"Irtax\",\"word3\":\"Rackizie\",\"word4\":\"Matrix\",\"word5\":\"Atrige\",\"response\":\"4\",\"response_action\":\"keypress(4)\",\"correctResponse\":\"4\",\"ended_on\":\"response\",\"duration\":3835.1999999999534,\"time_run\":589743,\"time_render\":589743.3,\"time_show\":589753.8,\"time_end\":593589,\"time_commit\":593600,\"timestamp\":\"2021-05-12T08:42:09.832Z\",\"time_switch\":593619.68},{\"sender\":\"trial_screen\",\"sender_type\":\"canvas.Screen\",\"sender_id\":\"9_26\",\"correct\":false,\"trial_ID\":27,\"word1\":\"Haskisch\",\"word2\":\"Asmisch\",\"word3\":\"Schisma\",\"word4\":\"Rasthmie\",\"word5\":\"Ilschah\",\"response\":\"4\",\"response_action\":\"keypress(4)\",\"correctResponse\":\"3\",\"ended_on\":\"response\",\"duration\":9250.319999999949,\"time_run\":593610,\"time_render\":593610.06,\"time_show\":593619.68,\"time_end\":602870,\"time_commit\":602893,\"timestamp\":\"2021-05-12T08:42:19.124Z\",\"time_switch\":602917.8},{\"sender\":\"trial_screen\",\"sender_type\":\"canvas.Screen\",\"sender_id\":\"9_27\",\"correct\":false,\"trial_ID\":28,\"word1\":\"Sallose\",\"word2\":\"Lordose\",\"word3\":\"Dormase\",\"word4\":\"Rollase\",\"word5\":\"Ardierole\",\"response\":\"1\",\"response_action\":\"keypress(1)\",\"correctResponse\":\"2\",\"ended_on\":\"response\",\"duration\":4561.199999999953,\"time_run\":602901,\"time_render\":602901.96,\"time_show\":602917.8,\"time_end\":607479,\"time_commit\":607499,\"timestamp\":\"2021-05-12T08:42:23.731Z\",\"time_switch\":607516.78},{\"sender\":\"trial_screen\",\"sender_type\":\"canvas.Screen\",\"sender_id\":\"9_28\",\"correct\":false,\"trial_ID\":29,\"word1\":\"Intranotion\",\"word2\":\"Infranatura\",\"word3\":\"Internodium\",\"word4\":\"Indotalie\",\"word5\":\"Indosta\",\"response\":\"2\",\"response_action\":\"keypress(2)\",\"correctResponse\":\"3\",\"ended_on\":\"response\",\"duration\":5196.219999999972,\"time_run\":607508,\"time_render\":607507.44,\"time_show\":607516.78,\"time_end\":612713,\"time_commit\":612736,\"timestamp\":\"2021-05-12T08:42:28.968Z\",\"time_switch\":612749.12},{\"sender\":\"trial_screen\",\"sender_type\":\"canvas.Screen\",\"sender_id\":\"9_29\",\"correct\":false,\"trial_ID\":30,\"word1\":\"Idaste\",\"word2\":\"Dastrix\",\"word3\":\"Astike\",\"word4\":\"Sadile\",\"word5\":\"Kasside\",\"response\":\"2\",\"response_action\":\"keypress(2)\",\"correctResponse\":\"5\",\"ended_on\":\"response\",\"duration\":6697.880000000005,\"time_run\":612743,\"time_render\":612743.7,\"time_show\":612749.12,\"time_end\":619447,\"time_commit\":619457,\"timestamp\":\"2021-05-12T08:42:35.689Z\",\"time_switch\":619481.12},{\"sender\":\"trial_screen\",\"sender_type\":\"canvas.Screen\",\"sender_id\":\"9_30\",\"correct\":false,\"trial_ID\":31,\"word1\":\"Libration\",\"word2\":\"Bilation\",\"word3\":\"Arlation\",\"word4\":\"Iberation\",\"word5\":\"Tiradon\",\"response\":\"5\",\"response_action\":\"keypress(5)\",\"correctResponse\":\"1\",\"ended_on\":\"response\",\"duration\":3888.8800000000047,\"time_run\":619463,\"time_render\":619464.46,\"time_show\":619481.12,\"time_end\":623370,\"time_commit\":623377,\"timestamp\":\"2021-05-12T08:42:39.608Z\",\"time_switch\":623397.1},{\"sender\":\"trial_screen\",\"sender_type\":\"canvas.Screen\",\"sender_id\":\"9_31\",\"correct\":true,\"trial_ID\":32,\"word1\":\"Pucker\",\"word2\":\"Keuper\",\"word3\":\"Eucker\",\"word4\":\"Reuspeck\",\"word5\":\"Urkane\",\"response\":\"2\",\"response_action\":\"keypress(2)\",\"correctResponse\":\"2\",\"ended_on\":\"response\",\"duration\":7066.900000000023,\"time_run\":623384,\"time_render\":623383.76,\"time_show\":623397.1,\"time_end\":630464,\"time_commit\":630478,\"timestamp\":\"2021-05-12T08:42:46.710Z\",\"time_switch\":630495.62},{\"sender\":\"trial_screen\",\"sender_type\":\"canvas.Screen\",\"sender_id\":\"9_32\",\"correct\":true,\"trial_ID\":33,\"word1\":\"Sickaber\",\"word2\":\"Bassiker\",\"word3\":\"Kassiber\",\"word4\":\"Sassiker\",\"word5\":\"Askiber\",\"response\":\"3\",\"response_action\":\"keypress(3)\",\"correctResponse\":\"3\",\"ended_on\":\"response\",\"duration\":5404.380000000005,\"time_run\":630485,\"time_render\":630485.06,\"time_show\":630495.62,\"time_end\":635900,\"time_commit\":635914,\"timestamp\":\"2021-05-12T08:42:52.146Z\",\"time_switch\":635927.9},{\"sender\":\"trial_screen\",\"sender_type\":\"canvas.Screen\",\"sender_id\":\"9_33\",\"correct\":false,\"trial_ID\":34,\"word1\":\"Alquallon\",\"word2\":\"Lisqualien\",\"word3\":\"Talquallen\",\"word4\":\"Quisquilien\",\"word5\":\"Rielquellen\",\"response\":\"1\",\"response_action\":\"keypress(1)\",\"correctResponse\":\"4\",\"ended_on\":\"response\",\"duration\":6551.099999999977,\"time_run\":635923,\"time_render\":635922.32,\"time_show\":635927.9,\"time_end\":642479,\"time_commit\":642493,\"timestamp\":\"2021-05-12T08:42:58.725Z\",\"time_switch\":642509.94},{\"sender\":\"trial_screen\",\"sender_type\":\"canvas.Screen\",\"sender_id\":\"9_34\",\"correct\":true,\"trial_ID\":35,\"word1\":\"Berkiza\",\"word2\":\"Brekzie\",\"word3\":\"Birakzie\",\"word4\":\"Brikazie\",\"word5\":\"Bakiria\",\"response\":\"2\",\"response_action\":\"keypress(2)\",\"correctResponse\":\"2\",\"ended_on\":\"response\",\"duration\":6751.060000000056,\"time_run\":642500,\"time_render\":642500.54,\"time_show\":642509.94,\"time_end\":649261,\"time_commit\":649279,\"timestamp\":\"2021-05-12T08:43:05.510Z\",\"time_switch\":649292},{\"sender\":\"loop_trial\",\"sender_type\":\"flow.Loop\",\"sender_id\":\"9\",\"ended_on\":\"completion\",\"duration\":178817.15999999997,\"time_run\":470425,\"time_render\":470431.36,\"time_show\":470443.84,\"time_end\":649261,\"time_commit\":649280,\"timestamp\":\"2021-05-12T08:43:05.512Z\",\"time_switch\":649292},{\"sender\":\"end_html\",\"sender_type\":\"html.Screen\",\"sender_id\":\"10\",\"ended_on\":\"timeout\",\"duration\":5998.780000000028,\"time_run\":649280,\"time_render\":649280.48,\"time_show\":649292,\"time_end\":655274.1,\"time_commit\":655275,\"timestamp\":\"2021-05-12T08:43:11.506Z\",\"time_switch\":655290.78},{\"sender\":\"root\",\"sender_type\":\"flow.Sequence\",\"sender_id\":null,\"ended_on\":\"completion\",\"duration\":654138.02,\"time_run\":1085,\"time_render\":1119.42,\"time_show\":1136.08,\"time_end\":655274.1,\"time_commit\":655275,\"timestamp\":\"2021-05-12T08:43:11.506Z\",\"time_switch\":655290.78}]",
    "metadata": "{\"slice\":0,\"id\":\"179dd058-d988-427b-98a8-5e6f2924854e\",\"payload\":\"full\"}",
    "url": "https://exp02.zih.tu-dresden.de/experiments/spot_a_word_task/"
}