{
    "data": "[{\"url\":{},\"meta\":{\"labjs_version\":\"20.1.1\",\"labjs_build\":{\"flavor\":\"production\",\"commit\":\"cd5695f774968f50499757c1423bd95d033ea08e\"},\"location\":\"https://exp02.zih.tu-dresden.de/experiments/spot_a_word_task/\",\"userAgent\":\"Mozilla/5.0 (Windows NT 10.0; Win64; x64; rv:88.0) Gecko/20100101 Firefox/88.0\",\"platform\":\"Win32\",\"language\":\"de\",\"locale\":\"de-DE\",\"timeZone\":\"Europe/Berlin\",\"timezoneOffset\":-120,\"screen_width\":1920,\"screen_height\":1080,\"scroll_width\":1920,\"scroll_height\":890,\"window_innerWidth\":1920,\"window_innerHeight\":938,\"devicePixelRatio\":1},\"sender\":\"start_html\",\"sender_type\":\"html.Screen\",\"sender_id\":\"0\",\"ended_on\":\"timeout\",\"duration\":5997.700000000001,\"time_run\":1112,\"time_render\":1203.9,\"time_show\":1220.56,\"time_end\":7201.6,\"time_commit\":7205,\"timestamp\":\"2021-04-27T09:57:55.983Z\",\"time_switch\":7218.26},{\"sender\":\"manual_html\",\"sender_type\":\"html.Screen\",\"sender_id\":\"1\",\"response\":\"space\",\"response_action\":\"keypress(Space)\",\"ended_on\":\"response\",\"duration\":34491.74,\"time_run\":7206,\"time_render\":7201.6,\"time_show\":7218.26,\"time_end\":41710,\"time_commit\":41732,\"timestamp\":\"2021-04-27T09:58:30.510Z\",\"time_switch\":41754.38},{\"sender\":\"example1_screen\",\"sender_type\":\"canvas.Screen\",\"sender_id\":\"2\",\"response\":\"4\",\"response_action\":\"keypress(4)\",\"correctResponse\":\"4\",\"correct\":true,\"ended_on\":\"response\",\"duration\":2315.6200000000026,\"time_run\":41742,\"time_render\":41743.08,\"time_show\":41754.38,\"time_end\":44070,\"time_commit\":44090,\"timestamp\":\"2021-04-27T09:58:32.869Z\",\"time_switch\":44103.82},{\"sender\":\"example1_feedback\",\"sender_type\":\"canvas.Screen\",\"sender_id\":\"3\",\"response\":\"Space\",\"response_action\":\"keypress(Space)\",\"ended_on\":\"response\",\"duration\":3451.1800000000003,\"time_run\":44099,\"time_render\":44099.06,\"time_show\":44103.82,\"time_end\":47555,\"time_commit\":47560,\"timestamp\":\"2021-04-27T09:58:36.338Z\",\"time_switch\":47585.4},{\"sender\":\"example2_screen\",\"sender_type\":\"canvas.Screen\",\"sender_id\":\"4\",\"response\":\"5\",\"response_action\":\"keypress(5)\",\"correctResponse\":\"5\",\"correct\":true,\"ended_on\":\"response\",\"duration\":4094.5999999999985,\"time_run\":47574,\"time_render\":47573.98,\"time_show\":47585.4,\"time_end\":51680,\"time_commit\":51692,\"timestamp\":\"2021-04-27T09:58:40.470Z\",\"time_switch\":51717.18},{\"sender\":\"example2_feedback\",\"sender_type\":\"canvas.Screen\",\"sender_id\":\"5\",\"response\":\"Space\",\"response_action\":\"keypress(Space)\",\"ended_on\":\"response\",\"duration\":3274.8199999999997,\"time_run\":51704,\"time_render\":51703.92,\"time_show\":51717.18,\"time_end\":54992,\"time_commit\":55006,\"timestamp\":\"2021-04-27T09:58:43.784Z\",\"time_switch\":55015.72},{\"sender\":\"example3_screen\",\"sender_type\":\"canvas.Screen\",\"sender_id\":\"6\",\"response\":\"1\",\"response_action\":\"keypress(1)\",\"correctResponse\":\"1\",\"correct\":true,\"ended_on\":\"response\",\"duration\":1617.2799999999988,\"time_run\":55015,\"time_render\":55014.4,\"time_show\":55015.72,\"time_end\":56633,\"time_commit\":56647,\"timestamp\":\"2021-04-27T09:58:45.425Z\",\"time_switch\":56665.08},{\"sender\":\"example3_feedback\",\"sender_type\":\"canvas.Screen\",\"sender_id\":\"7\",\"response\":\"Space\",\"response_action\":\"keypress(Space)\",\"ended_on\":\"response\",\"duration\":2560.9199999999983,\"time_run\":56658,\"time_render\":56657.6,\"time_show\":56665.08,\"time_end\":59226,\"time_commit\":59243,\"timestamp\":\"2021-04-27T09:58:48.021Z\",\"time_switch\":59247.4},{\"sender\":\"get_ready_html\",\"sender_type\":\"html.Screen\",\"sender_id\":\"8\",\"response\":\"space\",\"response_action\":\"keypress(Space)\",\"ended_on\":\"response\",\"duration\":5416.5999999999985,\"time_run\":59243,\"time_render\":59243.58,\"time_show\":59247.4,\"time_end\":64664,\"time_commit\":64685,\"timestamp\":\"2021-04-27T09:58:53.464Z\",\"time_switch\":64745.18},{\"sender\":\"trial_screen\",\"sender_type\":\"canvas.Screen\",\"sender_id\":\"9_0\",\"correct\":true,\"trial_ID\":1,\"word1\":\"siziol\",\"word2\":\"salzahl\",\"word3\":\"sozihl\",\"word4\":\"sziam\",\"word5\":\"sozial\",\"response\":\"5\",\"response_action\":\"keypress(5)\",\"correctResponse\":\"5\",\"ended_on\":\"response\",\"duration\":2309.8199999999997,\"time_run\":64743,\"time_render\":64743.32,\"time_show\":64745.18,\"time_end\":67055,\"time_commit\":67075,\"timestamp\":\"2021-04-27T09:58:55.853Z\",\"time_switch\":67094.46},{\"sender\":\"trial_screen\",\"sender_type\":\"canvas.Screen\",\"sender_id\":\"9_1\",\"correct\":true,\"trial_ID\":2,\"word1\":\"Lamone\",\"word2\":\"Talane\",\"word3\":\"Matrone\",\"word4\":\"Tarone\",\"word5\":\"Malonte\",\"response\":\"3\",\"response_action\":\"keypress(3)\",\"correctResponse\":\"3\",\"ended_on\":\"response\",\"duration\":5804.539999999994,\"time_run\":67085,\"time_render\":67085.8,\"time_show\":67094.46,\"time_end\":72899,\"time_commit\":72913,\"timestamp\":\"2021-04-27T09:59:01.691Z\",\"time_switch\":72942.04},{\"sender\":\"trial_screen\",\"sender_type\":\"canvas.Screen\",\"sender_id\":\"9_2\",\"correct\":true,\"trial_ID\":3,\"word1\":\"kurinesisch\",\"word2\":\"kulinarisch\",\"word3\":\"kumenisch\",\"word4\":\"kulissarisch\",\"word5\":\"kannastrisch\",\"response\":\"2\",\"response_action\":\"keypress(2)\",\"correctResponse\":\"2\",\"ended_on\":\"response\",\"duration\":2268.9600000000064,\"time_run\":72927,\"time_render\":72927.54,\"time_show\":72942.04,\"time_end\":75211,\"time_commit\":75232,\"timestamp\":\"2021-04-27T09:59:04.010Z\",\"time_switch\":75257.72},{\"sender\":\"trial_screen\",\"sender_type\":\"canvas.Screen\",\"sender_id\":\"9_3\",\"correct\":true,\"trial_ID\":4,\"word1\":\"Tinxur\",\"word2\":\"Kukutur\",\"word3\":\"Fraktan\",\"word4\":\"Tinktur\",\"word5\":\"Rimsuhr\",\"response\":\"4\",\"response_action\":\"keypress(4)\",\"correctResponse\":\"4\",\"ended_on\":\"response\",\"duration\":4547.279999999999,\"time_run\":75240,\"time_render\":75240.54,\"time_show\":75257.72,\"time_end\":79805,\"time_commit\":79814,\"timestamp\":\"2021-04-27T09:59:08.591Z\",\"time_switch\":79839.18},{\"sender\":\"trial_screen\",\"sender_type\":\"canvas.Screen\",\"sender_id\":\"9_4\",\"correct\":true,\"trial_ID\":5,\"word1\":\"beralen\",\"word2\":\"ger\u00e4ltet\",\"word3\":\"an\u00e4lteren\",\"word4\":\"unt\u00e4ren\",\"word5\":\"verbr\u00e4men\",\"response\":\"5\",\"response_action\":\"keypress(5)\",\"correctResponse\":\"5\",\"ended_on\":\"response\",\"duration\":6340.820000000007,\"time_run\":79828,\"time_render\":79828.32,\"time_show\":79839.18,\"time_end\":86180,\"time_commit\":86192,\"timestamp\":\"2021-04-27T09:59:14.971Z\",\"time_switch\":86220.08},{\"sender\":\"trial_screen\",\"sender_type\":\"canvas.Screen\",\"sender_id\":\"9_5\",\"correct\":true,\"trial_ID\":6,\"word1\":\"Rosto\",\"word2\":\"Torso\",\"word3\":\"Soro\",\"word4\":\"Torgos\",\"word5\":\"Tosor\",\"response\":\"2\",\"response_action\":\"keypress(2)\",\"correctResponse\":\"2\",\"ended_on\":\"response\",\"duration\":3724.9199999999983,\"time_run\":86207,\"time_render\":86206.64,\"time_show\":86220.08,\"time_end\":89945,\"time_commit\":89966,\"timestamp\":\"2021-04-27T09:59:18.745Z\",\"time_switch\":89985.24},{\"sender\":\"trial_screen\",\"sender_type\":\"canvas.Screen\",\"sender_id\":\"9_6\",\"correct\":true,\"trial_ID\":7,\"word1\":\"Redor\",\"word2\":\"Radium\",\"word3\":\"Terion\",\"word4\":\"Dramin\",\"word5\":\"Orakium\",\"response\":\"2\",\"response_action\":\"keypress(2)\",\"correctResponse\":\"2\",\"ended_on\":\"response\",\"duration\":2584.7599999999948,\"time_run\":89975,\"time_render\":89975.72,\"time_show\":89985.24,\"time_end\":92570,\"time_commit\":92579,\"timestamp\":\"2021-04-27T09:59:21.357Z\",\"time_switch\":92600.84},{\"sender\":\"trial_screen\",\"sender_type\":\"canvas.Screen\",\"sender_id\":\"9_7\",\"correct\":true,\"trial_ID\":8,\"word1\":\"Nale\",\"word2\":\"Sahe\",\"word3\":\"Nase\",\"word4\":\"Nesa\",\"word5\":\"Sehna\",\"response\":\"3\",\"response_action\":\"keypress(3)\",\"correctResponse\":\"3\",\"ended_on\":\"response\",\"duration\":3110.1600000000035,\"time_run\":92589,\"time_render\":92589.92,\"time_show\":92600.84,\"time_end\":95711,\"time_commit\":95723,\"timestamp\":\"2021-04-27T09:59:24.501Z\",\"time_switch\":95749.58},{\"sender\":\"trial_screen\",\"sender_type\":\"canvas.Screen\",\"sender_id\":\"9_8\",\"correct\":false,\"trial_ID\":9,\"word1\":\"Rilkiase\",\"word2\":\"Kilister\",\"word3\":\"Riliker\",\"word4\":\"Klistier\",\"word5\":\"Linkure\",\"response\":\"2\",\"response_action\":\"keypress(2)\",\"correctResponse\":\"4\",\"ended_on\":\"response\",\"duration\":5945.419999999998,\"time_run\":95732,\"time_render\":95732.74,\"time_show\":95749.58,\"time_end\":101695,\"time_commit\":101712,\"timestamp\":\"2021-04-27T09:59:30.490Z\",\"time_switch\":101730.42},{\"sender\":\"trial_screen\",\"sender_type\":\"canvas.Screen\",\"sender_id\":\"9_9\",\"correct\":true,\"trial_ID\":10,\"word1\":\"kentern\",\"word2\":\"knerte\",\"word3\":\"kanzen\",\"word4\":\"kretern\",\"word5\":\"trekern\",\"response\":\"1\",\"response_action\":\"keypress(1)\",\"correctResponse\":\"1\",\"ended_on\":\"response\",\"duration\":4370.580000000002,\"time_run\":101720,\"time_render\":101720.56,\"time_show\":101730.42,\"time_end\":106101,\"time_commit\":106118,\"timestamp\":\"2021-04-27T09:59:34.897Z\",\"time_switch\":106128.66},{\"sender\":\"trial_screen\",\"sender_type\":\"canvas.Screen\",\"sender_id\":\"9_10\",\"correct\":true,\"trial_ID\":11,\"word1\":\"Sorekin\",\"word2\":\"Sarowin\",\"word3\":\"Rosakin\",\"word4\":\"Narosin\",\"word5\":\"Kerosin\",\"response\":\"5\",\"response_action\":\"keypress(5)\",\"correctResponse\":\"5\",\"ended_on\":\"response\",\"duration\":3815.3399999999965,\"time_run\":106125,\"time_render\":106125.64,\"time_show\":106128.66,\"time_end\":109944,\"time_commit\":109961,\"timestamp\":\"2021-04-27T09:59:38.741Z\",\"time_switch\":109977.12},{\"sender\":\"trial_screen\",\"sender_type\":\"canvas.Screen\",\"sender_id\":\"9_11\",\"correct\":false,\"trial_ID\":12,\"word1\":\"Ralke\",\"word2\":\"Korre\",\"word3\":\"Ruckse\",\"word4\":\"Recke\",\"word5\":\"Ulte\",\"response\":\"3\",\"response_action\":\"keypress(3)\",\"correctResponse\":\"4\",\"ended_on\":\"response\",\"duration\":6749.880000000005,\"time_run\":109970,\"time_render\":109970.38,\"time_show\":109977.12,\"time_end\":116727,\"time_commit\":116746,\"timestamp\":\"2021-04-27T09:59:45.524Z\",\"time_switch\":116774.54},{\"sender\":\"trial_screen\",\"sender_type\":\"canvas.Screen\",\"sender_id\":\"9_12\",\"correct\":true,\"trial_ID\":13,\"word1\":\"Kapaun\",\"word2\":\"Paukan\",\"word3\":\"Naupack\",\"word4\":\"Aupeck\",\"word5\":\"Ankepran\",\"response\":\"1\",\"response_action\":\"keypress(1)\",\"correctResponse\":\"1\",\"ended_on\":\"response\",\"duration\":6436.460000000006,\"time_run\":116760,\"time_render\":116760.68,\"time_show\":116774.54,\"time_end\":123211,\"time_commit\":123221,\"timestamp\":\"2021-04-27T09:59:51.999Z\",\"time_switch\":123238.48},{\"sender\":\"trial_screen\",\"sender_type\":\"canvas.Screen\",\"sender_id\":\"9_13\",\"correct\":true,\"trial_ID\":14,\"word1\":\"Dissonanz\",\"word2\":\"Diskrisanz\",\"word3\":\"Distranz\",\"word4\":\"Dinotanz\",\"word5\":\"Sidonenz\",\"response\":\"1\",\"response_action\":\"keypress(1)\",\"correctResponse\":\"1\",\"ended_on\":\"response\",\"duration\":2425.520000000004,\"time_run\":123231,\"time_render\":123231.3,\"time_show\":123238.48,\"time_end\":125664,\"time_commit\":125669,\"timestamp\":\"2021-04-27T09:59:54.447Z\",\"time_switch\":125687.64},{\"sender\":\"trial_screen\",\"sender_type\":\"canvas.Screen\",\"sender_id\":\"9_14\",\"correct\":true,\"trial_ID\":15,\"word1\":\"Kirse\",\"word2\":\"Sirke\",\"word3\":\"Krise\",\"word4\":\"Krospe\",\"word5\":\"Seris\",\"response\":\"3\",\"response_action\":\"keypress(3)\",\"correctResponse\":\"3\",\"ended_on\":\"response\",\"duration\":3726.3600000000006,\"time_run\":125679,\"time_render\":125680.06,\"time_show\":125687.64,\"time_end\":129414,\"time_commit\":129435,\"timestamp\":\"2021-04-27T09:59:58.214Z\",\"time_switch\":129452.84},{\"sender\":\"trial_screen\",\"sender_type\":\"canvas.Screen\",\"sender_id\":\"9_15\",\"correct\":true,\"trial_ID\":16,\"word1\":\"Tume\",\"word2\":\"Umat\",\"word3\":\"Maut\",\"word4\":\"Taum\",\"word5\":\"Muta\",\"response\":\"3\",\"response_action\":\"keypress(3)\",\"correctResponse\":\"3\",\"ended_on\":\"response\",\"duration\":2039.1600000000035,\"time_run\":129444,\"time_render\":129444.08,\"time_show\":129452.84,\"time_end\":131492,\"time_commit\":131500,\"timestamp\":\"2021-04-27T10:00:00.278Z\",\"time_switch\":131518.52},{\"sender\":\"trial_screen\",\"sender_type\":\"canvas.Screen\",\"sender_id\":\"9_16\",\"correct\":true,\"trial_ID\":17,\"word1\":\"Tuhl\",\"word2\":\"Lar\",\"word3\":\"Lest\",\"word4\":\"Dall\",\"word5\":\"Lid\",\"response\":\"5\",\"response_action\":\"keypress(5)\",\"correctResponse\":\"5\",\"ended_on\":\"response\",\"duration\":5911.4800000000105,\"time_run\":131509,\"time_render\":131509.34,\"time_show\":131518.52,\"time_end\":137430,\"time_commit\":137442,\"timestamp\":\"2021-04-27T10:00:06.220Z\",\"time_switch\":137466.16},{\"sender\":\"trial_screen\",\"sender_type\":\"canvas.Screen\",\"sender_id\":\"9_17\",\"correct\":true,\"trial_ID\":18,\"word1\":\"Adept\",\"word2\":\"Padet\",\"word3\":\"Edapt\",\"word4\":\"Epatt\",\"word5\":\"Taped\",\"response\":\"1\",\"response_action\":\"keypress(1)\",\"correctResponse\":\"1\",\"ended_on\":\"response\",\"duration\":5166.8399999999965,\"time_run\":137450,\"time_render\":137450.4,\"time_show\":137466.16,\"time_end\":142633,\"time_commit\":142655,\"timestamp\":\"2021-04-27T10:00:11.433Z\",\"time_switch\":142664.04},{\"sender\":\"trial_screen\",\"sender_type\":\"canvas.Screen\",\"sender_id\":\"9_18\",\"correct\":true,\"trial_ID\":19,\"word1\":\"Spirine\",\"word2\":\"Saprin\",\"word3\":\"Parsin\",\"word4\":\"Purin\",\"word5\":\"Asprint\",\"response\":\"4\",\"response_action\":\"keypress(4)\",\"correctResponse\":\"4\",\"ended_on\":\"response\",\"duration\":3452.959999999992,\"time_run\":142662,\"time_render\":142662.92,\"time_show\":142664.04,\"time_end\":146117,\"time_commit\":146134,\"timestamp\":\"2021-04-27T10:00:14.913Z\",\"time_switch\":146145.98},{\"sender\":\"trial_screen\",\"sender_type\":\"canvas.Screen\",\"sender_id\":\"9_19\",\"correct\":true,\"trial_ID\":20,\"word1\":\"Kulon\",\"word2\":\"Solgun\",\"word3\":\"Koskan\",\"word4\":\"Soran\",\"word5\":\"Klonus\",\"response\":\"5\",\"response_action\":\"keypress(5)\",\"correctResponse\":\"5\",\"ended_on\":\"response\",\"duration\":4315.0199999999895,\"time_run\":146144,\"time_render\":146144.06,\"time_show\":146145.98,\"time_end\":150461,\"time_commit\":150481,\"timestamp\":\"2021-04-27T10:00:19.259Z\",\"time_switch\":150494.58},{\"sender\":\"trial_screen\",\"sender_type\":\"canvas.Screen\",\"sender_id\":\"9_20\",\"correct\":true,\"trial_ID\":21,\"word1\":\"Tronke\",\"word2\":\"Nocktherm\",\"word3\":\"Teronk\",\"word4\":\"Komtur\",\"word5\":\"Rocktur\",\"response\":\"4\",\"response_action\":\"keypress(4)\",\"correctResponse\":\"4\",\"ended_on\":\"response\",\"duration\":4779.420000000013,\"time_run\":150489,\"time_render\":150490.02,\"time_show\":150494.58,\"time_end\":155274,\"time_commit\":155279,\"timestamp\":\"2021-04-27T10:00:24.058Z\",\"time_switch\":155292.34},{\"sender\":\"trial_screen\",\"sender_type\":\"canvas.Screen\",\"sender_id\":\"9_21\",\"correct\":true,\"trial_ID\":22,\"word1\":\"Ripat\",\"word2\":\"Patinatte\",\"word3\":\"Tapir\",\"word4\":\"Apitt\",\"word5\":\"Padir\",\"response\":\"3\",\"response_action\":\"keypress(3)\",\"correctResponse\":\"3\",\"ended_on\":\"response\",\"duration\":2573.6600000000035,\"time_run\":155288,\"time_render\":155288.88,\"time_show\":155292.34,\"time_end\":157866,\"time_commit\":157884,\"timestamp\":\"2021-04-27T10:00:26.662Z\",\"time_switch\":157908.1},{\"sender\":\"trial_screen\",\"sender_type\":\"canvas.Screen\",\"sender_id\":\"9_22\",\"correct\":false,\"trial_ID\":23,\"word1\":\"Akifer\",\"word2\":\"Fiaker\",\"word3\":\"Kiaffa\",\"word4\":\"Sariffer\",\"word5\":\"Refisker\",\"response\":\"5\",\"response_action\":\"keypress(5)\",\"correctResponse\":\"2\",\"ended_on\":\"response\",\"duration\":3770.899999999994,\"time_run\":157893,\"time_render\":157893.12,\"time_show\":157908.1,\"time_end\":161679,\"time_commit\":161694,\"timestamp\":\"2021-04-27T10:00:30.473Z\",\"time_switch\":161706.44},{\"sender\":\"trial_screen\",\"sender_type\":\"canvas.Screen\",\"sender_id\":\"9_23\",\"correct\":true,\"trial_ID\":24,\"word1\":\"Kleiber\",\"word2\":\"Beikel\",\"word3\":\"Keibel\",\"word4\":\"Reikler\",\"word5\":\"Biekerl\",\"response\":\"1\",\"response_action\":\"keypress(1)\",\"correctResponse\":\"1\",\"ended_on\":\"response\",\"duration\":3754.5599999999977,\"time_run\":161701,\"time_render\":161701.62,\"time_show\":161706.44,\"time_end\":165461,\"time_commit\":165475,\"timestamp\":\"2021-04-27T10:00:34.254Z\",\"time_switch\":165488.46},{\"sender\":\"trial_screen\",\"sender_type\":\"canvas.Screen\",\"sender_id\":\"9_24\",\"correct\":true,\"trial_ID\":25,\"word1\":\"Ig\u00e4de\",\"word2\":\"D\u00e4gie\",\"word3\":\"\u00c4gide\",\"word4\":\"Dig\u00e4de\",\"word5\":\"Giad\",\"response\":\"3\",\"response_action\":\"keypress(3)\",\"correctResponse\":\"3\",\"ended_on\":\"response\",\"duration\":3003.540000000008,\"time_run\":165483,\"time_render\":165483.8,\"time_show\":165488.46,\"time_end\":168492,\"time_commit\":168502,\"timestamp\":\"2021-04-27T10:00:37.281Z\",\"time_switch\":168520.38},{\"sender\":\"trial_screen\",\"sender_type\":\"canvas.Screen\",\"sender_id\":\"9_25\",\"correct\":true,\"trial_ID\":26,\"word1\":\"Rixal\",\"word2\":\"Irtax\",\"word3\":\"Rackizie\",\"word4\":\"Matrix\",\"word5\":\"Atrige\",\"response\":\"4\",\"response_action\":\"keypress(4)\",\"correctResponse\":\"4\",\"ended_on\":\"response\",\"duration\":2128.6199999999953,\"time_run\":168510,\"time_render\":168510.12,\"time_show\":168520.38,\"time_end\":170649,\"time_commit\":170657,\"timestamp\":\"2021-04-27T10:00:39.436Z\",\"time_switch\":170669.64},{\"sender\":\"trial_screen\",\"sender_type\":\"canvas.Screen\",\"sender_id\":\"9_26\",\"correct\":true,\"trial_ID\":27,\"word1\":\"Haskisch\",\"word2\":\"Asmisch\",\"word3\":\"Schisma\",\"word4\":\"Rasthmie\",\"word5\":\"Ilschah\",\"response\":\"3\",\"response_action\":\"keypress(3)\",\"correctResponse\":\"3\",\"ended_on\":\"response\",\"duration\":5666.359999999986,\"time_run\":170664,\"time_render\":170664.32,\"time_show\":170669.64,\"time_end\":176336,\"time_commit\":176354,\"timestamp\":\"2021-04-27T10:00:45.133Z\",\"time_switch\":176384.04},{\"sender\":\"trial_screen\",\"sender_type\":\"canvas.Screen\",\"sender_id\":\"9_27\",\"correct\":false,\"trial_ID\":28,\"word1\":\"Sallose\",\"word2\":\"Lordose\",\"word3\":\"Dormase\",\"word4\":\"Rollase\",\"word5\":\"Ardierole\",\"response\":\"1\",\"response_action\":\"keypress(1)\",\"correctResponse\":\"2\",\"ended_on\":\"response\",\"duration\":7467.959999999992,\"time_run\":176369,\"time_render\":176369.44,\"time_show\":176384.04,\"time_end\":183852,\"time_commit\":183869,\"timestamp\":\"2021-04-27T10:00:52.648Z\",\"time_switch\":183897.68},{\"sender\":\"trial_screen\",\"sender_type\":\"canvas.Screen\",\"sender_id\":\"9_28\",\"correct\":false,\"trial_ID\":29,\"word1\":\"Intranotion\",\"word2\":\"Infranatura\",\"word3\":\"Internodium\",\"word4\":\"Indotalie\",\"word5\":\"Indosta\",\"response\":\"1\",\"response_action\":\"keypress(1)\",\"correctResponse\":\"3\",\"ended_on\":\"response\",\"duration\":6438.320000000007,\"time_run\":183883,\"time_render\":183883.46,\"time_show\":183897.68,\"time_end\":190336,\"time_commit\":190353,\"timestamp\":\"2021-04-27T10:00:59.132Z\",\"time_switch\":190378.44},{\"sender\":\"trial_screen\",\"sender_type\":\"canvas.Screen\",\"sender_id\":\"9_29\",\"correct\":false,\"trial_ID\":30,\"word1\":\"Idaste\",\"word2\":\"Dastrix\",\"word3\":\"Astike\",\"word4\":\"Sadile\",\"word5\":\"Kasside\",\"response\":\"2\",\"response_action\":\"keypress(2)\",\"correctResponse\":\"5\",\"ended_on\":\"response\",\"duration\":4801.559999999998,\"time_run\":190364,\"time_render\":190363.82,\"time_show\":190378.44,\"time_end\":195180,\"time_commit\":195196,\"timestamp\":\"2021-04-27T10:01:03.974Z\",\"time_switch\":195209.98},{\"sender\":\"trial_screen\",\"sender_type\":\"canvas.Screen\",\"sender_id\":\"9_30\",\"correct\":true,\"trial_ID\":31,\"word1\":\"Libration\",\"word2\":\"Bilation\",\"word3\":\"Arlation\",\"word4\":\"Iberation\",\"word5\":\"Tiradon\",\"response\":\"1\",\"response_action\":\"keypress(1)\",\"correctResponse\":\"1\",\"ended_on\":\"response\",\"duration\":3282.0199999999895,\"time_run\":195206,\"time_render\":195206.16,\"time_show\":195209.98,\"time_end\":198492,\"time_commit\":198499,\"timestamp\":\"2021-04-27T10:01:07.278Z\",\"time_switch\":198525.04},{\"sender\":\"trial_screen\",\"sender_type\":\"canvas.Screen\",\"sender_id\":\"9_31\",\"correct\":false,\"trial_ID\":32,\"word1\":\"Pucker\",\"word2\":\"Keuper\",\"word3\":\"Eucker\",\"word4\":\"Reuspeck\",\"word5\":\"Urkane\",\"response\":\"5\",\"response_action\":\"keypress(5)\",\"correctResponse\":\"2\",\"ended_on\":\"response\",\"duration\":4388.959999999992,\"time_run\":198508,\"time_render\":198507.9,\"time_show\":198525.04,\"time_end\":202914,\"time_commit\":202922,\"timestamp\":\"2021-04-27T10:01:11.700Z\",\"time_switch\":202940.12},{\"sender\":\"trial_screen\",\"sender_type\":\"canvas.Screen\",\"sender_id\":\"9_32\",\"correct\":false,\"trial_ID\":33,\"word1\":\"Sickaber\",\"word2\":\"Bassiker\",\"word3\":\"Kassiber\",\"word4\":\"Sassiker\",\"word5\":\"Askiber\",\"response\":\"2\",\"response_action\":\"keypress(2)\",\"correctResponse\":\"3\",\"ended_on\":\"response\",\"duration\":5973.880000000005,\"time_run\":202931,\"time_render\":202931.78,\"time_show\":202940.12,\"time_end\":208914,\"time_commit\":208928,\"timestamp\":\"2021-04-27T10:01:17.707Z\",\"time_switch\":208954.3},{\"sender\":\"trial_screen\",\"sender_type\":\"canvas.Screen\",\"sender_id\":\"9_33\",\"correct\":false,\"trial_ID\":34,\"word1\":\"Alquallon\",\"word2\":\"Lisqualien\",\"word3\":\"Talquallen\",\"word4\":\"Quisquilien\",\"word5\":\"Rielquellen\",\"response\":\"5\",\"response_action\":\"keypress(5)\",\"correctResponse\":\"4\",\"ended_on\":\"response\",\"duration\":4990.700000000012,\"time_run\":208937,\"time_render\":208936.82,\"time_show\":208954.3,\"time_end\":213945,\"time_commit\":213965,\"timestamp\":\"2021-04-27T10:01:22.743Z\",\"time_switch\":213985.58},{\"sender\":\"trial_screen\",\"sender_type\":\"canvas.Screen\",\"sender_id\":\"9_34\",\"correct\":false,\"trial_ID\":35,\"word1\":\"Berkiza\",\"word2\":\"Brekzie\",\"word3\":\"Birakzie\",\"word4\":\"Brikazie\",\"word5\":\"Bakiria\",\"response\":\"5\",\"response_action\":\"keypress(5)\",\"correctResponse\":\"2\",\"ended_on\":\"response\",\"duration\":6006.420000000013,\"time_run\":213974,\"time_render\":213974.34,\"time_show\":213985.58,\"time_end\":219992,\"time_commit\":220000,\"timestamp\":\"2021-04-27T10:01:28.777Z\",\"time_switch\":220016.58},{\"sender\":\"loop_trial\",\"sender_type\":\"flow.Loop\",\"sender_id\":\"9\",\"ended_on\":\"completion\",\"duration\":155246.82,\"time_run\":64736,\"time_render\":64743.32,\"time_show\":64745.18,\"time_end\":219992,\"time_commit\":220003,\"timestamp\":\"2021-04-27T10:01:28.782Z\",\"time_switch\":220016.58},{\"sender\":\"end_html\",\"sender_type\":\"html.Screen\",\"sender_id\":\"10\",\"response\":\"anykey\",\"response_action\":\"keypress\",\"ended_on\":\"response\",\"duration\":1663.4200000000128,\"time_run\":220004,\"time_render\":220004.24,\"time_show\":220016.58,\"time_end\":221680,\"time_commit\":221695,\"timestamp\":\"2021-04-27T10:01:30.474Z\",\"time_switch\":221699.28},{\"sender\":\"root\",\"sender_type\":\"flow.Sequence\",\"sender_id\":null,\"ended_on\":\"completion\",\"duration\":220459.44,\"time_run\":1112,\"time_render\":1203.9,\"time_show\":1220.56,\"time_end\":221680,\"time_commit\":221697,\"timestamp\":\"2021-04-27T10:01:30.475Z\",\"time_switch\":221699.28}]",
    "metadata": "{\"slice\":0,\"id\":\"c7cf1bf3-d99c-45a3-b6cb-acaa123fd22b\",\"payload\":\"full\"}",
    "url": "https://exp02.zih.tu-dresden.de/experiments/spot_a_word_task/"
}