{
    "data": "[{\"url\":{},\"meta\":{\"labjs_version\":\"20.1.1\",\"labjs_build\":{\"flavor\":\"production\",\"commit\":\"cd5695f774968f50499757c1423bd95d033ea08e\"},\"location\":\"https://exp01.zih.tu-dresden.de/experiments/spot_a_word_task/\",\"userAgent\":\"Mozilla/5.0 (Windows NT 10.0; Win64; x64; rv:89.0) Gecko/20100101 Firefox/89.0\",\"platform\":\"Win32\",\"language\":\"de\",\"locale\":\"de-DE\",\"timeZone\":\"Europe/Berlin\",\"timezoneOffset\":-120,\"screen_width\":1600,\"screen_height\":900,\"scroll_width\":1600,\"scroll_height\":727,\"window_innerWidth\":1600,\"window_innerHeight\":775,\"devicePixelRatio\":1},\"sender\":\"start_html\",\"sender_type\":\"html.Screen\",\"sender_id\":\"0\",\"ended_on\":\"timeout\",\"duration\":6006.7,\"time_run\":828,\"time_render\":874.96,\"time_show\":899.96,\"time_end\":6881.68,\"time_commit\":6886,\"timestamp\":\"2021-06-04T16:36:25.621Z\",\"time_switch\":6906.66},{\"sender\":\"manual_html\",\"sender_type\":\"html.Screen\",\"sender_id\":\"1\",\"response\":\"space\",\"response_action\":\"keypress(Space)\",\"ended_on\":\"response\",\"duration\":173949.34,\"time_run\":6886,\"time_render\":6881.68,\"time_show\":6906.66,\"time_end\":180856,\"time_commit\":180875,\"timestamp\":\"2021-06-04T16:39:19.611Z\",\"time_switch\":180900.52},{\"sender\":\"example1_screen\",\"sender_type\":\"canvas.Screen\",\"sender_id\":\"2\",\"response\":\"4\",\"response_action\":\"keypress(4)\",\"correctResponse\":\"4\",\"correct\":true,\"ended_on\":\"response\",\"duration\":3940.4800000000105,\"time_run\":180897,\"time_render\":180896.92,\"time_show\":180900.52,\"time_end\":184841,\"time_commit\":184851,\"timestamp\":\"2021-06-04T16:39:23.588Z\",\"time_switch\":184871.26},{\"sender\":\"example1_feedback\",\"sender_type\":\"canvas.Screen\",\"sender_id\":\"3\",\"response\":\"Space\",\"response_action\":\"keypress(Space)\",\"ended_on\":\"response\",\"duration\":2577.7399999999907,\"time_run\":184865,\"time_render\":184865.26,\"time_show\":184871.26,\"time_end\":187449,\"time_commit\":187466,\"timestamp\":\"2021-06-04T16:39:26.203Z\",\"time_switch\":187484.46},{\"sender\":\"example2_screen\",\"sender_type\":\"canvas.Screen\",\"sender_id\":\"4\",\"response\":\"5\",\"response_action\":\"keypress(5)\",\"correctResponse\":\"5\",\"correct\":true,\"ended_on\":\"response\",\"duration\":3886.540000000008,\"time_run\":187483,\"time_render\":187484.06,\"time_show\":187484.46,\"time_end\":191371,\"time_commit\":191383,\"timestamp\":\"2021-06-04T16:39:30.119Z\",\"time_switch\":191405.28},{\"sender\":\"example2_feedback\",\"sender_type\":\"canvas.Screen\",\"sender_id\":\"5\",\"response\":\"Space\",\"response_action\":\"keypress(Space)\",\"ended_on\":\"response\",\"duration\":825.7200000000012,\"time_run\":191397,\"time_render\":191396.98,\"time_show\":191405.28,\"time_end\":192231,\"time_commit\":192238,\"timestamp\":\"2021-06-04T16:39:30.974Z\",\"time_switch\":192258.7},{\"sender\":\"example3_screen\",\"sender_type\":\"canvas.Screen\",\"sender_id\":\"6\",\"response\":\"1\",\"response_action\":\"keypress(1)\",\"correctResponse\":\"1\",\"correct\":true,\"ended_on\":\"response\",\"duration\":2316.2999999999884,\"time_run\":192253,\"time_render\":192253.22,\"time_show\":192258.7,\"time_end\":194575,\"time_commit\":194587,\"timestamp\":\"2021-06-04T16:39:33.323Z\",\"time_switch\":194620},{\"sender\":\"example3_feedback\",\"sender_type\":\"canvas.Screen\",\"sender_id\":\"7\",\"response\":\"Space\",\"response_action\":\"keypress(Space)\",\"ended_on\":\"response\",\"duration\":813,\"time_run\":194601,\"time_render\":194600.58,\"time_show\":194620,\"time_end\":195433,\"time_commit\":195442,\"timestamp\":\"2021-06-04T16:39:34.179Z\",\"time_switch\":195448.7},{\"sender\":\"get_ready_html\",\"sender_type\":\"html.Screen\",\"sender_id\":\"8\",\"response\":\"space\",\"response_action\":\"keypress(Space)\",\"ended_on\":\"response\",\"duration\":13454.299999999988,\"time_run\":195444,\"time_render\":195443.82,\"time_show\":195448.7,\"time_end\":208903,\"time_commit\":208913,\"timestamp\":\"2021-06-04T16:39:47.649Z\",\"time_switch\":208994.42},{\"sender\":\"trial_screen\",\"sender_type\":\"canvas.Screen\",\"sender_id\":\"9_0\",\"correct\":true,\"trial_ID\":1,\"word1\":\"siziol\",\"word2\":\"salzahl\",\"word3\":\"sozihl\",\"word4\":\"sziam\",\"word5\":\"sozial\",\"response\":\"5\",\"response_action\":\"keypress(5)\",\"correctResponse\":\"5\",\"ended_on\":\"response\",\"duration\":2455.579999999987,\"time_run\":208984,\"time_render\":208984.72,\"time_show\":208994.42,\"time_end\":211450,\"time_commit\":211456,\"timestamp\":\"2021-06-04T16:39:50.193Z\",\"time_switch\":211482.84},{\"sender\":\"trial_screen\",\"sender_type\":\"canvas.Screen\",\"sender_id\":\"9_1\",\"correct\":true,\"trial_ID\":2,\"word1\":\"Lamone\",\"word2\":\"Talane\",\"word3\":\"Matrone\",\"word4\":\"Tarone\",\"word5\":\"Malonte\",\"response\":\"3\",\"response_action\":\"keypress(3)\",\"correctResponse\":\"3\",\"ended_on\":\"response\",\"duration\":4686.1600000000035,\"time_run\":211474,\"time_render\":211473.6,\"time_show\":211482.84,\"time_end\":216169,\"time_commit\":216180,\"timestamp\":\"2021-06-04T16:39:54.918Z\",\"time_switch\":216205.64},{\"sender\":\"trial_screen\",\"sender_type\":\"canvas.Screen\",\"sender_id\":\"9_2\",\"correct\":true,\"trial_ID\":3,\"word1\":\"kurinesisch\",\"word2\":\"kulinarisch\",\"word3\":\"kumenisch\",\"word4\":\"kulissarisch\",\"word5\":\"kannastrisch\",\"response\":\"2\",\"response_action\":\"keypress(2)\",\"correctResponse\":\"2\",\"ended_on\":\"response\",\"duration\":2744.359999999986,\"time_run\":216197,\"time_render\":216197.38,\"time_show\":216205.64,\"time_end\":218950,\"time_commit\":218967,\"timestamp\":\"2021-06-04T16:39:57.704Z\",\"time_switch\":218995.92},{\"sender\":\"trial_screen\",\"sender_type\":\"canvas.Screen\",\"sender_id\":\"9_3\",\"correct\":true,\"trial_ID\":4,\"word1\":\"Tinxur\",\"word2\":\"Kukutur\",\"word3\":\"Fraktan\",\"word4\":\"Tinktur\",\"word5\":\"Rimsuhr\",\"response\":\"4\",\"response_action\":\"keypress(4)\",\"correctResponse\":\"4\",\"ended_on\":\"response\",\"duration\":2734.079999999987,\"time_run\":218986,\"time_render\":218986.8,\"time_show\":218995.92,\"time_end\":221730,\"time_commit\":221748,\"timestamp\":\"2021-06-04T16:40:00.485Z\",\"time_switch\":221783.9},{\"sender\":\"trial_screen\",\"sender_type\":\"canvas.Screen\",\"sender_id\":\"9_4\",\"correct\":false,\"trial_ID\":5,\"word1\":\"beralen\",\"word2\":\"ger\u00e4ltet\",\"word3\":\"an\u00e4lteren\",\"word4\":\"unt\u00e4ren\",\"word5\":\"verbr\u00e4men\",\"response\":\"2\",\"response_action\":\"keypress(2)\",\"correctResponse\":\"5\",\"ended_on\":\"response\",\"duration\":15213.100000000006,\"time_run\":221762,\"time_render\":221763.02,\"time_show\":221783.9,\"time_end\":236997,\"time_commit\":237002,\"timestamp\":\"2021-06-04T16:40:15.739Z\",\"time_switch\":237038.94},{\"sender\":\"trial_screen\",\"sender_type\":\"canvas.Screen\",\"sender_id\":\"9_5\",\"correct\":true,\"trial_ID\":6,\"word1\":\"Rosto\",\"word2\":\"Torso\",\"word3\":\"Soro\",\"word4\":\"Torgos\",\"word5\":\"Tosor\",\"response\":\"2\",\"response_action\":\"keypress(2)\",\"correctResponse\":\"2\",\"ended_on\":\"response\",\"duration\":7802.059999999998,\"time_run\":237016,\"time_render\":237016.64,\"time_show\":237038.94,\"time_end\":244841,\"time_commit\":244859,\"timestamp\":\"2021-06-04T16:40:23.595Z\",\"time_switch\":244878.66},{\"sender\":\"trial_screen\",\"sender_type\":\"canvas.Screen\",\"sender_id\":\"9_6\",\"correct\":true,\"trial_ID\":7,\"word1\":\"Redor\",\"word2\":\"Radium\",\"word3\":\"Terion\",\"word4\":\"Dramin\",\"word5\":\"Orakium\",\"response\":\"2\",\"response_action\":\"keypress(2)\",\"correctResponse\":\"2\",\"ended_on\":\"response\",\"duration\":3462.3399999999965,\"time_run\":244874,\"time_render\":244873.74,\"time_show\":244878.66,\"time_end\":248341,\"time_commit\":248349,\"timestamp\":\"2021-06-04T16:40:27.085Z\",\"time_switch\":248370.76},{\"sender\":\"trial_screen\",\"sender_type\":\"canvas.Screen\",\"sender_id\":\"9_7\",\"correct\":true,\"trial_ID\":8,\"word1\":\"Nale\",\"word2\":\"Sahe\",\"word3\":\"Nase\",\"word4\":\"Nesa\",\"word5\":\"Sehna\",\"response\":\"3\",\"response_action\":\"keypress(3)\",\"correctResponse\":\"3\",\"ended_on\":\"response\",\"duration\":3251.2399999999907,\"time_run\":248364,\"time_render\":248363.72,\"time_show\":248370.76,\"time_end\":251622,\"time_commit\":251639,\"timestamp\":\"2021-06-04T16:40:30.376Z\",\"time_switch\":251662.76},{\"sender\":\"trial_screen\",\"sender_type\":\"canvas.Screen\",\"sender_id\":\"9_8\",\"correct\":false,\"trial_ID\":9,\"word1\":\"Rilkiase\",\"word2\":\"Kilister\",\"word3\":\"Riliker\",\"word4\":\"Klistier\",\"word5\":\"Linkure\",\"response\":\"2\",\"response_action\":\"keypress(2)\",\"correctResponse\":\"4\",\"ended_on\":\"response\",\"duration\":5631.239999999991,\"time_run\":251653,\"time_render\":251653.46,\"time_show\":251662.76,\"time_end\":257294,\"time_commit\":257304,\"timestamp\":\"2021-06-04T16:40:36.041Z\",\"time_switch\":257318.24},{\"sender\":\"trial_screen\",\"sender_type\":\"canvas.Screen\",\"sender_id\":\"9_9\",\"correct\":true,\"trial_ID\":10,\"word1\":\"kentern\",\"word2\":\"knerte\",\"word3\":\"kanzen\",\"word4\":\"kretern\",\"word5\":\"trekern\",\"response\":\"1\",\"response_action\":\"keypress(1)\",\"correctResponse\":\"1\",\"ended_on\":\"response\",\"duration\":3584.7600000000093,\"time_run\":257318,\"time_render\":257317.5,\"time_show\":257318.24,\"time_end\":260903,\"time_commit\":260908,\"timestamp\":\"2021-06-04T16:40:39.645Z\",\"time_switch\":260937.02},{\"sender\":\"trial_screen\",\"sender_type\":\"canvas.Screen\",\"sender_id\":\"9_10\",\"correct\":true,\"trial_ID\":11,\"word1\":\"Sorekin\",\"word2\":\"Sarowin\",\"word3\":\"Rosakin\",\"word4\":\"Narosin\",\"word5\":\"Kerosin\",\"response\":\"5\",\"response_action\":\"keypress(5)\",\"correctResponse\":\"5\",\"ended_on\":\"response\",\"duration\":3668.9800000000105,\"time_run\":260922,\"time_render\":260921.7,\"time_show\":260937.02,\"time_end\":264606,\"time_commit\":264617,\"timestamp\":\"2021-06-04T16:40:43.353Z\",\"time_switch\":264631.04},{\"sender\":\"trial_screen\",\"sender_type\":\"canvas.Screen\",\"sender_id\":\"9_11\",\"correct\":false,\"trial_ID\":12,\"word1\":\"Ralke\",\"word2\":\"Korre\",\"word3\":\"Ruckse\",\"word4\":\"Recke\",\"word5\":\"Ulte\",\"response\":\"1\",\"response_action\":\"keypress(1)\",\"correctResponse\":\"4\",\"ended_on\":\"response\",\"duration\":5240.960000000021,\"time_run\":264629,\"time_render\":264629.52,\"time_show\":264631.04,\"time_end\":269872,\"time_commit\":269881,\"timestamp\":\"2021-06-04T16:40:48.617Z\",\"time_switch\":269907.44},{\"sender\":\"trial_screen\",\"sender_type\":\"canvas.Screen\",\"sender_id\":\"9_12\",\"correct\":true,\"trial_ID\":13,\"word1\":\"Kapaun\",\"word2\":\"Paukan\",\"word3\":\"Naupack\",\"word4\":\"Aupeck\",\"word5\":\"Ankepran\",\"response\":\"1\",\"response_action\":\"keypress(1)\",\"correctResponse\":\"1\",\"ended_on\":\"response\",\"duration\":6261.559999999998,\"time_run\":269894,\"time_render\":269894.06,\"time_show\":269907.44,\"time_end\":276169,\"time_commit\":276173,\"timestamp\":\"2021-06-04T16:40:54.910Z\",\"time_switch\":276189.7},{\"sender\":\"trial_screen\",\"sender_type\":\"canvas.Screen\",\"sender_id\":\"9_13\",\"correct\":true,\"trial_ID\":14,\"word1\":\"Dissonanz\",\"word2\":\"Diskrisanz\",\"word3\":\"Distranz\",\"word4\":\"Dinotanz\",\"word5\":\"Sidonenz\",\"response\":\"1\",\"response_action\":\"keypress(1)\",\"correctResponse\":\"1\",\"ended_on\":\"response\",\"duration\":3526.2999999999884,\"time_run\":276186,\"time_render\":276186.34,\"time_show\":276189.7,\"time_end\":279716,\"time_commit\":279722,\"timestamp\":\"2021-06-04T16:40:58.459Z\",\"time_switch\":279758.84},{\"sender\":\"trial_screen\",\"sender_type\":\"canvas.Screen\",\"sender_id\":\"9_14\",\"correct\":true,\"trial_ID\":15,\"word1\":\"Kirse\",\"word2\":\"Sirke\",\"word3\":\"Krise\",\"word4\":\"Krospe\",\"word5\":\"Seris\",\"response\":\"3\",\"response_action\":\"keypress(3)\",\"correctResponse\":\"3\",\"ended_on\":\"response\",\"duration\":2535.1599999999744,\"time_run\":279736,\"time_render\":279736.36,\"time_show\":279758.84,\"time_end\":282294,\"time_commit\":282299,\"timestamp\":\"2021-06-04T16:41:01.037Z\",\"time_switch\":282322.18},{\"sender\":\"trial_screen\",\"sender_type\":\"canvas.Screen\",\"sender_id\":\"9_15\",\"correct\":true,\"trial_ID\":16,\"word1\":\"Tume\",\"word2\":\"Umat\",\"word3\":\"Maut\",\"word4\":\"Taum\",\"word5\":\"Muta\",\"response\":\"3\",\"response_action\":\"keypress(3)\",\"correctResponse\":\"3\",\"ended_on\":\"response\",\"duration\":2940.820000000007,\"time_run\":282313,\"time_render\":282313.08,\"time_show\":282322.18,\"time_end\":285263,\"time_commit\":285273,\"timestamp\":\"2021-06-04T16:41:04.009Z\",\"time_switch\":285312.18},{\"sender\":\"trial_screen\",\"sender_type\":\"canvas.Screen\",\"sender_id\":\"9_16\",\"correct\":false,\"trial_ID\":17,\"word1\":\"Tuhl\",\"word2\":\"Lar\",\"word3\":\"Lest\",\"word4\":\"Dall\",\"word5\":\"Lid\",\"response\":\"3\",\"response_action\":\"keypress(3)\",\"correctResponse\":\"5\",\"ended_on\":\"response\",\"duration\":6464.820000000007,\"time_run\":285288,\"time_render\":285287.82,\"time_show\":285312.18,\"time_end\":291777,\"time_commit\":291797,\"timestamp\":\"2021-06-04T16:41:10.533Z\",\"time_switch\":291819.4},{\"sender\":\"trial_screen\",\"sender_type\":\"canvas.Screen\",\"sender_id\":\"9_17\",\"correct\":true,\"trial_ID\":18,\"word1\":\"Adept\",\"word2\":\"Padet\",\"word3\":\"Edapt\",\"word4\":\"Epatt\",\"word5\":\"Taped\",\"response\":\"1\",\"response_action\":\"keypress(1)\",\"correctResponse\":\"1\",\"ended_on\":\"response\",\"duration\":8208.599999999977,\"time_run\":291809,\"time_render\":291809.36,\"time_show\":291819.4,\"time_end\":300028,\"time_commit\":300035,\"timestamp\":\"2021-06-04T16:41:18.771Z\",\"time_switch\":300061.34},{\"sender\":\"trial_screen\",\"sender_type\":\"canvas.Screen\",\"sender_id\":\"9_18\",\"correct\":true,\"trial_ID\":19,\"word1\":\"Spirine\",\"word2\":\"Saprin\",\"word3\":\"Parsin\",\"word4\":\"Purin\",\"word5\":\"Asprint\",\"response\":\"4\",\"response_action\":\"keypress(4)\",\"correctResponse\":\"4\",\"ended_on\":\"response\",\"duration\":4576.659999999974,\"time_run\":300048,\"time_render\":300048.08,\"time_show\":300061.34,\"time_end\":304638,\"time_commit\":304643,\"timestamp\":\"2021-06-04T16:41:23.379Z\",\"time_switch\":304660.82},{\"sender\":\"trial_screen\",\"sender_type\":\"canvas.Screen\",\"sender_id\":\"9_19\",\"correct\":true,\"trial_ID\":20,\"word1\":\"Kulon\",\"word2\":\"Solgun\",\"word3\":\"Koskan\",\"word4\":\"Soran\",\"word5\":\"Klonus\",\"response\":\"5\",\"response_action\":\"keypress(5)\",\"correctResponse\":\"5\",\"ended_on\":\"response\",\"duration\":5195.179999999993,\"time_run\":304657,\"time_render\":304656.78,\"time_show\":304660.82,\"time_end\":309856,\"time_commit\":309878,\"timestamp\":\"2021-06-04T16:41:28.615Z\",\"time_switch\":309912.24},{\"sender\":\"trial_screen\",\"sender_type\":\"canvas.Screen\",\"sender_id\":\"9_20\",\"correct\":false,\"trial_ID\":21,\"word1\":\"Tronke\",\"word2\":\"Nocktherm\",\"word3\":\"Teronk\",\"word4\":\"Komtur\",\"word5\":\"Rocktur\",\"response\":\"1\",\"response_action\":\"keypress(1)\",\"correctResponse\":\"4\",\"ended_on\":\"response\",\"duration\":5521.760000000009,\"time_run\":309908,\"time_render\":309908.62,\"time_show\":309912.24,\"time_end\":315434,\"time_commit\":315441,\"timestamp\":\"2021-06-04T16:41:34.177Z\",\"time_switch\":315465.76},{\"sender\":\"trial_screen\",\"sender_type\":\"canvas.Screen\",\"sender_id\":\"9_21\",\"correct\":true,\"trial_ID\":22,\"word1\":\"Ripat\",\"word2\":\"Patinatte\",\"word3\":\"Tapir\",\"word4\":\"Apitt\",\"word5\":\"Padir\",\"response\":\"3\",\"response_action\":\"keypress(3)\",\"correctResponse\":\"3\",\"ended_on\":\"response\",\"duration\":4672.239999999991,\"time_run\":315460,\"time_render\":315459.66,\"time_show\":315465.76,\"time_end\":320138,\"time_commit\":320143,\"timestamp\":\"2021-06-04T16:41:38.879Z\",\"time_switch\":320165.76},{\"sender\":\"trial_screen\",\"sender_type\":\"canvas.Screen\",\"sender_id\":\"9_22\",\"correct\":true,\"trial_ID\":23,\"word1\":\"Akifer\",\"word2\":\"Fiaker\",\"word3\":\"Kiaffa\",\"word4\":\"Sariffer\",\"word5\":\"Refisker\",\"response\":\"2\",\"response_action\":\"keypress(2)\",\"correctResponse\":\"2\",\"ended_on\":\"response\",\"duration\":3300.2399999999907,\"time_run\":320159,\"time_render\":320158.96,\"time_show\":320165.76,\"time_end\":323466,\"time_commit\":323479,\"timestamp\":\"2021-06-04T16:41:42.216Z\",\"time_switch\":323508.06},{\"sender\":\"trial_screen\",\"sender_type\":\"canvas.Screen\",\"sender_id\":\"9_23\",\"correct\":true,\"trial_ID\":24,\"word1\":\"Kleiber\",\"word2\":\"Beikel\",\"word3\":\"Keibel\",\"word4\":\"Reikler\",\"word5\":\"Biekerl\",\"response\":\"1\",\"response_action\":\"keypress(1)\",\"correctResponse\":\"1\",\"ended_on\":\"response\",\"duration\":4129.940000000002,\"time_run\":323495,\"time_render\":323495.5,\"time_show\":323508.06,\"time_end\":327638,\"time_commit\":327655,\"timestamp\":\"2021-06-04T16:41:46.391Z\",\"time_switch\":327680.6},{\"sender\":\"trial_screen\",\"sender_type\":\"canvas.Screen\",\"sender_id\":\"9_24\",\"correct\":true,\"trial_ID\":25,\"word1\":\"Ig\u00e4de\",\"word2\":\"D\u00e4gie\",\"word3\":\"\u00c4gide\",\"word4\":\"Dig\u00e4de\",\"word5\":\"Giad\",\"response\":\"3\",\"response_action\":\"keypress(3)\",\"correctResponse\":\"3\",\"ended_on\":\"response\",\"duration\":4191.400000000023,\"time_run\":327672,\"time_render\":327672.92,\"time_show\":327680.6,\"time_end\":331872,\"time_commit\":331876,\"timestamp\":\"2021-06-04T16:41:50.613Z\",\"time_switch\":331900.86},{\"sender\":\"trial_screen\",\"sender_type\":\"canvas.Screen\",\"sender_id\":\"9_25\",\"correct\":true,\"trial_ID\":26,\"word1\":\"Rixal\",\"word2\":\"Irtax\",\"word3\":\"Rackizie\",\"word4\":\"Matrix\",\"word5\":\"Atrige\",\"response\":\"4\",\"response_action\":\"keypress(4)\",\"correctResponse\":\"4\",\"ended_on\":\"response\",\"duration\":1690.140000000014,\"time_run\":331896,\"time_render\":331896.36,\"time_show\":331900.86,\"time_end\":333591,\"time_commit\":333598,\"timestamp\":\"2021-06-04T16:41:52.335Z\",\"time_switch\":333635.44},{\"sender\":\"trial_screen\",\"sender_type\":\"canvas.Screen\",\"sender_id\":\"9_26\",\"correct\":true,\"trial_ID\":27,\"word1\":\"Haskisch\",\"word2\":\"Asmisch\",\"word3\":\"Schisma\",\"word4\":\"Rasthmie\",\"word5\":\"Ilschah\",\"response\":\"3\",\"response_action\":\"keypress(3)\",\"correctResponse\":\"3\",\"ended_on\":\"response\",\"duration\":5392.559999999998,\"time_run\":333615,\"time_render\":333615.6,\"time_show\":333635.44,\"time_end\":339028,\"time_commit\":339047,\"timestamp\":\"2021-06-04T16:41:57.783Z\",\"time_switch\":339061.78},{\"sender\":\"trial_screen\",\"sender_type\":\"canvas.Screen\",\"sender_id\":\"9_27\",\"correct\":true,\"trial_ID\":28,\"word1\":\"Sallose\",\"word2\":\"Lordose\",\"word3\":\"Dormase\",\"word4\":\"Rollase\",\"word5\":\"Ardierole\",\"response\":\"2\",\"response_action\":\"keypress(2)\",\"correctResponse\":\"2\",\"ended_on\":\"response\",\"duration\":9356.219999999972,\"time_run\":339057,\"time_render\":339057.12,\"time_show\":339061.78,\"time_end\":348418,\"time_commit\":348423,\"timestamp\":\"2021-06-04T16:42:07.159Z\",\"time_switch\":348461.48},{\"sender\":\"trial_screen\",\"sender_type\":\"canvas.Screen\",\"sender_id\":\"9_28\",\"correct\":false,\"trial_ID\":29,\"word1\":\"Intranotion\",\"word2\":\"Infranatura\",\"word3\":\"Internodium\",\"word4\":\"Indotalie\",\"word5\":\"Indosta\",\"response\":\"2\",\"response_action\":\"keypress(2)\",\"correctResponse\":\"3\",\"ended_on\":\"response\",\"duration\":5956.520000000019,\"time_run\":348441,\"time_render\":348441.2,\"time_show\":348461.48,\"time_end\":354418,\"time_commit\":354434,\"timestamp\":\"2021-06-04T16:42:13.170Z\",\"time_switch\":354466.84},{\"sender\":\"trial_screen\",\"sender_type\":\"canvas.Screen\",\"sender_id\":\"9_29\",\"correct\":false,\"trial_ID\":30,\"word1\":\"Idaste\",\"word2\":\"Dastrix\",\"word3\":\"Astike\",\"word4\":\"Sadile\",\"word5\":\"Kasside\",\"response\":\"2\",\"response_action\":\"keypress(2)\",\"correctResponse\":\"5\",\"ended_on\":\"response\",\"duration\":5202.159999999974,\"time_run\":354452,\"time_render\":354451.82,\"time_show\":354466.84,\"time_end\":359669,\"time_commit\":359686,\"timestamp\":\"2021-06-04T16:42:18.422Z\",\"time_switch\":359718.42},{\"sender\":\"trial_screen\",\"sender_type\":\"canvas.Screen\",\"sender_id\":\"9_30\",\"correct\":false,\"trial_ID\":31,\"word1\":\"Libration\",\"word2\":\"Bilation\",\"word3\":\"Arlation\",\"word4\":\"Iberation\",\"word5\":\"Tiradon\",\"response\":\"2\",\"response_action\":\"keypress(2)\",\"correctResponse\":\"1\",\"ended_on\":\"response\",\"duration\":3934.5800000000163,\"time_run\":359703,\"time_render\":359703.12,\"time_show\":359718.42,\"time_end\":363653,\"time_commit\":363667,\"timestamp\":\"2021-06-04T16:42:22.403Z\",\"time_switch\":363689.52},{\"sender\":\"trial_screen\",\"sender_type\":\"canvas.Screen\",\"sender_id\":\"9_31\",\"correct\":false,\"trial_ID\":32,\"word1\":\"Pucker\",\"word2\":\"Keuper\",\"word3\":\"Eucker\",\"word4\":\"Reuspeck\",\"word5\":\"Urkane\",\"response\":\"3\",\"response_action\":\"keypress(3)\",\"correctResponse\":\"2\",\"ended_on\":\"response\",\"duration\":6166.479999999981,\"time_run\":363680,\"time_render\":363680.56,\"time_show\":363689.52,\"time_end\":369856,\"time_commit\":369869,\"timestamp\":\"2021-06-04T16:42:28.606Z\",\"time_switch\":369896.94},{\"sender\":\"trial_screen\",\"sender_type\":\"canvas.Screen\",\"sender_id\":\"9_32\",\"correct\":false,\"trial_ID\":33,\"word1\":\"Sickaber\",\"word2\":\"Bassiker\",\"word3\":\"Kassiber\",\"word4\":\"Sassiker\",\"word5\":\"Askiber\",\"response\":\"5\",\"response_action\":\"keypress(5)\",\"correctResponse\":\"3\",\"ended_on\":\"response\",\"duration\":5350.059999999998,\"time_run\":369880,\"time_render\":369880.24,\"time_show\":369896.94,\"time_end\":375247,\"time_commit\":375265,\"timestamp\":\"2021-06-04T16:42:34.001Z\",\"time_switch\":375298.46},{\"sender\":\"trial_screen\",\"sender_type\":\"canvas.Screen\",\"sender_id\":\"9_33\",\"correct\":true,\"trial_ID\":34,\"word1\":\"Alquallon\",\"word2\":\"Lisqualien\",\"word3\":\"Talquallen\",\"word4\":\"Quisquilien\",\"word5\":\"Rielquellen\",\"response\":\"4\",\"response_action\":\"keypress(4)\",\"correctResponse\":\"4\",\"ended_on\":\"response\",\"duration\":7806.539999999979,\"time_run\":375279,\"time_render\":375278.52,\"time_show\":375298.46,\"time_end\":383105,\"time_commit\":383122,\"timestamp\":\"2021-06-04T16:42:41.858Z\",\"time_switch\":383138.16},{\"sender\":\"trial_screen\",\"sender_type\":\"canvas.Screen\",\"sender_id\":\"9_34\",\"correct\":false,\"trial_ID\":35,\"word1\":\"Berkiza\",\"word2\":\"Brekzie\",\"word3\":\"Birakzie\",\"word4\":\"Brikazie\",\"word5\":\"Bakiria\",\"response\":\"4\",\"response_action\":\"keypress(4)\",\"correctResponse\":\"2\",\"ended_on\":\"response\",\"duration\":6295.840000000026,\"time_run\":383135,\"time_render\":383135.24,\"time_show\":383138.16,\"time_end\":389434,\"time_commit\":389453,\"timestamp\":\"2021-06-04T16:42:48.188Z\",\"time_switch\":389472.18},{\"sender\":\"loop_trial\",\"sender_type\":\"flow.Loop\",\"sender_id\":\"9\",\"ended_on\":\"completion\",\"duration\":180439.58,\"time_run\":208979,\"time_render\":208984.72,\"time_show\":208994.42,\"time_end\":389434,\"time_commit\":389454,\"timestamp\":\"2021-06-04T16:42:48.190Z\",\"time_switch\":389472.18},{\"sender\":\"end_html\",\"sender_type\":\"html.Screen\",\"sender_id\":\"10\",\"ended_on\":\"timeout\",\"duration\":6005.5,\"time_run\":389454,\"time_render\":389454.84,\"time_show\":389472.18,\"time_end\":395452.68,\"time_commit\":395454,\"timestamp\":\"2021-06-04T16:42:54.191Z\",\"time_switch\":395477.68},{\"sender\":\"root\",\"sender_type\":\"flow.Sequence\",\"sender_id\":null,\"ended_on\":\"completion\",\"duration\":394552.72,\"time_run\":826,\"time_render\":874.96,\"time_show\":899.96,\"time_end\":395452.68,\"time_commit\":395455,\"timestamp\":\"2021-06-04T16:42:54.192Z\",\"time_switch\":395477.68}]",
    "metadata": "{\"slice\":0,\"id\":\"808eb86b-2b33-4f6c-ad12-fbe1dbb459b7\",\"payload\":\"full\"}",
    "url": "https://exp01.zih.tu-dresden.de/experiments/spot_a_word_task/"
}