{
    "data": "[{\"url\":{},\"meta\":{\"labjs_version\":\"20.1.1\",\"labjs_build\":{\"flavor\":\"production\",\"commit\":\"cd5695f774968f50499757c1423bd95d033ea08e\"},\"location\":\"https://exp02.zih.tu-dresden.de/experiments/raven_task/\",\"userAgent\":\"Mozilla/5.0 (Windows NT 10.0; Win64; x64; rv:94.0) Gecko/20100101 Firefox/94.0\",\"platform\":\"Win32\",\"language\":\"de\",\"locale\":\"de-DE\",\"timeZone\":\"Europe/Berlin\",\"timezoneOffset\":-60,\"screen_width\":1920,\"screen_height\":1200,\"scroll_width\":1706,\"scroll_height\":999,\"window_innerWidth\":1706,\"window_innerHeight\":1047,\"devicePixelRatio\":1},\"sender\":\"welcome\",\"sender_type\":\"canvas.Screen\",\"sender_id\":\"0\",\"ended_on\":\"timeout\",\"duration\":8006.780000000001,\"time_run\":487,\"time_render\":499.38,\"time_show\":516.06,\"time_end\":8506.16,\"time_commit\":8511,\"timestamp\":\"2021-12-02T10:30:48.525Z\",\"time_switch\":8522.84},{\"sender\":\"instructions\",\"sender_type\":\"html.Page\",\"sender_id\":\"1\",\"response\":\"Space\",\"response_action\":\"keypress(Space)\",\"ended_on\":\"response\",\"duration\":55947.16,\"time_run\":8513,\"time_render\":8506.16,\"time_show\":8522.84,\"time_end\":64470,\"time_commit\":64495,\"timestamp\":\"2021-12-02T10:31:44.510Z\",\"time_switch\":64502.58},{\"sender\":\"example1\",\"sender_type\":\"canvas.Screen\",\"sender_id\":\"2\",\"response\":\"8\",\"response_action\":\"click(0) @8\",\"correctResponse\":\"8\",\"correct\":true,\"ended_on\":\"response\",\"duration\":9108.419999999998,\"time_run\":64496,\"time_render\":64496,\"time_show\":64502.58,\"time_end\":73611,\"time_commit\":73624,\"timestamp\":\"2021-12-02T10:31:53.639Z\",\"time_switch\":73643.5},{\"sender\":\"example1_feedback\",\"sender_type\":\"canvas.Screen\",\"sender_id\":\"3\",\"response\":\"space\",\"response_action\":\"keypress(Space)\",\"ended_on\":\"response\",\"duration\":2779.5,\"time_run\":73629,\"time_render\":73629.02,\"time_show\":73643.5,\"time_end\":76423,\"time_commit\":76441,\"timestamp\":\"2021-12-02T10:31:56.455Z\",\"time_switch\":76446},{\"sender\":\"example2\",\"sender_type\":\"canvas.Screen\",\"sender_id\":\"4\",\"response\":\"4\",\"response_action\":\"click(0) @4\",\"correctResponse\":\"4\",\"correct\":true,\"ended_on\":\"response\",\"duration\":8509,\"time_run\":76442,\"time_render\":76441.72,\"time_show\":76446,\"time_end\":84955,\"time_commit\":84975,\"timestamp\":\"2021-12-02T10:32:04.989Z\",\"time_switch\":85003.02},{\"sender\":\"example2_feedback\",\"sender_type\":\"canvas.Screen\",\"sender_id\":\"5\",\"response\":\"space\",\"response_action\":\"keypress(Space)\",\"ended_on\":\"response\",\"duration\":5186.979999999996,\"time_run\":84977,\"time_render\":84986.44,\"time_show\":85003.02,\"time_end\":90190,\"time_commit\":90209,\"timestamp\":\"2021-12-02T10:32:10.222Z\",\"time_switch\":90209.92},{\"sender\":\"get ready\",\"sender_type\":\"canvas.Screen\",\"sender_id\":\"6\",\"response\":\"Space\",\"response_action\":\"keypress(Space)\",\"ended_on\":\"response\",\"duration\":13448.080000000002,\"time_run\":90209,\"time_render\":90209.46,\"time_show\":90209.92,\"time_end\":103658,\"time_commit\":103672,\"timestamp\":\"2021-12-02T10:32:23.686Z\",\"time_switch\":103685.14},{\"sender\":\"test01\",\"sender_type\":\"canvas.Screen\",\"sender_id\":\"7_0\",\"response\":\"7\",\"response_action\":\"click(0) @7\",\"correctResponse\":\"7\",\"correct\":true,\"ended_on\":\"response\",\"duration\":29331.86,\"time_run\":103673,\"time_render\":103673.7,\"time_show\":103685.14,\"time_end\":133017,\"time_commit\":133039,\"timestamp\":\"2021-12-02T10:32:53.053Z\",\"time_switch\":133043.04},{\"sender\":\"test02\",\"sender_type\":\"canvas.Screen\",\"sender_id\":\"7_1\",\"response\":\"4\",\"response_action\":\"click(0) @4\",\"correctResponse\":\"4\",\"correct\":true,\"ended_on\":\"response\",\"duration\":35629.95999999999,\"time_run\":133039,\"time_render\":133038.26,\"time_show\":133043.04,\"time_end\":168673,\"time_commit\":168703,\"timestamp\":\"2021-12-02T10:33:28.717Z\",\"time_switch\":168705.94},{\"sender\":\"test03\",\"sender_type\":\"canvas.Screen\",\"sender_id\":\"7_2\",\"response\":\"6\",\"response_action\":\"click(0) @6\",\"correctResponse\":\"6\",\"correct\":true,\"ended_on\":\"response\",\"duration\":25467.059999999998,\"time_run\":168703,\"time_render\":168702.12,\"time_show\":168705.94,\"time_end\":194173,\"time_commit\":194183,\"timestamp\":\"2021-12-02T10:33:54.196Z\",\"time_switch\":194193.62},{\"sender\":\"test04\",\"sender_type\":\"canvas.Screen\",\"sender_id\":\"7_3\",\"response\":\"2\",\"response_action\":\"click(0) @2\",\"correctResponse\":\"2\",\"correct\":true,\"ended_on\":\"response\",\"duration\":32448.380000000005,\"time_run\":194183,\"time_render\":194182.26,\"time_show\":194193.62,\"time_end\":226642,\"time_commit\":226648,\"timestamp\":\"2021-12-02T10:34:26.661Z\",\"time_switch\":226653.92},{\"sender\":\"test05\",\"sender_type\":\"canvas.Screen\",\"sender_id\":\"7_4\",\"response\":\"5\",\"response_action\":\"click(0) @5\",\"correctResponse\":\"4\",\"correct\":false,\"ended_on\":\"response\",\"duration\":39613.07999999999,\"time_run\":226648,\"time_render\":226646.1,\"time_show\":226653.92,\"time_end\":266267,\"time_commit\":266272,\"timestamp\":\"2021-12-02T10:35:06.286Z\",\"time_switch\":266286.76},{\"sender\":\"test06\",\"sender_type\":\"canvas.Screen\",\"sender_id\":\"7_5\",\"response\":\"7\",\"response_action\":\"click(0) @7\",\"correctResponse\":\"7\",\"correct\":true,\"ended_on\":\"response\",\"duration\":24683.23999999999,\"time_run\":266273,\"time_render\":266270.08,\"time_show\":266286.76,\"time_end\":290970,\"time_commit\":290983,\"timestamp\":\"2021-12-02T10:35:30.997Z\",\"time_switch\":290990.92},{\"sender\":\"test07\",\"sender_type\":\"canvas.Screen\",\"sender_id\":\"7_6\",\"response\":\"4\",\"response_action\":\"click(0) @4\",\"correctResponse\":\"8\",\"correct\":false,\"ended_on\":\"response\",\"duration\":35464.080000000016,\"time_run\":290984,\"time_render\":290982.26,\"time_show\":290990.92,\"time_end\":326455,\"time_commit\":326462,\"timestamp\":\"2021-12-02T10:36:06.477Z\",\"time_switch\":326470.38},{\"sender\":\"test08\",\"sender_type\":\"canvas.Screen\",\"sender_id\":\"7_7\",\"response\":\"1\",\"response_action\":\"click(0) @1\",\"correctResponse\":\"7\",\"correct\":false,\"ended_on\":\"response\",\"duration\":54249.619999999995,\"time_run\":326463,\"time_render\":326462.18,\"time_show\":326470.38,\"time_end\":380720,\"time_commit\":380727,\"timestamp\":\"2021-12-02T10:37:00.741Z\",\"time_switch\":380731.86},{\"sender\":\"test09\",\"sender_type\":\"canvas.Screen\",\"sender_id\":\"7_8\",\"response\":\"8\",\"response_action\":\"click(0) @8\",\"correctResponse\":\"5\",\"correct\":false,\"ended_on\":\"response\",\"duration\":39832.140000000014,\"time_run\":380728,\"time_render\":380726.28,\"time_show\":380731.86,\"time_end\":420564,\"time_commit\":420590,\"timestamp\":\"2021-12-02T10:37:40.604Z\",\"time_switch\":420598.58},{\"sender\":\"test10\",\"sender_type\":\"canvas.Screen\",\"sender_id\":\"7_9\",\"response\":\"8\",\"response_action\":\"click(0) @8\",\"correctResponse\":\"5\",\"correct\":false,\"ended_on\":\"response\",\"duration\":71903.41999999998,\"time_run\":420591,\"time_render\":420590.26,\"time_show\":420598.58,\"time_end\":492502,\"time_commit\":492511,\"timestamp\":\"2021-12-02T10:38:52.525Z\",\"time_switch\":492524.66},{\"sender\":\"test11\",\"sender_type\":\"canvas.Screen\",\"sender_id\":\"7_10\",\"response\":\"4\",\"response_action\":\"click(0) @4\",\"correctResponse\":\"4\",\"correct\":true,\"ended_on\":\"response\",\"duration\":109477.34000000003,\"time_run\":492511,\"time_render\":492510.3,\"time_show\":492524.66,\"time_end\":602002,\"time_commit\":602023,\"timestamp\":\"2021-12-02T10:40:42.037Z\",\"time_switch\":602032.26},{\"sender\":\"test12\",\"sender_type\":\"canvas.Screen\",\"sender_id\":\"7_11\",\"response\":\"3\",\"response_action\":\"click(0) @3\",\"correctResponse\":\"1\",\"correct\":false,\"ended_on\":\"response\",\"duration\":50172.73999999999,\"time_run\":602023,\"time_render\":602022.3,\"time_show\":602032.26,\"time_end\":652205,\"time_commit\":652223,\"timestamp\":\"2021-12-02T10:41:32.237Z\",\"time_switch\":652223.98},{\"sender\":\"tests (15min)\",\"sender_type\":\"flow.Sequence\",\"sender_id\":\"7\",\"ended_on\":\"completion\",\"duration\":548519.86,\"time_run\":103673,\"time_render\":103673.7,\"time_show\":103685.14,\"time_end\":652205,\"time_commit\":652223,\"timestamp\":\"2021-12-02T10:41:32.238Z\",\"time_switch\":652223.98},{\"sender\":\"good bye\",\"sender_type\":\"canvas.Screen\",\"sender_id\":\"8\",\"ended_on\":\"timeout\",\"duration\":4003.5200000000186,\"time_run\":652224,\"time_render\":652222.26,\"time_show\":652223.98,\"time_end\":656210.82,\"time_commit\":656214,\"timestamp\":\"2021-12-02T10:41:36.228Z\",\"time_switch\":656227.5},{\"sender\":\"root\",\"sender_type\":\"flow.Sequence\",\"sender_id\":null,\"ended_on\":\"completion\",\"duration\":655694.7599999999,\"time_run\":487,\"time_render\":499.38,\"time_show\":516.06,\"time_end\":656210.82,\"time_commit\":656217,\"timestamp\":\"2021-12-02T10:41:36.231Z\",\"time_switch\":656227.5}]",
    "metadata": "{\"slice\":0,\"id\":\"15836562-05dd-4c32-9192-738e290f2c7b\",\"payload\":\"full\"}",
    "url": "https://exp02.zih.tu-dresden.de/experiments/raven_task/"
}