{
    "data": "[{\"url\":{},\"meta\":{\"labjs_version\":\"20.2.3\",\"labjs_build\":{\"flavor\":\"production\",\"commit\":\"7ea907d66ca8aeef8054924ca5d82ffbe11e34e5\"},\"location\":\"https://exp05.zih.tu-dresden.de/experiments/raven_task/\",\"userAgent\":\"Mozilla/5.0 (Windows NT 10.0; Win64; x64) AppleWebKit/537.36 (KHTML, like Gecko) Chrome/91.0.4472.124 Safari/537.36 Edg/91.0.864.64\",\"platform\":\"Win32\",\"language\":\"de\",\"locale\":\"de\",\"timeZone\":\"Europe/Berlin\",\"timezoneOffset\":-120,\"screen_width\":1366,\"screen_height\":768,\"scroll_width\":1366,\"scroll_height\":647,\"window_innerWidth\":1366,\"window_innerHeight\":695,\"devicePixelRatio\":1},\"sender\":\"welcome\",\"sender_type\":\"canvas.Screen\",\"sender_id\":\"0\",\"ended_on\":\"timeout\",\"duration\":8065.806999999997,\"time_run\":10868.900000095367,\"time_render\":8127.12,\"time_show\":20025.721,\"time_end\":28008.178,\"time_commit\":28015.200000286102,\"timestamp\":\"2021-07-05T09:31:59.000Z\",\"time_switch\":28091.528},{\"sender\":\"instructions\",\"sender_type\":\"html.Page\",\"sender_id\":\"1\",\"response\":\"Space\",\"response_action\":\"keypress(Space)\",\"ended_on\":\"response\",\"duration\":28393.172000286104,\"time_run\":28016,\"time_render\":28008.178,\"time_show\":28091.528,\"time_end\":56484.7000002861,\"time_commit\":56488.7000002861,\"timestamp\":\"2021-07-05T09:32:27.473Z\",\"time_switch\":56571.604},{\"sender\":\"example1\",\"sender_type\":\"canvas.Screen\",\"sender_id\":\"2\",\"response\":\"8\",\"response_action\":\"click(0) @8\",\"correctResponse\":\"8\",\"correct\":true,\"ended_on\":\"response\",\"duration\":7569.995999904633,\"time_run\":56489.09999990463,\"time_render\":56470.684,\"time_show\":56571.604,\"time_end\":64141.59999990463,\"time_commit\":64279.300000190735,\"timestamp\":\"2021-07-05T09:32:35.264Z\",\"time_switch\":65203.971},{\"sender\":\"example1_feedback\",\"sender_type\":\"canvas.Screen\",\"sender_id\":\"3\",\"response\":\"space\",\"response_action\":\"keypress(Space)\",\"ended_on\":\"response\",\"duration\":1772.4290000953697,\"time_run\":65195,\"time_render\":65187.307,\"time_show\":65203.971,\"time_end\":66976.40000009537,\"time_commit\":66976.90000009537,\"timestamp\":\"2021-07-05T09:32:37.961Z\",\"time_switch\":66987.164},{\"sender\":\"example2\",\"sender_type\":\"canvas.Screen\",\"sender_id\":\"4\",\"response\":\"4\",\"response_action\":\"click(0) @4\",\"correctResponse\":\"4\",\"correct\":true,\"ended_on\":\"response\",\"duration\":4756.236000095363,\"time_run\":66977,\"time_render\":66970.786,\"time_show\":66987.164,\"time_end\":71743.40000009537,\"time_commit\":71744.59999990463,\"timestamp\":\"2021-07-05T09:32:42.729Z\",\"time_switch\":71803.231},{\"sender\":\"example2_feedback\",\"sender_type\":\"canvas.Screen\",\"sender_id\":\"5\",\"response\":\"space\",\"response_action\":\"keypress(Space)\",\"ended_on\":\"response\",\"duration\":1432.9690002861025,\"time_run\":71796.09999990463,\"time_render\":71786.65,\"time_show\":71803.231,\"time_end\":73236.2000002861,\"time_commit\":73237.30000019073,\"timestamp\":\"2021-07-05T09:32:44.222Z\",\"time_switch\":73386.496},{\"sender\":\"get ready\",\"sender_type\":\"canvas.Screen\",\"sender_id\":\"6\",\"response\":\"Space\",\"response_action\":\"keypress(Space)\",\"ended_on\":\"response\",\"duration\":12667.103999904633,\"time_run\":73237.7000002861,\"time_render\":73236.747,\"time_show\":73386.496,\"time_end\":86053.59999990463,\"time_commit\":86055.09999990463,\"timestamp\":\"2021-07-05T09:32:57.040Z\",\"time_switch\":86151.745},{\"sender\":\"test01\",\"sender_type\":\"canvas.Screen\",\"sender_id\":\"7_0\",\"response\":\"7\",\"response_action\":\"click(0) @7\",\"correctResponse\":\"7\",\"correct\":true,\"ended_on\":\"response\",\"duration\":6582.854999904637,\"time_run\":86055.5,\"time_render\":86051.587,\"time_show\":86151.745,\"time_end\":92734.59999990463,\"time_commit\":92735.40000009537,\"timestamp\":\"2021-07-05T09:33:03.720Z\",\"time_switch\":92750.976},{\"sender\":\"test02\",\"sender_type\":\"canvas.Screen\",\"sender_id\":\"7_1\",\"response\":\"4\",\"response_action\":\"click(0) @4\",\"correctResponse\":\"4\",\"correct\":true,\"ended_on\":\"response\",\"duration\":7455.524000000005,\"time_run\":92735.5,\"time_render\":92734.386,\"time_show\":92750.976,\"time_end\":100206.5,\"time_commit\":100207.30000019073,\"timestamp\":\"2021-07-05T09:33:11.192Z\",\"time_switch\":100233.469},{\"sender\":\"test03\",\"sender_type\":\"canvas.Screen\",\"sender_id\":\"7_2\",\"response\":\"6\",\"response_action\":\"click(0) @6\",\"correctResponse\":\"6\",\"correct\":true,\"ended_on\":\"response\",\"duration\":8517.130999904635,\"time_run\":100207.40000009537,\"time_render\":100200.137,\"time_show\":100233.469,\"time_end\":108750.59999990463,\"time_commit\":108751.2000002861,\"timestamp\":\"2021-07-05T09:33:19.736Z\",\"time_switch\":108765.907},{\"sender\":\"test04\",\"sender_type\":\"canvas.Screen\",\"sender_id\":\"7_3\",\"response\":\"2\",\"response_action\":\"click(0) @2\",\"correctResponse\":\"2\",\"correct\":true,\"ended_on\":\"response\",\"duration\":14633.592999999993,\"time_run\":108751.40000009537,\"time_render\":108749.325,\"time_show\":108765.907,\"time_end\":123399.5,\"time_commit\":123400.2000002861,\"timestamp\":\"2021-07-05T09:33:34.385Z\",\"time_switch\":123414.266},{\"sender\":\"test05\",\"sender_type\":\"canvas.Screen\",\"sender_id\":\"7_4\",\"response\":\"4\",\"response_action\":\"click(0) @4\",\"correctResponse\":\"4\",\"correct\":true,\"ended_on\":\"response\",\"duration\":7441.333999904629,\"time_run\":123400.40000009537,\"time_render\":123397.27,\"time_show\":123414.266,\"time_end\":130855.59999990463,\"time_commit\":130856.2000002861,\"timestamp\":\"2021-07-05T09:33:41.841Z\",\"time_switch\":130863.414},{\"sender\":\"test06\",\"sender_type\":\"canvas.Screen\",\"sender_id\":\"7_5\",\"response\":\"7\",\"response_action\":\"click(0) @7\",\"correctResponse\":\"7\",\"correct\":true,\"ended_on\":\"response\",\"duration\":32288.085999999996,\"time_run\":130856.40000009537,\"time_render\":130846.862,\"time_show\":130863.414,\"time_end\":163151.5,\"time_commit\":163152.2000002861,\"timestamp\":\"2021-07-05T09:34:14.137Z\",\"time_switch\":163159.868},{\"sender\":\"test07\",\"sender_type\":\"canvas.Screen\",\"sender_id\":\"7_6\",\"response\":\"4\",\"response_action\":\"click(0) @4\",\"correctResponse\":\"8\",\"correct\":false,\"ended_on\":\"response\",\"duration\":38529.53200009538,\"time_run\":163152.40000009537,\"time_render\":163143.297,\"time_show\":163159.868,\"time_end\":201689.40000009537,\"time_commit\":201690.09999990463,\"timestamp\":\"2021-07-05T09:34:52.675Z\",\"time_switch\":201705.584},{\"sender\":\"test08\",\"sender_type\":\"canvas.Screen\",\"sender_id\":\"7_7\",\"response\":\"7\",\"response_action\":\"click(0) @7\",\"correctResponse\":\"7\",\"correct\":true,\"ended_on\":\"response\",\"duration\":10917.816000095365,\"time_run\":201690.2000002861,\"time_render\":201688.977,\"time_show\":201705.584,\"time_end\":212623.40000009537,\"time_commit\":212624.09999990463,\"timestamp\":\"2021-07-05T09:35:03.609Z\",\"time_switch\":212637.732},{\"sender\":\"test09\",\"sender_type\":\"canvas.Screen\",\"sender_id\":\"7_8\",\"response\":\"4\",\"response_action\":\"click(0) @4\",\"correctResponse\":\"5\",\"correct\":false,\"ended_on\":\"response\",\"duration\":65736.46800028611,\"time_run\":212624.2000002861,\"time_render\":212621.159,\"time_show\":212637.732,\"time_end\":278374.2000002861,\"time_commit\":278374.80000019073,\"timestamp\":\"2021-07-05T09:36:09.359Z\",\"time_switch\":278397.08},{\"sender\":\"test10\",\"sender_type\":\"canvas.Screen\",\"sender_id\":\"7_9\",\"response\":\"5\",\"response_action\":\"click(0) @5\",\"correctResponse\":\"5\",\"correct\":true,\"ended_on\":\"response\",\"duration\":35216.120000286086,\"time_run\":278374.90000009537,\"time_render\":278363.767,\"time_show\":278397.08,\"time_end\":313613.2000002861,\"time_commit\":313613.80000019073,\"timestamp\":\"2021-07-05T09:36:44.599Z\",\"time_switch\":313626.611},{\"sender\":\"test11\",\"sender_type\":\"canvas.Screen\",\"sender_id\":\"7_10\",\"response\":\"4\",\"response_action\":\"click(0) @4\",\"correctResponse\":\"4\",\"correct\":true,\"ended_on\":\"response\",\"duration\":28584.589000286127,\"time_run\":313614,\"time_render\":313609.81,\"time_show\":313626.611,\"time_end\":342211.2000002861,\"time_commit\":342211.80000019073,\"timestamp\":\"2021-07-05T09:37:13.197Z\",\"time_switch\":342223.441},{\"sender\":\"test12\",\"sender_type\":\"canvas.Screen\",\"sender_id\":\"7_11\",\"response\":\"1\",\"response_action\":\"click(0) @1\",\"correctResponse\":\"1\",\"correct\":true,\"ended_on\":\"response\",\"duration\":59491.55900000001,\"time_run\":342212,\"time_render\":342206.681,\"time_show\":342223.441,\"time_end\":401715,\"time_commit\":401715.59999990463,\"timestamp\":\"2021-07-05T09:38:12.700Z\",\"time_switch\":401733.467},{\"sender\":\"tests (15min)\",\"sender_type\":\"flow.Sequence\",\"sender_id\":\"7\",\"ended_on\":\"completion\",\"duration\":315563.255,\"time_run\":86055.40000009537,\"time_render\":86051.587,\"time_show\":86151.745,\"time_end\":401715,\"time_commit\":401717.7000002861,\"timestamp\":\"2021-07-05T09:38:12.702Z\",\"time_switch\":401733.467},{\"sender\":\"good bye\",\"sender_type\":\"canvas.Screen\",\"sender_id\":\"8\",\"ended_on\":\"timeout\",\"duration\":3999.6940000000177,\"time_run\":401718,\"time_render\":401716.929,\"time_show\":401733.467,\"time_end\":405716.411,\"time_commit\":405717.80000019073,\"timestamp\":\"2021-07-05T09:38:16.702Z\",\"time_switch\":405733.161},{\"sender\":\"root\",\"sender_type\":\"flow.Sequence\",\"sender_id\":null,\"ended_on\":\"completion\",\"duration\":385690.69,\"time_run\":10867.800000190735,\"time_render\":8127.12,\"time_show\":20025.721,\"time_end\":405716.411,\"time_commit\":405718.90000009537,\"timestamp\":\"2021-07-05T09:38:16.703Z\",\"time_switch\":405733.161}]",
    "metadata": "{\"slice\":0,\"id\":\"ba5efee8-573e-425a-805b-0385cc77c8a0\",\"payload\":\"full\"}",
    "url": "https://exp05.zih.tu-dresden.de/experiments/raven_task/"
}