{
    "data": "[{\"url\":{},\"meta\":{\"labjs_version\":\"20.1.1\",\"labjs_build\":{\"flavor\":\"production\",\"commit\":\"cd5695f774968f50499757c1423bd95d033ea08e\"},\"location\":\"https://exp01.zih.tu-dresden.de/experiments/raven_task/\",\"userAgent\":\"Mozilla/5.0 (Windows NT 10.0; Win64; x64) AppleWebKit/537.36 (KHTML, like Gecko) Chrome/90.0.4430.212 Safari/537.36\",\"platform\":\"Win32\",\"language\":\"de-DE\",\"locale\":\"de\",\"timeZone\":\"Europe/Berlin\",\"timezoneOffset\":-120,\"screen_width\":1920,\"screen_height\":1080,\"scroll_width\":1920,\"scroll_height\":921,\"window_innerWidth\":1920,\"window_innerHeight\":969,\"devicePixelRatio\":1},\"sender\":\"welcome\",\"sender_type\":\"canvas.Screen\",\"sender_id\":\"0\",\"response\":\"any\",\"response_action\":\"keypress\",\"ended_on\":\"response\",\"duration\":2379.993000006035,\"time_run\":4754.4249999918975,\"time_render\":4676.405,\"time_show\":4743.112,\"time_end\":7123.105000006035,\"time_commit\":7124.780000012834,\"timestamp\":\"2021-06-01T10:21:20.962Z\",\"time_switch\":7128.073},{\"sender\":\"instructions\",\"sender_type\":\"html.Page\",\"sender_id\":\"1\",\"response\":\"Space\",\"response_action\":\"keypress(Space)\",\"ended_on\":\"response\",\"duration\":30038.181999989178,\"time_run\":7125.1200000115205,\"time_render\":7111.52,\"time_show\":7128.073,\"time_end\":37166.25499998918,\"time_commit\":37169.64999999618,\"timestamp\":\"2021-06-01T10:21:51.007Z\",\"time_switch\":37182.064},{\"sender\":\"example1\",\"sender_type\":\"canvas.Screen\",\"sender_id\":\"2\",\"response\":\"8\",\"response_action\":\"click(0) @8\",\"correctResponse\":\"8\",\"correct\":true,\"ended_on\":\"response\",\"duration\":12634.165999996723,\"time_run\":37169.985000015,\"time_render\":37165.205,\"time_show\":37182.064,\"time_end\":49816.22999999672,\"time_commit\":49817.1399999992,\"timestamp\":\"2021-06-01T10:22:03.655Z\",\"time_switch\":49890.78},{\"sender\":\"example1_feedback\",\"sender_type\":\"canvas.Screen\",\"sender_id\":\"3\",\"response\":\"space\",\"response_action\":\"keypress(Space)\",\"ended_on\":\"response\",\"duration\":2853.9800000014075,\"time_run\":49876.04000000283,\"time_render\":49874.398,\"time_show\":49890.78,\"time_end\":52744.760000001406,\"time_commit\":52747.31000000611,\"timestamp\":\"2021-06-01T10:22:06.585Z\",\"time_switch\":52759.433},{\"sender\":\"example2\",\"sender_type\":\"canvas.Screen\",\"sender_id\":\"4\",\"response\":\"4\",\"response_action\":\"click(0) @4\",\"correctResponse\":\"4\",\"correct\":true,\"ended_on\":\"response\",\"duration\":4933.7719999886685,\"time_run\":52747.94999998994,\"time_render\":52743.059,\"time_show\":52759.433,\"time_end\":57693.204999988666,\"time_commit\":57693.980000010924,\"timestamp\":\"2021-06-01T10:22:11.531Z\",\"time_switch\":57762.833},{\"sender\":\"example2_feedback\",\"sender_type\":\"canvas.Screen\",\"sender_id\":\"5\",\"response\":\"space\",\"response_action\":\"keypress(Space)\",\"ended_on\":\"response\",\"duration\":2032.232000012984,\"time_run\":57751.619999995455,\"time_render\":57746.316,\"time_show\":57762.833,\"time_end\":59795.06500001298,\"time_commit\":59796.75499998848,\"timestamp\":\"2021-06-01T10:22:13.634Z\",\"time_switch\":59814.254},{\"sender\":\"get ready\",\"sender_type\":\"canvas.Screen\",\"sender_id\":\"6\",\"response\":\"Space\",\"response_action\":\"keypress(Space)\",\"ended_on\":\"response\",\"duration\":4660.326000009154,\"time_run\":59797.30999999447,\"time_render\":59797.784,\"time_show\":59814.254,\"time_end\":64474.580000009155,\"time_commit\":64476.83500000858,\"timestamp\":\"2021-06-01T10:22:18.314Z\",\"time_switch\":64484.116},{\"sender\":\"test01\",\"sender_type\":\"canvas.Screen\",\"sender_id\":\"7_0\",\"response\":\"7\",\"response_action\":\"click(0) @7\",\"correctResponse\":\"7\",\"correct\":true,\"ended_on\":\"response\",\"duration\":8392.304000015058,\"time_run\":64477.1999999939,\"time_render\":64467.777,\"time_show\":64484.116,\"time_end\":72876.42000001506,\"time_commit\":72877.19500000821,\"timestamp\":\"2021-06-01T10:22:26.715Z\",\"time_switch\":72889.855},{\"sender\":\"test02\",\"sender_type\":\"canvas.Screen\",\"sender_id\":\"7_1\",\"response\":\"4\",\"response_action\":\"click(0) @4\",\"correctResponse\":\"4\",\"correct\":true,\"ended_on\":\"response\",\"duration\":13271.620000000796,\"time_run\":72877.34500001534,\"time_render\":72873.423,\"time_show\":72889.855,\"time_end\":86161.47500000079,\"time_commit\":86162.48500000802,\"timestamp\":\"2021-06-01T10:22:40.000Z\",\"time_switch\":86165.696},{\"sender\":\"test03\",\"sender_type\":\"canvas.Screen\",\"sender_id\":\"7_2\",\"response\":\"6\",\"response_action\":\"click(0) @6\",\"correctResponse\":\"6\",\"correct\":true,\"ended_on\":\"response\",\"duration\":25445.71400001226,\"time_run\":86162.63999999501,\"time_render\":86149.367,\"time_show\":86165.696,\"time_end\":111611.41000001226,\"time_commit\":111612.33500001254,\"timestamp\":\"2021-06-01T10:23:05.450Z\",\"time_switch\":111616.458},{\"sender\":\"test04\",\"sender_type\":\"canvas.Screen\",\"sender_id\":\"7_3\",\"response\":\"2\",\"response_action\":\"click(0) @2\",\"correctResponse\":\"2\",\"correct\":true,\"ended_on\":\"response\",\"duration\":28154.67200000827,\"time_run\":111612.48000001069,\"time_render\":111600.104,\"time_show\":111616.458,\"time_end\":139771.13000000827,\"time_commit\":139771.8800000148,\"timestamp\":\"2021-06-01T10:23:33.609Z\",\"time_switch\":139786.054},{\"sender\":\"test05\",\"sender_type\":\"canvas.Screen\",\"sender_id\":\"7_4\",\"response\":\"4\",\"response_action\":\"click(0) @4\",\"correctResponse\":\"4\",\"correct\":true,\"ended_on\":\"response\",\"duration\":16863.23099999223,\"time_run\":139772.00500000617,\"time_render\":139769.407,\"time_show\":139786.054,\"time_end\":156649.28499999223,\"time_commit\":156650.01000001212,\"timestamp\":\"2021-06-01T10:23:50.488Z\",\"time_switch\":156664.046},{\"sender\":\"test06\",\"sender_type\":\"canvas.Screen\",\"sender_id\":\"7_5\",\"response\":\"7\",\"response_action\":\"click(0) @7\",\"correctResponse\":\"7\",\"correct\":true,\"ended_on\":\"response\",\"duration\":38613.749000001786,\"time_run\":156650.1350000035,\"time_render\":156647.624,\"time_show\":156664.046,\"time_end\":195277.7950000018,\"time_commit\":195278.58000001288,\"timestamp\":\"2021-06-01T10:24:29.116Z\",\"time_switch\":195290.574},{\"sender\":\"test07\",\"sender_type\":\"canvas.Screen\",\"sender_id\":\"7_6\",\"response\":\"4\",\"response_action\":\"click(0) @4\",\"correctResponse\":\"8\",\"correct\":false,\"ended_on\":\"response\",\"duration\":57419.6810000127,\"time_run\":195278.7299999909,\"time_render\":195274.13,\"time_show\":195290.574,\"time_end\":252710.2550000127,\"time_commit\":252711.0849999881,\"timestamp\":\"2021-06-01T10:25:26.548Z\",\"time_switch\":252713.284},{\"sender\":\"test08\",\"sender_type\":\"canvas.Screen\",\"sender_id\":\"7_7\",\"response\":\"7\",\"response_action\":\"click(0) @7\",\"correctResponse\":\"7\",\"correct\":true,\"ended_on\":\"response\",\"duration\":21553.9060000132,\"time_run\":252711.2199999974,\"time_render\":252696.694,\"time_show\":252713.284,\"time_end\":274267.1900000132,\"time_commit\":274267.995000002,\"timestamp\":\"2021-06-01T10:25:48.105Z\",\"time_switch\":274278.094},{\"sender\":\"test09\",\"sender_type\":\"canvas.Screen\",\"sender_id\":\"7_8\",\"response\":\"5\",\"response_action\":\"click(0) @5\",\"correctResponse\":\"5\",\"correct\":true,\"ended_on\":\"response\",\"duration\":62027.65599999955,\"time_run\":274268.11999999336,\"time_render\":274261.815,\"time_show\":274278.094,\"time_end\":336305.74999999953,\"time_commit\":336306.6899999976,\"timestamp\":\"2021-06-01T10:26:50.145Z\",\"time_switch\":336320.752},{\"sender\":\"test10\",\"sender_type\":\"canvas.Screen\",\"sender_id\":\"7_9\",\"response\":\"8\",\"response_action\":\"click(0) @8\",\"correctResponse\":\"5\",\"correct\":false,\"ended_on\":\"response\",\"duration\":67035.23300000199,\"time_run\":336306.9799999939,\"time_render\":336304.201,\"time_show\":336320.752,\"time_end\":403355.98500000197,\"time_commit\":403356.77000001306,\"timestamp\":\"2021-06-01T10:27:57.194Z\",\"time_switch\":403366.639},{\"sender\":\"test11\",\"sender_type\":\"canvas.Screen\",\"sender_id\":\"7_10\",\"response\":\"2\",\"response_action\":\"click(0) @2\",\"correctResponse\":\"4\",\"correct\":false,\"ended_on\":\"response\",\"duration\":120508.94600000157,\"time_run\":403356.89500000444,\"time_render\":403350.023,\"time_show\":403366.639,\"time_end\":523875.5850000016,\"time_commit\":523876.27999999677,\"timestamp\":\"2021-06-01T10:29:57.714Z\",\"time_switch\":523882.667},{\"sender\":\"test12\",\"sender_type\":\"canvas.Screen\",\"sender_id\":\"7_11\",\"response\":\"5\",\"response_action\":\"click(0) @5\",\"correctResponse\":\"1\",\"correct\":false,\"ended_on\":\"response\",\"duration\":118144.73800000071,\"time_run\":523876.4000000083,\"time_render\":523866.411,\"time_show\":523882.667,\"time_end\":642027.4050000007,\"time_commit\":642028.175000014,\"timestamp\":\"2021-06-01T10:31:55.866Z\",\"time_switch\":642047.47},{\"sender\":\"tests (15min)\",\"sender_type\":\"flow.Sequence\",\"sender_id\":\"7\",\"ended_on\":\"completion\",\"duration\":577543.2890000007,\"time_run\":64477.149999991525,\"time_render\":64467.777,\"time_show\":64484.116,\"time_end\":642027.4050000007,\"time_commit\":642030.1000000036,\"timestamp\":\"2021-06-01T10:31:55.867Z\",\"time_switch\":642047.47},{\"sender\":\"good bye\",\"sender_type\":\"canvas.Screen\",\"sender_id\":\"8\",\"ended_on\":\"timeout\",\"duration\":4002.76800000004,\"time_run\":642030.2300000039,\"time_render\":642014.177,\"time_show\":642047.47,\"time_end\":646033.382,\"time_commit\":646035.0350000081,\"timestamp\":\"2021-06-01T10:31:59.872Z\",\"time_switch\":646050.238},{\"sender\":\"root\",\"sender_type\":\"flow.Sequence\",\"sender_id\":null,\"ended_on\":\"completion\",\"duration\":641290.27,\"time_run\":4754.2799999937415,\"time_render\":4676.405,\"time_show\":4743.112,\"time_end\":646033.382,\"time_commit\":646036.3699999871,\"timestamp\":\"2021-06-01T10:31:59.874Z\",\"time_switch\":646050.238}]",
    "metadata": "{\"slice\":0,\"id\":\"9739b80c-4ca6-46b6-9c49-cdb06e732344\",\"payload\":\"full\"}",
    "url": "https://exp01.zih.tu-dresden.de/experiments/raven_task/"
}