{
    "data": "[{\"url\":{},\"meta\":{\"labjs_version\":\"20.1.1\",\"labjs_build\":{\"flavor\":\"production\",\"commit\":\"cd5695f774968f50499757c1423bd95d033ea08e\"},\"location\":\"https://exp01.zih.tu-dresden.de/experiments/spot_a_word_task/\",\"userAgent\":\"Mozilla/5.0 (Windows NT 10.0; Win64; x64) AppleWebKit/537.36 (KHTML, like Gecko) Chrome/90.0.4430.212 Safari/537.36\",\"platform\":\"Win32\",\"language\":\"de-DE\",\"locale\":\"de\",\"timeZone\":\"Europe/Berlin\",\"timezoneOffset\":-120,\"screen_width\":1920,\"screen_height\":1080,\"scroll_width\":1920,\"scroll_height\":921,\"window_innerWidth\":1920,\"window_innerHeight\":969,\"devicePixelRatio\":1},\"sender\":\"start_html\",\"sender_type\":\"html.Screen\",\"sender_id\":\"0\",\"ended_on\":\"timeout\",\"duration\":6004.147,\"time_run\":711.524999991525,\"time_render\":676.204,\"time_show\":709.559,\"time_end\":6697.221,\"time_commit\":6704.924999998184,\"timestamp\":\"2021-06-01T10:15:07.434Z\",\"time_switch\":6713.706},{\"sender\":\"manual_html\",\"sender_type\":\"html.Screen\",\"sender_id\":\"1\",\"response\":\"space\",\"response_action\":\"keypress(Space)\",\"ended_on\":\"response\",\"duration\":28031.854000010302,\"time_run\":6706.009999994421,\"time_render\":6697.221,\"time_show\":6713.706,\"time_end\":34745.5600000103,\"time_commit\":34749.83000001521,\"timestamp\":\"2021-06-01T10:15:35.479Z\",\"time_switch\":34749.613},{\"sender\":\"example1_screen\",\"sender_type\":\"canvas.Screen\",\"sender_id\":\"2\",\"response\":\"4\",\"response_action\":\"keypress(4)\",\"correctResponse\":\"4\",\"correct\":true,\"ended_on\":\"response\",\"duration\":3104.291999996305,\"time_run\":34752.92999998783,\"time_render\":34733.067,\"time_show\":34749.613,\"time_end\":37853.9049999963,\"time_commit\":37855.7950000104,\"timestamp\":\"2021-06-01T10:15:38.585Z\",\"time_switch\":37868.71},{\"sender\":\"example1_feedback\",\"sender_type\":\"canvas.Screen\",\"sender_id\":\"3\",\"response\":\"Space\",\"response_action\":\"keypress(Space)\",\"ended_on\":\"response\",\"duration\":1445.4150000044247,\"time_run\":37859.519999998156,\"time_render\":37852.122,\"time_show\":37868.71,\"time_end\":39314.125000004424,\"time_commit\":39315.83999999566,\"timestamp\":\"2021-06-01T10:15:40.045Z\",\"time_switch\":39336.399},{\"sender\":\"example2_screen\",\"sender_type\":\"canvas.Screen\",\"sender_id\":\"4\",\"response\":\"5\",\"response_action\":\"keypress(5)\",\"correctResponse\":\"5\",\"correct\":true,\"ended_on\":\"response\",\"duration\":1707.881000001893,\"time_run\":39323.73000000371,\"time_render\":39319.498,\"time_show\":39336.399,\"time_end\":41044.28000000189,\"time_commit\":41046.13999999128,\"timestamp\":\"2021-06-01T10:15:41.775Z\",\"time_switch\":41070.966},{\"sender\":\"example2_feedback\",\"sender_type\":\"canvas.Screen\",\"sender_id\":\"5\",\"response\":\"Space\",\"response_action\":\"keypress(Space)\",\"ended_on\":\"response\",\"duration\":503.12899998902867,\"time_run\":41056.199999991804,\"time_render\":41054.311,\"time_show\":41070.966,\"time_end\":41574.09499998903,\"time_commit\":41575.91000001412,\"timestamp\":\"2021-06-01T10:15:42.305Z\",\"time_switch\":41587.635},{\"sender\":\"example3_screen\",\"sender_type\":\"canvas.Screen\",\"sender_id\":\"6\",\"response\":\"1\",\"response_action\":\"keypress(1)\",\"correctResponse\":\"1\",\"correct\":true,\"ended_on\":\"response\",\"duration\":2256.324999998331,\"time_run\":41583.829999988666,\"time_render\":41571.389,\"time_show\":41587.635,\"time_end\":43843.95999999833,\"time_commit\":43845.510000013746,\"timestamp\":\"2021-06-01T10:15:44.575Z\",\"time_switch\":43855.85},{\"sender\":\"example3_feedback\",\"sender_type\":\"canvas.Screen\",\"sender_id\":\"7\",\"response\":\"Space\",\"response_action\":\"keypress(Space)\",\"ended_on\":\"response\",\"duration\":1519.5600000078339,\"time_run\":43852.79500001343,\"time_render\":43839.581,\"time_show\":43855.85,\"time_end\":45375.41000000783,\"time_commit\":45377.1199999901,\"timestamp\":\"2021-06-01T10:15:46.106Z\",\"time_switch\":45390.238},{\"sender\":\"get_ready_html\",\"sender_type\":\"html.Screen\",\"sender_id\":\"8\",\"response\":\"space\",\"response_action\":\"keypress(Space)\",\"ended_on\":\"response\",\"duration\":32365.50199999324,\"time_run\":45377.719999989495,\"time_render\":45373.836,\"time_show\":45390.238,\"time_end\":77755.73999999324,\"time_commit\":77757.50500001595,\"timestamp\":\"2021-06-01T10:16:18.487Z\",\"time_switch\":77812.708},{\"sender\":\"trial_screen\",\"sender_type\":\"canvas.Screen\",\"sender_id\":\"9_0\",\"correct\":true,\"trial_ID\":1,\"word1\":\"siziol\",\"word2\":\"salzahl\",\"word3\":\"sozihl\",\"word4\":\"sziam\",\"word5\":\"sozial\",\"response\":\"5\",\"response_action\":\"keypress(5)\",\"correctResponse\":\"5\",\"ended_on\":\"response\",\"duration\":1781.1120000091469,\"time_run\":77803.29499999061,\"time_render\":77796.123,\"time_show\":77812.708,\"time_end\":79593.82000000915,\"time_commit\":79595.51499999361,\"timestamp\":\"2021-06-01T10:16:20.325Z\",\"time_switch\":79613.682},{\"sender\":\"trial_screen\",\"sender_type\":\"canvas.Screen\",\"sender_id\":\"9_1\",\"correct\":false,\"trial_ID\":2,\"word1\":\"Lamone\",\"word2\":\"Talane\",\"word3\":\"Matrone\",\"word4\":\"Tarone\",\"word5\":\"Malonte\",\"response\":\"5\",\"response_action\":\"keypress(5)\",\"correctResponse\":\"3\",\"ended_on\":\"response\",\"duration\":4829.087999994197,\"time_run\":79604.80999998981,\"time_render\":79597.331,\"time_show\":79613.682,\"time_end\":84442.7699999942,\"time_commit\":84443.52999998955,\"timestamp\":\"2021-06-01T10:16:25.172Z\",\"time_switch\":84450.348},{\"sender\":\"trial_screen\",\"sender_type\":\"canvas.Screen\",\"sender_id\":\"9_2\",\"correct\":true,\"trial_ID\":3,\"word1\":\"kurinesisch\",\"word2\":\"kulinarisch\",\"word3\":\"kumenisch\",\"word4\":\"kulissarisch\",\"word5\":\"kannastrisch\",\"response\":\"2\",\"response_action\":\"keypress(2)\",\"correctResponse\":\"2\",\"ended_on\":\"response\",\"duration\":3934.6320000025444,\"time_run\":84447.87500001257,\"time_render\":84433.978,\"time_show\":84450.348,\"time_end\":88384.98000000254,\"time_commit\":88386.52000000002,\"timestamp\":\"2021-06-01T10:16:29.115Z\",\"time_switch\":88403.165},{\"sender\":\"trial_screen\",\"sender_type\":\"canvas.Screen\",\"sender_id\":\"9_3\",\"correct\":false,\"trial_ID\":4,\"word1\":\"Tinxur\",\"word2\":\"Kukutur\",\"word3\":\"Fraktan\",\"word4\":\"Tinktur\",\"word5\":\"Rimsuhr\",\"response\":\"3\",\"response_action\":\"keypress(3)\",\"correctResponse\":\"4\",\"ended_on\":\"response\",\"duration\":5680.684999995443,\"time_run\":88393.44000001438,\"time_render\":88386.393,\"time_show\":88403.165,\"time_end\":94083.84999999544,\"time_commit\":94085.40499999071,\"timestamp\":\"2021-06-01T10:16:34.814Z\",\"time_switch\":94107.304},{\"sender\":\"trial_screen\",\"sender_type\":\"canvas.Screen\",\"sender_id\":\"9_4\",\"correct\":true,\"trial_ID\":5,\"word1\":\"beralen\",\"word2\":\"ger\u00e4ltet\",\"word3\":\"an\u00e4lteren\",\"word4\":\"unt\u00e4ren\",\"word5\":\"verbr\u00e4men\",\"response\":\"5\",\"response_action\":\"keypress(5)\",\"correctResponse\":\"5\",\"ended_on\":\"response\",\"duration\":4629.370999992825,\"time_run\":94092.79500000412,\"time_render\":94090.687,\"time_show\":94107.304,\"time_end\":98736.67499999283,\"time_commit\":98738.66999999154,\"timestamp\":\"2021-06-01T10:16:39.468Z\",\"time_switch\":98760.185},{\"sender\":\"trial_screen\",\"sender_type\":\"canvas.Screen\",\"sender_id\":\"9_5\",\"correct\":true,\"trial_ID\":6,\"word1\":\"Rosto\",\"word2\":\"Torso\",\"word3\":\"Soro\",\"word4\":\"Torgos\",\"word5\":\"Tosor\",\"response\":\"2\",\"response_action\":\"keypress(2)\",\"correctResponse\":\"2\",\"ended_on\":\"response\",\"duration\":3153.7100000051432,\"time_run\":98746.51500000618,\"time_render\":98743.764,\"time_show\":98760.185,\"time_end\":101913.89500000514,\"time_commit\":101915.79500000807,\"timestamp\":\"2021-06-01T10:16:42.645Z\",\"time_switch\":101929.343},{\"sender\":\"trial_screen\",\"sender_type\":\"canvas.Screen\",\"sender_id\":\"9_6\",\"correct\":true,\"trial_ID\":7,\"word1\":\"Redor\",\"word2\":\"Radium\",\"word3\":\"Terion\",\"word4\":\"Dramin\",\"word5\":\"Orakium\",\"response\":\"2\",\"response_action\":\"keypress(2)\",\"correctResponse\":\"2\",\"ended_on\":\"response\",\"duration\":4594.527000004542,\"time_run\":101924.05999999028,\"time_render\":101912.677,\"time_show\":101929.343,\"time_end\":106523.87000000454,\"time_commit\":106526.76999999676,\"timestamp\":\"2021-06-01T10:16:47.256Z\",\"time_switch\":106532.191},{\"sender\":\"trial_screen\",\"sender_type\":\"canvas.Screen\",\"sender_id\":\"9_7\",\"correct\":true,\"trial_ID\":8,\"word1\":\"Nale\",\"word2\":\"Sahe\",\"word3\":\"Nase\",\"word4\":\"Nesa\",\"word5\":\"Sehna\",\"response\":\"3\",\"response_action\":\"keypress(3)\",\"correctResponse\":\"3\",\"ended_on\":\"response\",\"duration\":2572.7090000057215,\"time_run\":106529.6049999888,\"time_render\":106515.844,\"time_show\":106532.191,\"time_end\":109104.90000000573,\"time_commit\":109106.4250000054,\"timestamp\":\"2021-06-01T10:16:49.835Z\",\"time_switch\":109117.382},{\"sender\":\"trial_screen\",\"sender_type\":\"canvas.Screen\",\"sender_id\":\"9_8\",\"correct\":false,\"trial_ID\":9,\"word1\":\"Rilkiase\",\"word2\":\"Kilister\",\"word3\":\"Riliker\",\"word4\":\"Klistier\",\"word5\":\"Linkure\",\"response\":\"2\",\"response_action\":\"keypress(2)\",\"correctResponse\":\"4\",\"ended_on\":\"response\",\"duration\":3206.487999992896,\"time_run\":109109.23000000184,\"time_render\":109101.014,\"time_show\":109117.382,\"time_end\":112323.8699999929,\"time_commit\":112325.43500000611,\"timestamp\":\"2021-06-01T10:16:53.054Z\",\"time_switch\":112336.154},{\"sender\":\"trial_screen\",\"sender_type\":\"canvas.Screen\",\"sender_id\":\"9_9\",\"correct\":true,\"trial_ID\":10,\"word1\":\"kentern\",\"word2\":\"knerte\",\"word3\":\"kanzen\",\"word4\":\"kretern\",\"word5\":\"trekern\",\"response\":\"1\",\"response_action\":\"keypress(1)\",\"correctResponse\":\"1\",\"ended_on\":\"response\",\"duration\":1877.6609999955253,\"time_run\":112331.97500000824,\"time_render\":112319.881,\"time_show\":112336.154,\"time_end\":114213.81499999552,\"time_commit\":114216.61999999196,\"timestamp\":\"2021-06-01T10:16:54.946Z\",\"time_switch\":114237.486},{\"sender\":\"trial_screen\",\"sender_type\":\"canvas.Screen\",\"sender_id\":\"9_10\",\"correct\":true,\"trial_ID\":11,\"word1\":\"Sorekin\",\"word2\":\"Sarowin\",\"word3\":\"Rosakin\",\"word4\":\"Narosin\",\"word5\":\"Kerosin\",\"response\":\"5\",\"response_action\":\"keypress(5)\",\"correctResponse\":\"5\",\"ended_on\":\"response\",\"duration\":2866.194000000163,\"time_run\":114223.38000001037,\"time_render\":114221.219,\"time_show\":114237.486,\"time_end\":117103.68000000017,\"time_commit\":117105.27000000002,\"timestamp\":\"2021-06-01T10:16:57.834Z\",\"time_switch\":117123.139},{\"sender\":\"trial_screen\",\"sender_type\":\"canvas.Screen\",\"sender_id\":\"9_11\",\"correct\":false,\"trial_ID\":12,\"word1\":\"Ralke\",\"word2\":\"Korre\",\"word3\":\"Ruckse\",\"word4\":\"Recke\",\"word5\":\"Ulte\",\"response\":\"5\",\"response_action\":\"keypress(5)\",\"correctResponse\":\"4\",\"ended_on\":\"response\",\"duration\":3752.4010000081907,\"time_run\":117111.83000000892,\"time_render\":117106.423,\"time_show\":117123.139,\"time_end\":120875.54000000819,\"time_commit\":120877.59499999811,\"timestamp\":\"2021-06-01T10:17:01.607Z\",\"time_switch\":120892.086},{\"sender\":\"trial_screen\",\"sender_type\":\"canvas.Screen\",\"sender_id\":\"9_12\",\"correct\":false,\"trial_ID\":13,\"word1\":\"Kapaun\",\"word2\":\"Paukan\",\"word3\":\"Naupack\",\"word4\":\"Aupeck\",\"word5\":\"Ankepran\",\"response\":\"5\",\"response_action\":\"keypress(5)\",\"correctResponse\":\"1\",\"ended_on\":\"response\",\"duration\":5512.228999992498,\"time_run\":120885.17500000307,\"time_render\":120875.735,\"time_show\":120892.086,\"time_end\":126404.3149999925,\"time_commit\":126406.19000000879,\"timestamp\":\"2021-06-01T10:17:07.135Z\",\"time_switch\":126429.18},{\"sender\":\"trial_screen\",\"sender_type\":\"canvas.Screen\",\"sender_id\":\"9_13\",\"correct\":true,\"trial_ID\":14,\"word1\":\"Dissonanz\",\"word2\":\"Diskrisanz\",\"word3\":\"Distranz\",\"word4\":\"Dinotanz\",\"word5\":\"Sidonenz\",\"response\":\"1\",\"response_action\":\"keypress(1)\",\"correctResponse\":\"1\",\"ended_on\":\"response\",\"duration\":2504.64000000566,\"time_run\":126417.71999999764,\"time_render\":126412.711,\"time_show\":126429.18,\"time_end\":128933.82000000565,\"time_commit\":128935.85999999777,\"timestamp\":\"2021-06-01T10:17:09.665Z\",\"time_switch\":128947.918},{\"sender\":\"trial_screen\",\"sender_type\":\"canvas.Screen\",\"sender_id\":\"9_14\",\"correct\":true,\"trial_ID\":15,\"word1\":\"Kirse\",\"word2\":\"Sirke\",\"word3\":\"Krise\",\"word4\":\"Krospe\",\"word5\":\"Seris\",\"response\":\"3\",\"response_action\":\"keypress(3)\",\"correctResponse\":\"3\",\"ended_on\":\"response\",\"duration\":2455.3470000008238,\"time_run\":128939.40000000293,\"time_render\":128931.126,\"time_show\":128947.918,\"time_end\":131403.26500000083,\"time_commit\":131403.82000000682,\"timestamp\":\"2021-06-01T10:17:12.133Z\",\"time_switch\":131416.06},{\"sender\":\"trial_screen\",\"sender_type\":\"canvas.Screen\",\"sender_id\":\"9_15\",\"correct\":true,\"trial_ID\":16,\"word1\":\"Tume\",\"word2\":\"Umat\",\"word3\":\"Maut\",\"word4\":\"Taum\",\"word5\":\"Muta\",\"response\":\"3\",\"response_action\":\"keypress(3)\",\"correctResponse\":\"3\",\"ended_on\":\"response\",\"duration\":2967.9950000022654,\"time_run\":131405.3600000043,\"time_render\":131399.521,\"time_show\":131416.06,\"time_end\":134384.05500000226,\"time_commit\":134385.88499999605,\"timestamp\":\"2021-06-01T10:17:15.115Z\",\"time_switch\":134401.297},{\"sender\":\"trial_screen\",\"sender_type\":\"canvas.Screen\",\"sender_id\":\"9_16\",\"correct\":true,\"trial_ID\":17,\"word1\":\"Tuhl\",\"word2\":\"Lar\",\"word3\":\"Lest\",\"word4\":\"Dall\",\"word5\":\"Lid\",\"response\":\"5\",\"response_action\":\"keypress(5)\",\"correctResponse\":\"5\",\"ended_on\":\"response\",\"duration\":3452.3329999978014,\"time_run\":134390.69500000915,\"time_render\":134384.874,\"time_show\":134401.297,\"time_end\":137853.6299999978,\"time_commit\":137855.65000001225,\"timestamp\":\"2021-06-01T10:17:18.585Z\",\"time_switch\":137870.637},{\"sender\":\"trial_screen\",\"sender_type\":\"canvas.Screen\",\"sender_id\":\"9_17\",\"correct\":true,\"trial_ID\":18,\"word1\":\"Adept\",\"word2\":\"Padet\",\"word3\":\"Edapt\",\"word4\":\"Epatt\",\"word5\":\"Taped\",\"response\":\"1\",\"response_action\":\"keypress(1)\",\"correctResponse\":\"1\",\"ended_on\":\"response\",\"duration\":2303.1230000051437,\"time_run\":137863.1999999925,\"time_render\":137854.189,\"time_show\":137870.637,\"time_end\":140173.76000000513,\"time_commit\":140175.57500000112,\"timestamp\":\"2021-06-01T10:17:20.905Z\",\"time_switch\":140188.975},{\"sender\":\"trial_screen\",\"sender_type\":\"canvas.Screen\",\"sender_id\":\"9_18\",\"correct\":true,\"trial_ID\":19,\"word1\":\"Spirine\",\"word2\":\"Saprin\",\"word3\":\"Parsin\",\"word4\":\"Purin\",\"word5\":\"Asprint\",\"response\":\"4\",\"response_action\":\"keypress(4)\",\"correctResponse\":\"4\",\"ended_on\":\"response\",\"duration\":3906.0650000146998,\"time_run\":140179.79500000365,\"time_render\":140171.963,\"time_show\":140188.975,\"time_end\":144095.0400000147,\"time_commit\":144096.90999999293,\"timestamp\":\"2021-06-01T10:17:24.826Z\",\"time_switch\":144108},{\"sender\":\"trial_screen\",\"sender_type\":\"canvas.Screen\",\"sender_id\":\"9_19\",\"correct\":false,\"trial_ID\":20,\"word1\":\"Kulon\",\"word2\":\"Solgun\",\"word3\":\"Koskan\",\"word4\":\"Soran\",\"word5\":\"Klonus\",\"response\":\"2\",\"response_action\":\"keypress(2)\",\"correctResponse\":\"5\",\"ended_on\":\"response\",\"duration\":6935.830000009621,\"time_run\":144104.19499999261,\"time_render\":144091.659,\"time_show\":144108,\"time_end\":151043.83000000962,\"time_commit\":151045.39000001387,\"timestamp\":\"2021-06-01T10:17:31.774Z\",\"time_switch\":151062.791},{\"sender\":\"trial_screen\",\"sender_type\":\"canvas.Screen\",\"sender_id\":\"9_20\",\"correct\":false,\"trial_ID\":21,\"word1\":\"Tronke\",\"word2\":\"Nocktherm\",\"word3\":\"Teronk\",\"word4\":\"Komtur\",\"word5\":\"Rocktur\",\"response\":\"1\",\"response_action\":\"keypress(1)\",\"correctResponse\":\"4\",\"ended_on\":\"response\",\"duration\":3642.2139999961655,\"time_run\":151052.01000001398,\"time_render\":151046.542,\"time_show\":151062.791,\"time_end\":154705.00499999616,\"time_commit\":154706.83499998995,\"timestamp\":\"2021-06-01T10:17:35.435Z\",\"time_switch\":154715.54},{\"sender\":\"trial_screen\",\"sender_type\":\"canvas.Screen\",\"sender_id\":\"9_21\",\"correct\":false,\"trial_ID\":22,\"word1\":\"Ripat\",\"word2\":\"Patinatte\",\"word3\":\"Tapir\",\"word4\":\"Apitt\",\"word5\":\"Padir\",\"response\":\"1\",\"response_action\":\"keypress(1)\",\"correctResponse\":\"3\",\"ended_on\":\"response\",\"duration\":6118.42499999798,\"time_run\":154711.03999999468,\"time_render\":154698.883,\"time_show\":154715.54,\"time_end\":160833.964999998,\"time_commit\":160835.8400000143,\"timestamp\":\"2021-06-01T10:17:41.564Z\",\"time_switch\":160853.187},{\"sender\":\"trial_screen\",\"sender_type\":\"canvas.Screen\",\"sender_id\":\"9_22\",\"correct\":false,\"trial_ID\":23,\"word1\":\"Akifer\",\"word2\":\"Fiaker\",\"word3\":\"Kiaffa\",\"word4\":\"Sariffer\",\"word5\":\"Refisker\",\"response\":\"4\",\"response_action\":\"keypress(4)\",\"correctResponse\":\"2\",\"ended_on\":\"response\",\"duration\":5172.007999994705,\"time_run\":160839.86499998719,\"time_render\":160836.402,\"time_show\":160853.187,\"time_end\":166025.1949999947,\"time_commit\":166027.07999999984,\"timestamp\":\"2021-06-01T10:17:46.756Z\",\"time_switch\":166040.048},{\"sender\":\"trial_screen\",\"sender_type\":\"canvas.Screen\",\"sender_id\":\"9_23\",\"correct\":true,\"trial_ID\":24,\"word1\":\"Kleiber\",\"word2\":\"Beikel\",\"word3\":\"Keibel\",\"word4\":\"Reikler\",\"word5\":\"Biekerl\",\"response\":\"1\",\"response_action\":\"keypress(1)\",\"correctResponse\":\"1\",\"ended_on\":\"response\",\"duration\":5373.646999995632,\"time_run\":166029.44000001298,\"time_render\":166023.377,\"time_show\":166040.048,\"time_end\":171413.69499999564,\"time_commit\":171415.5749999918,\"timestamp\":\"2021-06-01T10:17:52.144Z\",\"time_switch\":171426.709},{\"sender\":\"trial_screen\",\"sender_type\":\"canvas.Screen\",\"sender_id\":\"9_24\",\"correct\":false,\"trial_ID\":25,\"word1\":\"Ig\u00e4de\",\"word2\":\"D\u00e4gie\",\"word3\":\"\u00c4gide\",\"word4\":\"Dig\u00e4de\",\"word5\":\"Giad\",\"response\":\"1\",\"response_action\":\"keypress(1)\",\"correctResponse\":\"3\",\"ended_on\":\"response\",\"duration\":6588.490999994363,\"time_run\":171419.02000000118,\"time_render\":171410.144,\"time_show\":171426.709,\"time_end\":178015.19999999437,\"time_commit\":178016.88000001013,\"timestamp\":\"2021-06-01T10:17:58.745Z\",\"time_switch\":178031.608},{\"sender\":\"trial_screen\",\"sender_type\":\"canvas.Screen\",\"sender_id\":\"9_25\",\"correct\":true,\"trial_ID\":26,\"word1\":\"Rixal\",\"word2\":\"Irtax\",\"word3\":\"Rackizie\",\"word4\":\"Matrix\",\"word5\":\"Atrige\",\"response\":\"4\",\"response_action\":\"keypress(4)\",\"correctResponse\":\"4\",\"ended_on\":\"response\",\"duration\":2062.056999993045,\"time_run\":178023.33500000532,\"time_render\":178014.796,\"time_show\":178031.608,\"time_end\":180093.66499999305,\"time_commit\":180095.57000000495,\"timestamp\":\"2021-06-01T10:18:00.824Z\",\"time_switch\":180116.413},{\"sender\":\"trial_screen\",\"sender_type\":\"canvas.Screen\",\"sender_id\":\"9_26\",\"correct\":true,\"trial_ID\":27,\"word1\":\"Haskisch\",\"word2\":\"Asmisch\",\"word3\":\"Schisma\",\"word4\":\"Rasthmie\",\"word5\":\"Ilschah\",\"response\":\"3\",\"response_action\":\"keypress(3)\",\"correctResponse\":\"3\",\"ended_on\":\"response\",\"duration\":2237.237000004563,\"time_run\":180099.79999999632,\"time_render\":180099.304,\"time_show\":180116.413,\"time_end\":182353.65000000456,\"time_commit\":182355.18499999307,\"timestamp\":\"2021-06-01T10:18:03.084Z\",\"time_switch\":182367.797},{\"sender\":\"trial_screen\",\"sender_type\":\"canvas.Screen\",\"sender_id\":\"9_27\",\"correct\":true,\"trial_ID\":28,\"word1\":\"Sallose\",\"word2\":\"Lordose\",\"word3\":\"Dormase\",\"word4\":\"Rollase\",\"word5\":\"Ardierole\",\"response\":\"2\",\"response_action\":\"keypress(2)\",\"correctResponse\":\"2\",\"ended_on\":\"response\",\"duration\":5937.763000007981,\"time_run\":182359.59499998717,\"time_render\":182351.193,\"time_show\":182367.797,\"time_end\":188305.56000000797,\"time_commit\":188307.32500000158,\"timestamp\":\"2021-06-01T10:18:09.036Z\",\"time_switch\":188338.33},{\"sender\":\"trial_screen\",\"sender_type\":\"canvas.Screen\",\"sender_id\":\"9_28\",\"correct\":false,\"trial_ID\":29,\"word1\":\"Intranotion\",\"word2\":\"Infranatura\",\"word3\":\"Internodium\",\"word4\":\"Indotalie\",\"word5\":\"Indosta\",\"response\":\"2\",\"response_action\":\"keypress(2)\",\"correctResponse\":\"3\",\"ended_on\":\"response\",\"duration\":7605.6950000043435,\"time_run\":188314.50999999652,\"time_render\":188305.164,\"time_show\":188338.33,\"time_end\":195944.02500000433,\"time_commit\":195945.9499999939,\"timestamp\":\"2021-06-01T10:18:16.674Z\",\"time_switch\":195960.566},{\"sender\":\"trial_screen\",\"sender_type\":\"canvas.Screen\",\"sender_id\":\"9_29\",\"correct\":false,\"trial_ID\":30,\"word1\":\"Idaste\",\"word2\":\"Dastrix\",\"word3\":\"Astike\",\"word4\":\"Sadile\",\"word5\":\"Kasside\",\"response\":\"2\",\"response_action\":\"keypress(2)\",\"correctResponse\":\"5\",\"ended_on\":\"response\",\"duration\":4513.05900001328,\"time_run\":195950.9299999918,\"time_render\":195943.958,\"time_show\":195960.566,\"time_end\":200473.62500001327,\"time_commit\":200474.17000000132,\"timestamp\":\"2021-06-01T10:18:21.203Z\",\"time_switch\":200480.316},{\"sender\":\"trial_screen\",\"sender_type\":\"canvas.Screen\",\"sender_id\":\"9_30\",\"correct\":false,\"trial_ID\":31,\"word1\":\"Libration\",\"word2\":\"Bilation\",\"word3\":\"Arlation\",\"word4\":\"Iberation\",\"word5\":\"Tiradon\",\"response\":\"4\",\"response_action\":\"keypress(4)\",\"correctResponse\":\"1\",\"ended_on\":\"response\",\"duration\":7102.324000007822,\"time_run\":200475.67499999423,\"time_render\":200463.693,\"time_show\":200480.316,\"time_end\":207582.6400000078,\"time_commit\":207584.23499998753,\"timestamp\":\"2021-06-01T10:18:28.313Z\",\"time_switch\":207601.776},{\"sender\":\"trial_screen\",\"sender_type\":\"canvas.Screen\",\"sender_id\":\"9_31\",\"correct\":false,\"trial_ID\":32,\"word1\":\"Pucker\",\"word2\":\"Keuper\",\"word3\":\"Eucker\",\"word4\":\"Reuspeck\",\"word5\":\"Urkane\",\"response\":\"4\",\"response_action\":\"keypress(4)\",\"correctResponse\":\"2\",\"ended_on\":\"response\",\"duration\":4482.61400000361,\"time_run\":207588.56500001275,\"time_render\":207585,\"time_show\":207601.776,\"time_end\":212084.39000000362,\"time_commit\":212087.0050000085,\"timestamp\":\"2021-06-01T10:18:32.816Z\",\"time_switch\":212105.02},{\"sender\":\"trial_screen\",\"sender_type\":\"canvas.Screen\",\"sender_id\":\"9_32\",\"correct\":false,\"trial_ID\":33,\"word1\":\"Sickaber\",\"word2\":\"Bassiker\",\"word3\":\"Kassiber\",\"word4\":\"Sassiker\",\"word5\":\"Askiber\",\"response\":\"5\",\"response_action\":\"keypress(5)\",\"correctResponse\":\"3\",\"ended_on\":\"response\",\"duration\":5237.63500001494,\"time_run\":212088.61000000616,\"time_render\":212088.315,\"time_show\":212105.02,\"time_end\":217342.65500001493,\"time_commit\":217344.34000001056,\"timestamp\":\"2021-06-01T10:18:38.073Z\",\"time_switch\":217358.396},{\"sender\":\"trial_screen\",\"sender_type\":\"canvas.Screen\",\"sender_id\":\"9_33\",\"correct\":true,\"trial_ID\":34,\"word1\":\"Alquallon\",\"word2\":\"Lisqualien\",\"word3\":\"Talquallen\",\"word4\":\"Quisquilien\",\"word5\":\"Rielquellen\",\"response\":\"4\",\"response_action\":\"keypress(4)\",\"correctResponse\":\"4\",\"ended_on\":\"response\",\"duration\":7945.388999996416,\"time_run\":217348.95499999402,\"time_render\":217341.903,\"time_show\":217358.396,\"time_end\":225303.78499999642,\"time_commit\":225305.48999999883,\"timestamp\":\"2021-06-01T10:18:46.034Z\",\"time_switch\":225340.944},{\"sender\":\"trial_screen\",\"sender_type\":\"canvas.Screen\",\"sender_id\":\"9_34\",\"correct\":false,\"trial_ID\":35,\"word1\":\"Berkiza\",\"word2\":\"Brekzie\",\"word3\":\"Birakzie\",\"word4\":\"Brikazie\",\"word5\":\"Bakiria\",\"response\":\"4\",\"response_action\":\"keypress(4)\",\"correctResponse\":\"2\",\"ended_on\":\"response\",\"duration\":6211.67099999325,\"time_run\":225312.95500000124,\"time_render\":225297.299,\"time_show\":225340.944,\"time_end\":231552.61499999324,\"time_commit\":231554.26999999327,\"timestamp\":\"2021-06-01T10:18:52.283Z\",\"time_switch\":231568.106},{\"sender\":\"loop_trial\",\"sender_type\":\"flow.Loop\",\"sender_id\":\"9\",\"ended_on\":\"completion\",\"duration\":153739.90699999325,\"time_run\":77801.16999999154,\"time_render\":77796.123,\"time_show\":77812.708,\"time_end\":231552.61499999324,\"time_commit\":231558.7050000031,\"timestamp\":\"2021-06-01T10:18:52.287Z\",\"time_switch\":231568.106},{\"sender\":\"end_html\",\"sender_type\":\"html.Screen\",\"sender_id\":\"10\",\"response\":\"anykey\",\"response_action\":\"keypress\",\"ended_on\":\"response\",\"duration\":1614.594000004843,\"time_run\":231558.82500001462,\"time_render\":231551.533,\"time_show\":231568.106,\"time_end\":233182.70000000484,\"time_commit\":233184.28499999573,\"timestamp\":\"2021-06-01T10:18:53.913Z\",\"time_switch\":233202.49},{\"sender\":\"root\",\"sender_type\":\"flow.Sequence\",\"sender_id\":null,\"ended_on\":\"completion\",\"duration\":232473.14100000483,\"time_run\":711.1150000127964,\"time_render\":676.204,\"time_show\":709.559,\"time_end\":233182.70000000484,\"time_commit\":233185.47500000568,\"timestamp\":\"2021-06-01T10:18:53.914Z\",\"time_switch\":233202.49}]",
    "metadata": "{\"slice\":0,\"id\":\"747e4e9e-d23c-4477-8bb2-8efdcb448a4b\",\"payload\":\"full\"}",
    "url": "https://exp01.zih.tu-dresden.de/experiments/spot_a_word_task/"
}