{
    "data": "[{\"url\":{},\"meta\":{\"labjs_version\":\"20.1.1\",\"labjs_build\":{\"flavor\":\"production\",\"commit\":\"cd5695f774968f50499757c1423bd95d033ea08e\"},\"location\":\"https://exp02.zih.tu-dresden.de/experiments/raven_task/\",\"userAgent\":\"Mozilla/5.0 (Windows NT 10.0; Win64; x64; rv:87.0) Gecko/20100101 Firefox/87.0\",\"platform\":\"Win32\",\"language\":\"de\",\"locale\":\"de-DE\",\"timeZone\":\"Europe/Berlin\",\"timezoneOffset\":-120,\"screen_width\":1536,\"screen_height\":864,\"scroll_width\":1536,\"scroll_height\":679,\"window_innerWidth\":1536,\"window_innerHeight\":727,\"devicePixelRatio\":1.25},\"sender\":\"welcome\",\"sender_type\":\"canvas.Screen\",\"sender_id\":\"0\",\"ended_on\":\"timeout\",\"duration\":7996.539999999999,\"time_run\":1089,\"time_render\":1094.1,\"time_show\":1110.76,\"time_end\":9090.64,\"time_commit\":9093,\"timestamp\":\"2021-06-06T21:56:07.309Z\",\"time_switch\":9107.3},{\"sender\":\"instructions\",\"sender_type\":\"html.Page\",\"sender_id\":\"1\",\"response\":\"Space\",\"response_action\":\"keypress(Space)\",\"ended_on\":\"response\",\"duration\":36226.7,\"time_run\":9094,\"time_render\":9090.64,\"time_show\":9107.3,\"time_end\":45334,\"time_commit\":45358,\"timestamp\":\"2021-06-06T21:56:43.574Z\",\"time_switch\":45374.52},{\"sender\":\"example1\",\"sender_type\":\"canvas.Screen\",\"sender_id\":\"2\",\"response\":\"8\",\"response_action\":\"click(0) @8\",\"correctResponse\":\"8\",\"correct\":true,\"ended_on\":\"response\",\"duration\":12240.480000000003,\"time_run\":45359,\"time_render\":45359.14,\"time_show\":45374.52,\"time_end\":57615,\"time_commit\":57631,\"timestamp\":\"2021-06-06T21:56:55.847Z\",\"time_switch\":57652.44},{\"sender\":\"example1_feedback\",\"sender_type\":\"canvas.Screen\",\"sender_id\":\"3\",\"response\":\"space\",\"response_action\":\"keypress(Space)\",\"ended_on\":\"response\",\"duration\":2165.5599999999977,\"time_run\":57635,\"time_render\":57635.98,\"time_show\":57652.44,\"time_end\":59818,\"time_commit\":59825,\"timestamp\":\"2021-06-06T21:56:58.041Z\",\"time_switch\":59834.78},{\"sender\":\"example2\",\"sender_type\":\"canvas.Screen\",\"sender_id\":\"4\",\"response\":\"4\",\"response_action\":\"click(0) @4\",\"correctResponse\":\"4\",\"correct\":true,\"ended_on\":\"response\",\"duration\":3750.220000000001,\"time_run\":59825,\"time_render\":59825.64,\"time_show\":59834.78,\"time_end\":63585,\"time_commit\":63591,\"timestamp\":\"2021-06-06T21:57:01.807Z\",\"time_switch\":63616.56},{\"sender\":\"example2_feedback\",\"sender_type\":\"canvas.Screen\",\"sender_id\":\"5\",\"response\":\"space\",\"response_action\":\"keypress(Space)\",\"ended_on\":\"response\",\"duration\":373.4400000000023,\"time_run\":63593,\"time_render\":63600.18,\"time_show\":63616.56,\"time_end\":63990,\"time_commit\":64002,\"timestamp\":\"2021-06-06T21:57:02.218Z\",\"time_switch\":64016.22},{\"sender\":\"get ready\",\"sender_type\":\"canvas.Screen\",\"sender_id\":\"6\",\"response\":\"Space\",\"response_action\":\"keypress(Space)\",\"ended_on\":\"response\",\"duration\":11488.779999999999,\"time_run\":64002,\"time_render\":64003,\"time_show\":64016.22,\"time_end\":75505,\"time_commit\":75517,\"timestamp\":\"2021-06-06T21:57:13.733Z\",\"time_switch\":75527.78},{\"sender\":\"test01\",\"sender_type\":\"canvas.Screen\",\"sender_id\":\"7_0\",\"response\":\"7\",\"response_action\":\"click(0) @7\",\"correctResponse\":\"7\",\"correct\":true,\"ended_on\":\"response\",\"duration\":13774.220000000001,\"time_run\":75518,\"time_render\":75518.58,\"time_show\":75527.78,\"time_end\":89302,\"time_commit\":89310,\"timestamp\":\"2021-06-06T21:57:27.526Z\",\"time_switch\":89338.4},{\"sender\":\"test02\",\"sender_type\":\"canvas.Screen\",\"sender_id\":\"7_1\",\"response\":\"4\",\"response_action\":\"click(0) @4\",\"correctResponse\":\"4\",\"correct\":true,\"ended_on\":\"response\",\"duration\":43370.600000000006,\"time_run\":89311,\"time_render\":89322.32,\"time_show\":89338.4,\"time_end\":132709,\"time_commit\":132720,\"timestamp\":\"2021-06-06T21:58:10.937Z\",\"time_switch\":132752.48},{\"sender\":\"test03\",\"sender_type\":\"canvas.Screen\",\"sender_id\":\"7_2\",\"response\":\"3\",\"response_action\":\"click(0) @3\",\"correctResponse\":\"6\",\"correct\":false,\"ended_on\":\"response\",\"duration\":26440.51999999999,\"time_run\":132721,\"time_render\":132735.82,\"time_show\":132752.48,\"time_end\":159193,\"time_commit\":159210,\"timestamp\":\"2021-06-06T21:58:37.426Z\",\"time_switch\":159240.72},{\"sender\":\"test04\",\"sender_type\":\"canvas.Screen\",\"sender_id\":\"7_3\",\"response\":\"8\",\"response_action\":\"click(0) @8\",\"correctResponse\":\"2\",\"correct\":false,\"ended_on\":\"response\",\"duration\":17686.28,\"time_run\":159211,\"time_render\":159224.26,\"time_show\":159240.72,\"time_end\":176927,\"time_commit\":176932,\"timestamp\":\"2021-06-06T21:58:55.148Z\",\"time_switch\":176949.52},{\"sender\":\"test05\",\"sender_type\":\"canvas.Screen\",\"sender_id\":\"7_4\",\"response\":\"2\",\"response_action\":\"click(0) @2\",\"correctResponse\":\"4\",\"correct\":false,\"ended_on\":\"response\",\"duration\":37946.48000000001,\"time_run\":176932,\"time_render\":176932.86,\"time_show\":176949.52,\"time_end\":214896,\"time_commit\":214910,\"timestamp\":\"2021-06-06T21:59:33.126Z\",\"time_switch\":214932.72},{\"sender\":\"test06\",\"sender_type\":\"canvas.Screen\",\"sender_id\":\"7_5\",\"response\":\"7\",\"response_action\":\"click(0) @7\",\"correctResponse\":\"7\",\"correct\":true,\"ended_on\":\"response\",\"duration\":22291.28,\"time_run\":214911,\"time_render\":214916.28,\"time_show\":214932.72,\"time_end\":237224,\"time_commit\":237231,\"timestamp\":\"2021-06-06T21:59:55.447Z\",\"time_switch\":237256.2},{\"sender\":\"test07\",\"sender_type\":\"canvas.Screen\",\"sender_id\":\"7_6\",\"response\":\"1\",\"response_action\":\"click(0) @1\",\"correctResponse\":\"8\",\"correct\":false,\"ended_on\":\"response\",\"duration\":48499.79999999999,\"time_run\":237231,\"time_render\":237239.72,\"time_show\":237256.2,\"time_end\":285756,\"time_commit\":285762,\"timestamp\":\"2021-06-06T22:00:43.977Z\",\"time_switch\":285784.64},{\"sender\":\"test08\",\"sender_type\":\"canvas.Screen\",\"sender_id\":\"7_7\",\"response\":\"6\",\"response_action\":\"click(0) @6\",\"correctResponse\":\"7\",\"correct\":false,\"ended_on\":\"response\",\"duration\":39908.359999999986,\"time_run\":285762,\"time_render\":285768.2,\"time_show\":285784.64,\"time_end\":325693,\"time_commit\":325710,\"timestamp\":\"2021-06-06T22:01:23.926Z\",\"time_switch\":325733.6},{\"sender\":\"test09\",\"sender_type\":\"canvas.Screen\",\"sender_id\":\"7_8\",\"response\":\"6\",\"response_action\":\"click(0) @6\",\"correctResponse\":\"5\",\"correct\":false,\"ended_on\":\"response\",\"duration\":67741.40000000002,\"time_run\":325710,\"time_render\":325717.2,\"time_show\":325733.6,\"time_end\":393475,\"time_commit\":393493,\"timestamp\":\"2021-06-06T22:02:31.709Z\",\"time_switch\":393520.18},{\"sender\":\"test10\",\"sender_type\":\"canvas.Screen\",\"sender_id\":\"7_9\",\"response\":\"1\",\"response_action\":\"click(0) @1\",\"correctResponse\":\"5\",\"correct\":false,\"ended_on\":\"response\",\"duration\":43407.82000000001,\"time_run\":393493,\"time_render\":393503.52,\"time_show\":393520.18,\"time_end\":436928,\"time_commit\":436931,\"timestamp\":\"2021-06-06T22:03:15.147Z\",\"time_switch\":436950.92},{\"sender\":\"test11\",\"sender_type\":\"canvas.Screen\",\"sender_id\":\"7_10\",\"response\":\"2\",\"response_action\":\"click(0) @2\",\"correctResponse\":\"4\",\"correct\":false,\"ended_on\":\"response\",\"duration\":27305.080000000016,\"time_run\":436931,\"time_render\":436934.26,\"time_show\":436950.92,\"time_end\":464256,\"time_commit\":464270,\"timestamp\":\"2021-06-06T22:03:42.485Z\",\"time_switch\":464288.8},{\"sender\":\"test12\",\"sender_type\":\"canvas.Screen\",\"sender_id\":\"7_11\",\"response\":\"6\",\"response_action\":\"click(0) @6\",\"correctResponse\":\"1\",\"correct\":false,\"ended_on\":\"response\",\"duration\":27451.20000000001,\"time_run\":464270,\"time_render\":464272.2,\"time_show\":464288.8,\"time_end\":491740,\"time_commit\":491750,\"timestamp\":\"2021-06-06T22:04:09.966Z\",\"time_switch\":491776.68},{\"sender\":\"tests (15min)\",\"sender_type\":\"flow.Sequence\",\"sender_id\":\"7\",\"ended_on\":\"completion\",\"duration\":416212.22,\"time_run\":75518,\"time_render\":75518.58,\"time_show\":75527.78,\"time_end\":491740,\"time_commit\":491751,\"timestamp\":\"2021-06-06T22:04:09.967Z\",\"time_switch\":491776.68},{\"sender\":\"good bye\",\"sender_type\":\"canvas.Screen\",\"sender_id\":\"8\",\"ended_on\":\"timeout\",\"duration\":3998.359999999986,\"time_run\":491751,\"time_render\":491760.2,\"time_show\":491776.68,\"time_end\":495758.38,\"time_commit\":495759,\"timestamp\":\"2021-06-06T22:04:13.975Z\",\"time_switch\":495775.04},{\"sender\":\"root\",\"sender_type\":\"flow.Sequence\",\"sender_id\":null,\"ended_on\":\"completion\",\"duration\":494647.62,\"time_run\":1089,\"time_render\":1094.1,\"time_show\":1110.76,\"time_end\":495758.38,\"time_commit\":495759,\"timestamp\":\"2021-06-06T22:04:13.975Z\",\"time_switch\":495775.04}]",
    "metadata": "{\"slice\":0,\"id\":\"1cffa6b4-7296-451a-a714-27644ec76fe4\",\"payload\":\"full\"}",
    "url": "https://exp02.zih.tu-dresden.de/experiments/raven_task/"
}