{
    "data": "[{\"url\":{},\"meta\":{\"labjs_version\":\"20.1.1\",\"labjs_build\":{\"flavor\":\"production\",\"commit\":\"cd5695f774968f50499757c1423bd95d033ea08e\"},\"location\":\"https://exp02.zih.tu-dresden.de/experiments/spot_a_word_task/\",\"userAgent\":\"Mozilla/5.0 (Windows NT 10.0; Win64; x64; rv:87.0) Gecko/20100101 Firefox/87.0\",\"platform\":\"Win32\",\"language\":\"de\",\"locale\":\"de-DE\",\"timeZone\":\"Europe/Berlin\",\"timezoneOffset\":-120,\"screen_width\":1536,\"screen_height\":864,\"scroll_width\":1536,\"scroll_height\":679,\"window_innerWidth\":1536,\"window_innerHeight\":727,\"devicePixelRatio\":1.25},\"sender\":\"start_html\",\"sender_type\":\"html.Screen\",\"sender_id\":\"0\",\"ended_on\":\"timeout\",\"duration\":5997.4400000000005,\"time_run\":331,\"time_render\":346.08,\"time_show\":362.74,\"time_end\":6343.52,\"time_commit\":6345,\"timestamp\":\"2021-06-06T21:48:41.322Z\",\"time_switch\":6360.18},{\"sender\":\"manual_html\",\"sender_type\":\"html.Screen\",\"sender_id\":\"1\",\"response\":\"space\",\"response_action\":\"keypress(Space)\",\"ended_on\":\"response\",\"duration\":54899.82,\"time_run\":6345,\"time_render\":6343.52,\"time_show\":6360.18,\"time_end\":61260,\"time_commit\":61272,\"timestamp\":\"2021-06-06T21:49:36.250Z\",\"time_switch\":61285.9},{\"sender\":\"example1_screen\",\"sender_type\":\"canvas.Screen\",\"sender_id\":\"2\",\"response\":\"4\",\"response_action\":\"keypress(4)\",\"correctResponse\":\"4\",\"correct\":true,\"ended_on\":\"response\",\"duration\":6787.0999999999985,\"time_run\":61278,\"time_render\":61278.78,\"time_show\":61285.9,\"time_end\":68073,\"time_commit\":68079,\"timestamp\":\"2021-06-06T21:49:43.057Z\",\"time_switch\":68099.96},{\"sender\":\"example1_feedback\",\"sender_type\":\"canvas.Screen\",\"sender_id\":\"3\",\"response\":\"Space\",\"response_action\":\"keypress(Space)\",\"ended_on\":\"response\",\"duration\":5472.039999999994,\"time_run\":68082,\"time_render\":68082.3,\"time_show\":68099.96,\"time_end\":73572,\"time_commit\":73588,\"timestamp\":\"2021-06-06T21:49:48.566Z\",\"time_switch\":73597.18},{\"sender\":\"example2_screen\",\"sender_type\":\"canvas.Screen\",\"sender_id\":\"4\",\"response\":\"5\",\"response_action\":\"keypress(5)\",\"correctResponse\":\"5\",\"correct\":true,\"ended_on\":\"response\",\"duration\":3317.820000000007,\"time_run\":73591,\"time_render\":73592.02,\"time_show\":73597.18,\"time_end\":76915,\"time_commit\":76929,\"timestamp\":\"2021-06-06T21:49:51.907Z\",\"time_switch\":76946.04},{\"sender\":\"example2_feedback\",\"sender_type\":\"canvas.Screen\",\"sender_id\":\"5\",\"response\":\"Space\",\"response_action\":\"keypress(Space)\",\"ended_on\":\"response\",\"duration\":2016.9600000000064,\"time_run\":76932,\"time_render\":76932.36,\"time_show\":76946.04,\"time_end\":78963,\"time_commit\":78974,\"timestamp\":\"2021-06-06T21:49:53.953Z\",\"time_switch\":78994.8},{\"sender\":\"example3_screen\",\"sender_type\":\"canvas.Screen\",\"sender_id\":\"6\",\"response\":\"1\",\"response_action\":\"keypress(1)\",\"correctResponse\":\"1\",\"correct\":true,\"ended_on\":\"response\",\"duration\":2546.199999999997,\"time_run\":78978,\"time_render\":78978,\"time_show\":78994.8,\"time_end\":81541,\"time_commit\":81548,\"timestamp\":\"2021-06-06T21:49:56.525Z\",\"time_switch\":81560.64},{\"sender\":\"example3_feedback\",\"sender_type\":\"canvas.Screen\",\"sender_id\":\"7\",\"response\":\"Space\",\"response_action\":\"keypress(Space)\",\"ended_on\":\"response\",\"duration\":3293.3600000000006,\"time_run\":81551,\"time_render\":81550.78,\"time_show\":81560.64,\"time_end\":84854,\"time_commit\":84865,\"timestamp\":\"2021-06-06T21:49:59.842Z\",\"time_switch\":84875.72},{\"sender\":\"get_ready_html\",\"sender_type\":\"html.Screen\",\"sender_id\":\"8\",\"response\":\"space\",\"response_action\":\"keypress(Space)\",\"ended_on\":\"response\",\"duration\":8056.279999999999,\"time_run\":84865,\"time_render\":84865.3,\"time_show\":84875.72,\"time_end\":92932,\"time_commit\":92943,\"timestamp\":\"2021-06-06T21:50:07.920Z\",\"time_switch\":92989.1},{\"sender\":\"trial_screen\",\"sender_type\":\"canvas.Screen\",\"sender_id\":\"9_0\",\"correct\":true,\"trial_ID\":1,\"word1\":\"siziol\",\"word2\":\"salzahl\",\"word3\":\"sozihl\",\"word4\":\"sziam\",\"word5\":\"sozial\",\"response\":\"5\",\"response_action\":\"keypress(5)\",\"correctResponse\":\"5\",\"ended_on\":\"response\",\"duration\":2364.899999999994,\"time_run\":92975,\"time_render\":92975.08,\"time_show\":92989.1,\"time_end\":95354,\"time_commit\":95360,\"timestamp\":\"2021-06-06T21:50:10.337Z\",\"time_switch\":95370.74},{\"sender\":\"trial_screen\",\"sender_type\":\"canvas.Screen\",\"sender_id\":\"9_1\",\"correct\":true,\"trial_ID\":2,\"word1\":\"Lamone\",\"word2\":\"Talane\",\"word3\":\"Matrone\",\"word4\":\"Tarone\",\"word5\":\"Malonte\",\"response\":\"3\",\"response_action\":\"keypress(3)\",\"correctResponse\":\"3\",\"ended_on\":\"response\",\"duration\":4530.259999999995,\"time_run\":95364,\"time_render\":95364.38,\"time_show\":95370.74,\"time_end\":99901,\"time_commit\":99909,\"timestamp\":\"2021-06-06T21:50:14.886Z\",\"time_switch\":99918.82},{\"sender\":\"trial_screen\",\"sender_type\":\"canvas.Screen\",\"sender_id\":\"9_2\",\"correct\":true,\"trial_ID\":3,\"word1\":\"kurinesisch\",\"word2\":\"kulinarisch\",\"word3\":\"kumenisch\",\"word4\":\"kulissarisch\",\"word5\":\"kannastrisch\",\"response\":\"2\",\"response_action\":\"keypress(2)\",\"correctResponse\":\"2\",\"ended_on\":\"response\",\"duration\":1825.179999999993,\"time_run\":99913,\"time_render\":99913.38,\"time_show\":99918.82,\"time_end\":101744,\"time_commit\":101758,\"timestamp\":\"2021-06-06T21:50:16.736Z\",\"time_switch\":101767.96},{\"sender\":\"trial_screen\",\"sender_type\":\"canvas.Screen\",\"sender_id\":\"9_3\",\"correct\":true,\"trial_ID\":4,\"word1\":\"Tinxur\",\"word2\":\"Kukutur\",\"word3\":\"Fraktan\",\"word4\":\"Tinktur\",\"word5\":\"Rimsuhr\",\"response\":\"4\",\"response_action\":\"keypress(4)\",\"correctResponse\":\"4\",\"ended_on\":\"response\",\"duration\":2601.0399999999936,\"time_run\":101761,\"time_render\":101761.32,\"time_show\":101767.96,\"time_end\":104369,\"time_commit\":104391,\"timestamp\":\"2021-06-06T21:50:19.369Z\",\"time_switch\":104400.1},{\"sender\":\"trial_screen\",\"sender_type\":\"canvas.Screen\",\"sender_id\":\"9_4\",\"correct\":true,\"trial_ID\":5,\"word1\":\"beralen\",\"word2\":\"ger\u00e4ltet\",\"word3\":\"an\u00e4lteren\",\"word4\":\"unt\u00e4ren\",\"word5\":\"verbr\u00e4men\",\"response\":\"5\",\"response_action\":\"keypress(5)\",\"correctResponse\":\"5\",\"ended_on\":\"response\",\"duration\":7765.899999999994,\"time_run\":104395,\"time_render\":104395.22,\"time_show\":104400.1,\"time_end\":112166,\"time_commit\":112175,\"timestamp\":\"2021-06-06T21:50:27.153Z\",\"time_switch\":112179.98},{\"sender\":\"trial_screen\",\"sender_type\":\"canvas.Screen\",\"sender_id\":\"9_5\",\"correct\":true,\"trial_ID\":6,\"word1\":\"Rosto\",\"word2\":\"Torso\",\"word3\":\"Soro\",\"word4\":\"Torgos\",\"word5\":\"Tosor\",\"response\":\"2\",\"response_action\":\"keypress(2)\",\"correctResponse\":\"2\",\"ended_on\":\"response\",\"duration\":3002.020000000004,\"time_run\":112178,\"time_render\":112178.94,\"time_show\":112179.98,\"time_end\":115182,\"time_commit\":115189,\"timestamp\":\"2021-06-06T21:50:30.167Z\",\"time_switch\":115195.34},{\"sender\":\"trial_screen\",\"sender_type\":\"canvas.Screen\",\"sender_id\":\"9_6\",\"correct\":true,\"trial_ID\":7,\"word1\":\"Redor\",\"word2\":\"Radium\",\"word3\":\"Terion\",\"word4\":\"Dramin\",\"word5\":\"Orakium\",\"response\":\"2\",\"response_action\":\"keypress(2)\",\"correctResponse\":\"2\",\"ended_on\":\"response\",\"duration\":3080.6600000000035,\"time_run\":115193,\"time_render\":115192.4,\"time_show\":115195.34,\"time_end\":118276,\"time_commit\":118291,\"timestamp\":\"2021-06-06T21:50:33.268Z\",\"time_switch\":118311.22},{\"sender\":\"trial_screen\",\"sender_type\":\"canvas.Screen\",\"sender_id\":\"9_7\",\"correct\":true,\"trial_ID\":8,\"word1\":\"Nale\",\"word2\":\"Sahe\",\"word3\":\"Nase\",\"word4\":\"Nesa\",\"word5\":\"Sehna\",\"response\":\"3\",\"response_action\":\"keypress(3)\",\"correctResponse\":\"3\",\"ended_on\":\"response\",\"duration\":1713.7799999999988,\"time_run\":118294,\"time_render\":118293.98,\"time_show\":118311.22,\"time_end\":120025,\"time_commit\":120042,\"timestamp\":\"2021-06-06T21:50:35.019Z\",\"time_switch\":120060.02},{\"sender\":\"trial_screen\",\"sender_type\":\"canvas.Screen\",\"sender_id\":\"9_8\",\"correct\":true,\"trial_ID\":9,\"word1\":\"Rilkiase\",\"word2\":\"Kilister\",\"word3\":\"Riliker\",\"word4\":\"Klistier\",\"word5\":\"Linkure\",\"response\":\"4\",\"response_action\":\"keypress(4)\",\"correctResponse\":\"4\",\"ended_on\":\"response\",\"duration\":2090.979999999996,\"time_run\":120045,\"time_render\":120045.94,\"time_show\":120060.02,\"time_end\":122151,\"time_commit\":122159,\"timestamp\":\"2021-06-06T21:50:37.137Z\",\"time_switch\":122175.96},{\"sender\":\"trial_screen\",\"sender_type\":\"canvas.Screen\",\"sender_id\":\"9_9\",\"correct\":true,\"trial_ID\":10,\"word1\":\"kentern\",\"word2\":\"knerte\",\"word3\":\"kanzen\",\"word4\":\"kretern\",\"word5\":\"trekern\",\"response\":\"1\",\"response_action\":\"keypress(1)\",\"correctResponse\":\"1\",\"ended_on\":\"response\",\"duration\":1756.0399999999936,\"time_run\":122162,\"time_render\":122162.82,\"time_show\":122175.96,\"time_end\":123932,\"time_commit\":123950,\"timestamp\":\"2021-06-06T21:50:38.928Z\",\"time_switch\":123958.14},{\"sender\":\"trial_screen\",\"sender_type\":\"canvas.Screen\",\"sender_id\":\"9_10\",\"correct\":true,\"trial_ID\":11,\"word1\":\"Sorekin\",\"word2\":\"Sarowin\",\"word3\":\"Rosakin\",\"word4\":\"Narosin\",\"word5\":\"Kerosin\",\"response\":\"5\",\"response_action\":\"keypress(5)\",\"correctResponse\":\"5\",\"ended_on\":\"response\",\"duration\":3441.8600000000006,\"time_run\":123953,\"time_render\":123953.4,\"time_show\":123958.14,\"time_end\":127400,\"time_commit\":127407,\"timestamp\":\"2021-06-06T21:50:42.385Z\",\"time_switch\":127423.26},{\"sender\":\"trial_screen\",\"sender_type\":\"canvas.Screen\",\"sender_id\":\"9_11\",\"correct\":false,\"trial_ID\":12,\"word1\":\"Ralke\",\"word2\":\"Korre\",\"word3\":\"Ruckse\",\"word4\":\"Recke\",\"word5\":\"Ulte\",\"response\":\"1\",\"response_action\":\"keypress(1)\",\"correctResponse\":\"4\",\"ended_on\":\"response\",\"duration\":7227.740000000005,\"time_run\":127410,\"time_render\":127409.7,\"time_show\":127423.26,\"time_end\":134651,\"time_commit\":134662,\"timestamp\":\"2021-06-06T21:50:49.641Z\",\"time_switch\":134670},{\"sender\":\"trial_screen\",\"sender_type\":\"canvas.Screen\",\"sender_id\":\"9_12\",\"correct\":false,\"trial_ID\":13,\"word1\":\"Kapaun\",\"word2\":\"Paukan\",\"word3\":\"Naupack\",\"word4\":\"Aupeck\",\"word5\":\"Ankepran\",\"response\":\"5\",\"response_action\":\"keypress(5)\",\"correctResponse\":\"1\",\"ended_on\":\"response\",\"duration\":7278,\"time_run\":134666,\"time_render\":134666.46,\"time_show\":134670,\"time_end\":141948,\"time_commit\":141960,\"timestamp\":\"2021-06-06T21:50:56.937Z\",\"time_switch\":141966.82},{\"sender\":\"trial_screen\",\"sender_type\":\"canvas.Screen\",\"sender_id\":\"9_13\",\"correct\":true,\"trial_ID\":14,\"word1\":\"Dissonanz\",\"word2\":\"Diskrisanz\",\"word3\":\"Distranz\",\"word4\":\"Dinotanz\",\"word5\":\"Sidonenz\",\"response\":\"1\",\"response_action\":\"keypress(1)\",\"correctResponse\":\"1\",\"ended_on\":\"response\",\"duration\":1356.179999999993,\"time_run\":141964,\"time_render\":141964,\"time_show\":141966.82,\"time_end\":143323,\"time_commit\":143330,\"timestamp\":\"2021-06-06T21:50:58.308Z\",\"time_switch\":143350.12},{\"sender\":\"trial_screen\",\"sender_type\":\"canvas.Screen\",\"sender_id\":\"9_14\",\"correct\":true,\"trial_ID\":15,\"word1\":\"Kirse\",\"word2\":\"Sirke\",\"word3\":\"Krise\",\"word4\":\"Krospe\",\"word5\":\"Seris\",\"response\":\"3\",\"response_action\":\"keypress(3)\",\"correctResponse\":\"3\",\"ended_on\":\"response\",\"duration\":2190.8800000000047,\"time_run\":143333,\"time_render\":143333.4,\"time_show\":143350.12,\"time_end\":145541,\"time_commit\":145552,\"timestamp\":\"2021-06-06T21:51:00.529Z\",\"time_switch\":145565.42},{\"sender\":\"trial_screen\",\"sender_type\":\"canvas.Screen\",\"sender_id\":\"9_15\",\"correct\":true,\"trial_ID\":16,\"word1\":\"Tume\",\"word2\":\"Umat\",\"word3\":\"Maut\",\"word4\":\"Taum\",\"word5\":\"Muta\",\"response\":\"3\",\"response_action\":\"keypress(3)\",\"correctResponse\":\"3\",\"ended_on\":\"response\",\"duration\":2288.579999999987,\"time_run\":145556,\"time_render\":145555.62,\"time_show\":145565.42,\"time_end\":147854,\"time_commit\":147857,\"timestamp\":\"2021-06-06T21:51:02.835Z\",\"time_switch\":147864.16},{\"sender\":\"trial_screen\",\"sender_type\":\"canvas.Screen\",\"sender_id\":\"9_16\",\"correct\":false,\"trial_ID\":17,\"word1\":\"Tuhl\",\"word2\":\"Lar\",\"word3\":\"Lest\",\"word4\":\"Dall\",\"word5\":\"Lid\",\"response\":\"3\",\"response_action\":\"keypress(3)\",\"correctResponse\":\"5\",\"ended_on\":\"response\",\"duration\":3848.8399999999965,\"time_run\":147860,\"time_render\":147860.42,\"time_show\":147864.16,\"time_end\":151713,\"time_commit\":151718,\"timestamp\":\"2021-06-06T21:51:06.695Z\",\"time_switch\":151729.08},{\"sender\":\"trial_screen\",\"sender_type\":\"canvas.Screen\",\"sender_id\":\"9_17\",\"correct\":false,\"trial_ID\":18,\"word1\":\"Adept\",\"word2\":\"Padet\",\"word3\":\"Edapt\",\"word4\":\"Epatt\",\"word5\":\"Taped\",\"response\":\"5\",\"response_action\":\"keypress(5)\",\"correctResponse\":\"1\",\"ended_on\":\"response\",\"duration\":3389.920000000013,\"time_run\":151721,\"time_render\":151720.9,\"time_show\":151729.08,\"time_end\":155119,\"time_commit\":155136,\"timestamp\":\"2021-06-06T21:51:10.115Z\",\"time_switch\":155144.26},{\"sender\":\"trial_screen\",\"sender_type\":\"canvas.Screen\",\"sender_id\":\"9_18\",\"correct\":true,\"trial_ID\":19,\"word1\":\"Spirine\",\"word2\":\"Saprin\",\"word3\":\"Parsin\",\"word4\":\"Purin\",\"word5\":\"Asprint\",\"response\":\"4\",\"response_action\":\"keypress(4)\",\"correctResponse\":\"4\",\"ended_on\":\"response\",\"duration\":5365.739999999991,\"time_run\":155140,\"time_render\":155139.9,\"time_show\":155144.26,\"time_end\":160510,\"time_commit\":160524,\"timestamp\":\"2021-06-06T21:51:15.502Z\",\"time_switch\":160542.5},{\"sender\":\"trial_screen\",\"sender_type\":\"canvas.Screen\",\"sender_id\":\"9_19\",\"correct\":true,\"trial_ID\":20,\"word1\":\"Kulon\",\"word2\":\"Solgun\",\"word3\":\"Koskan\",\"word4\":\"Soran\",\"word5\":\"Klonus\",\"response\":\"5\",\"response_action\":\"keypress(5)\",\"correctResponse\":\"5\",\"ended_on\":\"response\",\"duration\":3951.5,\"time_run\":160527,\"time_render\":160527.24,\"time_show\":160542.5,\"time_end\":164494,\"time_commit\":164506,\"timestamp\":\"2021-06-06T21:51:19.483Z\",\"time_switch\":164523.74},{\"sender\":\"trial_screen\",\"sender_type\":\"canvas.Screen\",\"sender_id\":\"9_20\",\"correct\":false,\"trial_ID\":21,\"word1\":\"Tronke\",\"word2\":\"Nocktherm\",\"word3\":\"Teronk\",\"word4\":\"Komtur\",\"word5\":\"Rocktur\",\"response\":\"2\",\"response_action\":\"keypress(2)\",\"correctResponse\":\"4\",\"ended_on\":\"response\",\"duration\":4689.260000000009,\"time_run\":164513,\"time_render\":164512.54,\"time_show\":164523.74,\"time_end\":169213,\"time_commit\":169227,\"timestamp\":\"2021-06-06T21:51:24.204Z\",\"time_switch\":169238.08},{\"sender\":\"trial_screen\",\"sender_type\":\"canvas.Screen\",\"sender_id\":\"9_21\",\"correct\":true,\"trial_ID\":22,\"word1\":\"Ripat\",\"word2\":\"Patinatte\",\"word3\":\"Tapir\",\"word4\":\"Apitt\",\"word5\":\"Padir\",\"response\":\"3\",\"response_action\":\"keypress(3)\",\"correctResponse\":\"3\",\"ended_on\":\"response\",\"duration\":7787.920000000013,\"time_run\":169231,\"time_render\":169231.06,\"time_show\":169238.08,\"time_end\":177026,\"time_commit\":177040,\"timestamp\":\"2021-06-06T21:51:32.018Z\",\"time_switch\":177051.26},{\"sender\":\"trial_screen\",\"sender_type\":\"canvas.Screen\",\"sender_id\":\"9_22\",\"correct\":false,\"trial_ID\":23,\"word1\":\"Akifer\",\"word2\":\"Fiaker\",\"word3\":\"Kiaffa\",\"word4\":\"Sariffer\",\"word5\":\"Refisker\",\"response\":\"4\",\"response_action\":\"keypress(4)\",\"correctResponse\":\"2\",\"ended_on\":\"response\",\"duration\":6646.739999999991,\"time_run\":177046,\"time_render\":177045.96,\"time_show\":177051.26,\"time_end\":183698,\"time_commit\":183706,\"timestamp\":\"2021-06-06T21:51:38.684Z\",\"time_switch\":183714.96},{\"sender\":\"trial_screen\",\"sender_type\":\"canvas.Screen\",\"sender_id\":\"9_23\",\"correct\":true,\"trial_ID\":24,\"word1\":\"Kleiber\",\"word2\":\"Beikel\",\"word3\":\"Keibel\",\"word4\":\"Reikler\",\"word5\":\"Biekerl\",\"response\":\"1\",\"response_action\":\"keypress(1)\",\"correctResponse\":\"1\",\"ended_on\":\"response\",\"duration\":3795.040000000008,\"time_run\":183710,\"time_render\":183710.34,\"time_show\":183714.96,\"time_end\":187510,\"time_commit\":187522,\"timestamp\":\"2021-06-06T21:51:42.499Z\",\"time_switch\":187529.88},{\"sender\":\"trial_screen\",\"sender_type\":\"canvas.Screen\",\"sender_id\":\"9_24\",\"correct\":true,\"trial_ID\":25,\"word1\":\"Ig\u00e4de\",\"word2\":\"D\u00e4gie\",\"word3\":\"\u00c4gide\",\"word4\":\"Dig\u00e4de\",\"word5\":\"Giad\",\"response\":\"3\",\"response_action\":\"keypress(3)\",\"correctResponse\":\"3\",\"ended_on\":\"response\",\"duration\":5714.119999999995,\"time_run\":187526,\"time_render\":187526.18,\"time_show\":187529.88,\"time_end\":193244,\"time_commit\":193255,\"timestamp\":\"2021-06-06T21:51:48.233Z\",\"time_switch\":193260.72},{\"sender\":\"trial_screen\",\"sender_type\":\"canvas.Screen\",\"sender_id\":\"9_25\",\"correct\":true,\"trial_ID\":26,\"word1\":\"Rixal\",\"word2\":\"Irtax\",\"word3\":\"Rackizie\",\"word4\":\"Matrix\",\"word5\":\"Atrige\",\"response\":\"4\",\"response_action\":\"keypress(4)\",\"correctResponse\":\"4\",\"ended_on\":\"response\",\"duration\":3030.279999999999,\"time_run\":193259,\"time_render\":193259.14,\"time_show\":193260.72,\"time_end\":196291,\"time_commit\":196309,\"timestamp\":\"2021-06-06T21:51:51.286Z\",\"time_switch\":196326.52},{\"sender\":\"trial_screen\",\"sender_type\":\"canvas.Screen\",\"sender_id\":\"9_26\",\"correct\":true,\"trial_ID\":27,\"word1\":\"Haskisch\",\"word2\":\"Asmisch\",\"word3\":\"Schisma\",\"word4\":\"Rasthmie\",\"word5\":\"Ilschah\",\"response\":\"3\",\"response_action\":\"keypress(3)\",\"correctResponse\":\"3\",\"ended_on\":\"response\",\"duration\":4683.4800000000105,\"time_run\":196312,\"time_render\":196312.46,\"time_show\":196326.52,\"time_end\":201010,\"time_commit\":201021,\"timestamp\":\"2021-06-06T21:51:55.999Z\",\"time_switch\":201041.22},{\"sender\":\"trial_screen\",\"sender_type\":\"canvas.Screen\",\"sender_id\":\"9_27\",\"correct\":false,\"trial_ID\":28,\"word1\":\"Sallose\",\"word2\":\"Lordose\",\"word3\":\"Dormase\",\"word4\":\"Rollase\",\"word5\":\"Ardierole\",\"response\":\"1\",\"response_action\":\"keypress(1)\",\"correctResponse\":\"2\",\"ended_on\":\"response\",\"duration\":5437.779999999999,\"time_run\":201025,\"time_render\":201025.2,\"time_show\":201041.22,\"time_end\":206479,\"time_commit\":206485,\"timestamp\":\"2021-06-06T21:52:01.463Z\",\"time_switch\":206504.94},{\"sender\":\"trial_screen\",\"sender_type\":\"canvas.Screen\",\"sender_id\":\"9_28\",\"correct\":false,\"trial_ID\":29,\"word1\":\"Intranotion\",\"word2\":\"Infranatura\",\"word3\":\"Internodium\",\"word4\":\"Indotalie\",\"word5\":\"Indosta\",\"response\":\"1\",\"response_action\":\"keypress(1)\",\"correctResponse\":\"3\",\"ended_on\":\"response\",\"duration\":4489.059999999998,\"time_run\":206489,\"time_render\":206489.18,\"time_show\":206504.94,\"time_end\":210994,\"time_commit\":211007,\"timestamp\":\"2021-06-06T21:52:05.984Z\",\"time_switch\":211019.66},{\"sender\":\"trial_screen\",\"sender_type\":\"canvas.Screen\",\"sender_id\":\"9_29\",\"correct\":false,\"trial_ID\":30,\"word1\":\"Idaste\",\"word2\":\"Dastrix\",\"word3\":\"Astike\",\"word4\":\"Sadile\",\"word5\":\"Kasside\",\"response\":\"2\",\"response_action\":\"keypress(2)\",\"correctResponse\":\"5\",\"ended_on\":\"response\",\"duration\":5271.3399999999965,\"time_run\":211012,\"time_render\":211011.6,\"time_show\":211019.66,\"time_end\":216291,\"time_commit\":216301,\"timestamp\":\"2021-06-06T21:52:11.279Z\",\"time_switch\":216317.78},{\"sender\":\"trial_screen\",\"sender_type\":\"canvas.Screen\",\"sender_id\":\"9_30\",\"correct\":false,\"trial_ID\":31,\"word1\":\"Libration\",\"word2\":\"Bilation\",\"word3\":\"Arlation\",\"word4\":\"Iberation\",\"word5\":\"Tiradon\",\"response\":\"4\",\"response_action\":\"keypress(4)\",\"correctResponse\":\"1\",\"ended_on\":\"response\",\"duration\":2989.220000000001,\"time_run\":216305,\"time_render\":216305.74,\"time_show\":216317.78,\"time_end\":219307,\"time_commit\":219318,\"timestamp\":\"2021-06-06T21:52:14.295Z\",\"time_switch\":219333.12},{\"sender\":\"trial_screen\",\"sender_type\":\"canvas.Screen\",\"sender_id\":\"9_31\",\"correct\":false,\"trial_ID\":32,\"word1\":\"Pucker\",\"word2\":\"Keuper\",\"word3\":\"Eucker\",\"word4\":\"Reuspeck\",\"word5\":\"Urkane\",\"response\":\"3\",\"response_action\":\"keypress(3)\",\"correctResponse\":\"2\",\"ended_on\":\"response\",\"duration\":5129.880000000005,\"time_run\":219320,\"time_render\":219320.64,\"time_show\":219333.12,\"time_end\":224463,\"time_commit\":224474,\"timestamp\":\"2021-06-06T21:52:19.452Z\",\"time_switch\":224480.32},{\"sender\":\"trial_screen\",\"sender_type\":\"canvas.Screen\",\"sender_id\":\"9_32\",\"correct\":false,\"trial_ID\":33,\"word1\":\"Sickaber\",\"word2\":\"Bassiker\",\"word3\":\"Kassiber\",\"word4\":\"Sassiker\",\"word5\":\"Askiber\",\"response\":\"2\",\"response_action\":\"keypress(2)\",\"correctResponse\":\"3\",\"ended_on\":\"response\",\"duration\":3982.679999999993,\"time_run\":224478,\"time_render\":224478,\"time_show\":224480.32,\"time_end\":228463,\"time_commit\":228474,\"timestamp\":\"2021-06-06T21:52:23.452Z\",\"time_switch\":228478.5},{\"sender\":\"trial_screen\",\"sender_type\":\"canvas.Screen\",\"sender_id\":\"9_33\",\"correct\":false,\"trial_ID\":34,\"word1\":\"Alquallon\",\"word2\":\"Lisqualien\",\"word3\":\"Talquallen\",\"word4\":\"Quisquilien\",\"word5\":\"Rielquellen\",\"response\":\"3\",\"response_action\":\"keypress(3)\",\"correctResponse\":\"4\",\"ended_on\":\"response\",\"duration\":5719.5,\"time_run\":228477,\"time_render\":228476.8,\"time_show\":228478.5,\"time_end\":234198,\"time_commit\":234210,\"timestamp\":\"2021-06-06T21:52:29.187Z\",\"time_switch\":234226.3},{\"sender\":\"trial_screen\",\"sender_type\":\"canvas.Screen\",\"sender_id\":\"9_34\",\"correct\":false,\"trial_ID\":35,\"word1\":\"Berkiza\",\"word2\":\"Brekzie\",\"word3\":\"Birakzie\",\"word4\":\"Brikazie\",\"word5\":\"Bakiria\",\"response\":\"4\",\"response_action\":\"keypress(4)\",\"correctResponse\":\"2\",\"ended_on\":\"response\",\"duration\":8377.700000000012,\"time_run\":234212,\"time_render\":234212.7,\"time_show\":234226.3,\"time_end\":242604,\"time_commit\":242609,\"timestamp\":\"2021-06-06T21:52:37.585Z\",\"time_switch\":242622.76},{\"sender\":\"loop_trial\",\"sender_type\":\"flow.Loop\",\"sender_id\":\"9\",\"ended_on\":\"completion\",\"duration\":149614.9,\"time_run\":92971,\"time_render\":92975.08,\"time_show\":92989.1,\"time_end\":242604,\"time_commit\":242609,\"timestamp\":\"2021-06-06T21:52:37.586Z\",\"time_switch\":242622.76},{\"sender\":\"end_html\",\"sender_type\":\"html.Screen\",\"sender_id\":\"10\",\"ended_on\":\"timeout\",\"duration\":5996.6999999999825,\"time_run\":242609,\"time_render\":242609.34,\"time_show\":242622.76,\"time_end\":248603.26,\"time_commit\":248604,\"timestamp\":\"2021-06-06T21:52:43.582Z\",\"time_switch\":248619.46},{\"sender\":\"root\",\"sender_type\":\"flow.Sequence\",\"sender_id\":null,\"ended_on\":\"completion\",\"duration\":248240.52000000002,\"time_run\":330,\"time_render\":346.08,\"time_show\":362.74,\"time_end\":248603.26,\"time_commit\":248605,\"timestamp\":\"2021-06-06T21:52:43.583Z\",\"time_switch\":248619.46}]",
    "metadata": "{\"slice\":0,\"id\":\"9d0d4d44-18bb-4e87-8ddd-57007a4ea0f7\",\"payload\":\"full\"}",
    "url": "https://exp02.zih.tu-dresden.de/experiments/spot_a_word_task/"
}