{
    "data": "[{\"url\":{},\"meta\":{\"labjs_version\":\"20.1.1\",\"labjs_build\":{\"flavor\":\"production\",\"commit\":\"cd5695f774968f50499757c1423bd95d033ea08e\"},\"location\":\"https://exp04.zih.tu-dresden.de/experiments/raven_task/\",\"userAgent\":\"Mozilla/5.0 (Macintosh; Intel Mac OS X 10_15_6) AppleWebKit/605.1.15 (KHTML, like Gecko) Version/14.0.3 Safari/605.1.15\",\"platform\":\"MacIntel\",\"language\":\"de-de\",\"locale\":\"de-DE\",\"timeZone\":\"Europe/Berlin\",\"timezoneOffset\":-120,\"screen_width\":1440,\"screen_height\":900,\"scroll_width\":1440,\"scroll_height\":772,\"window_innerWidth\":1440,\"window_innerHeight\":820,\"devicePixelRatio\":2},\"sender\":\"welcome\",\"sender_type\":\"canvas.Screen\",\"sender_id\":\"0\",\"response\":\"any\",\"response_action\":\"keypress\",\"ended_on\":\"response\",\"duration\":1558,\"time_run\":2287,\"time_render\":2306,\"time_show\":2323,\"time_end\":3864,\"time_commit\":3889.0000000000005,\"timestamp\":\"2021-06-15T08:03:44.938Z\",\"time_switch\":3923},{\"sender\":\"instructions\",\"sender_type\":\"html.Page\",\"sender_id\":\"1\",\"response\":\"Space\",\"response_action\":\"keypress(Space)\",\"ended_on\":\"response\",\"duration\":18862,\"time_run\":3889.0000000000005,\"time_render\":3906,\"time_show\":3923,\"time_end\":22768,\"time_commit\":22754,\"timestamp\":\"2021-06-15T08:04:03.802Z\",\"time_switch\":22825},{\"sender\":\"example1\",\"sender_type\":\"canvas.Screen\",\"sender_id\":\"2\",\"response\":\"8\",\"response_action\":\"click(0) @8\",\"correctResponse\":\"8\",\"correct\":true,\"ended_on\":\"response\",\"duration\":7487,\"time_run\":22754,\"time_render\":22779,\"time_show\":22825,\"time_end\":30266,\"time_commit\":30250,\"timestamp\":\"2021-06-15T08:04:11.298Z\",\"time_switch\":30291},{\"sender\":\"example1_feedback\",\"sender_type\":\"canvas.Screen\",\"sender_id\":\"3\",\"response\":\"space\",\"response_action\":\"keypress(Space)\",\"ended_on\":\"response\",\"duration\":1229,\"time_run\":30251,\"time_render\":30275,\"time_show\":30291,\"time_end\":31504,\"time_commit\":31487.000000000004,\"timestamp\":\"2021-06-15T08:04:12.535Z\",\"time_switch\":31550},{\"sender\":\"example2\",\"sender_type\":\"canvas.Screen\",\"sender_id\":\"4\",\"response\":\"4\",\"response_action\":\"click(0) @4\",\"correctResponse\":\"4\",\"correct\":true,\"ended_on\":\"response\",\"duration\":4923,\"time_run\":31487.000000000004,\"time_render\":31507,\"time_show\":31550,\"time_end\":36430,\"time_commit\":36413.00000000001,\"timestamp\":\"2021-06-15T08:04:17.461Z\",\"time_switch\":36441},{\"sender\":\"example2_feedback\",\"sender_type\":\"canvas.Screen\",\"sender_id\":\"5\",\"response\":\"space\",\"response_action\":\"keypress(Space)\",\"ended_on\":\"response\",\"duration\":910,\"time_run\":36414,\"time_render\":36424,\"time_show\":36441,\"time_end\":37334,\"time_commit\":37316,\"timestamp\":\"2021-06-15T08:04:18.364Z\",\"time_switch\":37349},{\"sender\":\"get ready\",\"sender_type\":\"canvas.Screen\",\"sender_id\":\"6\",\"response\":\"Space\",\"response_action\":\"keypress(Space)\",\"ended_on\":\"response\",\"duration\":2444,\"time_run\":37316,\"time_render\":37332,\"time_show\":37349,\"time_end\":39776,\"time_commit\":39758,\"timestamp\":\"2021-06-15T08:04:20.806Z\",\"time_switch\":39865},{\"sender\":\"test01\",\"sender_type\":\"canvas.Screen\",\"sender_id\":\"7_0\",\"response\":\"8\",\"response_action\":\"click(0) @8\",\"correctResponse\":\"7\",\"correct\":false,\"ended_on\":\"response\",\"duration\":13825,\"time_run\":39758,\"time_render\":39772,\"time_show\":39865,\"time_end\":53597,\"time_commit\":53581,\"timestamp\":\"2021-06-15T08:04:34.628Z\",\"time_switch\":53682},{\"sender\":\"test02\",\"sender_type\":\"canvas.Screen\",\"sender_id\":\"7_1\",\"response\":\"4\",\"response_action\":\"click(0) @4\",\"correctResponse\":\"4\",\"correct\":true,\"ended_on\":\"response\",\"duration\":16109.000000000015,\"time_run\":53581,\"time_render\":53595,\"time_show\":53682,\"time_end\":69704.00000000001,\"time_commit\":69685,\"timestamp\":\"2021-06-15T08:04:50.731Z\",\"time_switch\":69788},{\"sender\":\"test03\",\"sender_type\":\"canvas.Screen\",\"sender_id\":\"7_2\",\"response\":\"6\",\"response_action\":\"click(0) @6\",\"correctResponse\":\"6\",\"correct\":true,\"ended_on\":\"response\",\"duration\":12672,\"time_run\":69685,\"time_render\":69698,\"time_show\":69788,\"time_end\":82370,\"time_commit\":82351,\"timestamp\":\"2021-06-15T08:05:03.397Z\",\"time_switch\":82470},{\"sender\":\"test04\",\"sender_type\":\"canvas.Screen\",\"sender_id\":\"7_3\",\"response\":\"2\",\"response_action\":\"click(0) @2\",\"correctResponse\":\"2\",\"correct\":true,\"ended_on\":\"response\",\"duration\":15074.000000000015,\"time_run\":82351,\"time_render\":82377,\"time_show\":82470,\"time_end\":97451.00000000001,\"time_commit\":97431,\"timestamp\":\"2021-06-15T08:05:18.476Z\",\"time_switch\":97544},{\"sender\":\"test05\",\"sender_type\":\"canvas.Screen\",\"sender_id\":\"7_4\",\"response\":\"4\",\"response_action\":\"click(0) @4\",\"correctResponse\":\"4\",\"correct\":true,\"ended_on\":\"response\",\"duration\":15968,\"time_run\":97431,\"time_render\":97454,\"time_show\":97544,\"time_end\":113422,\"time_commit\":113401,\"timestamp\":\"2021-06-15T08:05:34.446Z\",\"time_switch\":113520},{\"sender\":\"test06\",\"sender_type\":\"canvas.Screen\",\"sender_id\":\"7_5\",\"response\":\"7\",\"response_action\":\"click(0) @7\",\"correctResponse\":\"7\",\"correct\":true,\"ended_on\":\"response\",\"duration\":28508,\"time_run\":113402,\"time_render\":113415,\"time_show\":113520,\"time_end\":141923,\"time_commit\":141910,\"timestamp\":\"2021-06-15T08:06:02.963Z\",\"time_switch\":142027},{\"sender\":\"test07\",\"sender_type\":\"canvas.Screen\",\"sender_id\":\"7_6\",\"response\":\"8\",\"response_action\":\"click(0) @8\",\"correctResponse\":\"8\",\"correct\":true,\"ended_on\":\"response\",\"duration\":19632.00000000003,\"time_run\":141911,\"time_render\":141937,\"time_show\":142027,\"time_end\":161569.00000000003,\"time_commit\":161560,\"timestamp\":\"2021-06-15T08:06:22.616Z\",\"time_switch\":161668},{\"sender\":\"test08\",\"sender_type\":\"canvas.Screen\",\"sender_id\":\"7_7\",\"response\":\"8\",\"response_action\":\"click(0) @8\",\"correctResponse\":\"7\",\"correct\":false,\"ended_on\":\"response\",\"duration\":12385.00000000003,\"time_run\":161560,\"time_render\":161577,\"time_show\":161668,\"time_end\":173962.00000000003,\"time_commit\":173954,\"timestamp\":\"2021-06-15T08:06:35.010Z\",\"time_switch\":174066},{\"sender\":\"test09\",\"sender_type\":\"canvas.Screen\",\"sender_id\":\"7_8\",\"response\":\"3\",\"response_action\":\"click(0) @3\",\"correctResponse\":\"5\",\"correct\":false,\"ended_on\":\"response\",\"duration\":5512,\"time_run\":173954,\"time_render\":173971,\"time_show\":174066,\"time_end\":179483,\"time_commit\":179474,\"timestamp\":\"2021-06-15T08:06:40.531Z\",\"time_switch\":179582},{\"sender\":\"test10\",\"sender_type\":\"canvas.Screen\",\"sender_id\":\"7_9\",\"response\":\"8\",\"response_action\":\"click(0) @8\",\"correctResponse\":\"5\",\"correct\":false,\"ended_on\":\"response\",\"duration\":7277,\"time_run\":179474,\"time_render\":179489,\"time_show\":179582,\"time_end\":186766,\"time_commit\":186757,\"timestamp\":\"2021-06-15T08:06:47.813Z\",\"time_switch\":186858},{\"sender\":\"test11\",\"sender_type\":\"canvas.Screen\",\"sender_id\":\"7_10\",\"response\":\"3\",\"response_action\":\"click(0) @3\",\"correctResponse\":\"4\",\"correct\":false,\"ended_on\":\"response\",\"duration\":10425,\"time_run\":186757,\"time_render\":186767,\"time_show\":186858,\"time_end\":197192,\"time_commit\":197183,\"timestamp\":\"2021-06-15T08:06:58.239Z\",\"time_switch\":197295},{\"sender\":\"test12\",\"sender_type\":\"canvas.Screen\",\"sender_id\":\"7_11\",\"response\":\"3\",\"response_action\":\"click(0) @3\",\"correctResponse\":\"1\",\"correct\":false,\"ended_on\":\"response\",\"duration\":5076,\"time_run\":197183,\"time_render\":197200,\"time_show\":197295,\"time_end\":202276,\"time_commit\":202267,\"timestamp\":\"2021-06-15T08:07:03.323Z\",\"time_switch\":202310},{\"sender\":\"tests (15min)\",\"sender_type\":\"flow.Sequence\",\"sender_id\":\"7\",\"ended_on\":\"completion\",\"duration\":162411,\"time_run\":39758,\"time_render\":39772,\"time_show\":39865,\"time_end\":202276,\"time_commit\":202268,\"timestamp\":\"2021-06-15T08:07:03.324Z\",\"time_switch\":202310},{\"sender\":\"good bye\",\"sender_type\":\"canvas.Screen\",\"sender_id\":\"8\",\"ended_on\":\"timeout\",\"duration\":3998,\"time_run\":202268,\"time_render\":202294,\"time_show\":202310,\"time_end\":206292,\"time_commit\":206292,\"timestamp\":\"2021-06-15T08:07:07.348Z\",\"time_switch\":206308},{\"sender\":\"root\",\"sender_type\":\"flow.Sequence\",\"sender_id\":null,\"ended_on\":\"completion\",\"duration\":203969,\"time_run\":2287,\"time_render\":2306,\"time_show\":2323,\"time_end\":206292,\"time_commit\":206293,\"timestamp\":\"2021-06-15T08:07:07.349Z\",\"time_switch\":206308}]",
    "metadata": "{\"slice\":0,\"id\":\"e3d44530-9399-473e-8dc5-05ce0173e5c1\",\"payload\":\"full\"}",
    "url": "https://exp04.zih.tu-dresden.de/experiments/raven_task/"
}