{
    "data": "[{\"url\":{},\"meta\":{\"labjs_version\":\"20.1.1\",\"labjs_build\":{\"flavor\":\"production\",\"commit\":\"cd5695f774968f50499757c1423bd95d033ea08e\"},\"location\":\"https://exp04.zih.tu-dresden.de/experiments/spot_a_word_task/\",\"userAgent\":\"Mozilla/5.0 (Macintosh; Intel Mac OS X 10_15_6) AppleWebKit/605.1.15 (KHTML, like Gecko) Version/14.0.3 Safari/605.1.15\",\"platform\":\"MacIntel\",\"language\":\"de-de\",\"locale\":\"de-DE\",\"timeZone\":\"Europe/Berlin\",\"timezoneOffset\":-120,\"screen_width\":1440,\"screen_height\":900,\"scroll_width\":1440,\"scroll_height\":772,\"window_innerWidth\":1440,\"window_innerHeight\":820,\"devicePixelRatio\":2},\"sender\":\"start_html\",\"sender_type\":\"html.Screen\",\"sender_id\":\"0\",\"response\":\"keypress\",\"response_action\":\"keypress\",\"ended_on\":\"response\",\"duration\":3963,\"time_run\":613,\"time_render\":616,\"time_show\":622,\"time_end\":4579,\"time_commit\":4618,\"timestamp\":\"2021-06-15T07:58:27.604Z\",\"time_switch\":4656},{\"sender\":\"manual_html\",\"sender_type\":\"html.Screen\",\"sender_id\":\"1\",\"response\":\"space\",\"response_action\":\"keypress(Space)\",\"ended_on\":\"response\",\"duration\":26585,\"time_run\":4618,\"time_render\":4640,\"time_show\":4656,\"time_end\":31225,\"time_commit\":31223,\"timestamp\":\"2021-06-15T07:58:54.211Z\",\"time_switch\":31270},{\"sender\":\"example1_screen\",\"sender_type\":\"canvas.Screen\",\"sender_id\":\"2\",\"response\":\"4\",\"response_action\":\"keypress(4)\",\"correctResponse\":\"4\",\"correct\":true,\"ended_on\":\"response\",\"duration\":2710,\"time_run\":31233,\"time_render\":31254,\"time_show\":31270,\"time_end\":33964,\"time_commit\":33960,\"timestamp\":\"2021-06-15T07:58:56.949Z\",\"time_switch\":34005},{\"sender\":\"example1_feedback\",\"sender_type\":\"canvas.Screen\",\"sender_id\":\"3\",\"response\":\"Space\",\"response_action\":\"keypress(Space)\",\"ended_on\":\"response\",\"duration\":1118,\"time_run\":33963,\"time_render\":33988,\"time_show\":34005,\"time_end\":35106,\"time_commit\":35102.00000000001,\"timestamp\":\"2021-06-15T07:58:58.090Z\",\"time_switch\":35139},{\"sender\":\"example2_screen\",\"sender_type\":\"canvas.Screen\",\"sender_id\":\"4\",\"response\":\"5\",\"response_action\":\"keypress(5)\",\"correctResponse\":\"5\",\"correct\":true,\"ended_on\":\"response\",\"duration\":2019,\"time_run\":35105.00000000001,\"time_render\":35123,\"time_show\":35139,\"time_end\":37142,\"time_commit\":37138,\"timestamp\":\"2021-06-15T07:59:00.127Z\",\"time_switch\":37172},{\"sender\":\"example2_feedback\",\"sender_type\":\"canvas.Screen\",\"sender_id\":\"5\",\"response\":\"Space\",\"response_action\":\"keypress(Space)\",\"ended_on\":\"response\",\"duration\":924,\"time_run\":37139,\"time_render\":37156,\"time_show\":37172,\"time_end\":38080,\"time_commit\":38075,\"timestamp\":\"2021-06-15T07:59:01.064Z\",\"time_switch\":38107},{\"sender\":\"example3_screen\",\"sender_type\":\"canvas.Screen\",\"sender_id\":\"6\",\"response\":\"1\",\"response_action\":\"keypress(1)\",\"correctResponse\":\"1\",\"correct\":true,\"ended_on\":\"response\",\"duration\":1588.0000000000073,\"time_run\":38078,\"time_render\":38090,\"time_show\":38107,\"time_end\":39678.00000000001,\"time_commit\":39673,\"timestamp\":\"2021-06-15T07:59:02.662Z\",\"time_switch\":39714},{\"sender\":\"example3_feedback\",\"sender_type\":\"canvas.Screen\",\"sender_id\":\"7\",\"response\":\"Space\",\"response_action\":\"keypress(Space)\",\"ended_on\":\"response\",\"duration\":930,\"time_run\":39675.00000000001,\"time_render\":39697,\"time_show\":39714,\"time_end\":40627,\"time_commit\":40622,\"timestamp\":\"2021-06-15T07:59:03.611Z\",\"time_switch\":40665},{\"sender\":\"get_ready_html\",\"sender_type\":\"html.Screen\",\"sender_id\":\"8\",\"response\":\"space\",\"response_action\":\"keypress(Space)\",\"ended_on\":\"response\",\"duration\":4750,\"time_run\":40622,\"time_render\":40648,\"time_show\":40665,\"time_end\":45398,\"time_commit\":45396,\"timestamp\":\"2021-06-15T07:59:08.384Z\",\"time_switch\":45453},{\"sender\":\"trial_screen\",\"sender_type\":\"canvas.Screen\",\"sender_id\":\"9_0\",\"correct\":true,\"trial_ID\":1,\"word1\":\"siziol\",\"word2\":\"salzahl\",\"word3\":\"sozihl\",\"word4\":\"sziam\",\"word5\":\"sozial\",\"response\":\"5\",\"response_action\":\"keypress(5)\",\"correctResponse\":\"5\",\"ended_on\":\"response\",\"duration\":1711,\"time_run\":45418,\"time_render\":45437,\"time_show\":45453,\"time_end\":47148,\"time_commit\":47144,\"timestamp\":\"2021-06-15T07:59:10.132Z\",\"time_switch\":47186},{\"sender\":\"trial_screen\",\"sender_type\":\"canvas.Screen\",\"sender_id\":\"9_1\",\"correct\":true,\"trial_ID\":2,\"word1\":\"Lamone\",\"word2\":\"Talane\",\"word3\":\"Matrone\",\"word4\":\"Tarone\",\"word5\":\"Malonte\",\"response\":\"3\",\"response_action\":\"keypress(3)\",\"correctResponse\":\"3\",\"ended_on\":\"response\",\"duration\":3706,\"time_run\":47145,\"time_render\":47170,\"time_show\":47186,\"time_end\":50876,\"time_commit\":50872,\"timestamp\":\"2021-06-15T07:59:13.861Z\",\"time_switch\":50919},{\"sender\":\"trial_screen\",\"sender_type\":\"canvas.Screen\",\"sender_id\":\"9_2\",\"correct\":true,\"trial_ID\":3,\"word1\":\"kurinesisch\",\"word2\":\"kulinarisch\",\"word3\":\"kumenisch\",\"word4\":\"kulissarisch\",\"word5\":\"kannastrisch\",\"response\":\"2\",\"response_action\":\"keypress(2)\",\"correctResponse\":\"2\",\"ended_on\":\"response\",\"duration\":4428,\"time_run\":50879,\"time_render\":50903,\"time_show\":50919,\"time_end\":55331,\"time_commit\":55328,\"timestamp\":\"2021-06-15T07:59:18.316Z\",\"time_switch\":55362},{\"sender\":\"trial_screen\",\"sender_type\":\"canvas.Screen\",\"sender_id\":\"9_3\",\"correct\":true,\"trial_ID\":4,\"word1\":\"Tinxur\",\"word2\":\"Kukutur\",\"word3\":\"Fraktan\",\"word4\":\"Tinktur\",\"word5\":\"Rimsuhr\",\"response\":\"4\",\"response_action\":\"keypress(4)\",\"correctResponse\":\"4\",\"ended_on\":\"response\",\"duration\":3082,\"time_run\":55330,\"time_render\":55345,\"time_show\":55362,\"time_end\":58427,\"time_commit\":58424,\"timestamp\":\"2021-06-15T07:59:21.412Z\",\"time_switch\":58462},{\"sender\":\"trial_screen\",\"sender_type\":\"canvas.Screen\",\"sender_id\":\"9_4\",\"correct\":false,\"trial_ID\":5,\"word1\":\"beralen\",\"word2\":\"ger\u00e4ltet\",\"word3\":\"an\u00e4lteren\",\"word4\":\"unt\u00e4ren\",\"word5\":\"verbr\u00e4men\",\"response\":\"2\",\"response_action\":\"keypress(2)\",\"correctResponse\":\"5\",\"ended_on\":\"response\",\"duration\":4031,\"time_run\":58429,\"time_render\":58445,\"time_show\":58462,\"time_end\":62476,\"time_commit\":62471,\"timestamp\":\"2021-06-15T07:59:25.459Z\",\"time_switch\":62511},{\"sender\":\"trial_screen\",\"sender_type\":\"canvas.Screen\",\"sender_id\":\"9_5\",\"correct\":true,\"trial_ID\":6,\"word1\":\"Rosto\",\"word2\":\"Torso\",\"word3\":\"Soro\",\"word4\":\"Torgos\",\"word5\":\"Tosor\",\"response\":\"2\",\"response_action\":\"keypress(2)\",\"correctResponse\":\"2\",\"ended_on\":\"response\",\"duration\":3095,\"time_run\":62473,\"time_render\":62494,\"time_show\":62511,\"time_end\":65589,\"time_commit\":65584,\"timestamp\":\"2021-06-15T07:59:28.572Z\",\"time_switch\":65626},{\"sender\":\"trial_screen\",\"sender_type\":\"canvas.Screen\",\"sender_id\":\"9_6\",\"correct\":true,\"trial_ID\":7,\"word1\":\"Redor\",\"word2\":\"Radium\",\"word3\":\"Terion\",\"word4\":\"Dramin\",\"word5\":\"Orakium\",\"response\":\"2\",\"response_action\":\"keypress(2)\",\"correctResponse\":\"2\",\"ended_on\":\"response\",\"duration\":1746,\"time_run\":65585.00000000001,\"time_render\":65610,\"time_show\":65626,\"time_end\":67356,\"time_commit\":67353,\"timestamp\":\"2021-06-15T07:59:30.341Z\",\"time_switch\":67387},{\"sender\":\"trial_screen\",\"sender_type\":\"canvas.Screen\",\"sender_id\":\"9_7\",\"correct\":true,\"trial_ID\":8,\"word1\":\"Nale\",\"word2\":\"Sahe\",\"word3\":\"Nase\",\"word4\":\"Nesa\",\"word5\":\"Sehna\",\"response\":\"3\",\"response_action\":\"keypress(3)\",\"correctResponse\":\"3\",\"ended_on\":\"response\",\"duration\":2270,\"time_run\":67359,\"time_render\":67370,\"time_show\":67387,\"time_end\":69640,\"time_commit\":69636,\"timestamp\":\"2021-06-15T07:59:32.624Z\",\"time_switch\":69669},{\"sender\":\"trial_screen\",\"sender_type\":\"canvas.Screen\",\"sender_id\":\"9_8\",\"correct\":false,\"trial_ID\":9,\"word1\":\"Rilkiase\",\"word2\":\"Kilister\",\"word3\":\"Riliker\",\"word4\":\"Klistier\",\"word5\":\"Linkure\",\"response\":\"2\",\"response_action\":\"keypress(2)\",\"correctResponse\":\"4\",\"ended_on\":\"response\",\"duration\":3846,\"time_run\":69638,\"time_render\":69654,\"time_show\":69669,\"time_end\":73500,\"time_commit\":73496,\"timestamp\":\"2021-06-15T07:59:36.484Z\",\"time_switch\":73535},{\"sender\":\"trial_screen\",\"sender_type\":\"canvas.Screen\",\"sender_id\":\"9_9\",\"correct\":true,\"trial_ID\":10,\"word1\":\"kentern\",\"word2\":\"knerte\",\"word3\":\"kanzen\",\"word4\":\"kretern\",\"word5\":\"trekern\",\"response\":\"1\",\"response_action\":\"keypress(1)\",\"correctResponse\":\"1\",\"ended_on\":\"response\",\"duration\":4064,\"time_run\":73502,\"time_render\":73520,\"time_show\":73535,\"time_end\":77584,\"time_commit\":77579.00000000001,\"timestamp\":\"2021-06-15T07:59:40.566Z\",\"time_switch\":77619},{\"sender\":\"trial_screen\",\"sender_type\":\"canvas.Screen\",\"sender_id\":\"9_10\",\"correct\":true,\"trial_ID\":11,\"word1\":\"Sorekin\",\"word2\":\"Sarowin\",\"word3\":\"Rosakin\",\"word4\":\"Narosin\",\"word5\":\"Kerosin\",\"response\":\"5\",\"response_action\":\"keypress(5)\",\"correctResponse\":\"5\",\"ended_on\":\"response\",\"duration\":3089,\"time_run\":77580,\"time_render\":77603,\"time_show\":77619,\"time_end\":80692,\"time_commit\":80686,\"timestamp\":\"2021-06-15T07:59:43.673Z\",\"time_switch\":80729},{\"sender\":\"trial_screen\",\"sender_type\":\"canvas.Screen\",\"sender_id\":\"9_11\",\"correct\":false,\"trial_ID\":12,\"word1\":\"Ralke\",\"word2\":\"Korre\",\"word3\":\"Ruckse\",\"word4\":\"Recke\",\"word5\":\"Ulte\",\"response\":\"1\",\"response_action\":\"keypress(1)\",\"correctResponse\":\"4\",\"ended_on\":\"response\",\"duration\":3484,\"time_run\":80687,\"time_render\":80713,\"time_show\":80729,\"time_end\":84197,\"time_commit\":84193,\"timestamp\":\"2021-06-15T07:59:47.180Z\",\"time_switch\":84239},{\"sender\":\"trial_screen\",\"sender_type\":\"canvas.Screen\",\"sender_id\":\"9_12\",\"correct\":false,\"trial_ID\":13,\"word1\":\"Kapaun\",\"word2\":\"Paukan\",\"word3\":\"Naupack\",\"word4\":\"Aupeck\",\"word5\":\"Ankepran\",\"response\":\"2\",\"response_action\":\"keypress(2)\",\"correctResponse\":\"1\",\"ended_on\":\"response\",\"duration\":5561,\"time_run\":84198.00000000001,\"time_render\":84222,\"time_show\":84239,\"time_end\":89783,\"time_commit\":89780,\"timestamp\":\"2021-06-15T07:59:52.766Z\",\"time_switch\":89820},{\"sender\":\"trial_screen\",\"sender_type\":\"canvas.Screen\",\"sender_id\":\"9_13\",\"correct\":true,\"trial_ID\":14,\"word1\":\"Dissonanz\",\"word2\":\"Diskrisanz\",\"word3\":\"Distranz\",\"word4\":\"Dinotanz\",\"word5\":\"Sidonenz\",\"response\":\"1\",\"response_action\":\"keypress(1)\",\"correctResponse\":\"1\",\"ended_on\":\"response\",\"duration\":2545,\"time_run\":89781,\"time_render\":89803,\"time_show\":89820,\"time_end\":92348,\"time_commit\":92343,\"timestamp\":\"2021-06-15T07:59:55.329Z\",\"time_switch\":92380},{\"sender\":\"trial_screen\",\"sender_type\":\"canvas.Screen\",\"sender_id\":\"9_14\",\"correct\":true,\"trial_ID\":15,\"word1\":\"Kirse\",\"word2\":\"Sirke\",\"word3\":\"Krise\",\"word4\":\"Krospe\",\"word5\":\"Seris\",\"response\":\"3\",\"response_action\":\"keypress(3)\",\"correctResponse\":\"3\",\"ended_on\":\"response\",\"duration\":1818,\"time_run\":92348,\"time_render\":92363,\"time_show\":92380,\"time_end\":94181,\"time_commit\":94175,\"timestamp\":\"2021-06-15T07:59:57.162Z\",\"time_switch\":94212},{\"sender\":\"trial_screen\",\"sender_type\":\"canvas.Screen\",\"sender_id\":\"9_15\",\"correct\":true,\"trial_ID\":16,\"word1\":\"Tume\",\"word2\":\"Umat\",\"word3\":\"Maut\",\"word4\":\"Taum\",\"word5\":\"Muta\",\"response\":\"3\",\"response_action\":\"keypress(3)\",\"correctResponse\":\"3\",\"ended_on\":\"response\",\"duration\":3668,\"time_run\":94177,\"time_render\":94196,\"time_show\":94212,\"time_end\":97864,\"time_commit\":97858,\"timestamp\":\"2021-06-15T08:00:00.844Z\",\"time_switch\":97895},{\"sender\":\"trial_screen\",\"sender_type\":\"canvas.Screen\",\"sender_id\":\"9_16\",\"correct\":false,\"trial_ID\":17,\"word1\":\"Tuhl\",\"word2\":\"Lar\",\"word3\":\"Lest\",\"word4\":\"Dall\",\"word5\":\"Lid\",\"response\":\"1\",\"response_action\":\"keypress(1)\",\"correctResponse\":\"5\",\"ended_on\":\"response\",\"duration\":3398,\"time_run\":97859.00000000001,\"time_render\":97878,\"time_show\":97895,\"time_end\":101276,\"time_commit\":101272,\"timestamp\":\"2021-06-15T08:00:04.258Z\",\"time_switch\":101311},{\"sender\":\"trial_screen\",\"sender_type\":\"canvas.Screen\",\"sender_id\":\"9_17\",\"correct\":false,\"trial_ID\":18,\"word1\":\"Adept\",\"word2\":\"Padet\",\"word3\":\"Edapt\",\"word4\":\"Epatt\",\"word5\":\"Taped\",\"response\":\"5\",\"response_action\":\"keypress(5)\",\"correctResponse\":\"1\",\"ended_on\":\"response\",\"duration\":5045,\"time_run\":101279,\"time_render\":101295,\"time_show\":101311,\"time_end\":106340,\"time_commit\":106335.00000000001,\"timestamp\":\"2021-06-15T08:00:09.321Z\",\"time_switch\":106377},{\"sender\":\"trial_screen\",\"sender_type\":\"canvas.Screen\",\"sender_id\":\"9_18\",\"correct\":false,\"trial_ID\":19,\"word1\":\"Spirine\",\"word2\":\"Saprin\",\"word3\":\"Parsin\",\"word4\":\"Purin\",\"word5\":\"Asprint\",\"response\":\"5\",\"response_action\":\"keypress(5)\",\"correctResponse\":\"4\",\"ended_on\":\"response\",\"duration\":1791,\"time_run\":106337,\"time_render\":106360,\"time_show\":106377,\"time_end\":108151,\"time_commit\":108144,\"timestamp\":\"2021-06-15T08:00:11.130Z\",\"time_switch\":108175},{\"sender\":\"trial_screen\",\"sender_type\":\"canvas.Screen\",\"sender_id\":\"9_19\",\"correct\":false,\"trial_ID\":20,\"word1\":\"Kulon\",\"word2\":\"Solgun\",\"word3\":\"Koskan\",\"word4\":\"Soran\",\"word5\":\"Klonus\",\"response\":\"1\",\"response_action\":\"keypress(1)\",\"correctResponse\":\"5\",\"ended_on\":\"response\",\"duration\":4618,\"time_run\":108146,\"time_render\":108158,\"time_show\":108175,\"time_end\":112776,\"time_commit\":112771,\"timestamp\":\"2021-06-15T08:00:15.756Z\",\"time_switch\":112811},{\"sender\":\"trial_screen\",\"sender_type\":\"canvas.Screen\",\"sender_id\":\"9_20\",\"correct\":false,\"trial_ID\":21,\"word1\":\"Tronke\",\"word2\":\"Nocktherm\",\"word3\":\"Teronk\",\"word4\":\"Komtur\",\"word5\":\"Rocktur\",\"response\":\"5\",\"response_action\":\"keypress(5)\",\"correctResponse\":\"4\",\"ended_on\":\"response\",\"duration\":5603,\"time_run\":112778,\"time_render\":112795,\"time_show\":112811,\"time_end\":118398,\"time_commit\":118396,\"timestamp\":\"2021-06-15T08:00:21.381Z\",\"time_switch\":118427},{\"sender\":\"trial_screen\",\"sender_type\":\"canvas.Screen\",\"sender_id\":\"9_21\",\"correct\":true,\"trial_ID\":22,\"word1\":\"Ripat\",\"word2\":\"Patinatte\",\"word3\":\"Tapir\",\"word4\":\"Apitt\",\"word5\":\"Padir\",\"response\":\"3\",\"response_action\":\"keypress(3)\",\"correctResponse\":\"3\",\"ended_on\":\"response\",\"duration\":3166.0000000000146,\"time_run\":118397,\"time_render\":118410,\"time_show\":118427,\"time_end\":121576.00000000001,\"time_commit\":121574,\"timestamp\":\"2021-06-15T08:00:24.559Z\",\"time_switch\":121609},{\"sender\":\"trial_screen\",\"sender_type\":\"canvas.Screen\",\"sender_id\":\"9_22\",\"correct\":false,\"trial_ID\":23,\"word1\":\"Akifer\",\"word2\":\"Fiaker\",\"word3\":\"Kiaffa\",\"word4\":\"Sariffer\",\"word5\":\"Refisker\",\"response\":\"1\",\"response_action\":\"keypress(1)\",\"correctResponse\":\"2\",\"ended_on\":\"response\",\"duration\":4109.000000000015,\"time_run\":121578,\"time_render\":121592,\"time_show\":121609,\"time_end\":125701.00000000001,\"time_commit\":125695.00000000001,\"timestamp\":\"2021-06-15T08:00:28.680Z\",\"time_switch\":125725},{\"sender\":\"trial_screen\",\"sender_type\":\"canvas.Screen\",\"sender_id\":\"9_23\",\"correct\":false,\"trial_ID\":24,\"word1\":\"Kleiber\",\"word2\":\"Beikel\",\"word3\":\"Keibel\",\"word4\":\"Reikler\",\"word5\":\"Biekerl\",\"response\":\"4\",\"response_action\":\"keypress(4)\",\"correctResponse\":\"1\",\"ended_on\":\"response\",\"duration\":5145.999999999985,\"time_run\":125697,\"time_render\":125709,\"time_show\":125725,\"time_end\":130854.99999999999,\"time_commit\":130848.99999999999,\"timestamp\":\"2021-06-15T08:00:33.834Z\",\"time_switch\":130884},{\"sender\":\"trial_screen\",\"sender_type\":\"canvas.Screen\",\"sender_id\":\"9_24\",\"correct\":false,\"trial_ID\":25,\"word1\":\"Ig\u00e4de\",\"word2\":\"D\u00e4gie\",\"word3\":\"\u00c4gide\",\"word4\":\"Dig\u00e4de\",\"word5\":\"Giad\",\"response\":\"2\",\"response_action\":\"keypress(2)\",\"correctResponse\":\"3\",\"ended_on\":\"response\",\"duration\":3812,\"time_run\":130851,\"time_render\":130868,\"time_show\":130884,\"time_end\":134680,\"time_commit\":134672,\"timestamp\":\"2021-06-15T08:00:37.657Z\",\"time_switch\":134717},{\"sender\":\"trial_screen\",\"sender_type\":\"canvas.Screen\",\"sender_id\":\"9_25\",\"correct\":true,\"trial_ID\":26,\"word1\":\"Rixal\",\"word2\":\"Irtax\",\"word3\":\"Rackizie\",\"word4\":\"Matrix\",\"word5\":\"Atrige\",\"response\":\"4\",\"response_action\":\"keypress(4)\",\"correctResponse\":\"4\",\"ended_on\":\"response\",\"duration\":1650,\"time_run\":134677,\"time_render\":134702,\"time_show\":134717,\"time_end\":136352,\"time_commit\":136344,\"timestamp\":\"2021-06-15T08:00:39.329Z\",\"time_switch\":136379},{\"sender\":\"trial_screen\",\"sender_type\":\"canvas.Screen\",\"sender_id\":\"9_26\",\"correct\":false,\"trial_ID\":27,\"word1\":\"Haskisch\",\"word2\":\"Asmisch\",\"word3\":\"Schisma\",\"word4\":\"Rasthmie\",\"word5\":\"Ilschah\",\"response\":\"5\",\"response_action\":\"keypress(5)\",\"correctResponse\":\"3\",\"ended_on\":\"response\",\"duration\":4836,\"time_run\":136346,\"time_render\":136363,\"time_show\":136379,\"time_end\":141199,\"time_commit\":141192,\"timestamp\":\"2021-06-15T08:00:44.177Z\",\"time_switch\":141227},{\"sender\":\"trial_screen\",\"sender_type\":\"canvas.Screen\",\"sender_id\":\"9_27\",\"correct\":false,\"trial_ID\":28,\"word1\":\"Sallose\",\"word2\":\"Lordose\",\"word3\":\"Dormase\",\"word4\":\"Rollase\",\"word5\":\"Ardierole\",\"response\":\"1\",\"response_action\":\"keypress(1)\",\"correctResponse\":\"2\",\"ended_on\":\"response\",\"duration\":2692,\"time_run\":141198,\"time_render\":141211,\"time_show\":141227,\"time_end\":143903,\"time_commit\":143895,\"timestamp\":\"2021-06-15T08:00:46.879Z\",\"time_switch\":143936},{\"sender\":\"trial_screen\",\"sender_type\":\"canvas.Screen\",\"sender_id\":\"9_28\",\"correct\":false,\"trial_ID\":29,\"word1\":\"Intranotion\",\"word2\":\"Infranatura\",\"word3\":\"Internodium\",\"word4\":\"Indotalie\",\"word5\":\"Indosta\",\"response\":\"1\",\"response_action\":\"keypress(1)\",\"correctResponse\":\"3\",\"ended_on\":\"response\",\"duration\":4216,\"time_run\":143896.00000000003,\"time_render\":143920,\"time_show\":143936,\"time_end\":148136,\"time_commit\":148127,\"timestamp\":\"2021-06-15T08:00:51.112Z\",\"time_switch\":148167},{\"sender\":\"trial_screen\",\"sender_type\":\"canvas.Screen\",\"sender_id\":\"9_29\",\"correct\":false,\"trial_ID\":30,\"word1\":\"Idaste\",\"word2\":\"Dastrix\",\"word3\":\"Astike\",\"word4\":\"Sadile\",\"word5\":\"Kasside\",\"response\":\"4\",\"response_action\":\"keypress(4)\",\"correctResponse\":\"5\",\"ended_on\":\"response\",\"duration\":3376,\"time_run\":148129,\"time_render\":148152,\"time_show\":148167,\"time_end\":151528,\"time_commit\":151520,\"timestamp\":\"2021-06-15T08:00:54.504Z\",\"time_switch\":151567},{\"sender\":\"trial_screen\",\"sender_type\":\"canvas.Screen\",\"sender_id\":\"9_30\",\"correct\":false,\"trial_ID\":31,\"word1\":\"Libration\",\"word2\":\"Bilation\",\"word3\":\"Arlation\",\"word4\":\"Iberation\",\"word5\":\"Tiradon\",\"response\":\"4\",\"response_action\":\"keypress(4)\",\"correctResponse\":\"1\",\"ended_on\":\"response\",\"duration\":1985,\"time_run\":151526,\"time_render\":151551,\"time_show\":151567,\"time_end\":153536,\"time_commit\":153529,\"timestamp\":\"2021-06-15T08:00:56.513Z\",\"time_switch\":153567},{\"sender\":\"trial_screen\",\"sender_type\":\"canvas.Screen\",\"sender_id\":\"9_31\",\"correct\":false,\"trial_ID\":32,\"word1\":\"Pucker\",\"word2\":\"Keuper\",\"word3\":\"Eucker\",\"word4\":\"Reuspeck\",\"word5\":\"Urkane\",\"response\":\"5\",\"response_action\":\"keypress(5)\",\"correctResponse\":\"2\",\"ended_on\":\"response\",\"duration\":3693,\"time_run\":153530,\"time_render\":153550,\"time_show\":153567,\"time_end\":157243,\"time_commit\":157236,\"timestamp\":\"2021-06-15T08:01:00.220Z\",\"time_switch\":157283},{\"sender\":\"trial_screen\",\"sender_type\":\"canvas.Screen\",\"sender_id\":\"9_32\",\"correct\":false,\"trial_ID\":33,\"word1\":\"Sickaber\",\"word2\":\"Bassiker\",\"word3\":\"Kassiber\",\"word4\":\"Sassiker\",\"word5\":\"Askiber\",\"response\":\"2\",\"response_action\":\"keypress(2)\",\"correctResponse\":\"3\",\"ended_on\":\"response\",\"duration\":3194,\"time_run\":157241,\"time_render\":157265,\"time_show\":157283,\"time_end\":160459,\"time_commit\":160450.00000000003,\"timestamp\":\"2021-06-15T08:01:03.434Z\",\"time_switch\":160481},{\"sender\":\"trial_screen\",\"sender_type\":\"canvas.Screen\",\"sender_id\":\"9_33\",\"correct\":false,\"trial_ID\":34,\"word1\":\"Alquallon\",\"word2\":\"Lisqualien\",\"word3\":\"Talquallen\",\"word4\":\"Quisquilien\",\"word5\":\"Rielquellen\",\"response\":\"5\",\"response_action\":\"keypress(5)\",\"correctResponse\":\"4\",\"ended_on\":\"response\",\"duration\":3908,\"time_run\":160451,\"time_render\":160465,\"time_show\":160481,\"time_end\":164373,\"time_commit\":164364,\"timestamp\":\"2021-06-15T08:01:07.347Z\",\"time_switch\":164398},{\"sender\":\"trial_screen\",\"sender_type\":\"canvas.Screen\",\"sender_id\":\"9_34\",\"correct\":false,\"trial_ID\":35,\"word1\":\"Berkiza\",\"word2\":\"Brekzie\",\"word3\":\"Birakzie\",\"word4\":\"Brikazie\",\"word5\":\"Bakiria\",\"response\":\"5\",\"response_action\":\"keypress(5)\",\"correctResponse\":\"2\",\"ended_on\":\"response\",\"duration\":1782.000000000029,\"time_run\":164365,\"time_render\":164382,\"time_show\":164398,\"time_end\":166164.00000000003,\"time_commit\":166156,\"timestamp\":\"2021-06-15T08:01:09.140Z\",\"time_switch\":166197},{\"sender\":\"loop_trial\",\"sender_type\":\"flow.Loop\",\"sender_id\":\"9\",\"ended_on\":\"completion\",\"duration\":120711.00000000003,\"time_run\":45416.00000000001,\"time_render\":45437,\"time_show\":45453,\"time_end\":166164.00000000003,\"time_commit\":166158.00000000003,\"timestamp\":\"2021-06-15T08:01:09.141Z\",\"time_switch\":166197},{\"sender\":\"end_html\",\"sender_type\":\"html.Screen\",\"sender_id\":\"10\",\"response\":\"anykey\",\"response_action\":\"keypress\",\"ended_on\":\"response\",\"duration\":1705,\"time_run\":166158.00000000003,\"time_render\":166180,\"time_show\":166197,\"time_end\":167885,\"time_commit\":167876,\"timestamp\":\"2021-06-15T08:01:10.859Z\",\"time_switch\":167910},{\"sender\":\"root\",\"sender_type\":\"flow.Sequence\",\"sender_id\":null,\"ended_on\":\"completion\",\"duration\":167263,\"time_run\":613,\"time_render\":616,\"time_show\":622,\"time_end\":167885,\"time_commit\":167876,\"timestamp\":\"2021-06-15T08:01:10.860Z\",\"time_switch\":167910}]",
    "metadata": "{\"slice\":0,\"id\":\"a091e4eb-def4-4179-873e-aa20d072b738\",\"payload\":\"full\"}",
    "url": "https://exp04.zih.tu-dresden.de/experiments/spot_a_word_task/"
}