{
    "data": "[{\"url\":{},\"meta\":{\"labjs_version\":\"20.1.1\",\"labjs_build\":{\"flavor\":\"production\",\"commit\":\"cd5695f774968f50499757c1423bd95d033ea08e\"},\"location\":\"https://exp01.zih.tu-dresden.de/experiments/raven_task/\",\"userAgent\":\"Mozilla/5.0 (Windows NT 10.0; Win64; x64) AppleWebKit/537.36 (KHTML, like Gecko) Chrome/90.0.4430.212 Safari/537.36\",\"platform\":\"Win32\",\"language\":\"de-DE\",\"locale\":\"de\",\"timeZone\":\"Europe/Berlin\",\"timezoneOffset\":-120,\"screen_width\":1920,\"screen_height\":1080,\"scroll_width\":1920,\"scroll_height\":931,\"window_innerWidth\":1920,\"window_innerHeight\":979,\"devicePixelRatio\":1},\"sender\":\"welcome\",\"sender_type\":\"canvas.Screen\",\"sender_id\":\"0\",\"ended_on\":\"timeout\",\"duration\":8000.281999999999,\"time_run\":1717.3949999269098,\"time_render\":1654.288,\"time_show\":1720.976,\"time_end\":9704.581,\"time_commit\":9711.12999995239,\"timestamp\":\"2021-05-27T10:20:10.390Z\",\"time_switch\":9721.258},{\"sender\":\"instructions\",\"sender_type\":\"html.Page\",\"sender_id\":\"1\",\"response\":\"Space\",\"response_action\":\"keypress(Space)\",\"ended_on\":\"response\",\"duration\":22278.266999875574,\"time_run\":9711.899999994785,\"time_render\":9704.581,\"time_show\":9721.258,\"time_end\":31999.524999875575,\"time_commit\":32006.509999977425,\"timestamp\":\"2021-05-27T10:20:32.685Z\",\"time_switch\":32055.147},{\"sender\":\"example1\",\"sender_type\":\"canvas.Screen\",\"sender_id\":\"2\",\"response\":\"8\",\"response_action\":\"click(0) @8\",\"correctResponse\":\"8\",\"correct\":true,\"ended_on\":\"response\",\"duration\":5927.883000003054,\"time_run\":32006.975000025705,\"time_render\":31988.498,\"time_show\":32055.147,\"time_end\":37983.030000003055,\"time_commit\":37984.64999999851,\"timestamp\":\"2021-05-27T10:20:38.663Z\",\"time_switch\":38038.768},{\"sender\":\"example1_feedback\",\"sender_type\":\"canvas.Screen\",\"sender_id\":\"3\",\"response\":\"space\",\"response_action\":\"keypress(Space)\",\"ended_on\":\"response\",\"duration\":2347.831999852482,\"time_run\":38031.10999986529,\"time_render\":38021.999,\"time_show\":38038.768,\"time_end\":40386.59999985248,\"time_commit\":40387.65499996953,\"timestamp\":\"2021-05-27T10:20:41.066Z\",\"time_switch\":40412.569},{\"sender\":\"example2\",\"sender_type\":\"canvas.Screen\",\"sender_id\":\"4\",\"response\":\"4\",\"response_action\":\"click(0) @4\",\"correctResponse\":\"4\",\"correct\":true,\"ended_on\":\"response\",\"duration\":3946.476000048351,\"time_run\":40388.00499984063,\"time_render\":40372.042,\"time_show\":40412.569,\"time_end\":44359.045000048354,\"time_commit\":44359.53000001609,\"timestamp\":\"2021-05-27T10:20:45.038Z\",\"time_switch\":44423.062},{\"sender\":\"example2_feedback\",\"sender_type\":\"canvas.Screen\",\"sender_id\":\"5\",\"response\":\"space\",\"response_action\":\"keypress(Space)\",\"ended_on\":\"response\",\"duration\":1103.6030000121464,\"time_run\":44404.39499984495,\"time_render\":44388.862,\"time_show\":44423.062,\"time_end\":45526.665000012144,\"time_commit\":45527.71999989636,\"timestamp\":\"2021-05-27T10:20:46.206Z\",\"time_switch\":45555.55},{\"sender\":\"get ready\",\"sender_type\":\"canvas.Screen\",\"sender_id\":\"6\",\"response\":\"Space\",\"response_action\":\"keypress(Space)\",\"ended_on\":\"response\",\"duration\":3027.114999878031,\"time_run\":45528.0999999959,\"time_render\":45522.217,\"time_show\":45555.55,\"time_end\":48582.664999878034,\"time_commit\":48583.75500002876,\"timestamp\":\"2021-05-27T10:20:49.262Z\",\"time_switch\":48589.019},{\"sender\":\"test01\",\"sender_type\":\"canvas.Screen\",\"sender_id\":\"7_0\",\"response\":\"7\",\"response_action\":\"click(0) @7\",\"correctResponse\":\"7\",\"correct\":true,\"ended_on\":\"response\",\"duration\":10850.02599989003,\"time_run\":48584.30999983102,\"time_render\":48572.112,\"time_show\":48589.019,\"time_end\":59439.04499989003,\"time_commit\":59439.71999990754,\"timestamp\":\"2021-05-27T10:21:00.118Z\",\"time_switch\":59455.992},{\"sender\":\"test02\",\"sender_type\":\"canvas.Screen\",\"sender_id\":\"7_1\",\"response\":\"4\",\"response_action\":\"click(0) @4\",\"correctResponse\":\"4\",\"correct\":true,\"ended_on\":\"response\",\"duration\":19791.01800005007,\"time_run\":59439.819999970496,\"time_render\":59439.235,\"time_show\":59455.992,\"time_end\":79247.01000005007,\"time_commit\":79247.44999990799,\"timestamp\":\"2021-05-27T10:21:19.926Z\",\"time_switch\":79256.491},{\"sender\":\"test03\",\"sender_type\":\"canvas.Screen\",\"sender_id\":\"7_2\",\"response\":\"6\",\"response_action\":\"click(0) @6\",\"correctResponse\":\"6\",\"correct\":true,\"ended_on\":\"response\",\"duration\":12446.53899997512,\"time_run\":79247.54499993287,\"time_render\":79239.865,\"time_show\":79256.491,\"time_end\":91703.02999997512,\"time_commit\":91703.51999998093,\"timestamp\":\"2021-05-27T10:21:32.382Z\",\"time_switch\":91706.865},{\"sender\":\"test04\",\"sender_type\":\"canvas.Screen\",\"sender_id\":\"7_3\",\"response\":\"2\",\"response_action\":\"click(0) @2\",\"correctResponse\":\"2\",\"correct\":true,\"ended_on\":\"response\",\"duration\":26356.15500000141,\"time_run\":91703.6299998872,\"time_render\":91690.094,\"time_show\":91706.865,\"time_end\":118063.02000000142,\"time_commit\":118063.45999985933,\"timestamp\":\"2021-05-27T10:21:58.742Z\",\"time_switch\":118074.312},{\"sender\":\"test05\",\"sender_type\":\"canvas.Screen\",\"sender_id\":\"7_4\",\"response\":\"4\",\"response_action\":\"click(0) @4\",\"correctResponse\":\"4\",\"correct\":true,\"ended_on\":\"response\",\"duration\":8836.678000003943,\"time_run\":118063.54999984615,\"time_render\":118057.639,\"time_show\":118074.312,\"time_end\":126910.99000000395,\"time_commit\":126911.4099999424,\"timestamp\":\"2021-05-27T10:22:07.590Z\",\"time_switch\":126924.552},{\"sender\":\"test06\",\"sender_type\":\"canvas.Screen\",\"sender_id\":\"7_5\",\"response\":\"7\",\"response_action\":\"click(0) @7\",\"correctResponse\":\"7\",\"correct\":true,\"ended_on\":\"response\",\"duration\":26466.437999985326,\"time_run\":126911.48999985307,\"time_render\":126907.865,\"time_show\":126924.552,\"time_end\":153390.98999998532,\"time_commit\":153391.469999915,\"timestamp\":\"2021-05-27T10:22:34.070Z\",\"time_switch\":153425.313},{\"sender\":\"test07\",\"sender_type\":\"canvas.Screen\",\"sender_id\":\"7_6\",\"response\":\"8\",\"response_action\":\"click(0) @8\",\"correctResponse\":\"8\",\"correct\":true,\"ended_on\":\"response\",\"duration\":30541.651999912312,\"time_run\":153391.5800000541,\"time_render\":153408.617,\"time_show\":153425.313,\"time_end\":183966.9649999123,\"time_commit\":183967.39999996498,\"timestamp\":\"2021-05-27T10:23:04.646Z\",\"time_switch\":183976.118},{\"sender\":\"test08\",\"sender_type\":\"canvas.Screen\",\"sender_id\":\"7_7\",\"response\":\"7\",\"response_action\":\"click(0) @7\",\"correctResponse\":\"7\",\"correct\":true,\"ended_on\":\"response\",\"duration\":31006.841999935714,\"time_run\":183967.4899999518,\"time_render\":183959.481,\"time_show\":183976.118,\"time_end\":214982.9599999357,\"time_commit\":214983.37999987416,\"timestamp\":\"2021-05-27T10:23:35.662Z\",\"time_switch\":214993.687},{\"sender\":\"test09\",\"sender_type\":\"canvas.Screen\",\"sender_id\":\"7_8\",\"response\":\"2\",\"response_action\":\"click(0) @2\",\"correctResponse\":\"5\",\"correct\":false,\"ended_on\":\"response\",\"duration\":30085.268000033597,\"time_run\":214983.46000001766,\"time_render\":214976.771,\"time_show\":214993.687,\"time_end\":245078.9550000336,\"time_commit\":245079.42499988712,\"timestamp\":\"2021-05-27T10:24:05.758Z\",\"time_switch\":245094.554},{\"sender\":\"test10\",\"sender_type\":\"canvas.Screen\",\"sender_id\":\"7_9\",\"response\":\"5\",\"response_action\":\"click(0) @5\",\"correctResponse\":\"5\",\"correct\":true,\"ended_on\":\"response\",\"duration\":43864.370999926236,\"time_run\":245079.53500002623,\"time_render\":245077.551,\"time_show\":245094.554,\"time_end\":288958.92499992624,\"time_commit\":288959.3599999789,\"timestamp\":\"2021-05-27T10:24:49.638Z\",\"time_switch\":288962.43},{\"sender\":\"test11\",\"sender_type\":\"canvas.Screen\",\"sender_id\":\"7_10\",\"response\":\"4\",\"response_action\":\"click(0) @4\",\"correctResponse\":\"4\",\"correct\":true,\"ended_on\":\"response\",\"duration\":62572.44999993377,\"time_run\":288959.4499999657,\"time_render\":288945.736,\"time_show\":288962.43,\"time_end\":351534.87999993376,\"time_commit\":351535.31499998644,\"timestamp\":\"2021-05-27T10:25:52.214Z\",\"time_switch\":351547.46},{\"sender\":\"test12\",\"sender_type\":\"canvas.Screen\",\"sender_id\":\"7_11\",\"response\":\"2\",\"response_action\":\"click(0) @2\",\"correctResponse\":\"1\",\"correct\":false,\"ended_on\":\"response\",\"duration\":31547.399999837333,\"time_run\":351535.3949998971,\"time_render\":351530.833,\"time_show\":351547.46,\"time_end\":383094.85999983735,\"time_commit\":383095.3150000423,\"timestamp\":\"2021-05-27T10:26:23.774Z\",\"time_switch\":383098.366},{\"sender\":\"tests (15min)\",\"sender_type\":\"flow.Sequence\",\"sender_id\":\"7\",\"ended_on\":\"completion\",\"duration\":334505.8409998374,\"time_run\":48584.159999853,\"time_render\":48572.112,\"time_show\":48589.019,\"time_end\":383094.85999983735,\"time_commit\":383096.6649998445,\"timestamp\":\"2021-05-27T10:26:23.775Z\",\"time_switch\":383098.366},{\"sender\":\"good bye\",\"sender_type\":\"canvas.Screen\",\"sender_id\":\"8\",\"ended_on\":\"timeout\",\"duration\":4000.195000000007,\"time_run\":383096.7500000261,\"time_render\":383081.693,\"time_show\":383098.366,\"time_end\":387081.914,\"time_commit\":387083.15499988385,\"timestamp\":\"2021-05-27T10:26:27.762Z\",\"time_switch\":387098.561},{\"sender\":\"root\",\"sender_type\":\"flow.Sequence\",\"sender_id\":null,\"ended_on\":\"completion\",\"duration\":385360.93799999997,\"time_run\":1717.2599998302758,\"time_render\":1654.288,\"time_show\":1720.976,\"time_end\":387081.914,\"time_commit\":387084.10999993794,\"timestamp\":\"2021-05-27T10:26:27.763Z\",\"time_switch\":387098.561}]",
    "metadata": "{\"slice\":0,\"id\":\"d89e6c40-b596-4e5f-9fa1-1d93ec7730f5\",\"payload\":\"full\"}",
    "url": "https://exp01.zih.tu-dresden.de/experiments/raven_task/"
}