{
    "data": "[{\"url\":{},\"meta\":{\"labjs_version\":\"20.1.1\",\"labjs_build\":{\"flavor\":\"production\",\"commit\":\"cd5695f774968f50499757c1423bd95d033ea08e\"},\"location\":\"https://exp01.zih.tu-dresden.de/experiments/raven_task/\",\"userAgent\":\"Mozilla/5.0 (Windows NT 10.0; Win64; x64; rv:78.0) Gecko/20100101 Firefox/78.0\",\"platform\":\"Win32\",\"language\":\"de-DE\",\"locale\":\"de\",\"timeZone\":\"Europe/Berlin\",\"timezoneOffset\":-120,\"screen_width\":1920,\"screen_height\":1080,\"scroll_width\":1920,\"scroll_height\":1031,\"window_innerWidth\":1920,\"window_innerHeight\":1079,\"devicePixelRatio\":1},\"sender\":\"welcome\",\"sender_type\":\"canvas.Screen\",\"sender_id\":\"0\",\"ended_on\":\"timeout\",\"duration\":8000,\"time_run\":955,\"time_render\":972.66,\"time_show\":1003.9,\"time_end\":8972.66,\"time_commit\":8977,\"timestamp\":\"2021-06-18T15:57:03.708Z\",\"time_switch\":9003.9},{\"sender\":\"instructions\",\"sender_type\":\"html.Page\",\"sender_id\":\"1\",\"response\":\"Space\",\"response_action\":\"keypress(Space)\",\"ended_on\":\"response\",\"duration\":48020.1,\"time_run\":8978,\"time_render\":8972.66,\"time_show\":9003.9,\"time_end\":57024,\"time_commit\":57040,\"timestamp\":\"2021-06-18T15:57:51.771Z\",\"time_switch\":57066.4},{\"sender\":\"example1\",\"sender_type\":\"canvas.Screen\",\"sender_id\":\"2\",\"response\":\"8\",\"response_action\":\"click(0) @8\",\"correctResponse\":\"8\",\"correct\":true,\"ended_on\":\"response\",\"duration\":6348.5999999999985,\"time_run\":57042,\"time_render\":57041.62,\"time_show\":57066.4,\"time_end\":63415,\"time_commit\":63428,\"timestamp\":\"2021-06-18T15:57:58.159Z\",\"time_switch\":63472.66},{\"sender\":\"example1_feedback\",\"sender_type\":\"canvas.Screen\",\"sender_id\":\"3\",\"response\":\"space\",\"response_action\":\"keypress(Space)\",\"ended_on\":\"response\",\"duration\":6238.3399999999965,\"time_run\":63436,\"time_render\":63441.4,\"time_show\":63472.66,\"time_end\":69711,\"time_commit\":69715,\"timestamp\":\"2021-06-18T15:58:04.447Z\",\"time_switch\":69722.66},{\"sender\":\"example2\",\"sender_type\":\"canvas.Screen\",\"sender_id\":\"4\",\"response\":\"4\",\"response_action\":\"click(0) @4\",\"correctResponse\":\"4\",\"correct\":true,\"ended_on\":\"response\",\"duration\":7739.3399999999965,\"time_run\":69716,\"time_render\":69716.16,\"time_show\":69722.66,\"time_end\":77462,\"time_commit\":77476,\"timestamp\":\"2021-06-18T15:58:12.207Z\",\"time_switch\":77535.16},{\"sender\":\"example2_feedback\",\"sender_type\":\"canvas.Screen\",\"sender_id\":\"5\",\"response\":\"space\",\"response_action\":\"keypress(Space)\",\"ended_on\":\"response\",\"duration\":1442.8399999999965,\"time_run\":77480,\"time_render\":77503.9,\"time_show\":77535.16,\"time_end\":78978,\"time_commit\":78987,\"timestamp\":\"2021-06-18T15:58:13.718Z\",\"time_switch\":79003.9},{\"sender\":\"get ready\",\"sender_type\":\"canvas.Screen\",\"sender_id\":\"6\",\"response\":\"Space\",\"response_action\":\"keypress(Space)\",\"ended_on\":\"response\",\"duration\":11005.100000000006,\"time_run\":78988,\"time_render\":78987.82,\"time_show\":79003.9,\"time_end\":90009,\"time_commit\":90020,\"timestamp\":\"2021-06-18T15:58:24.752Z\",\"time_switch\":90066.4},{\"sender\":\"test01\",\"sender_type\":\"canvas.Screen\",\"sender_id\":\"7_0\",\"response\":\"7\",\"response_action\":\"click(0) @7\",\"correctResponse\":\"7\",\"correct\":true,\"ended_on\":\"response\",\"duration\":10113.600000000006,\"time_run\":90021,\"time_render\":90035.16,\"time_show\":90066.4,\"time_end\":100180,\"time_commit\":100196,\"timestamp\":\"2021-06-18T15:58:34.927Z\",\"time_switch\":100253.9},{\"sender\":\"test02\",\"sender_type\":\"canvas.Screen\",\"sender_id\":\"7_1\",\"response\":\"4\",\"response_action\":\"click(0) @4\",\"correctResponse\":\"4\",\"correct\":true,\"ended_on\":\"response\",\"duration\":10224.100000000006,\"time_run\":100196,\"time_render\":100222.66,\"time_show\":100253.9,\"time_end\":110478,\"time_commit\":110483,\"timestamp\":\"2021-06-18T15:58:45.214Z\",\"time_switch\":110535.16},{\"sender\":\"test03\",\"sender_type\":\"canvas.Screen\",\"sender_id\":\"7_2\",\"response\":\"6\",\"response_action\":\"click(0) @6\",\"correctResponse\":\"6\",\"correct\":true,\"ended_on\":\"response\",\"duration\":10004.839999999997,\"time_run\":110483,\"time_render\":110503.9,\"time_show\":110535.16,\"time_end\":120540,\"time_commit\":120547,\"timestamp\":\"2021-06-18T15:58:55.279Z\",\"time_switch\":120597.66},{\"sender\":\"test04\",\"sender_type\":\"canvas.Screen\",\"sender_id\":\"7_3\",\"response\":\"1\",\"response_action\":\"click(0) @1\",\"correctResponse\":\"2\",\"correct\":false,\"ended_on\":\"response\",\"duration\":14847.339999999997,\"time_run\":120548,\"time_render\":120566.4,\"time_show\":120597.66,\"time_end\":135445,\"time_commit\":135460,\"timestamp\":\"2021-06-18T15:59:10.191Z\",\"time_switch\":135503.9},{\"sender\":\"test05\",\"sender_type\":\"canvas.Screen\",\"sender_id\":\"7_4\",\"response\":\"3\",\"response_action\":\"click(0) @3\",\"correctResponse\":\"4\",\"correct\":false,\"ended_on\":\"response\",\"duration\":41849.100000000006,\"time_run\":135460,\"time_render\":135472.66,\"time_show\":135503.9,\"time_end\":177353,\"time_commit\":177365,\"timestamp\":\"2021-06-18T15:59:52.096Z\",\"time_switch\":177410.16},{\"sender\":\"test06\",\"sender_type\":\"canvas.Screen\",\"sender_id\":\"7_5\",\"response\":\"7\",\"response_action\":\"click(0) @7\",\"correctResponse\":\"7\",\"correct\":true,\"ended_on\":\"response\",\"duration\":19769.839999999997,\"time_run\":177366,\"time_render\":177378.9,\"time_show\":177410.16,\"time_end\":197180,\"time_commit\":197196,\"timestamp\":\"2021-06-18T16:00:11.927Z\",\"time_switch\":197253.9},{\"sender\":\"test07\",\"sender_type\":\"canvas.Screen\",\"sender_id\":\"7_6\",\"response\":\"8\",\"response_action\":\"click(0) @8\",\"correctResponse\":\"8\",\"correct\":true,\"ended_on\":\"response\",\"duration\":20582.100000000006,\"time_run\":197196,\"time_render\":197222.66,\"time_show\":197253.9,\"time_end\":217836,\"time_commit\":217843,\"timestamp\":\"2021-06-18T16:00:32.575Z\",\"time_switch\":217878.9},{\"sender\":\"test08\",\"sender_type\":\"canvas.Screen\",\"sender_id\":\"7_7\",\"response\":\"2\",\"response_action\":\"click(0) @2\",\"correctResponse\":\"7\",\"correct\":false,\"ended_on\":\"response\",\"duration\":21035.100000000006,\"time_run\":217844,\"time_render\":217847.66,\"time_show\":217878.9,\"time_end\":238914,\"time_commit\":238931,\"timestamp\":\"2021-06-18T16:00:53.663Z\",\"time_switch\":238972.64},{\"sender\":\"test09\",\"sender_type\":\"canvas.Screen\",\"sender_id\":\"7_8\",\"response\":\"1\",\"response_action\":\"click(0) @1\",\"correctResponse\":\"5\",\"correct\":false,\"ended_on\":\"response\",\"duration\":44802.359999999986,\"time_run\":238933,\"time_render\":238941.4,\"time_show\":238972.64,\"time_end\":283775,\"time_commit\":283787,\"timestamp\":\"2021-06-18T16:01:38.519Z\",\"time_switch\":283847.64},{\"sender\":\"test10\",\"sender_type\":\"canvas.Screen\",\"sender_id\":\"7_9\",\"response\":\"5\",\"response_action\":\"click(0) @5\",\"correctResponse\":\"5\",\"correct\":true,\"ended_on\":\"response\",\"duration\":29395.359999999986,\"time_run\":283788,\"time_render\":283816.4,\"time_show\":283847.64,\"time_end\":313243,\"time_commit\":313259,\"timestamp\":\"2021-06-18T16:02:07.990Z\",\"time_switch\":313316.4},{\"sender\":\"test11\",\"sender_type\":\"canvas.Screen\",\"sender_id\":\"7_10\",\"response\":\"8\",\"response_action\":\"click(0) @8\",\"correctResponse\":\"4\",\"correct\":false,\"ended_on\":\"response\",\"duration\":42285.59999999998,\"time_run\":313260,\"time_render\":313285.16,\"time_show\":313316.4,\"time_end\":355602,\"time_commit\":355611,\"timestamp\":\"2021-06-18T16:02:50.342Z\",\"time_switch\":355660.16},{\"sender\":\"test12\",\"sender_type\":\"canvas.Screen\",\"sender_id\":\"7_11\",\"response\":\"1\",\"response_action\":\"click(0) @1\",\"correctResponse\":\"1\",\"correct\":true,\"ended_on\":\"response\",\"duration\":30472.840000000026,\"time_run\":355611,\"time_render\":355628.9,\"time_show\":355660.16,\"time_end\":386133,\"time_commit\":386147,\"timestamp\":\"2021-06-18T16:03:20.878Z\",\"time_switch\":386191.4},{\"sender\":\"tests (15min)\",\"sender_type\":\"flow.Sequence\",\"sender_id\":\"7\",\"ended_on\":\"completion\",\"duration\":296066.6,\"time_run\":90021,\"time_render\":90035.16,\"time_show\":90066.4,\"time_end\":386133,\"time_commit\":386148,\"timestamp\":\"2021-06-18T16:03:20.880Z\",\"time_switch\":386191.4},{\"sender\":\"good bye\",\"sender_type\":\"canvas.Screen\",\"sender_id\":\"8\",\"ended_on\":\"timeout\",\"duration\":4000,\"time_run\":386149,\"time_render\":386160.16,\"time_show\":386191.4,\"time_end\":390160.16,\"time_commit\":390162,\"timestamp\":\"2021-06-18T16:03:24.893Z\",\"time_switch\":390191.4},{\"sender\":\"root\",\"sender_type\":\"flow.Sequence\",\"sender_id\":null,\"ended_on\":\"completion\",\"duration\":389156.25999999995,\"time_run\":955,\"time_render\":972.66,\"time_show\":1003.9,\"time_end\":390160.16,\"time_commit\":390164,\"timestamp\":\"2021-06-18T16:03:24.895Z\",\"time_switch\":390191.4}]",
    "metadata": "{\"slice\":0,\"id\":\"b6991147-61b9-49cf-9912-b50edd7ddc70\",\"payload\":\"full\"}",
    "url": "https://exp01.zih.tu-dresden.de/experiments/raven_task/"
}