{
    "data": "[{\"url\":{},\"meta\":{\"labjs_version\":\"20.1.1\",\"labjs_build\":{\"flavor\":\"production\",\"commit\":\"cd5695f774968f50499757c1423bd95d033ea08e\"},\"location\":\"https://exp01.zih.tu-dresden.de/experiments/spot_a_word_task/\",\"userAgent\":\"Mozilla/5.0 (Windows NT 10.0; Win64; x64; rv:78.0) Gecko/20100101 Firefox/78.0\",\"platform\":\"Win32\",\"language\":\"de-DE\",\"locale\":\"de\",\"timeZone\":\"Europe/Berlin\",\"timezoneOffset\":-120,\"screen_width\":1920,\"screen_height\":1080,\"scroll_width\":1920,\"scroll_height\":1031,\"window_innerWidth\":1920,\"window_innerHeight\":1079,\"devicePixelRatio\":1},\"sender\":\"start_html\",\"sender_type\":\"html.Screen\",\"sender_id\":\"0\",\"ended_on\":\"timeout\",\"duration\":6000,\"time_run\":278,\"time_render\":325.06,\"time_show\":356.32,\"time_end\":6325.06,\"time_commit\":6328,\"timestamp\":\"2021-06-18T15:50:00.676Z\",\"time_switch\":6356.32},{\"sender\":\"manual_html\",\"sender_type\":\"html.Screen\",\"sender_id\":\"1\",\"response\":\"space\",\"response_action\":\"keypress(Space)\",\"ended_on\":\"response\",\"duration\":35488.68,\"time_run\":6329,\"time_render\":6325.06,\"time_show\":6356.32,\"time_end\":41845,\"time_commit\":41854,\"timestamp\":\"2021-06-18T15:50:36.202Z\",\"time_switch\":41887.56},{\"sender\":\"example1_screen\",\"sender_type\":\"canvas.Screen\",\"sender_id\":\"2\",\"response\":\"4\",\"response_action\":\"keypress(4)\",\"correctResponse\":\"4\",\"correct\":true,\"ended_on\":\"response\",\"duration\":2035.4400000000023,\"time_run\":41867,\"time_render\":41867.44,\"time_show\":41887.56,\"time_end\":43923,\"time_commit\":43940,\"timestamp\":\"2021-06-18T15:50:38.288Z\",\"time_switch\":43950.06},{\"sender\":\"example1_feedback\",\"sender_type\":\"canvas.Screen\",\"sender_id\":\"3\",\"response\":\"Space\",\"response_action\":\"keypress(Space)\",\"ended_on\":\"response\",\"duration\":2550.9400000000023,\"time_run\":43947,\"time_render\":43947.08,\"time_show\":43950.06,\"time_end\":46501,\"time_commit\":46508,\"timestamp\":\"2021-06-18T15:50:40.855Z\",\"time_switch\":46543.82},{\"sender\":\"example2_screen\",\"sender_type\":\"canvas.Screen\",\"sender_id\":\"4\",\"response\":\"5\",\"response_action\":\"keypress(5)\",\"correctResponse\":\"5\",\"correct\":true,\"ended_on\":\"response\",\"duration\":2989.1800000000003,\"time_run\":46516,\"time_render\":46516.46,\"time_show\":46543.82,\"time_end\":49533,\"time_commit\":49541,\"timestamp\":\"2021-06-18T15:50:43.888Z\",\"time_switch\":49575.06},{\"sender\":\"example2_feedback\",\"sender_type\":\"canvas.Screen\",\"sender_id\":\"5\",\"response\":\"Space\",\"response_action\":\"keypress(Space)\",\"ended_on\":\"response\",\"duration\":1957.9400000000023,\"time_run\":49548,\"time_render\":49547.44,\"time_show\":49575.06,\"time_end\":51533,\"time_commit\":51548,\"timestamp\":\"2021-06-18T15:50:45.896Z\",\"time_switch\":51575.06},{\"sender\":\"example3_screen\",\"sender_type\":\"canvas.Screen\",\"sender_id\":\"6\",\"response\":\"1\",\"response_action\":\"keypress(1)\",\"correctResponse\":\"1\",\"correct\":true,\"ended_on\":\"response\",\"duration\":2535.9400000000023,\"time_run\":51553,\"time_render\":51553.88,\"time_show\":51575.06,\"time_end\":54111,\"time_commit\":54116,\"timestamp\":\"2021-06-18T15:50:48.463Z\",\"time_switch\":54137.56},{\"sender\":\"example3_feedback\",\"sender_type\":\"canvas.Screen\",\"sender_id\":\"7\",\"response\":\"Space\",\"response_action\":\"keypress(Space)\",\"ended_on\":\"response\",\"duration\":5160.440000000002,\"time_run\":54121,\"time_render\":54121.36,\"time_show\":54137.56,\"time_end\":59298,\"time_commit\":59300,\"timestamp\":\"2021-06-18T15:50:53.648Z\",\"time_switch\":59325.06},{\"sender\":\"get_ready_html\",\"sender_type\":\"html.Screen\",\"sender_id\":\"8\",\"response\":\"space\",\"response_action\":\"keypress(Space)\",\"ended_on\":\"response\",\"duration\":8113.940000000002,\"time_run\":59301,\"time_render\":59301.3,\"time_show\":59325.06,\"time_end\":67439,\"time_commit\":67451,\"timestamp\":\"2021-06-18T15:51:01.800Z\",\"time_switch\":67543.82},{\"sender\":\"trial_screen\",\"sender_type\":\"canvas.Screen\",\"sender_id\":\"9_0\",\"correct\":true,\"trial_ID\":1,\"word1\":\"siziol\",\"word2\":\"salzahl\",\"word3\":\"sozihl\",\"word4\":\"sziam\",\"word5\":\"sozial\",\"response\":\"5\",\"response_action\":\"keypress(5)\",\"correctResponse\":\"5\",\"ended_on\":\"response\",\"duration\":2051.179999999993,\"time_run\":67525,\"time_render\":67525.1,\"time_show\":67543.82,\"time_end\":69595,\"time_commit\":69612,\"timestamp\":\"2021-06-18T15:51:03.959Z\",\"time_switch\":69637.56},{\"sender\":\"trial_screen\",\"sender_type\":\"canvas.Screen\",\"sender_id\":\"9_1\",\"correct\":false,\"trial_ID\":2,\"word1\":\"Lamone\",\"word2\":\"Talane\",\"word3\":\"Matrone\",\"word4\":\"Tarone\",\"word5\":\"Malonte\",\"response\":\"1\",\"response_action\":\"keypress(1)\",\"correctResponse\":\"3\",\"ended_on\":\"response\",\"duration\":4457.440000000002,\"time_run\":69617,\"time_render\":69617.42,\"time_show\":69637.56,\"time_end\":74095,\"time_commit\":74102,\"timestamp\":\"2021-06-18T15:51:08.449Z\",\"time_switch\":74137.56},{\"sender\":\"trial_screen\",\"sender_type\":\"canvas.Screen\",\"sender_id\":\"9_2\",\"correct\":true,\"trial_ID\":3,\"word1\":\"kurinesisch\",\"word2\":\"kulinarisch\",\"word3\":\"kumenisch\",\"word4\":\"kulissarisch\",\"word5\":\"kannastrisch\",\"response\":\"2\",\"response_action\":\"keypress(2)\",\"correctResponse\":\"2\",\"ended_on\":\"response\",\"duration\":2035.4400000000023,\"time_run\":74116,\"time_render\":74116.04,\"time_show\":74137.56,\"time_end\":76173,\"time_commit\":76188,\"timestamp\":\"2021-06-18T15:51:10.536Z\",\"time_switch\":76231.32},{\"sender\":\"trial_screen\",\"sender_type\":\"canvas.Screen\",\"sender_id\":\"9_3\",\"correct\":true,\"trial_ID\":4,\"word1\":\"Tinxur\",\"word2\":\"Kukutur\",\"word3\":\"Fraktan\",\"word4\":\"Tinktur\",\"word5\":\"Rimsuhr\",\"response\":\"4\",\"response_action\":\"keypress(4)\",\"correctResponse\":\"4\",\"ended_on\":\"response\",\"duration\":2535.679999999993,\"time_run\":76198,\"time_render\":76200.06,\"time_show\":76231.32,\"time_end\":78767,\"time_commit\":78772,\"timestamp\":\"2021-06-18T15:51:13.119Z\",\"time_switch\":78793.82},{\"sender\":\"trial_screen\",\"sender_type\":\"canvas.Screen\",\"sender_id\":\"9_4\",\"correct\":true,\"trial_ID\":5,\"word1\":\"beralen\",\"word2\":\"ger\u00e4ltet\",\"word3\":\"an\u00e4lteren\",\"word4\":\"unt\u00e4ren\",\"word5\":\"verbr\u00e4men\",\"response\":\"5\",\"response_action\":\"keypress(5)\",\"correctResponse\":\"5\",\"ended_on\":\"response\",\"duration\":3973.179999999993,\"time_run\":78780,\"time_render\":78780.62,\"time_show\":78793.82,\"time_end\":82767,\"time_commit\":82773,\"timestamp\":\"2021-06-18T15:51:17.120Z\",\"time_switch\":82793.82},{\"sender\":\"trial_screen\",\"sender_type\":\"canvas.Screen\",\"sender_id\":\"9_5\",\"correct\":true,\"trial_ID\":6,\"word1\":\"Rosto\",\"word2\":\"Torso\",\"word3\":\"Soro\",\"word4\":\"Torgos\",\"word5\":\"Tosor\",\"response\":\"2\",\"response_action\":\"keypress(2)\",\"correctResponse\":\"2\",\"ended_on\":\"response\",\"duration\":2427.179999999993,\"time_run\":82783,\"time_render\":82782.68,\"time_show\":82793.82,\"time_end\":85221,\"time_commit\":85235,\"timestamp\":\"2021-06-18T15:51:19.583Z\",\"time_switch\":85262.56},{\"sender\":\"trial_screen\",\"sender_type\":\"canvas.Screen\",\"sender_id\":\"9_6\",\"correct\":true,\"trial_ID\":7,\"word1\":\"Redor\",\"word2\":\"Radium\",\"word3\":\"Terion\",\"word4\":\"Dramin\",\"word5\":\"Orakium\",\"response\":\"2\",\"response_action\":\"keypress(2)\",\"correctResponse\":\"2\",\"ended_on\":\"response\",\"duration\":2958.4400000000023,\"time_run\":85243,\"time_render\":85243.2,\"time_show\":85262.56,\"time_end\":88221,\"time_commit\":88235,\"timestamp\":\"2021-06-18T15:51:22.583Z\",\"time_switch\":88262.56},{\"sender\":\"trial_screen\",\"sender_type\":\"canvas.Screen\",\"sender_id\":\"9_7\",\"correct\":true,\"trial_ID\":8,\"word1\":\"Nale\",\"word2\":\"Sahe\",\"word3\":\"Nase\",\"word4\":\"Nesa\",\"word5\":\"Sehna\",\"response\":\"3\",\"response_action\":\"keypress(3)\",\"correctResponse\":\"3\",\"ended_on\":\"response\",\"duration\":1941.4400000000023,\"time_run\":88243,\"time_render\":88243.44,\"time_show\":88262.56,\"time_end\":90204,\"time_commit\":90220,\"timestamp\":\"2021-06-18T15:51:24.567Z\",\"time_switch\":90262.56},{\"sender\":\"trial_screen\",\"sender_type\":\"canvas.Screen\",\"sender_id\":\"9_8\",\"correct\":false,\"trial_ID\":9,\"word1\":\"Rilkiase\",\"word2\":\"Kilister\",\"word3\":\"Riliker\",\"word4\":\"Klistier\",\"word5\":\"Linkure\",\"response\":\"5\",\"response_action\":\"keypress(5)\",\"correctResponse\":\"4\",\"ended_on\":\"response\",\"duration\":5520.440000000002,\"time_run\":90228,\"time_render\":90231.32,\"time_show\":90262.56,\"time_end\":95783,\"time_commit\":95788,\"timestamp\":\"2021-06-18T15:51:30.135Z\",\"time_switch\":95825.06},{\"sender\":\"trial_screen\",\"sender_type\":\"canvas.Screen\",\"sender_id\":\"9_9\",\"correct\":true,\"trial_ID\":10,\"word1\":\"kentern\",\"word2\":\"knerte\",\"word3\":\"kanzen\",\"word4\":\"kretern\",\"word5\":\"trekern\",\"response\":\"1\",\"response_action\":\"keypress(1)\",\"correctResponse\":\"1\",\"ended_on\":\"response\",\"duration\":1800.9400000000023,\"time_run\":95794,\"time_render\":95794.96,\"time_show\":95825.06,\"time_end\":97626,\"time_commit\":97636,\"timestamp\":\"2021-06-18T15:51:31.983Z\",\"time_switch\":97668.82},{\"sender\":\"trial_screen\",\"sender_type\":\"canvas.Screen\",\"sender_id\":\"9_10\",\"correct\":true,\"trial_ID\":11,\"word1\":\"Sorekin\",\"word2\":\"Sarowin\",\"word3\":\"Rosakin\",\"word4\":\"Narosin\",\"word5\":\"Kerosin\",\"response\":\"5\",\"response_action\":\"keypress(5)\",\"correctResponse\":\"5\",\"ended_on\":\"response\",\"duration\":2535.179999999993,\"time_run\":97641,\"time_render\":97641.74,\"time_show\":97668.82,\"time_end\":100204,\"time_commit\":100211,\"timestamp\":\"2021-06-18T15:51:34.559Z\",\"time_switch\":100231.32},{\"sender\":\"trial_screen\",\"sender_type\":\"canvas.Screen\",\"sender_id\":\"9_11\",\"correct\":true,\"trial_ID\":12,\"word1\":\"Ralke\",\"word2\":\"Korre\",\"word3\":\"Ruckse\",\"word4\":\"Recke\",\"word5\":\"Ulte\",\"response\":\"4\",\"response_action\":\"keypress(4)\",\"correctResponse\":\"4\",\"ended_on\":\"response\",\"duration\":3707.679999999993,\"time_run\":100217,\"time_render\":100216.96,\"time_show\":100231.32,\"time_end\":103939,\"time_commit\":103955,\"timestamp\":\"2021-06-18T15:51:38.304Z\",\"time_switch\":103981.32},{\"sender\":\"trial_screen\",\"sender_type\":\"canvas.Screen\",\"sender_id\":\"9_12\",\"correct\":true,\"trial_ID\":13,\"word1\":\"Kapaun\",\"word2\":\"Paukan\",\"word3\":\"Naupack\",\"word4\":\"Aupeck\",\"word5\":\"Ankepran\",\"response\":\"1\",\"response_action\":\"keypress(1)\",\"correctResponse\":\"1\",\"ended_on\":\"response\",\"duration\":10145.679999999993,\"time_run\":103962,\"time_render\":103962.64,\"time_show\":103981.32,\"time_end\":114127,\"time_commit\":114140,\"timestamp\":\"2021-06-18T15:51:48.488Z\",\"time_switch\":114168.82},{\"sender\":\"trial_screen\",\"sender_type\":\"canvas.Screen\",\"sender_id\":\"9_13\",\"correct\":true,\"trial_ID\":14,\"word1\":\"Dissonanz\",\"word2\":\"Diskrisanz\",\"word3\":\"Distranz\",\"word4\":\"Dinotanz\",\"word5\":\"Sidonenz\",\"response\":\"1\",\"response_action\":\"keypress(1)\",\"correctResponse\":\"1\",\"ended_on\":\"response\",\"duration\":1489.179999999993,\"time_run\":114145,\"time_render\":114145.22,\"time_show\":114168.82,\"time_end\":115658,\"time_commit\":115660,\"timestamp\":\"2021-06-18T15:51:50.008Z\",\"time_switch\":115700.06},{\"sender\":\"trial_screen\",\"sender_type\":\"canvas.Screen\",\"sender_id\":\"9_14\",\"correct\":true,\"trial_ID\":15,\"word1\":\"Kirse\",\"word2\":\"Sirke\",\"word3\":\"Krise\",\"word4\":\"Krospe\",\"word5\":\"Seris\",\"response\":\"3\",\"response_action\":\"keypress(3)\",\"correctResponse\":\"3\",\"ended_on\":\"response\",\"duration\":2160.9400000000023,\"time_run\":115666,\"time_render\":115668.82,\"time_show\":115700.06,\"time_end\":117861,\"time_commit\":117875,\"timestamp\":\"2021-06-18T15:51:52.223Z\",\"time_switch\":117887.56},{\"sender\":\"trial_screen\",\"sender_type\":\"canvas.Screen\",\"sender_id\":\"9_15\",\"correct\":true,\"trial_ID\":16,\"word1\":\"Tume\",\"word2\":\"Umat\",\"word3\":\"Maut\",\"word4\":\"Taum\",\"word5\":\"Muta\",\"response\":\"3\",\"response_action\":\"keypress(3)\",\"correctResponse\":\"3\",\"ended_on\":\"response\",\"duration\":2739.4400000000023,\"time_run\":117881,\"time_render\":117880.74,\"time_show\":117887.56,\"time_end\":120627,\"time_commit\":120643,\"timestamp\":\"2021-06-18T15:51:54.991Z\",\"time_switch\":120668.82},{\"sender\":\"trial_screen\",\"sender_type\":\"canvas.Screen\",\"sender_id\":\"9_16\",\"correct\":true,\"trial_ID\":17,\"word1\":\"Tuhl\",\"word2\":\"Lar\",\"word3\":\"Lest\",\"word4\":\"Dall\",\"word5\":\"Lid\",\"response\":\"5\",\"response_action\":\"keypress(5)\",\"correctResponse\":\"5\",\"ended_on\":\"response\",\"duration\":2629.179999999993,\"time_run\":120649,\"time_render\":120648.5,\"time_show\":120668.82,\"time_end\":123298,\"time_commit\":123315,\"timestamp\":\"2021-06-18T15:51:57.663Z\",\"time_switch\":123325.06},{\"sender\":\"trial_screen\",\"sender_type\":\"canvas.Screen\",\"sender_id\":\"9_17\",\"correct\":false,\"trial_ID\":18,\"word1\":\"Adept\",\"word2\":\"Padet\",\"word3\":\"Edapt\",\"word4\":\"Epatt\",\"word5\":\"Taped\",\"response\":\"5\",\"response_action\":\"keypress(5)\",\"correctResponse\":\"1\",\"ended_on\":\"response\",\"duration\":7253.940000000002,\"time_run\":123320,\"time_render\":123320.84,\"time_show\":123325.06,\"time_end\":130579,\"time_commit\":130596,\"timestamp\":\"2021-06-18T15:52:04.943Z\",\"time_switch\":130606.32},{\"sender\":\"trial_screen\",\"sender_type\":\"canvas.Screen\",\"sender_id\":\"9_18\",\"correct\":true,\"trial_ID\":19,\"word1\":\"Spirine\",\"word2\":\"Saprin\",\"word3\":\"Parsin\",\"word4\":\"Purin\",\"word5\":\"Asprint\",\"response\":\"4\",\"response_action\":\"keypress(4)\",\"correctResponse\":\"4\",\"ended_on\":\"response\",\"duration\":4910.679999999993,\"time_run\":130601,\"time_render\":130601.22,\"time_show\":130606.32,\"time_end\":135517,\"time_commit\":135524,\"timestamp\":\"2021-06-18T15:52:09.871Z\",\"time_switch\":135543.82},{\"sender\":\"trial_screen\",\"sender_type\":\"canvas.Screen\",\"sender_id\":\"9_19\",\"correct\":false,\"trial_ID\":20,\"word1\":\"Kulon\",\"word2\":\"Solgun\",\"word3\":\"Koskan\",\"word4\":\"Soran\",\"word5\":\"Klonus\",\"response\":\"2\",\"response_action\":\"keypress(2)\",\"correctResponse\":\"5\",\"ended_on\":\"response\",\"duration\":6661.179999999993,\"time_run\":135530,\"time_render\":135530.62,\"time_show\":135543.82,\"time_end\":142205,\"time_commit\":142211,\"timestamp\":\"2021-06-18T15:52:16.560Z\",\"time_switch\":142231.3},{\"sender\":\"trial_screen\",\"sender_type\":\"canvas.Screen\",\"sender_id\":\"9_20\",\"correct\":true,\"trial_ID\":21,\"word1\":\"Tronke\",\"word2\":\"Nocktherm\",\"word3\":\"Teronk\",\"word4\":\"Komtur\",\"word5\":\"Rocktur\",\"response\":\"4\",\"response_action\":\"keypress(4)\",\"correctResponse\":\"4\",\"ended_on\":\"response\",\"duration\":7191.700000000012,\"time_run\":142216,\"time_render\":142216.62,\"time_show\":142231.3,\"time_end\":149423,\"time_commit\":149435,\"timestamp\":\"2021-06-18T15:52:23.783Z\",\"time_switch\":149450.06},{\"sender\":\"trial_screen\",\"sender_type\":\"canvas.Screen\",\"sender_id\":\"9_21\",\"correct\":true,\"trial_ID\":22,\"word1\":\"Ripat\",\"word2\":\"Patinatte\",\"word3\":\"Tapir\",\"word4\":\"Apitt\",\"word5\":\"Padir\",\"response\":\"3\",\"response_action\":\"keypress(3)\",\"correctResponse\":\"3\",\"ended_on\":\"response\",\"duration\":2613.9400000000023,\"time_run\":149442,\"time_render\":149442.32,\"time_show\":149450.06,\"time_end\":152064,\"time_commit\":152068,\"timestamp\":\"2021-06-18T15:52:26.415Z\",\"time_switch\":152106.32},{\"sender\":\"trial_screen\",\"sender_type\":\"canvas.Screen\",\"sender_id\":\"9_22\",\"correct\":true,\"trial_ID\":23,\"word1\":\"Akifer\",\"word2\":\"Fiaker\",\"word3\":\"Kiaffa\",\"word4\":\"Sariffer\",\"word5\":\"Refisker\",\"response\":\"2\",\"response_action\":\"keypress(2)\",\"correctResponse\":\"2\",\"ended_on\":\"response\",\"duration\":5082.679999999993,\"time_run\":152074,\"time_render\":152075.06,\"time_show\":152106.32,\"time_end\":157189,\"time_commit\":157196,\"timestamp\":\"2021-06-18T15:52:31.543Z\",\"time_switch\":157231.32},{\"sender\":\"trial_screen\",\"sender_type\":\"canvas.Screen\",\"sender_id\":\"9_23\",\"correct\":true,\"trial_ID\":24,\"word1\":\"Kleiber\",\"word2\":\"Beikel\",\"word3\":\"Keibel\",\"word4\":\"Reikler\",\"word5\":\"Biekerl\",\"response\":\"1\",\"response_action\":\"keypress(1)\",\"correctResponse\":\"1\",\"ended_on\":\"response\",\"duration\":3832.679999999993,\"time_run\":157201,\"time_render\":157201.24,\"time_show\":157231.32,\"time_end\":161064,\"time_commit\":161076,\"timestamp\":\"2021-06-18T15:52:35.423Z\",\"time_switch\":161106.32},{\"sender\":\"trial_screen\",\"sender_type\":\"canvas.Screen\",\"sender_id\":\"9_24\",\"correct\":true,\"trial_ID\":25,\"word1\":\"Ig\u00e4de\",\"word2\":\"D\u00e4gie\",\"word3\":\"\u00c4gide\",\"word4\":\"Dig\u00e4de\",\"word5\":\"Giad\",\"response\":\"3\",\"response_action\":\"keypress(3)\",\"correctResponse\":\"3\",\"ended_on\":\"response\",\"duration\":2207.679999999993,\"time_run\":161081,\"time_render\":161080.58,\"time_show\":161106.32,\"time_end\":163314,\"time_commit\":163323,\"timestamp\":\"2021-06-18T15:52:37.671Z\",\"time_switch\":163356.32},{\"sender\":\"trial_screen\",\"sender_type\":\"canvas.Screen\",\"sender_id\":\"9_25\",\"correct\":true,\"trial_ID\":26,\"word1\":\"Rixal\",\"word2\":\"Irtax\",\"word3\":\"Rackizie\",\"word4\":\"Matrix\",\"word5\":\"Atrige\",\"response\":\"4\",\"response_action\":\"keypress(4)\",\"correctResponse\":\"4\",\"ended_on\":\"response\",\"duration\":3519.679999999993,\"time_run\":163329,\"time_render\":163328.88,\"time_show\":163356.32,\"time_end\":166876,\"time_commit\":166892,\"timestamp\":\"2021-06-18T15:52:41.239Z\",\"time_switch\":166918.82},{\"sender\":\"trial_screen\",\"sender_type\":\"canvas.Screen\",\"sender_id\":\"9_26\",\"correct\":false,\"trial_ID\":27,\"word1\":\"Haskisch\",\"word2\":\"Asmisch\",\"word3\":\"Schisma\",\"word4\":\"Rasthmie\",\"word5\":\"Ilschah\",\"response\":\"1\",\"response_action\":\"keypress(1)\",\"correctResponse\":\"3\",\"ended_on\":\"response\",\"duration\":5864.179999999993,\"time_run\":166898,\"time_render\":166898.66,\"time_show\":166918.82,\"time_end\":172783,\"time_commit\":172788,\"timestamp\":\"2021-06-18T15:52:47.135Z\",\"time_switch\":172825.06},{\"sender\":\"trial_screen\",\"sender_type\":\"canvas.Screen\",\"sender_id\":\"9_27\",\"correct\":false,\"trial_ID\":28,\"word1\":\"Sallose\",\"word2\":\"Lordose\",\"word3\":\"Dormase\",\"word4\":\"Rollase\",\"word5\":\"Ardierole\",\"response\":\"1\",\"response_action\":\"keypress(1)\",\"correctResponse\":\"2\",\"ended_on\":\"response\",\"duration\":10613.940000000002,\"time_run\":172794,\"time_render\":172793.82,\"time_show\":172825.06,\"time_end\":183439,\"time_commit\":183453,\"timestamp\":\"2021-06-18T15:52:57.801Z\",\"time_switch\":183481.32},{\"sender\":\"trial_screen\",\"sender_type\":\"canvas.Screen\",\"sender_id\":\"9_28\",\"correct\":false,\"trial_ID\":29,\"word1\":\"Intranotion\",\"word2\":\"Infranatura\",\"word3\":\"Internodium\",\"word4\":\"Indotalie\",\"word5\":\"Indosta\",\"response\":\"2\",\"response_action\":\"keypress(2)\",\"correctResponse\":\"3\",\"ended_on\":\"response\",\"duration\":11582.679999999993,\"time_run\":183457,\"time_render\":183456.98,\"time_show\":183481.32,\"time_end\":195064,\"time_commit\":195068,\"timestamp\":\"2021-06-18T15:53:09.416Z\",\"time_switch\":195075.06},{\"sender\":\"trial_screen\",\"sender_type\":\"canvas.Screen\",\"sender_id\":\"9_29\",\"correct\":true,\"trial_ID\":30,\"word1\":\"Idaste\",\"word2\":\"Dastrix\",\"word3\":\"Astike\",\"word4\":\"Sadile\",\"word5\":\"Kasside\",\"response\":\"5\",\"response_action\":\"keypress(5)\",\"correctResponse\":\"5\",\"ended_on\":\"response\",\"duration\":7363.940000000002,\"time_run\":195073,\"time_render\":195073.2,\"time_show\":195075.06,\"time_end\":202439,\"time_commit\":202444,\"timestamp\":\"2021-06-18T15:53:16.791Z\",\"time_switch\":202481.32},{\"sender\":\"trial_screen\",\"sender_type\":\"canvas.Screen\",\"sender_id\":\"9_30\",\"correct\":true,\"trial_ID\":31,\"word1\":\"Libration\",\"word2\":\"Bilation\",\"word3\":\"Arlation\",\"word4\":\"Iberation\",\"word5\":\"Tiradon\",\"response\":\"1\",\"response_action\":\"keypress(1)\",\"correctResponse\":\"1\",\"ended_on\":\"response\",\"duration\":5941.679999999993,\"time_run\":202449,\"time_render\":202450.06,\"time_show\":202481.32,\"time_end\":208423,\"time_commit\":208435,\"timestamp\":\"2021-06-18T15:53:22.782Z\",\"time_switch\":208450.06},{\"sender\":\"trial_screen\",\"sender_type\":\"canvas.Screen\",\"sender_id\":\"9_31\",\"correct\":false,\"trial_ID\":32,\"word1\":\"Pucker\",\"word2\":\"Keuper\",\"word3\":\"Eucker\",\"word4\":\"Reuspeck\",\"word5\":\"Urkane\",\"response\":\"1\",\"response_action\":\"keypress(1)\",\"correctResponse\":\"2\",\"ended_on\":\"response\",\"duration\":4332.940000000002,\"time_run\":208440,\"time_render\":208439.8,\"time_show\":208450.06,\"time_end\":212783,\"time_commit\":212787,\"timestamp\":\"2021-06-18T15:53:27.134Z\",\"time_switch\":212825.06},{\"sender\":\"trial_screen\",\"sender_type\":\"canvas.Screen\",\"sender_id\":\"9_32\",\"correct\":false,\"trial_ID\":33,\"word1\":\"Sickaber\",\"word2\":\"Bassiker\",\"word3\":\"Kassiber\",\"word4\":\"Sassiker\",\"word5\":\"Askiber\",\"response\":\"2\",\"response_action\":\"keypress(2)\",\"correctResponse\":\"3\",\"ended_on\":\"response\",\"duration\":16457.940000000002,\"time_run\":212792,\"time_render\":212793.82,\"time_show\":212825.06,\"time_end\":229283,\"time_commit\":229300,\"timestamp\":\"2021-06-18T15:53:43.647Z\",\"time_switch\":229325.06},{\"sender\":\"trial_screen\",\"sender_type\":\"canvas.Screen\",\"sender_id\":\"9_33\",\"correct\":false,\"trial_ID\":34,\"word1\":\"Alquallon\",\"word2\":\"Lisqualien\",\"word3\":\"Talquallen\",\"word4\":\"Quisquilien\",\"word5\":\"Rielquellen\",\"response\":\"3\",\"response_action\":\"keypress(3)\",\"correctResponse\":\"4\",\"ended_on\":\"response\",\"duration\":7519.940000000002,\"time_run\":229304,\"time_render\":229304.86,\"time_show\":229325.06,\"time_end\":236845,\"time_commit\":236860,\"timestamp\":\"2021-06-18T15:53:51.208Z\",\"time_switch\":236887.56},{\"sender\":\"trial_screen\",\"sender_type\":\"canvas.Screen\",\"sender_id\":\"9_34\",\"correct\":false,\"trial_ID\":35,\"word1\":\"Berkiza\",\"word2\":\"Brekzie\",\"word3\":\"Birakzie\",\"word4\":\"Brikazie\",\"word5\":\"Bakiria\",\"response\":\"4\",\"response_action\":\"keypress(4)\",\"correctResponse\":\"2\",\"ended_on\":\"response\",\"duration\":8566.440000000002,\"time_run\":236864,\"time_render\":236864.68,\"time_show\":236887.56,\"time_end\":245454,\"time_commit\":245461,\"timestamp\":\"2021-06-18T15:53:59.809Z\",\"time_switch\":245481.32},{\"sender\":\"loop_trial\",\"sender_type\":\"flow.Loop\",\"sender_id\":\"9\",\"ended_on\":\"completion\",\"duration\":177910.18,\"time_run\":67519,\"time_render\":67525.1,\"time_show\":67543.82,\"time_end\":245454,\"time_commit\":245464,\"timestamp\":\"2021-06-18T15:53:59.811Z\",\"time_switch\":245481.32},{\"sender\":\"end_html\",\"sender_type\":\"html.Screen\",\"sender_id\":\"10\",\"ended_on\":\"timeout\",\"duration\":6000,\"time_run\":245464,\"time_render\":245464.38,\"time_show\":245481.32,\"time_end\":251450.06,\"time_commit\":251452,\"timestamp\":\"2021-06-18T15:54:05.799Z\",\"time_switch\":251481.32},{\"sender\":\"root\",\"sender_type\":\"flow.Sequence\",\"sender_id\":null,\"ended_on\":\"completion\",\"duration\":251093.74,\"time_run\":277,\"time_render\":325.06,\"time_show\":356.32,\"time_end\":251450.06,\"time_commit\":251453,\"timestamp\":\"2021-06-18T15:54:05.801Z\",\"time_switch\":251481.32}]",
    "metadata": "{\"slice\":0,\"id\":\"7aaeed14-bbb0-4181-8512-1c15993657e2\",\"payload\":\"full\"}",
    "url": "https://exp01.zih.tu-dresden.de/experiments/spot_a_word_task/"
}