{
    "data": "[{\"url\":{},\"meta\":{\"labjs_version\":\"20.1.1\",\"labjs_build\":{\"flavor\":\"production\",\"commit\":\"cd5695f774968f50499757c1423bd95d033ea08e\"},\"location\":\"https://exp02.zih.tu-dresden.de/experiments/raven_task/\",\"userAgent\":\"Mozilla/5.0 (Windows NT 10.0; Win64; x64) AppleWebKit/537.36 (KHTML, like Gecko) Chrome/89.0.4389.114 Safari/537.36 OPR/75.0.3969.171\",\"platform\":\"Win32\",\"language\":\"de-DE\",\"locale\":\"de\",\"timeZone\":\"Europe/Berlin\",\"timezoneOffset\":-120,\"screen_width\":1366,\"screen_height\":768,\"scroll_width\":1326,\"scroll_height\":617,\"window_innerWidth\":1326,\"window_innerHeight\":665,\"devicePixelRatio\":1},\"sender\":\"welcome\",\"sender_type\":\"canvas.Screen\",\"sender_id\":\"0\",\"response\":\"any\",\"response_action\":\"keypress\",\"ended_on\":\"response\",\"duration\":3386.219000016391,\"time_run\":5826.115000061691,\"time_render\":5712.857,\"time_show\":5829.506,\"time_end\":9215.725000016391,\"time_commit\":9225.719999987632,\"timestamp\":\"2021-05-05T09:22:37.366Z\",\"time_switch\":9246.192},{\"sender\":\"instructions\",\"sender_type\":\"html.Page\",\"sender_id\":\"1\",\"response\":\"Space\",\"response_action\":\"keypress(Space)\",\"ended_on\":\"response\",\"duration\":52435.612999941965,\"time_run\":9229.079999960959,\"time_render\":9212.845,\"time_show\":9246.192,\"time_end\":61681.80499994196,\"time_commit\":61690.72500010952,\"timestamp\":\"2021-05-05T09:23:29.830Z\",\"time_switch\":61860.246},{\"sender\":\"example1\",\"sender_type\":\"canvas.Screen\",\"sender_id\":\"2\",\"response\":\"8\",\"response_action\":\"click(0) @8\",\"correctResponse\":\"8\",\"correct\":true,\"ended_on\":\"response\",\"duration\":9350.208999934883,\"time_run\":61691.640000091866,\"time_render\":61677.073,\"time_show\":61860.246,\"time_end\":71210.45499993488,\"time_commit\":71222.85500005819,\"timestamp\":\"2021-05-05T09:23:39.362Z\",\"time_switch\":71409.776},{\"sender\":\"example1_feedback\",\"sender_type\":\"canvas.Screen\",\"sender_id\":\"3\",\"response\":\"space\",\"response_action\":\"keypress(Space)\",\"ended_on\":\"response\",\"duration\":1596.6790000242909,\"time_run\":71382.85499997437,\"time_render\":71376.526,\"time_show\":71409.776,\"time_end\":73006.45500002429,\"time_commit\":73008.01500002854,\"timestamp\":\"2021-05-05T09:23:41.148Z\",\"time_switch\":73026.474},{\"sender\":\"example2\",\"sender_type\":\"canvas.Screen\",\"sender_id\":\"4\",\"response\":\"4\",\"response_action\":\"click(0) @4\",\"correctResponse\":\"4\",\"correct\":true,\"ended_on\":\"response\",\"duration\":21736.120999978317,\"time_run\":73008.66000005044,\"time_render\":72993.158,\"time_show\":73026.474,\"time_end\":94762.59499997832,\"time_commit\":94765.81500004977,\"timestamp\":\"2021-05-05T09:24:02.905Z\",\"time_switch\":95108.654},{\"sender\":\"example2_feedback\",\"sender_type\":\"canvas.Screen\",\"sender_id\":\"5\",\"response\":\"space\",\"response_action\":\"keypress(Space)\",\"ended_on\":\"response\",\"duration\":1501.0610000277957,\"time_run\":95030.18500003964,\"time_render\":95025.354,\"time_show\":95108.654,\"time_end\":96609.71500002779,\"time_commit\":96612.51000012271,\"timestamp\":\"2021-05-05T09:24:04.752Z\",\"time_switch\":96675.333},{\"sender\":\"get ready\",\"sender_type\":\"canvas.Screen\",\"sender_id\":\"6\",\"response\":\"Space\",\"response_action\":\"keypress(Space)\",\"ended_on\":\"response\",\"duration\":4940.5570000154985,\"time_run\":96613.43999998644,\"time_render\":96608.704,\"time_show\":96675.333,\"time_end\":101615.8900000155,\"time_commit\":101617.70000006072,\"timestamp\":\"2021-05-05T09:24:09.757Z\",\"time_switch\":101758.386},{\"sender\":\"test01\",\"sender_type\":\"canvas.Screen\",\"sender_id\":\"7_0\",\"response\":\"7\",\"response_action\":\"click(0) @7\",\"correctResponse\":\"7\",\"correct\":true,\"ended_on\":\"response\",\"duration\":24879.964000139327,\"time_run\":101618.65000007674,\"time_render\":101608.75,\"time_show\":101758.386,\"time_end\":126638.35000013933,\"time_commit\":126642.76499999687,\"timestamp\":\"2021-05-05T09:24:34.782Z\",\"time_switch\":126740.608},{\"sender\":\"test02\",\"sender_type\":\"canvas.Screen\",\"sender_id\":\"7_1\",\"response\":\"4\",\"response_action\":\"click(0) @4\",\"correctResponse\":\"4\",\"correct\":true,\"ended_on\":\"response\",\"duration\":69838.81700011996,\"time_run\":126643.47500004806,\"time_render\":126640.628,\"time_show\":126740.608,\"time_end\":196579.42500011995,\"time_commit\":196582.61499996297,\"timestamp\":\"2021-05-05T09:25:44.722Z\",\"time_switch\":196670.737},{\"sender\":\"test03\",\"sender_type\":\"canvas.Screen\",\"sender_id\":\"7_2\",\"response\":\"6\",\"response_action\":\"click(0) @6\",\"correctResponse\":\"6\",\"correct\":true,\"ended_on\":\"response\",\"duration\":23522.818000005296,\"time_run\":196583.25000014156,\"time_render\":196570.903,\"time_show\":196670.737,\"time_end\":220193.5550000053,\"time_commit\":220196.68000005186,\"timestamp\":\"2021-05-05T09:26:08.336Z\",\"time_switch\":220252.881},{\"sender\":\"test04\",\"sender_type\":\"canvas.Screen\",\"sender_id\":\"7_3\",\"response\":\"2\",\"response_action\":\"click(0) @2\",\"correctResponse\":\"2\",\"correct\":true,\"ended_on\":\"response\",\"duration\":79521.70400000649,\"time_run\":220197.24999996834,\"time_render\":220186.469,\"time_show\":220252.881,\"time_end\":299774.5850000065,\"time_commit\":299778.39000010863,\"timestamp\":\"2021-05-05T09:27:27.918Z\",\"time_switch\":299865.887},{\"sender\":\"test05\",\"sender_type\":\"canvas.Screen\",\"sender_id\":\"7_4\",\"response\":\"4\",\"response_action\":\"click(0) @4\",\"correctResponse\":\"4\",\"correct\":true,\"ended_on\":\"response\",\"duration\":15917.5180001111,\"time_run\":299779.09500012174,\"time_render\":299766.021,\"time_show\":299865.887,\"time_end\":315783.4050001111,\"time_commit\":315786.7449999321,\"timestamp\":\"2021-05-05T09:27:43.926Z\",\"time_switch\":315882.064},{\"sender\":\"test06\",\"sender_type\":\"canvas.Screen\",\"sender_id\":\"7_5\",\"response\":\"7\",\"response_action\":\"click(0) @7\",\"correctResponse\":\"7\",\"correct\":true,\"ended_on\":\"response\",\"duration\":117174.30100008403,\"time_run\":315787.3299999628,\"time_render\":315781.845,\"time_show\":315882.064,\"time_end\":433056.36500008404,\"time_commit\":433060.04499993287,\"timestamp\":\"2021-05-05T09:29:41.199Z\",\"time_switch\":433142.905},{\"sender\":\"test07\",\"sender_type\":\"canvas.Screen\",\"sender_id\":\"7_6\",\"response\":\"4\",\"response_action\":\"click(0) @4\",\"correctResponse\":\"8\",\"correct\":false,\"ended_on\":\"response\",\"duration\":69886.53499995475,\"time_run\":433060.97500002943,\"time_render\":433059.664,\"time_show\":433142.905,\"time_end\":503029.4399999548,\"time_commit\":503032.4150000233,\"timestamp\":\"2021-05-05T09:30:51.172Z\",\"time_switch\":503089.692},{\"sender\":\"test08\",\"sender_type\":\"canvas.Screen\",\"sender_id\":\"7_7\",\"response\":\"7\",\"response_action\":\"click(0) @7\",\"correctResponse\":\"7\",\"correct\":true,\"ended_on\":\"response\",\"duration\":80776.52799996716,\"time_run\":503033.0149999354,\"time_render\":503023.065,\"time_show\":503089.692,\"time_end\":583866.2199999671,\"time_commit\":583869.8299999814,\"timestamp\":\"2021-05-05T09:32:12.010Z\",\"time_switch\":583952.578},{\"sender\":\"test09\",\"sender_type\":\"canvas.Screen\",\"sender_id\":\"7_8\",\"response\":\"5\",\"response_action\":\"click(0) @5\",\"correctResponse\":\"5\",\"correct\":true,\"ended_on\":\"response\",\"duration\":106432.30200002692,\"time_run\":583871.2500000838,\"time_render\":583869.315,\"time_show\":583952.578,\"time_end\":690384.8800000269,\"time_commit\":690388.2949999534,\"timestamp\":\"2021-05-05T09:33:58.528Z\",\"time_switch\":690480.987},{\"sender\":\"test10\",\"sender_type\":\"canvas.Screen\",\"sender_id\":\"7_9\",\"response\":\"5\",\"response_action\":\"click(0) @5\",\"correctResponse\":\"5\",\"correct\":true,\"ended_on\":\"response\",\"duration\":96958.0880001185,\"time_run\":690388.9850000851,\"time_render\":690381.06,\"time_show\":690480.987,\"time_end\":787439.0750001185,\"time_commit\":787442.6299999468,\"timestamp\":\"2021-05-05T09:35:35.582Z\",\"time_switch\":787526.488},{\"sender\":\"test11\",\"sender_type\":\"canvas.Screen\",\"sender_id\":\"7_10\",\"response\":\"4\",\"response_action\":\"click(0) @4\",\"correctResponse\":\"4\",\"correct\":true,\"ended_on\":\"response\",\"duration\":204901.88200009603,\"time_run\":787443.6200000346,\"time_render\":787443.155,\"time_show\":787526.488,\"time_end\":992428.370000096,\"time_commit\":992431.8000001367,\"timestamp\":\"2021-05-05T09:39:00.571Z\",\"time_switch\":992516.93},{\"sender\":\"test12\",\"sender_type\":\"canvas.Screen\",\"sender_id\":\"7_11\",\"ended_on\":\"abort by sequence\",\"duration\":9225.079999928945,\"time_run\":992432.5950001366,\"time_render\":992416.912,\"time_show\":992516.93,\"time_end\":1001742.009999929,\"time_commit\":1001743.2999999728,\"timestamp\":\"2021-05-05T09:39:09.883Z\",\"time_switch\":1001766.408},{\"sender\":\"tests (15min)\",\"sender_type\":\"flow.Sequence\",\"sender_id\":\"7\",\"ended_on\":\"timeout\",\"duration\":899991.423,\"time_run\":101618.34500008263,\"time_render\":101608.75,\"time_show\":101758.386,\"time_end\":1001733.428,\"time_commit\":1001744.0700000152,\"timestamp\":\"2021-05-05T09:39:09.884Z\",\"time_switch\":1001749.809},{\"sender\":\"good bye\",\"sender_type\":\"canvas.Screen\",\"sender_id\":\"8\",\"ended_on\":\"timeout\",\"duration\":3999.822999999975,\"time_run\":1001744.6149999741,\"time_render\":1001733.428,\"time_show\":1001749.809,\"time_end\":1005733.241,\"time_commit\":1005734.9750001449,\"timestamp\":\"2021-05-05T09:39:13.875Z\",\"time_switch\":1005749.632},{\"sender\":\"root\",\"sender_type\":\"flow.Sequence\",\"sender_id\":null,\"ended_on\":\"completion\",\"duration\":999903.735,\"time_run\":5825.8249999489635,\"time_render\":5712.857,\"time_show\":5829.506,\"time_end\":1005733.241,\"time_commit\":1005737.0349999983,\"timestamp\":\"2021-05-05T09:39:13.877Z\",\"time_switch\":1005749.632}]",
    "metadata": "{\"slice\":0,\"id\":\"58bda1ed-8370-4196-842a-7babc63c0338\",\"payload\":\"full\"}",
    "url": "https://exp02.zih.tu-dresden.de/experiments/raven_task/"
}