{
    "data": "[{\"url\":{},\"meta\":{\"labjs_version\":\"20.1.1\",\"labjs_build\":{\"flavor\":\"production\",\"commit\":\"cd5695f774968f50499757c1423bd95d033ea08e\"},\"location\":\"https://exp01.zih.tu-dresden.de/experiments/raven_task/\",\"userAgent\":\"Mozilla/5.0 (Windows NT 10.0; Win64; x64; rv:88.0) Gecko/20100101 Firefox/88.0\",\"platform\":\"Win32\",\"language\":\"de\",\"locale\":\"de-DE\",\"timeZone\":\"Europe/Berlin\",\"timezoneOffset\":-120,\"screen_width\":1366,\"screen_height\":768,\"scroll_width\":1366,\"scroll_height\":583,\"window_innerWidth\":1366,\"window_innerHeight\":631,\"devicePixelRatio\":1},\"sender\":\"welcome\",\"sender_type\":\"canvas.Screen\",\"sender_id\":\"0\",\"response\":\"anyclick\",\"response_action\":\"click(0)\",\"ended_on\":\"response\",\"duration\":1116.48,\"time_run\":3067,\"time_render\":3076.84,\"time_show\":3093.52,\"time_end\":4210,\"time_commit\":4231,\"timestamp\":\"2021-04-29T17:57:20.960Z\",\"time_switch\":4260.76},{\"sender\":\"instructions\",\"sender_type\":\"html.Page\",\"sender_id\":\"1\",\"response\":\"Space\",\"response_action\":\"keypress(Space)\",\"ended_on\":\"response\",\"duration\":10310.24,\"time_run\":4232,\"time_render\":4244.08,\"time_show\":4260.76,\"time_end\":14571,\"time_commit\":14581,\"timestamp\":\"2021-04-29T17:57:31.309Z\",\"time_switch\":14598.72},{\"sender\":\"example1\",\"sender_type\":\"canvas.Screen\",\"sender_id\":\"2\",\"response\":\"8\",\"response_action\":\"click(0) @8\",\"correctResponse\":\"8\",\"correct\":true,\"ended_on\":\"response\",\"duration\":10814.28,\"time_run\":14584,\"time_render\":14585.16,\"time_show\":14598.72,\"time_end\":25413,\"time_commit\":25428,\"timestamp\":\"2021-04-29T17:57:42.157Z\",\"time_switch\":25453.68},{\"sender\":\"example1_feedback\",\"sender_type\":\"canvas.Screen\",\"sender_id\":\"3\",\"response\":\"space\",\"response_action\":\"keypress(Space)\",\"ended_on\":\"response\",\"duration\":959.3199999999997,\"time_run\":25434,\"time_render\":25437.02,\"time_show\":25453.68,\"time_end\":26413,\"time_commit\":26425,\"timestamp\":\"2021-04-29T17:57:43.153Z\",\"time_switch\":26454.04},{\"sender\":\"example2\",\"sender_type\":\"canvas.Screen\",\"sender_id\":\"4\",\"response\":\"4\",\"response_action\":\"click(0) @4\",\"correctResponse\":\"4\",\"correct\":true,\"ended_on\":\"response\",\"duration\":3458.959999999999,\"time_run\":26425,\"time_render\":26437.36,\"time_show\":26454.04,\"time_end\":29913,\"time_commit\":29924,\"timestamp\":\"2021-04-29T17:57:46.653Z\",\"time_switch\":29955.68},{\"sender\":\"example2_feedback\",\"sender_type\":\"canvas.Screen\",\"sender_id\":\"5\",\"response\":\"space\",\"response_action\":\"keypress(Space)\",\"ended_on\":\"response\",\"duration\":598.3199999999997,\"time_run\":29928,\"time_render\":29939.52,\"time_show\":29955.68,\"time_end\":30554,\"time_commit\":30567,\"timestamp\":\"2021-04-29T17:57:47.296Z\",\"time_switch\":30572.68},{\"sender\":\"get ready\",\"sender_type\":\"canvas.Screen\",\"sender_id\":\"6\",\"response\":\"Space\",\"response_action\":\"keypress(Space)\",\"ended_on\":\"response\",\"duration\":1278.3199999999997,\"time_run\":30568,\"time_render\":30568.6,\"time_show\":30572.68,\"time_end\":31851,\"time_commit\":31856,\"timestamp\":\"2021-04-29T17:57:48.584Z\",\"time_switch\":31873.4},{\"sender\":\"test01\",\"sender_type\":\"canvas.Screen\",\"sender_id\":\"7_0\",\"response\":\"3\",\"response_action\":\"click(0) @3\",\"correctResponse\":\"7\",\"correct\":false,\"ended_on\":\"response\",\"duration\":3024.5999999999985,\"time_run\":31857,\"time_render\":31857.98,\"time_show\":31873.4,\"time_end\":34898,\"time_commit\":34912,\"timestamp\":\"2021-04-29T17:57:51.641Z\",\"time_switch\":34941.28},{\"sender\":\"test02\",\"sender_type\":\"canvas.Screen\",\"sender_id\":\"7_1\",\"response\":\"3\",\"response_action\":\"click(0) @3\",\"correctResponse\":\"4\",\"correct\":false,\"ended_on\":\"response\",\"duration\":2410.720000000001,\"time_run\":34913,\"time_render\":34924.62,\"time_show\":34941.28,\"time_end\":37352,\"time_commit\":37359,\"timestamp\":\"2021-04-29T17:57:54.087Z\",\"time_switch\":37375.64},{\"sender\":\"test03\",\"sender_type\":\"canvas.Screen\",\"sender_id\":\"7_2\",\"response\":\"1\",\"response_action\":\"click(0) @1\",\"correctResponse\":\"6\",\"correct\":false,\"ended_on\":\"response\",\"duration\":5396.360000000001,\"time_run\":37359,\"time_render\":37358.98,\"time_show\":37375.64,\"time_end\":42772,\"time_commit\":42791,\"timestamp\":\"2021-04-29T17:57:59.520Z\",\"time_switch\":42811.48},{\"sender\":\"test04\",\"sender_type\":\"canvas.Screen\",\"sender_id\":\"7_3\",\"response\":\"2\",\"response_action\":\"click(0) @2\",\"correctResponse\":\"2\",\"correct\":true,\"ended_on\":\"response\",\"duration\":3460.519999999997,\"time_run\":42791,\"time_render\":42795.02,\"time_show\":42811.48,\"time_end\":46272,\"time_commit\":46286,\"timestamp\":\"2021-04-29T17:58:03.014Z\",\"time_switch\":46313.06},{\"sender\":\"test05\",\"sender_type\":\"canvas.Screen\",\"sender_id\":\"7_4\",\"response\":\"1\",\"response_action\":\"click(0) @1\",\"correctResponse\":\"4\",\"correct\":false,\"ended_on\":\"response\",\"duration\":2676.9400000000023,\"time_run\":46287,\"time_render\":46296.7,\"time_show\":46313.06,\"time_end\":48990,\"time_commit\":49003,\"timestamp\":\"2021-04-29T17:58:05.731Z\",\"time_switch\":49030.96},{\"sender\":\"test06\",\"sender_type\":\"canvas.Screen\",\"sender_id\":\"7_5\",\"response\":\"7\",\"response_action\":\"click(0) @7\",\"correctResponse\":\"7\",\"correct\":true,\"ended_on\":\"response\",\"duration\":1413.0400000000009,\"time_run\":49004,\"time_render\":49014.5,\"time_show\":49030.96,\"time_end\":50444,\"time_commit\":50454,\"timestamp\":\"2021-04-29T17:58:07.183Z\",\"time_switch\":50481.6},{\"sender\":\"test07\",\"sender_type\":\"canvas.Screen\",\"sender_id\":\"7_6\",\"response\":\"3\",\"response_action\":\"click(0) @3\",\"correctResponse\":\"8\",\"correct\":false,\"ended_on\":\"response\",\"duration\":2477.4000000000015,\"time_run\":50454,\"time_render\":50465.24,\"time_show\":50481.6,\"time_end\":52959,\"time_commit\":52967,\"timestamp\":\"2021-04-29T17:58:09.697Z\",\"time_switch\":52999.4},{\"sender\":\"test08\",\"sender_type\":\"canvas.Screen\",\"sender_id\":\"7_7\",\"response\":\"4\",\"response_action\":\"click(0) @4\",\"correctResponse\":\"7\",\"correct\":false,\"ended_on\":\"response\",\"duration\":460.59999999999854,\"time_run\":52968,\"time_render\":52982.78,\"time_show\":52999.4,\"time_end\":53460,\"time_commit\":53476,\"timestamp\":\"2021-04-29T17:58:10.204Z\",\"time_switch\":53499.64},{\"sender\":\"test09\",\"sender_type\":\"canvas.Screen\",\"sender_id\":\"7_8\",\"response\":\"7\",\"response_action\":\"click(0) @7\",\"correctResponse\":\"5\",\"correct\":false,\"ended_on\":\"response\",\"duration\":835.3600000000006,\"time_run\":53476,\"time_render\":53483.28,\"time_show\":53499.64,\"time_end\":54335,\"time_commit\":54346,\"timestamp\":\"2021-04-29T17:58:11.074Z\",\"time_switch\":54366.66},{\"sender\":\"test10\",\"sender_type\":\"canvas.Screen\",\"sender_id\":\"7_9\",\"response\":\"3\",\"response_action\":\"click(0) @3\",\"correctResponse\":\"5\",\"correct\":false,\"ended_on\":\"response\",\"duration\":1295.3399999999965,\"time_run\":54346,\"time_render\":54350.06,\"time_show\":54366.66,\"time_end\":55662,\"time_commit\":55670,\"timestamp\":\"2021-04-29T17:58:12.399Z\",\"time_switch\":55700.62},{\"sender\":\"test11\",\"sender_type\":\"canvas.Screen\",\"sender_id\":\"7_10\",\"response\":\"4\",\"response_action\":\"click(0) @4\",\"correctResponse\":\"4\",\"correct\":true,\"ended_on\":\"response\",\"duration\":1103.3799999999974,\"time_run\":55670,\"time_render\":55684,\"time_show\":55700.62,\"time_end\":56804,\"time_commit\":56811,\"timestamp\":\"2021-04-29T17:58:13.539Z\",\"time_switch\":56834.48},{\"sender\":\"test12\",\"sender_type\":\"canvas.Screen\",\"sender_id\":\"7_11\",\"response\":\"7\",\"response_action\":\"click(0) @7\",\"correctResponse\":\"1\",\"correct\":false,\"ended_on\":\"response\",\"duration\":780.5199999999968,\"time_run\":56811,\"time_render\":56818.22,\"time_show\":56834.48,\"time_end\":57615,\"time_commit\":57626,\"timestamp\":\"2021-04-29T17:58:14.355Z\",\"time_switch\":57651.64},{\"sender\":\"tests (15min)\",\"sender_type\":\"flow.Sequence\",\"sender_id\":\"7\",\"ended_on\":\"completion\",\"duration\":25741.6,\"time_run\":31857,\"time_render\":31857.98,\"time_show\":31873.4,\"time_end\":57615,\"time_commit\":57626,\"timestamp\":\"2021-04-29T17:58:14.355Z\",\"time_switch\":57651.64},{\"sender\":\"good bye\",\"sender_type\":\"canvas.Screen\",\"sender_id\":\"8\",\"ended_on\":\"timeout\",\"duration\":4001.720000000001,\"time_run\":57626,\"time_render\":57634.96,\"time_show\":57651.64,\"time_end\":61636.68,\"time_commit\":61639,\"timestamp\":\"2021-04-29T17:58:18.367Z\",\"time_switch\":61653.36},{\"sender\":\"root\",\"sender_type\":\"flow.Sequence\",\"sender_id\":null,\"ended_on\":\"completion\",\"duration\":58543.16,\"time_run\":3066,\"time_render\":3076.84,\"time_show\":3093.52,\"time_end\":61636.68,\"time_commit\":61640,\"timestamp\":\"2021-04-29T17:58:18.368Z\",\"time_switch\":61653.36}]",
    "metadata": "{\"slice\":0,\"id\":\"a615e29a-53c5-4b6f-8115-01b266640edd\",\"payload\":\"full\"}",
    "url": "https://exp01.zih.tu-dresden.de/experiments/raven_task/"
}