{
    "data": "[{\"url\":{},\"meta\":{\"labjs_version\":\"20.1.1\",\"labjs_build\":{\"flavor\":\"production\",\"commit\":\"cd5695f774968f50499757c1423bd95d033ea08e\"},\"location\":\"https://exp01.zih.tu-dresden.de/experiments/raven_task/\",\"userAgent\":\"Mozilla/5.0 (Windows NT 10.0; Win64; x64) AppleWebKit/537.36 (KHTML, like Gecko) Chrome/91.0.4472.166 Safari/537.36\",\"platform\":\"Win32\",\"language\":\"de-DE\",\"locale\":\"de\",\"timeZone\":\"Europe/Berlin\",\"timezoneOffset\":-120,\"screen_width\":1536,\"screen_height\":864,\"scroll_width\":1451,\"scroll_height\":691,\"window_innerWidth\":1451,\"window_innerHeight\":739,\"devicePixelRatio\":1.25},\"sender\":\"welcome\",\"sender_type\":\"canvas.Screen\",\"sender_id\":\"0\",\"response\":\"any\",\"response_action\":\"keypress\",\"ended_on\":\"response\",\"duration\":1982.444,\"time_run\":2002.800000011921,\"time_render\":1626.025,\"time_show\":1992.556,\"time_end\":3975,\"time_commit\":3979.899999976158,\"timestamp\":\"2021-07-22T14:29:05.667Z\",\"time_switch\":4008.849},{\"sender\":\"instructions\",\"sender_type\":\"html.Page\",\"sender_id\":\"1\",\"response\":\"Space\",\"response_action\":\"keypress(Space)\",\"ended_on\":\"response\",\"duration\":16065.850999988079,\"time_run\":3980.5,\"time_render\":3992.151,\"time_show\":4008.849,\"time_end\":20074.69999998808,\"time_commit\":20081,\"timestamp\":\"2021-07-22T14:29:21.768Z\",\"time_switch\":20121.574},{\"sender\":\"example1\",\"sender_type\":\"canvas.Screen\",\"sender_id\":\"2\",\"response\":\"8\",\"response_action\":\"click(0) @8\",\"correctResponse\":\"8\",\"correct\":true,\"ended_on\":\"response\",\"duration\":7674.625999988079,\"time_run\":20081.5,\"time_render\":20071.78,\"time_show\":20121.574,\"time_end\":27796.19999998808,\"time_commit\":27797.5,\"timestamp\":\"2021-07-22T14:29:29.484Z\",\"time_switch\":27886.43},{\"sender\":\"example1_feedback\",\"sender_type\":\"canvas.Screen\",\"sender_id\":\"3\",\"response\":\"space\",\"response_action\":\"keypress(Space)\",\"ended_on\":\"response\",\"duration\":1249.1700000238416,\"time_run\":27870.69999998808,\"time_render\":27869.796,\"time_show\":27886.43,\"time_end\":29135.600000023842,\"time_commit\":29137.69999998808,\"timestamp\":\"2021-07-22T14:29:30.824Z\",\"time_switch\":29169.424},{\"sender\":\"example2\",\"sender_type\":\"canvas.Screen\",\"sender_id\":\"4\",\"response\":\"4\",\"response_action\":\"click(0) @4\",\"correctResponse\":\"4\",\"correct\":true,\"ended_on\":\"response\",\"duration\":8007.076000000001,\"time_run\":29138.19999998808,\"time_render\":29136.14,\"time_show\":29169.424,\"time_end\":37176.5,\"time_commit\":37177.69999998808,\"timestamp\":\"2021-07-22T14:29:38.865Z\",\"time_switch\":37250.874},{\"sender\":\"example2_feedback\",\"sender_type\":\"canvas.Screen\",\"sender_id\":\"5\",\"response\":\"space\",\"response_action\":\"keypress(Space)\",\"ended_on\":\"response\",\"duration\":983.3259999880756,\"time_run\":37246.60000002384,\"time_render\":37234.62,\"time_show\":37250.874,\"time_end\":38234.19999998808,\"time_commit\":38235.60000002384,\"timestamp\":\"2021-07-22T14:29:39.922Z\",\"time_switch\":38250.634},{\"sender\":\"get ready\",\"sender_type\":\"canvas.Screen\",\"sender_id\":\"6\",\"response\":\"Space\",\"response_action\":\"keypress(Space)\",\"ended_on\":\"response\",\"duration\":1820.8660000000018,\"time_run\":38235.89999997616,\"time_render\":38234.027,\"time_show\":38250.634,\"time_end\":40071.5,\"time_commit\":40073,\"timestamp\":\"2021-07-22T14:29:41.760Z\",\"time_switch\":40083.641},{\"sender\":\"test01\",\"sender_type\":\"canvas.Screen\",\"sender_id\":\"7_0\",\"response\":\"8\",\"response_action\":\"click(0) @8\",\"correctResponse\":\"7\",\"correct\":false,\"ended_on\":\"response\",\"duration\":18940.95900002384,\"time_run\":40073.5,\"time_render\":40066.826,\"time_show\":40083.641,\"time_end\":59024.60000002384,\"time_commit\":59025.80000001192,\"timestamp\":\"2021-07-22T14:30:00.713Z\",\"time_switch\":59028.971},{\"sender\":\"test02\",\"sender_type\":\"canvas.Screen\",\"sender_id\":\"7_1\",\"response\":\"1\",\"response_action\":\"click(0) @1\",\"correctResponse\":\"4\",\"correct\":false,\"ended_on\":\"response\",\"duration\":12471.129000023844,\"time_run\":59026,\"time_render\":59012.759,\"time_show\":59028.971,\"time_end\":71500.10000002384,\"time_commit\":71501.10000002384,\"timestamp\":\"2021-07-22T14:30:13.188Z\",\"time_switch\":71509.351},{\"sender\":\"test03\",\"sender_type\":\"canvas.Screen\",\"sender_id\":\"7_2\",\"response\":\"6\",\"response_action\":\"click(0) @6\",\"correctResponse\":\"6\",\"correct\":true,\"ended_on\":\"response\",\"duration\":14231.449000011926,\"time_run\":71501.30000001192,\"time_render\":71493.095,\"time_show\":71509.351,\"time_end\":85740.80000001192,\"time_commit\":85742.19999998808,\"timestamp\":\"2021-07-22T14:30:27.429Z\",\"time_switch\":85755.926},{\"sender\":\"test04\",\"sender_type\":\"canvas.Screen\",\"sender_id\":\"7_3\",\"response\":\"2\",\"response_action\":\"click(0) @2\",\"correctResponse\":\"2\",\"correct\":true,\"ended_on\":\"response\",\"duration\":33448.674000023835,\"time_run\":85742.39999997616,\"time_render\":85739.705,\"time_show\":85755.926,\"time_end\":119204.60000002384,\"time_commit\":119205.80000001192,\"timestamp\":\"2021-07-22T14:31:00.893Z\",\"time_switch\":119214.672},{\"sender\":\"test05\",\"sender_type\":\"canvas.Screen\",\"sender_id\":\"7_4\",\"response\":\"4\",\"response_action\":\"click(0) @4\",\"correctResponse\":\"4\",\"correct\":true,\"ended_on\":\"response\",\"duration\":47339.428000023836,\"time_run\":119206,\"time_render\":119198.103,\"time_show\":119214.672,\"time_end\":166554.10000002384,\"time_commit\":166555.30000001192,\"timestamp\":\"2021-07-22T14:31:48.243Z\",\"time_switch\":166569.954},{\"sender\":\"test06\",\"sender_type\":\"canvas.Screen\",\"sender_id\":\"7_5\",\"response\":\"2\",\"response_action\":\"click(0) @2\",\"correctResponse\":\"7\",\"correct\":false,\"ended_on\":\"response\",\"duration\":17642.24599998808,\"time_run\":166555.5,\"time_render\":166553.729,\"time_show\":166569.954,\"time_end\":184212.19999998808,\"time_commit\":184213.39999997616,\"timestamp\":\"2021-07-22T14:32:05.901Z\",\"time_switch\":184215.733},{\"sender\":\"test07\",\"sender_type\":\"canvas.Screen\",\"sender_id\":\"7_6\",\"response\":\"8\",\"response_action\":\"click(0) @8\",\"correctResponse\":\"8\",\"correct\":true,\"ended_on\":\"response\",\"duration\":43386.66699997615,\"time_run\":184213.60000002384,\"time_render\":184199.535,\"time_show\":184215.733,\"time_end\":227602.39999997616,\"time_commit\":227603.60000002384,\"timestamp\":\"2021-07-22T14:32:49.291Z\",\"time_switch\":227605.375},{\"sender\":\"test08\",\"sender_type\":\"canvas.Screen\",\"sender_id\":\"7_7\",\"response\":\"7\",\"response_action\":\"click(0) @7\",\"correctResponse\":\"7\",\"correct\":true,\"ended_on\":\"response\",\"duration\":28937.225000023842,\"time_run\":227603.80000001192,\"time_render\":227589.14,\"time_show\":227605.375,\"time_end\":256542.60000002384,\"time_commit\":256543.80000001192,\"timestamp\":\"2021-07-22T14:33:18.231Z\",\"time_switch\":256548.514},{\"sender\":\"test09\",\"sender_type\":\"canvas.Screen\",\"sender_id\":\"7_8\",\"response\":\"5\",\"response_action\":\"click(0) @5\",\"correctResponse\":\"5\",\"correct\":true,\"ended_on\":\"response\",\"duration\":85662.08600002385,\"time_run\":256544,\"time_render\":256532.277,\"time_show\":256548.514,\"time_end\":342210.60000002384,\"time_commit\":342212.10000002384,\"timestamp\":\"2021-07-22T14:34:43.899Z\",\"time_switch\":342227.988},{\"sender\":\"test10\",\"sender_type\":\"canvas.Screen\",\"sender_id\":\"7_9\",\"response\":\"5\",\"response_action\":\"click(0) @5\",\"correctResponse\":\"5\",\"correct\":true,\"ended_on\":\"response\",\"duration\":50094.31200001191,\"time_run\":342212.3000000119,\"time_render\":342211.829,\"time_show\":342227.988,\"time_end\":392322.3000000119,\"time_commit\":392323.39999997616,\"timestamp\":\"2021-07-22T14:35:34.011Z\",\"time_switch\":392332.764},{\"sender\":\"test11\",\"sender_type\":\"canvas.Screen\",\"sender_id\":\"7_10\",\"response\":\"4\",\"response_action\":\"click(0) @4\",\"correctResponse\":\"4\",\"correct\":true,\"ended_on\":\"response\",\"duration\":121631.83600002382,\"time_run\":392323.5,\"time_render\":392316.506,\"time_show\":392332.764,\"time_end\":513964.60000002384,\"time_commit\":513965.89999997616,\"timestamp\":\"2021-07-22T14:37:35.653Z\",\"time_switch\":513970.361},{\"sender\":\"test12\",\"sender_type\":\"canvas.Screen\",\"sender_id\":\"7_11\",\"response\":\"1\",\"response_action\":\"click(0) @1\",\"correctResponse\":\"1\",\"correct\":true,\"ended_on\":\"response\",\"duration\":85860.23900002387,\"time_run\":513966.10000002384,\"time_render\":513954.139,\"time_show\":513970.361,\"time_end\":599830.6000000238,\"time_commit\":599831.6999999881,\"timestamp\":\"2021-07-22T14:39:01.519Z\",\"time_switch\":599850.047},{\"sender\":\"tests (15min)\",\"sender_type\":\"flow.Sequence\",\"sender_id\":\"7\",\"ended_on\":\"completion\",\"duration\":559746.9590000238,\"time_run\":40073.39999997616,\"time_render\":40066.826,\"time_show\":40083.641,\"time_end\":599830.6000000238,\"time_commit\":599834,\"timestamp\":\"2021-07-22T14:39:01.521Z\",\"time_switch\":599850.047},{\"sender\":\"good bye\",\"sender_type\":\"canvas.Screen\",\"sender_id\":\"8\",\"ended_on\":\"timeout\",\"duration\":3999.3059999999823,\"time_run\":599834.1999999881,\"time_render\":599833.64,\"time_show\":599850.047,\"time_end\":603832.703,\"time_commit\":603833.8000000119,\"timestamp\":\"2021-07-22T14:39:05.521Z\",\"time_switch\":603849.353},{\"sender\":\"root\",\"sender_type\":\"flow.Sequence\",\"sender_id\":null,\"ended_on\":\"completion\",\"duration\":601840.147,\"time_run\":2002.5,\"time_render\":1626.025,\"time_show\":1992.556,\"time_end\":603832.703,\"time_commit\":603834.6000000238,\"timestamp\":\"2021-07-22T14:39:05.522Z\",\"time_switch\":603849.353}]",
    "metadata": "{\"slice\":0,\"id\":\"2115794a-b3ca-4596-82c8-dd9e79d2143b\",\"payload\":\"full\"}",
    "url": "https://exp01.zih.tu-dresden.de/experiments/raven_task/"
}