{
    "data": "[{\"url\":{},\"meta\":{\"labjs_version\":\"20.1.1\",\"labjs_build\":{\"flavor\":\"production\",\"commit\":\"cd5695f774968f50499757c1423bd95d033ea08e\"},\"location\":\"https://exp01.zih.tu-dresden.de/experiments/spot_a_word_task/\",\"userAgent\":\"Mozilla/5.0 (Windows NT 10.0; Win64; x64) AppleWebKit/537.36 (KHTML, like Gecko) Chrome/91.0.4472.166 Safari/537.36\",\"platform\":\"Win32\",\"language\":\"de-DE\",\"locale\":\"de\",\"timeZone\":\"Europe/Berlin\",\"timezoneOffset\":-120,\"screen_width\":1536,\"screen_height\":864,\"scroll_width\":1451,\"scroll_height\":691,\"window_innerWidth\":1451,\"window_innerHeight\":739,\"devicePixelRatio\":1.25},\"sender\":\"start_html\",\"sender_type\":\"html.Screen\",\"sender_id\":\"0\",\"ended_on\":\"timeout\",\"duration\":5998.593,\"time_run\":488.5,\"time_render\":489.853,\"time_show\":506.488,\"time_end\":6488.843,\"time_commit\":6494.100000023842,\"timestamp\":\"2021-07-22T14:23:09.603Z\",\"time_switch\":6505.081},{\"sender\":\"manual_html\",\"sender_type\":\"html.Screen\",\"sender_id\":\"1\",\"response\":\"space\",\"response_action\":\"keypress(Space)\",\"ended_on\":\"response\",\"duration\":42688.21900001192,\"time_run\":6494.800000011921,\"time_render\":6488.843,\"time_show\":6505.081,\"time_end\":49193.30000001192,\"time_commit\":49200.700000047684,\"timestamp\":\"2021-07-22T14:23:52.310Z\",\"time_switch\":49226.255},{\"sender\":\"example1_screen\",\"sender_type\":\"canvas.Screen\",\"sender_id\":\"2\",\"response\":\"4\",\"response_action\":\"keypress(4)\",\"correctResponse\":\"4\",\"correct\":true,\"ended_on\":\"response\",\"duration\":2126.3450000238445,\"time_run\":49213.60000002384,\"time_render\":49193.528,\"time_show\":49226.255,\"time_end\":51352.60000002384,\"time_commit\":51354,\"timestamp\":\"2021-07-22T14:23:54.464Z\",\"time_switch\":51377.812},{\"sender\":\"example1_feedback\",\"sender_type\":\"canvas.Screen\",\"sender_id\":\"3\",\"response\":\"Space\",\"response_action\":\"keypress(Space)\",\"ended_on\":\"response\",\"duration\":1172.688000000002,\"time_run\":51362.60000002384,\"time_render\":51361.408,\"time_show\":51377.812,\"time_end\":52550.5,\"time_commit\":52552.10000002384,\"timestamp\":\"2021-07-22T14:23:55.662Z\",\"time_switch\":52560.747},{\"sender\":\"example2_screen\",\"sender_type\":\"canvas.Screen\",\"sender_id\":\"4\",\"response\":\"5\",\"response_action\":\"keypress(5)\",\"correctResponse\":\"5\",\"correct\":true,\"ended_on\":\"response\",\"duration\":1989.3530000238388,\"time_run\":52557.700000047684,\"time_render\":52544.511,\"time_show\":52560.747,\"time_end\":54550.10000002384,\"time_commit\":54551.700000047684,\"timestamp\":\"2021-07-22T14:23:57.661Z\",\"time_switch\":54560.278},{\"sender\":\"example2_feedback\",\"sender_type\":\"canvas.Screen\",\"sender_id\":\"5\",\"response\":\"Space\",\"response_action\":\"keypress(Space)\",\"ended_on\":\"response\",\"duration\":530.3220000238434,\"time_run\":54556.200000047684,\"time_render\":54543.997,\"time_show\":54560.278,\"time_end\":55090.60000002384,\"time_commit\":55092.5,\"timestamp\":\"2021-07-22T14:23:58.202Z\",\"time_switch\":55110.144},{\"sender\":\"example3_screen\",\"sender_type\":\"canvas.Screen\",\"sender_id\":\"6\",\"response\":\"1\",\"response_action\":\"keypress(1)\",\"correctResponse\":\"1\",\"correct\":true,\"ended_on\":\"response\",\"duration\":1660.3559999999998,\"time_run\":55097.90000003576,\"time_render\":55093.936,\"time_show\":55110.144,\"time_end\":56770.5,\"time_commit\":56771.90000003576,\"timestamp\":\"2021-07-22T14:23:59.881Z\",\"time_switch\":56793.123},{\"sender\":\"example3_feedback\",\"sender_type\":\"canvas.Screen\",\"sender_id\":\"7\",\"response\":\"Space\",\"response_action\":\"keypress(Space)\",\"ended_on\":\"response\",\"duration\":1297.5770000476841,\"time_run\":56776.30000001192,\"time_render\":56760.155,\"time_show\":56793.123,\"time_end\":58090.700000047684,\"time_commit\":58092,\"timestamp\":\"2021-07-22T14:24:01.202Z\",\"time_switch\":58109.552},{\"sender\":\"get_ready_html\",\"sender_type\":\"html.Screen\",\"sender_id\":\"8\",\"response\":\"space\",\"response_action\":\"keypress(Space)\",\"ended_on\":\"response\",\"duration\":4822.748000011918,\"time_run\":58092.5,\"time_render\":58093.225,\"time_show\":58109.552,\"time_end\":62932.30000001192,\"time_commit\":62934.200000047684,\"timestamp\":\"2021-07-22T14:24:06.044Z\",\"time_switch\":63008.243},{\"sender\":\"trial_screen\",\"sender_type\":\"canvas.Screen\",\"sender_id\":\"9_0\",\"correct\":true,\"trial_ID\":1,\"word1\":\"siziol\",\"word2\":\"salzahl\",\"word3\":\"sozihl\",\"word4\":\"sziam\",\"word5\":\"sozial\",\"response\":\"5\",\"response_action\":\"keypress(5)\",\"correctResponse\":\"5\",\"ended_on\":\"response\",\"duration\":1882.3570000238396,\"time_run\":63000,\"time_render\":62991.49,\"time_show\":63008.243,\"time_end\":64890.60000002384,\"time_commit\":64892.200000047684,\"timestamp\":\"2021-07-22T14:24:08.002Z\",\"time_switch\":64907.807},{\"sender\":\"trial_screen\",\"sender_type\":\"canvas.Screen\",\"sender_id\":\"9_1\",\"correct\":true,\"trial_ID\":2,\"word1\":\"Lamone\",\"word2\":\"Talane\",\"word3\":\"Matrone\",\"word4\":\"Tarone\",\"word5\":\"Malonte\",\"response\":\"3\",\"response_action\":\"keypress(3)\",\"correctResponse\":\"3\",\"ended_on\":\"response\",\"duration\":1982.593000035762,\"time_run\":64898.30000001192,\"time_render\":64891.524,\"time_show\":64907.807,\"time_end\":66890.40000003576,\"time_commit\":66892,\"timestamp\":\"2021-07-22T14:24:10.002Z\",\"time_switch\":66907.315},{\"sender\":\"trial_screen\",\"sender_type\":\"canvas.Screen\",\"sender_id\":\"9_2\",\"correct\":true,\"trial_ID\":3,\"word1\":\"kurinesisch\",\"word2\":\"kulinarisch\",\"word3\":\"kumenisch\",\"word4\":\"kulissarisch\",\"word5\":\"kannastrisch\",\"response\":\"2\",\"response_action\":\"keypress(2)\",\"correctResponse\":\"2\",\"ended_on\":\"response\",\"duration\":1962.7850000238395,\"time_run\":66898.90000003576,\"time_render\":66891.04,\"time_show\":66907.315,\"time_end\":68870.10000002384,\"time_commit\":68871.40000003576,\"timestamp\":\"2021-07-22T14:24:11.981Z\",\"time_switch\":68890.423},{\"sender\":\"trial_screen\",\"sender_type\":\"canvas.Screen\",\"sender_id\":\"9_3\",\"correct\":true,\"trial_ID\":4,\"word1\":\"Tinxur\",\"word2\":\"Kukutur\",\"word3\":\"Fraktan\",\"word4\":\"Tinktur\",\"word5\":\"Rimsuhr\",\"response\":\"4\",\"response_action\":\"keypress(4)\",\"correctResponse\":\"4\",\"ended_on\":\"response\",\"duration\":2181.7770000476885,\"time_run\":68875.90000003576,\"time_render\":68873.917,\"time_show\":68890.423,\"time_end\":71072.20000004768,\"time_commit\":71073.80000001192,\"timestamp\":\"2021-07-22T14:24:14.183Z\",\"time_switch\":71089.653},{\"sender\":\"trial_screen\",\"sender_type\":\"canvas.Screen\",\"sender_id\":\"9_4\",\"correct\":true,\"trial_ID\":5,\"word1\":\"beralen\",\"word2\":\"ger\u00e4ltet\",\"word3\":\"an\u00e4lteren\",\"word4\":\"unt\u00e4ren\",\"word5\":\"verbr\u00e4men\",\"response\":\"5\",\"response_action\":\"keypress(5)\",\"correctResponse\":\"5\",\"ended_on\":\"response\",\"duration\":7503.846999999994,\"time_run\":71078.40000003576,\"time_render\":71073.389,\"time_show\":71089.653,\"time_end\":78593.5,\"time_commit\":78594.90000003576,\"timestamp\":\"2021-07-22T14:24:21.704Z\",\"time_switch\":78604.537},{\"sender\":\"trial_screen\",\"sender_type\":\"canvas.Screen\",\"sender_id\":\"9_5\",\"correct\":true,\"trial_ID\":6,\"word1\":\"Rosto\",\"word2\":\"Torso\",\"word3\":\"Soro\",\"word4\":\"Torgos\",\"word5\":\"Tosor\",\"response\":\"2\",\"response_action\":\"keypress(2)\",\"correctResponse\":\"2\",\"ended_on\":\"response\",\"duration\":1465.4630000000034,\"time_run\":78599.10000002384,\"time_render\":78588.038,\"time_show\":78604.537,\"time_end\":80070,\"time_commit\":80071.40000003576,\"timestamp\":\"2021-07-22T14:24:23.181Z\",\"time_switch\":80087.509},{\"sender\":\"trial_screen\",\"sender_type\":\"canvas.Screen\",\"sender_id\":\"9_6\",\"correct\":true,\"trial_ID\":7,\"word1\":\"Redor\",\"word2\":\"Radium\",\"word3\":\"Terion\",\"word4\":\"Dramin\",\"word5\":\"Orakium\",\"response\":\"2\",\"response_action\":\"keypress(2)\",\"correctResponse\":\"2\",\"ended_on\":\"response\",\"duration\":1103.0910000238364,\"time_run\":80078,\"time_render\":80070.866,\"time_show\":80087.509,\"time_end\":81190.60000002384,\"time_commit\":81192,\"timestamp\":\"2021-07-22T14:24:24.302Z\",\"time_switch\":81203.908},{\"sender\":\"trial_screen\",\"sender_type\":\"canvas.Screen\",\"sender_id\":\"9_7\",\"correct\":true,\"trial_ID\":8,\"word1\":\"Nale\",\"word2\":\"Sahe\",\"word3\":\"Nase\",\"word4\":\"Nesa\",\"word5\":\"Sehna\",\"response\":\"3\",\"response_action\":\"keypress(3)\",\"correctResponse\":\"3\",\"ended_on\":\"response\",\"duration\":2387.492000035767,\"time_run\":81197,\"time_render\":81187.682,\"time_show\":81203.908,\"time_end\":83591.40000003576,\"time_commit\":83592.70000004768,\"timestamp\":\"2021-07-22T14:24:26.702Z\",\"time_switch\":83603.354},{\"sender\":\"trial_screen\",\"sender_type\":\"canvas.Screen\",\"sender_id\":\"9_8\",\"correct\":false,\"trial_ID\":9,\"word1\":\"Rilkiase\",\"word2\":\"Kilister\",\"word3\":\"Riliker\",\"word4\":\"Klistier\",\"word5\":\"Linkure\",\"response\":\"5\",\"response_action\":\"keypress(5)\",\"correctResponse\":\"4\",\"ended_on\":\"response\",\"duration\":8010.145999999993,\"time_run\":83597.10000002384,\"time_render\":83587.075,\"time_show\":83603.354,\"time_end\":91613.5,\"time_commit\":91614.80000001192,\"timestamp\":\"2021-07-22T14:24:34.724Z\",\"time_switch\":91634.754},{\"sender\":\"trial_screen\",\"sender_type\":\"canvas.Screen\",\"sender_id\":\"9_9\",\"correct\":true,\"trial_ID\":10,\"word1\":\"kentern\",\"word2\":\"knerte\",\"word3\":\"kanzen\",\"word4\":\"kretern\",\"word5\":\"trekern\",\"response\":\"1\",\"response_action\":\"keypress(1)\",\"correctResponse\":\"1\",\"ended_on\":\"response\",\"duration\":4096.446000047683,\"time_run\":91618.5,\"time_render\":91618.245,\"time_show\":91634.754,\"time_end\":95731.20000004768,\"time_commit\":95732.70000004768,\"timestamp\":\"2021-07-22T14:24:38.842Z\",\"time_switch\":95750.562},{\"sender\":\"trial_screen\",\"sender_type\":\"canvas.Screen\",\"sender_id\":\"9_10\",\"correct\":true,\"trial_ID\":11,\"word1\":\"Sorekin\",\"word2\":\"Sarowin\",\"word3\":\"Rosakin\",\"word4\":\"Narosin\",\"word5\":\"Kerosin\",\"response\":\"5\",\"response_action\":\"keypress(5)\",\"correctResponse\":\"5\",\"ended_on\":\"response\",\"duration\":2500.5380000238365,\"time_run\":95737.60000002384,\"time_render\":95733.937,\"time_show\":95750.562,\"time_end\":98251.10000002384,\"time_commit\":98252.60000002384,\"timestamp\":\"2021-07-22T14:24:41.362Z\",\"time_switch\":98266.513},{\"sender\":\"trial_screen\",\"sender_type\":\"canvas.Screen\",\"sender_id\":\"9_11\",\"correct\":true,\"trial_ID\":12,\"word1\":\"Ralke\",\"word2\":\"Korre\",\"word3\":\"Ruckse\",\"word4\":\"Recke\",\"word5\":\"Ulte\",\"response\":\"4\",\"response_action\":\"keypress(4)\",\"correctResponse\":\"4\",\"ended_on\":\"response\",\"duration\":5686.8870000357565,\"time_run\":98257.10000002384,\"time_render\":98250.209,\"time_show\":98266.513,\"time_end\":103953.40000003576,\"time_commit\":103954.80000001192,\"timestamp\":\"2021-07-22T14:24:47.064Z\",\"time_switch\":103965.153},{\"sender\":\"trial_screen\",\"sender_type\":\"canvas.Screen\",\"sender_id\":\"9_12\",\"correct\":true,\"trial_ID\":13,\"word1\":\"Kapaun\",\"word2\":\"Paukan\",\"word3\":\"Naupack\",\"word4\":\"Aupeck\",\"word5\":\"Ankepran\",\"response\":\"1\",\"response_action\":\"keypress(1)\",\"correctResponse\":\"1\",\"ended_on\":\"response\",\"duration\":6027.346999999994,\"time_run\":103959.20000004768,\"time_render\":103948.7,\"time_show\":103965.153,\"time_end\":109992.5,\"time_commit\":109993.70000004768,\"timestamp\":\"2021-07-22T14:24:53.103Z\",\"time_switch\":110013.702},{\"sender\":\"trial_screen\",\"sender_type\":\"canvas.Screen\",\"sender_id\":\"9_13\",\"correct\":true,\"trial_ID\":14,\"word1\":\"Dissonanz\",\"word2\":\"Diskrisanz\",\"word3\":\"Distranz\",\"word4\":\"Dinotanz\",\"word5\":\"Sidonenz\",\"response\":\"1\",\"response_action\":\"keypress(1)\",\"correctResponse\":\"1\",\"ended_on\":\"response\",\"duration\":1396.7979999999952,\"time_run\":110000.10000002384,\"time_render\":109997.266,\"time_show\":110013.702,\"time_end\":111410.5,\"time_commit\":111411.70000004768,\"timestamp\":\"2021-07-22T14:24:54.521Z\",\"time_switch\":111430.082},{\"sender\":\"trial_screen\",\"sender_type\":\"canvas.Screen\",\"sender_id\":\"9_14\",\"correct\":true,\"trial_ID\":15,\"word1\":\"Kirse\",\"word2\":\"Sirke\",\"word3\":\"Krise\",\"word4\":\"Krospe\",\"word5\":\"Seris\",\"response\":\"3\",\"response_action\":\"keypress(3)\",\"correctResponse\":\"3\",\"ended_on\":\"response\",\"duration\":4283.018000023847,\"time_run\":111416.60000002384,\"time_render\":111413.384,\"time_show\":111430.082,\"time_end\":115713.10000002384,\"time_commit\":115714.60000002384,\"timestamp\":\"2021-07-22T14:24:58.823Z\",\"time_switch\":115729.043},{\"sender\":\"trial_screen\",\"sender_type\":\"canvas.Screen\",\"sender_id\":\"9_15\",\"correct\":true,\"trial_ID\":16,\"word1\":\"Tume\",\"word2\":\"Umat\",\"word3\":\"Maut\",\"word4\":\"Taum\",\"word5\":\"Muta\",\"response\":\"3\",\"response_action\":\"keypress(3)\",\"correctResponse\":\"3\",\"ended_on\":\"response\",\"duration\":1641.4569999999949,\"time_run\":115718.90000003576,\"time_render\":115712.641,\"time_show\":115729.043,\"time_end\":117370.5,\"time_commit\":117371.80000001192,\"timestamp\":\"2021-07-22T14:25:00.481Z\",\"time_switch\":117378.641},{\"sender\":\"trial_screen\",\"sender_type\":\"canvas.Screen\",\"sender_id\":\"9_16\",\"correct\":true,\"trial_ID\":17,\"word1\":\"Tuhl\",\"word2\":\"Lar\",\"word3\":\"Lest\",\"word4\":\"Dall\",\"word5\":\"Lid\",\"response\":\"5\",\"response_action\":\"keypress(5)\",\"correctResponse\":\"5\",\"ended_on\":\"response\",\"duration\":2793.1590000119177,\"time_run\":117375.90000003576,\"time_render\":117362.359,\"time_show\":117378.641,\"time_end\":120171.80000001192,\"time_commit\":120173.10000002384,\"timestamp\":\"2021-07-22T14:25:03.282Z\",\"time_switch\":120201.442},{\"sender\":\"trial_screen\",\"sender_type\":\"canvas.Screen\",\"sender_id\":\"9_17\",\"correct\":false,\"trial_ID\":18,\"word1\":\"Adept\",\"word2\":\"Padet\",\"word3\":\"Edapt\",\"word4\":\"Epatt\",\"word5\":\"Taped\",\"response\":\"2\",\"response_action\":\"keypress(2)\",\"correctResponse\":\"1\",\"ended_on\":\"response\",\"duration\":6752.158000023846,\"time_run\":120176.90000003576,\"time_render\":120161.644,\"time_show\":120201.442,\"time_end\":126953.60000002384,\"time_commit\":126955,\"timestamp\":\"2021-07-22T14:25:10.064Z\",\"time_switch\":126976.389},{\"sender\":\"trial_screen\",\"sender_type\":\"canvas.Screen\",\"sender_id\":\"9_18\",\"correct\":true,\"trial_ID\":19,\"word1\":\"Spirine\",\"word2\":\"Saprin\",\"word3\":\"Parsin\",\"word4\":\"Purin\",\"word5\":\"Asprint\",\"response\":\"4\",\"response_action\":\"keypress(4)\",\"correctResponse\":\"4\",\"ended_on\":\"response\",\"duration\":4336.011000035767,\"time_run\":126959.90000003576,\"time_render\":126960.003,\"time_show\":126976.389,\"time_end\":131312.40000003576,\"time_commit\":131313.60000002384,\"timestamp\":\"2021-07-22T14:25:14.422Z\",\"time_switch\":131325.278},{\"sender\":\"trial_screen\",\"sender_type\":\"canvas.Screen\",\"sender_id\":\"9_19\",\"correct\":false,\"trial_ID\":20,\"word1\":\"Kulon\",\"word2\":\"Solgun\",\"word3\":\"Koskan\",\"word4\":\"Soran\",\"word5\":\"Klonus\",\"response\":\"4\",\"response_action\":\"keypress(4)\",\"correctResponse\":\"5\",\"ended_on\":\"response\",\"duration\":5146.322000023851,\"time_run\":131318,\"time_render\":131308.917,\"time_show\":131325.278,\"time_end\":136471.60000002384,\"time_commit\":136472.90000003576,\"timestamp\":\"2021-07-22T14:25:19.582Z\",\"time_switch\":136490.725},{\"sender\":\"trial_screen\",\"sender_type\":\"canvas.Screen\",\"sender_id\":\"9_20\",\"correct\":false,\"trial_ID\":21,\"word1\":\"Tronke\",\"word2\":\"Nocktherm\",\"word3\":\"Teronk\",\"word4\":\"Komtur\",\"word5\":\"Rocktur\",\"response\":\"5\",\"response_action\":\"keypress(5)\",\"correctResponse\":\"4\",\"ended_on\":\"response\",\"duration\":2742.274999999994,\"time_run\":136477.40000003576,\"time_render\":136474.287,\"time_show\":136490.725,\"time_end\":139233,\"time_commit\":139234.20000004768,\"timestamp\":\"2021-07-22T14:25:22.343Z\",\"time_switch\":139256.725},{\"sender\":\"trial_screen\",\"sender_type\":\"canvas.Screen\",\"sender_id\":\"9_21\",\"correct\":true,\"trial_ID\":22,\"word1\":\"Ripat\",\"word2\":\"Patinatte\",\"word3\":\"Tapir\",\"word4\":\"Apitt\",\"word5\":\"Padir\",\"response\":\"3\",\"response_action\":\"keypress(3)\",\"correctResponse\":\"3\",\"ended_on\":\"response\",\"duration\":4134.975000047678,\"time_run\":139238.30000001192,\"time_render\":139223.768,\"time_show\":139256.725,\"time_end\":143391.70000004768,\"time_commit\":143393.40000003576,\"timestamp\":\"2021-07-22T14:25:26.502Z\",\"time_switch\":143405.743},{\"sender\":\"trial_screen\",\"sender_type\":\"canvas.Screen\",\"sender_id\":\"9_22\",\"correct\":false,\"trial_ID\":23,\"word1\":\"Akifer\",\"word2\":\"Fiaker\",\"word3\":\"Kiaffa\",\"word4\":\"Sariffer\",\"word5\":\"Refisker\",\"response\":\"4\",\"response_action\":\"keypress(4)\",\"correctResponse\":\"2\",\"ended_on\":\"response\",\"duration\":7187.357000023854,\"time_run\":143398.5,\"time_render\":143389.357,\"time_show\":143405.743,\"time_end\":150593.10000002384,\"time_commit\":150594.10000002384,\"timestamp\":\"2021-07-22T14:25:33.703Z\",\"time_switch\":150604.008},{\"sender\":\"trial_screen\",\"sender_type\":\"canvas.Screen\",\"sender_id\":\"9_23\",\"correct\":true,\"trial_ID\":24,\"word1\":\"Kleiber\",\"word2\":\"Beikel\",\"word3\":\"Keibel\",\"word4\":\"Reikler\",\"word5\":\"Biekerl\",\"response\":\"1\",\"response_action\":\"keypress(1)\",\"correctResponse\":\"1\",\"ended_on\":\"response\",\"duration\":4186.892000035761,\"time_run\":150598.10000002384,\"time_render\":150587.529,\"time_show\":150604.008,\"time_end\":154790.90000003576,\"time_commit\":154792.30000001192,\"timestamp\":\"2021-07-22T14:25:37.901Z\",\"time_switch\":154803.009},{\"sender\":\"trial_screen\",\"sender_type\":\"canvas.Screen\",\"sender_id\":\"9_24\",\"correct\":true,\"trial_ID\":25,\"word1\":\"Ig\u00e4de\",\"word2\":\"D\u00e4gie\",\"word3\":\"\u00c4gide\",\"word4\":\"Dig\u00e4de\",\"word5\":\"Giad\",\"response\":\"3\",\"response_action\":\"keypress(3)\",\"correctResponse\":\"3\",\"ended_on\":\"response\",\"duration\":2027.491000000009,\"time_run\":154796.40000003576,\"time_render\":154786.203,\"time_show\":154803.009,\"time_end\":156830.5,\"time_commit\":156831.80000001192,\"timestamp\":\"2021-07-22T14:25:39.941Z\",\"time_switch\":156869.351},{\"sender\":\"trial_screen\",\"sender_type\":\"canvas.Screen\",\"sender_id\":\"9_25\",\"correct\":true,\"trial_ID\":26,\"word1\":\"Rixal\",\"word2\":\"Irtax\",\"word3\":\"Rackizie\",\"word4\":\"Matrix\",\"word5\":\"Atrige\",\"response\":\"4\",\"response_action\":\"keypress(4)\",\"correctResponse\":\"4\",\"ended_on\":\"response\",\"duration\":2742.0490000357677,\"time_run\":156835.80000001192,\"time_render\":156852.53,\"time_show\":156869.351,\"time_end\":159611.40000003576,\"time_commit\":159613,\"timestamp\":\"2021-07-22T14:25:42.722Z\",\"time_switch\":159635.298},{\"sender\":\"trial_screen\",\"sender_type\":\"canvas.Screen\",\"sender_id\":\"9_26\",\"correct\":true,\"trial_ID\":27,\"word1\":\"Haskisch\",\"word2\":\"Asmisch\",\"word3\":\"Schisma\",\"word4\":\"Rasthmie\",\"word5\":\"Ilschah\",\"response\":\"3\",\"response_action\":\"keypress(3)\",\"correctResponse\":\"3\",\"ended_on\":\"response\",\"duration\":3256.602000035753,\"time_run\":159618,\"time_render\":159602.206,\"time_show\":159635.298,\"time_end\":162891.90000003576,\"time_commit\":162893,\"timestamp\":\"2021-07-22T14:25:46.002Z\",\"time_switch\":162901.075},{\"sender\":\"trial_screen\",\"sender_type\":\"canvas.Screen\",\"sender_id\":\"9_27\",\"correct\":false,\"trial_ID\":28,\"word1\":\"Sallose\",\"word2\":\"Lordose\",\"word3\":\"Dormase\",\"word4\":\"Rollase\",\"word5\":\"Ardierole\",\"response\":\"1\",\"response_action\":\"keypress(1)\",\"correctResponse\":\"2\",\"ended_on\":\"response\",\"duration\":6610.02500002383,\"time_run\":162897.20000004768,\"time_render\":162884.797,\"time_show\":162901.075,\"time_end\":169511.10000002384,\"time_commit\":169512.20000004768,\"timestamp\":\"2021-07-22T14:25:52.621Z\",\"time_switch\":169532.883},{\"sender\":\"trial_screen\",\"sender_type\":\"canvas.Screen\",\"sender_id\":\"9_28\",\"correct\":true,\"trial_ID\":29,\"word1\":\"Intranotion\",\"word2\":\"Infranatura\",\"word3\":\"Internodium\",\"word4\":\"Indotalie\",\"word5\":\"Indosta\",\"response\":\"3\",\"response_action\":\"keypress(3)\",\"correctResponse\":\"3\",\"ended_on\":\"response\",\"duration\":9240.317000047682,\"time_run\":169516.20000004768,\"time_render\":169516.371,\"time_show\":169532.883,\"time_end\":178773.20000004768,\"time_commit\":178774.40000003576,\"timestamp\":\"2021-07-22T14:26:01.884Z\",\"time_switch\":178780.613},{\"sender\":\"trial_screen\",\"sender_type\":\"canvas.Screen\",\"sender_id\":\"9_29\",\"correct\":true,\"trial_ID\":30,\"word1\":\"Idaste\",\"word2\":\"Dastrix\",\"word3\":\"Astike\",\"word4\":\"Sadile\",\"word5\":\"Kasside\",\"response\":\"5\",\"response_action\":\"keypress(5)\",\"correctResponse\":\"5\",\"ended_on\":\"response\",\"duration\":5950.886999999988,\"time_run\":178778.5,\"time_render\":178764.367,\"time_show\":178780.613,\"time_end\":184731.5,\"time_commit\":184733.40000003576,\"timestamp\":\"2021-07-22T14:26:07.843Z\",\"time_switch\":184745.845},{\"sender\":\"trial_screen\",\"sender_type\":\"canvas.Screen\",\"sender_id\":\"9_30\",\"correct\":true,\"trial_ID\":31,\"word1\":\"Libration\",\"word2\":\"Bilation\",\"word3\":\"Arlation\",\"word4\":\"Iberation\",\"word5\":\"Tiradon\",\"response\":\"1\",\"response_action\":\"keypress(1)\",\"correctResponse\":\"1\",\"ended_on\":\"response\",\"duration\":5406.95500001192,\"time_run\":184738,\"time_render\":184729.41,\"time_show\":184745.845,\"time_end\":190152.80000001192,\"time_commit\":190153.90000003576,\"timestamp\":\"2021-07-22T14:26:13.263Z\",\"time_switch\":190161.244},{\"sender\":\"trial_screen\",\"sender_type\":\"canvas.Screen\",\"sender_id\":\"9_31\",\"correct\":false,\"trial_ID\":32,\"word1\":\"Pucker\",\"word2\":\"Keuper\",\"word3\":\"Eucker\",\"word4\":\"Reuspeck\",\"word5\":\"Urkane\",\"response\":\"4\",\"response_action\":\"keypress(4)\",\"correctResponse\":\"2\",\"ended_on\":\"response\",\"duration\":3789.9560000476777,\"time_run\":190158,\"time_render\":190144.526,\"time_show\":190161.244,\"time_end\":193951.20000004768,\"time_commit\":193952.5,\"timestamp\":\"2021-07-22T14:26:17.062Z\",\"time_switch\":193960.348},{\"sender\":\"trial_screen\",\"sender_type\":\"canvas.Screen\",\"sender_id\":\"9_32\",\"correct\":true,\"trial_ID\":33,\"word1\":\"Sickaber\",\"word2\":\"Bassiker\",\"word3\":\"Kassiber\",\"word4\":\"Sassiker\",\"word5\":\"Askiber\",\"response\":\"3\",\"response_action\":\"keypress(3)\",\"correctResponse\":\"3\",\"ended_on\":\"response\",\"duration\":6550.852000047686,\"time_run\":193956.60000002384,\"time_render\":193943.719,\"time_show\":193960.348,\"time_end\":200511.20000004768,\"time_commit\":200512.60000002384,\"timestamp\":\"2021-07-22T14:26:23.622Z\",\"time_switch\":200525.427},{\"sender\":\"trial_screen\",\"sender_type\":\"canvas.Screen\",\"sender_id\":\"9_33\",\"correct\":false,\"trial_ID\":34,\"word1\":\"Alquallon\",\"word2\":\"Lisqualien\",\"word3\":\"Talquallen\",\"word4\":\"Quisquilien\",\"word5\":\"Rielquellen\",\"response\":\"3\",\"response_action\":\"keypress(3)\",\"correctResponse\":\"4\",\"ended_on\":\"response\",\"duration\":5787.073000000004,\"time_run\":200516.70000004768,\"time_render\":200508.545,\"time_show\":200525.427,\"time_end\":206312.5,\"time_commit\":206314.30000001192,\"timestamp\":\"2021-07-22T14:26:29.424Z\",\"time_switch\":206324.036},{\"sender\":\"trial_screen\",\"sender_type\":\"canvas.Screen\",\"sender_id\":\"9_34\",\"correct\":true,\"trial_ID\":35,\"word1\":\"Berkiza\",\"word2\":\"Brekzie\",\"word3\":\"Birakzie\",\"word4\":\"Brikazie\",\"word5\":\"Bakiria\",\"response\":\"2\",\"response_action\":\"keypress(2)\",\"correctResponse\":\"2\",\"ended_on\":\"response\",\"duration\":6987.564000023849,\"time_run\":206320.20000004768,\"time_render\":206307.172,\"time_show\":206324.036,\"time_end\":213311.60000002384,\"time_commit\":213312.90000003576,\"timestamp\":\"2021-07-22T14:26:36.422Z\",\"time_switch\":213322.378},{\"sender\":\"loop_trial\",\"sender_type\":\"flow.Loop\",\"sender_id\":\"9\",\"ended_on\":\"completion\",\"duration\":150303.35700002383,\"time_run\":62996.30000001192,\"time_render\":62991.49,\"time_show\":63008.243,\"time_end\":213311.60000002384,\"time_commit\":213316.60000002384,\"timestamp\":\"2021-07-22T14:26:36.426Z\",\"time_switch\":213322.378},{\"sender\":\"end_html\",\"sender_type\":\"html.Screen\",\"sender_id\":\"10\",\"response\":\"anykey\",\"response_action\":\"keypress\",\"ended_on\":\"response\",\"duration\":1427.7220000238449,\"time_run\":213316.90000003576,\"time_render\":213305.689,\"time_show\":213322.378,\"time_end\":214750.10000002384,\"time_commit\":214753.80000001192,\"timestamp\":\"2021-07-22T14:26:37.863Z\",\"time_switch\":214772.176},{\"sender\":\"root\",\"sender_type\":\"flow.Sequence\",\"sender_id\":null,\"ended_on\":\"completion\",\"duration\":214243.61200002383,\"time_run\":487.80000001192093,\"time_render\":489.853,\"time_show\":506.488,\"time_end\":214750.10000002384,\"time_commit\":214755.20000004768,\"timestamp\":\"2021-07-22T14:26:37.864Z\",\"time_switch\":214772.176}]",
    "metadata": "{\"slice\":0,\"id\":\"79150940-1e55-4d67-8ac0-bc4ebdf589c9\",\"payload\":\"full\"}",
    "url": "https://exp01.zih.tu-dresden.de/experiments/spot_a_word_task/"
}