{
    "data": "[{\"url\":{},\"meta\":{\"labjs_version\":\"20.1.1\",\"labjs_build\":{\"flavor\":\"production\",\"commit\":\"cd5695f774968f50499757c1423bd95d033ea08e\"},\"location\":\"https://exp01.zih.tu-dresden.de/experiments/raven_task/\",\"userAgent\":\"Mozilla/5.0 (Windows NT 10.0; Win64; x64) AppleWebKit/537.36 (KHTML, like Gecko) Chrome/91.0.4472.77 Safari/537.36 Edg/91.0.864.37\",\"platform\":\"Win32\",\"language\":\"de\",\"locale\":\"de\",\"timeZone\":\"Europe/Berlin\",\"timezoneOffset\":-120,\"screen_width\":1920,\"screen_height\":1080,\"scroll_width\":1920,\"scroll_height\":889,\"window_innerWidth\":1920,\"window_innerHeight\":937,\"devicePixelRatio\":1},\"sender\":\"welcome\",\"sender_type\":\"canvas.Screen\",\"sender_id\":\"0\",\"ended_on\":\"timeout\",\"duration\":8007.9,\"time_run\":1768.800000011921,\"time_render\":1708.721,\"time_show\":1775.453,\"time_end\":9766.67,\"time_commit\":9768.700000047684,\"timestamp\":\"2021-06-02T19:52:13.906Z\",\"time_switch\":9783.353},{\"sender\":\"instructions\",\"sender_type\":\"html.Page\",\"sender_id\":\"1\",\"response\":\"Space\",\"response_action\":\"keypress(Space)\",\"ended_on\":\"response\",\"duration\":17098.647,\"time_run\":9768.900000035763,\"time_render\":9766.67,\"time_show\":9783.353,\"time_end\":26882,\"time_commit\":26884.100000023842,\"timestamp\":\"2021-06-02T19:52:31.021Z\",\"time_switch\":26900.239},{\"sender\":\"example1\",\"sender_type\":\"canvas.Screen\",\"sender_id\":\"2\",\"response\":\"8\",\"response_action\":\"click(0) @8\",\"correctResponse\":\"8\",\"correct\":true,\"ended_on\":\"response\",\"duration\":11339.161000035761,\"time_run\":26884.400000035763,\"time_render\":26866.873,\"time_show\":26900.239,\"time_end\":38239.40000003576,\"time_commit\":38240.10000002384,\"timestamp\":\"2021-06-02T19:52:42.377Z\",\"time_switch\":38295.141},{\"sender\":\"example1_feedback\",\"sender_type\":\"canvas.Screen\",\"sender_id\":\"3\",\"response\":\"space\",\"response_action\":\"keypress(Space)\",\"ended_on\":\"response\",\"duration\":1664.5590000476805,\"time_run\":38287.40000003576,\"time_render\":38278.458,\"time_show\":38295.141,\"time_end\":39959.700000047684,\"time_commit\":39960.200000047684,\"timestamp\":\"2021-06-02T19:52:44.097Z\",\"time_switch\":39963.757},{\"sender\":\"example2\",\"sender_type\":\"canvas.Screen\",\"sender_id\":\"4\",\"response\":\"4\",\"response_action\":\"click(0) @4\",\"correctResponse\":\"4\",\"correct\":true,\"ended_on\":\"response\",\"duration\":5781.843000023844,\"time_run\":39960.30000001192,\"time_render\":39947.074,\"time_show\":39963.757,\"time_end\":45745.60000002384,\"time_commit\":45746.30000001192,\"timestamp\":\"2021-06-02T19:52:49.883Z\",\"time_switch\":45802.811},{\"sender\":\"example2_feedback\",\"sender_type\":\"canvas.Screen\",\"sender_id\":\"5\",\"response\":\"space\",\"response_action\":\"keypress(Space)\",\"ended_on\":\"response\",\"duration\":1012.9890000119194,\"time_run\":45796,\"time_render\":45786.128,\"time_show\":45802.811,\"time_end\":46815.80000001192,\"time_commit\":46816.200000047684,\"timestamp\":\"2021-06-02T19:52:50.953Z\",\"time_switch\":46837.32},{\"sender\":\"get ready\",\"sender_type\":\"canvas.Screen\",\"sender_id\":\"6\",\"response\":\"Space\",\"response_action\":\"keypress(Space)\",\"ended_on\":\"response\",\"duration\":4972.280000023842,\"time_run\":46816.30000001192,\"time_render\":46803.954,\"time_show\":46837.32,\"time_end\":51809.60000002384,\"time_commit\":51810.10000002384,\"timestamp\":\"2021-06-02T19:52:55.947Z\",\"time_switch\":51825.544},{\"sender\":\"test01\",\"sender_type\":\"canvas.Screen\",\"sender_id\":\"7_0\",\"response\":\"7\",\"response_action\":\"click(0) @7\",\"correctResponse\":\"7\",\"correct\":true,\"ended_on\":\"response\",\"duration\":14002.156000047682,\"time_run\":51810.30000001192,\"time_render\":51808.861,\"time_show\":51825.544,\"time_end\":65827.70000004768,\"time_commit\":65828.40000003576,\"timestamp\":\"2021-06-02T19:53:09.965Z\",\"time_switch\":65839.363},{\"sender\":\"test02\",\"sender_type\":\"canvas.Screen\",\"sender_id\":\"7_1\",\"response\":\"4\",\"response_action\":\"click(0) @4\",\"correctResponse\":\"4\",\"correct\":true,\"ended_on\":\"response\",\"duration\":12747.437000011923,\"time_run\":65828.5,\"time_render\":65822.68,\"time_show\":65839.363,\"time_end\":78586.80000001192,\"time_commit\":78587.30000001192,\"timestamp\":\"2021-06-02T19:53:22.724Z\",\"time_switch\":78602.245},{\"sender\":\"test03\",\"sender_type\":\"canvas.Screen\",\"sender_id\":\"7_2\",\"response\":\"6\",\"response_action\":\"click(0) @6\",\"correctResponse\":\"6\",\"correct\":true,\"ended_on\":\"response\",\"duration\":13503.655000035767,\"time_run\":78587.5,\"time_render\":78585.562,\"time_show\":78602.245,\"time_end\":92105.90000003576,\"time_commit\":92106.40000003576,\"timestamp\":\"2021-06-02T19:53:36.243Z\",\"time_switch\":92115.788},{\"sender\":\"test04\",\"sender_type\":\"canvas.Screen\",\"sender_id\":\"7_3\",\"response\":\"2\",\"response_action\":\"click(0) @2\",\"correctResponse\":\"2\",\"correct\":true,\"ended_on\":\"response\",\"duration\":11753.112000035762,\"time_run\":92106.60000002384,\"time_render\":92099.105,\"time_show\":92115.788,\"time_end\":103868.90000003576,\"time_commit\":103869.40000003576,\"timestamp\":\"2021-06-02T19:53:48.006Z\",\"time_switch\":103877.629},{\"sender\":\"test05\",\"sender_type\":\"canvas.Screen\",\"sender_id\":\"7_4\",\"response\":\"4\",\"response_action\":\"click(0) @4\",\"correctResponse\":\"4\",\"correct\":true,\"ended_on\":\"response\",\"duration\":28928.47100002384,\"time_run\":103869.5,\"time_render\":103860.946,\"time_show\":103877.629,\"time_end\":132806.10000002384,\"time_commit\":132806.70000004768,\"timestamp\":\"2021-06-02T19:54:16.944Z\",\"time_switch\":132822.924},{\"sender\":\"test06\",\"sender_type\":\"canvas.Screen\",\"sender_id\":\"7_5\",\"response\":\"7\",\"response_action\":\"click(0) @7\",\"correctResponse\":\"7\",\"correct\":true,\"ended_on\":\"response\",\"duration\":15043.376000011922,\"time_run\":132806.80000001192,\"time_render\":132806.241,\"time_show\":132822.924,\"time_end\":147866.30000001192,\"time_commit\":147866.90000003576,\"timestamp\":\"2021-06-02T19:54:32.004Z\",\"time_switch\":147871.701},{\"sender\":\"test07\",\"sender_type\":\"canvas.Screen\",\"sender_id\":\"7_6\",\"response\":\"4\",\"response_action\":\"click(0) @4\",\"correctResponse\":\"8\",\"correct\":false,\"ended_on\":\"response\",\"duration\":16155.59900001192,\"time_run\":147867.10000002384,\"time_render\":147855.018,\"time_show\":147871.701,\"time_end\":164027.30000001192,\"time_commit\":164027.90000003576,\"timestamp\":\"2021-06-02T19:54:48.165Z\",\"time_switch\":164037.893},{\"sender\":\"test08\",\"sender_type\":\"canvas.Screen\",\"sender_id\":\"7_7\",\"response\":\"5\",\"response_action\":\"click(0) @5\",\"correctResponse\":\"7\",\"correct\":false,\"ended_on\":\"response\",\"duration\":43317.70700002383,\"time_run\":164028.10000002384,\"time_render\":164021.21,\"time_show\":164037.893,\"time_end\":207355.60000002384,\"time_commit\":207356.20000004768,\"timestamp\":\"2021-06-02T19:55:31.493Z\",\"time_switch\":207364.039},{\"sender\":\"test09\",\"sender_type\":\"canvas.Screen\",\"sender_id\":\"7_8\",\"response\":\"8\",\"response_action\":\"click(0) @8\",\"correctResponse\":\"5\",\"correct\":false,\"ended_on\":\"response\",\"duration\":42480.86100003577,\"time_run\":207356.30000001192,\"time_render\":207347.356,\"time_show\":207364.039,\"time_end\":249844.90000003576,\"time_commit\":249845.40000003576,\"timestamp\":\"2021-06-02T19:56:13.982Z\",\"time_switch\":249873.385},{\"sender\":\"test10\",\"sender_type\":\"canvas.Screen\",\"sender_id\":\"7_9\",\"response\":\"6\",\"response_action\":\"click(0) @6\",\"correctResponse\":\"5\",\"correct\":false,\"ended_on\":\"response\",\"duration\":20319.61499999999,\"time_run\":249845.5,\"time_render\":249856.702,\"time_show\":249873.385,\"time_end\":270193,\"time_commit\":270193.60000002384,\"timestamp\":\"2021-06-02T19:56:34.330Z\",\"time_switch\":270194.455},{\"sender\":\"test11\",\"sender_type\":\"canvas.Screen\",\"sender_id\":\"7_10\",\"response\":\"3\",\"response_action\":\"click(0) @3\",\"correctResponse\":\"4\",\"correct\":false,\"ended_on\":\"response\",\"duration\":17385.044999999984,\"time_run\":270193.7000000477,\"time_render\":270177.772,\"time_show\":270194.455,\"time_end\":287579.5,\"time_commit\":287580.10000002384,\"timestamp\":\"2021-06-02T19:56:51.717Z\",\"time_switch\":287595.194},{\"sender\":\"test12\",\"sender_type\":\"canvas.Screen\",\"sender_id\":\"7_11\",\"response\":\"3\",\"response_action\":\"click(0) @3\",\"correctResponse\":\"1\",\"correct\":false,\"ended_on\":\"response\",\"duration\":20378.106000011903,\"time_run\":287580.10000002384,\"time_render\":287578.511,\"time_show\":287595.194,\"time_end\":307973.3000000119,\"time_commit\":307973.8000000119,\"timestamp\":\"2021-06-02T19:57:12.111Z\",\"time_switch\":307998.914},{\"sender\":\"tests (15min)\",\"sender_type\":\"flow.Sequence\",\"sender_id\":\"7\",\"ended_on\":\"completion\",\"duration\":256147.75600001193,\"time_run\":51810.200000047684,\"time_render\":51808.861,\"time_show\":51825.544,\"time_end\":307973.3000000119,\"time_commit\":307975.2000000477,\"timestamp\":\"2021-06-02T19:57:12.112Z\",\"time_switch\":307998.914},{\"sender\":\"good bye\",\"sender_type\":\"canvas.Screen\",\"sender_id\":\"8\",\"ended_on\":\"timeout\",\"duration\":4004.4249999999884,\"time_run\":307975.3000000119,\"time_render\":307982.231,\"time_show\":307998.914,\"time_end\":311986.656,\"time_commit\":311987.8000000119,\"timestamp\":\"2021-06-02T19:57:16.125Z\",\"time_switch\":312003.339},{\"sender\":\"root\",\"sender_type\":\"flow.Sequence\",\"sender_id\":null,\"ended_on\":\"completion\",\"duration\":310211.20300000004,\"time_run\":1768.6000000238419,\"time_render\":1708.721,\"time_show\":1775.453,\"time_end\":311986.656,\"time_commit\":311988,\"timestamp\":\"2021-06-02T19:57:16.125Z\",\"time_switch\":312003.339}]",
    "metadata": "{\"slice\":0,\"id\":\"9c33e974-b0d3-4a7f-95af-8cd46c9c5bac\",\"payload\":\"full\"}",
    "url": "https://exp01.zih.tu-dresden.de/experiments/raven_task/"
}