{
    "data": "[{\"url\":{},\"meta\":{\"labjs_version\":\"20.1.1\",\"labjs_build\":{\"flavor\":\"production\",\"commit\":\"cd5695f774968f50499757c1423bd95d033ea08e\"},\"location\":\"https://exp01.zih.tu-dresden.de/experiments/spot_a_word_task/\",\"userAgent\":\"Mozilla/5.0 (Windows NT 10.0; Win64; x64) AppleWebKit/537.36 (KHTML, like Gecko) Chrome/91.0.4472.77 Safari/537.36 Edg/91.0.864.37\",\"platform\":\"Win32\",\"language\":\"de\",\"locale\":\"de\",\"timeZone\":\"Europe/Berlin\",\"timezoneOffset\":-120,\"screen_width\":1920,\"screen_height\":1080,\"scroll_width\":1920,\"scroll_height\":889,\"window_innerWidth\":1920,\"window_innerHeight\":937,\"devicePixelRatio\":1},\"sender\":\"start_html\",\"sender_type\":\"html.Screen\",\"sender_id\":\"0\",\"ended_on\":\"timeout\",\"duration\":6005.879999999999,\"time_run\":456.60000002384186,\"time_render\":469.078,\"time_show\":485.761,\"time_end\":6474.958,\"time_commit\":6477.400000035763,\"timestamp\":\"2021-06-02T19:45:29.717Z\",\"time_switch\":6491.641},{\"sender\":\"manual_html\",\"sender_type\":\"html.Screen\",\"sender_id\":\"1\",\"response\":\"space\",\"response_action\":\"keypress(Space)\",\"ended_on\":\"response\",\"duration\":33788.75900003576,\"time_run\":6477.800000011921,\"time_render\":6474.958,\"time_show\":6491.641,\"time_end\":40280.40000003576,\"time_commit\":40282.40000003576,\"timestamp\":\"2021-06-02T19:46:03.522Z\",\"time_switch\":40291.48},{\"sender\":\"example1_screen\",\"sender_type\":\"canvas.Screen\",\"sender_id\":\"2\",\"response\":\"4\",\"response_action\":\"keypress(4)\",\"correctResponse\":\"4\",\"correct\":true,\"ended_on\":\"response\",\"duration\":4458.820000011918,\"time_run\":40285.19999998808,\"time_render\":40274.797,\"time_show\":40291.48,\"time_end\":44750.30000001192,\"time_commit\":44751.80000001192,\"timestamp\":\"2021-06-02T19:46:07.992Z\",\"time_switch\":44763.342},{\"sender\":\"example1_feedback\",\"sender_type\":\"canvas.Screen\",\"sender_id\":\"3\",\"response\":\"Space\",\"response_action\":\"keypress(Space)\",\"ended_on\":\"response\",\"duration\":2850.857999988082,\"time_run\":44754,\"time_render\":44746.659,\"time_show\":44763.342,\"time_end\":47614.19999998808,\"time_commit\":47614.69999998808,\"timestamp\":\"2021-06-02T19:46:10.855Z\",\"time_switch\":47632.981},{\"sender\":\"example2_screen\",\"sender_type\":\"canvas.Screen\",\"sender_id\":\"4\",\"response\":\"5\",\"response_action\":\"keypress(5)\",\"correctResponse\":\"5\",\"correct\":true,\"ended_on\":\"response\",\"duration\":3951.0190000000002,\"time_run\":47617.5,\"time_render\":47616.298,\"time_show\":47632.981,\"time_end\":51584,\"time_commit\":51584.69999998808,\"timestamp\":\"2021-06-02T19:46:14.825Z\",\"time_switch\":51586.929},{\"sender\":\"example2_feedback\",\"sender_type\":\"canvas.Screen\",\"sender_id\":\"5\",\"response\":\"Space\",\"response_action\":\"keypress(Space)\",\"ended_on\":\"response\",\"duration\":979.3710000119245,\"time_run\":51586.40000003576,\"time_render\":51570.246,\"time_show\":51586.929,\"time_end\":52566.30000001192,\"time_commit\":52566.60000002384,\"timestamp\":\"2021-06-02T19:46:15.807Z\",\"time_switch\":52571.319},{\"sender\":\"example3_screen\",\"sender_type\":\"canvas.Screen\",\"sender_id\":\"6\",\"response\":\"1\",\"response_action\":\"keypress(1)\",\"correctResponse\":\"1\",\"correct\":true,\"ended_on\":\"response\",\"duration\":2082.981000011918,\"time_run\":52568.30000001192,\"time_render\":52554.636,\"time_show\":52571.319,\"time_end\":54654.30000001192,\"time_commit\":54654.90000003576,\"timestamp\":\"2021-06-02T19:46:17.895Z\",\"time_switch\":54673.403},{\"sender\":\"example3_feedback\",\"sender_type\":\"canvas.Screen\",\"sender_id\":\"7\",\"response\":\"Space\",\"response_action\":\"keypress(Space)\",\"ended_on\":\"response\",\"duration\":1076.8970000119225,\"time_run\":54657.30000001192,\"time_render\":54656.72,\"time_show\":54673.403,\"time_end\":55750.30000001192,\"time_commit\":55751.19999998808,\"timestamp\":\"2021-06-02T19:46:18.991Z\",\"time_switch\":55757.847},{\"sender\":\"get_ready_html\",\"sender_type\":\"html.Screen\",\"sender_id\":\"8\",\"response\":\"space\",\"response_action\":\"keypress(Space)\",\"ended_on\":\"response\",\"duration\":7346.25300002384,\"time_run\":55751.19999998808,\"time_render\":55741.164,\"time_show\":55757.847,\"time_end\":63104.10000002384,\"time_commit\":63104.69999998808,\"timestamp\":\"2021-06-02T19:46:26.345Z\",\"time_switch\":63165.124},{\"sender\":\"trial_screen\",\"sender_type\":\"canvas.Screen\",\"sender_id\":\"9_0\",\"correct\":true,\"trial_ID\":1,\"word1\":\"siziol\",\"word2\":\"salzahl\",\"word3\":\"sozihl\",\"word4\":\"sziam\",\"word5\":\"sozial\",\"response\":\"5\",\"response_action\":\"keypress(5)\",\"correctResponse\":\"5\",\"ended_on\":\"response\",\"duration\":3081.2760000357594,\"time_run\":63151.10000002384,\"time_render\":63148.441,\"time_show\":63165.124,\"time_end\":66246.40000003576,\"time_commit\":66246.90000003576,\"timestamp\":\"2021-06-02T19:46:29.487Z\",\"time_switch\":66251.668},{\"sender\":\"trial_screen\",\"sender_type\":\"canvas.Screen\",\"sender_id\":\"9_1\",\"correct\":true,\"trial_ID\":2,\"word1\":\"Lamone\",\"word2\":\"Talane\",\"word3\":\"Matrone\",\"word4\":\"Tarone\",\"word5\":\"Malonte\",\"response\":\"3\",\"response_action\":\"keypress(3)\",\"correctResponse\":\"3\",\"ended_on\":\"response\",\"duration\":4642.831999999995,\"time_run\":66249.19999998808,\"time_render\":66234.985,\"time_show\":66251.668,\"time_end\":70894.5,\"time_commit\":70894.80000001192,\"timestamp\":\"2021-06-02T19:46:34.134Z\",\"time_switch\":70906.294},{\"sender\":\"trial_screen\",\"sender_type\":\"canvas.Screen\",\"sender_id\":\"9_2\",\"correct\":true,\"trial_ID\":3,\"word1\":\"kurinesisch\",\"word2\":\"kulinarisch\",\"word3\":\"kumenisch\",\"word4\":\"kulissarisch\",\"word5\":\"kannastrisch\",\"response\":\"2\",\"response_action\":\"keypress(2)\",\"correctResponse\":\"2\",\"ended_on\":\"response\",\"duration\":2414.2060000000056,\"time_run\":70897.80000001192,\"time_render\":70889.611,\"time_show\":70906.294,\"time_end\":73320.5,\"time_commit\":73321.10000002384,\"timestamp\":\"2021-06-02T19:46:36.561Z\",\"time_switch\":73325.446},{\"sender\":\"trial_screen\",\"sender_type\":\"canvas.Screen\",\"sender_id\":\"9_3\",\"correct\":true,\"trial_ID\":4,\"word1\":\"Tinxur\",\"word2\":\"Kukutur\",\"word3\":\"Fraktan\",\"word4\":\"Tinktur\",\"word5\":\"Rimsuhr\",\"response\":\"4\",\"response_action\":\"keypress(4)\",\"correctResponse\":\"4\",\"ended_on\":\"response\",\"duration\":3832.9540000357665,\"time_run\":73323,\"time_render\":73308.763,\"time_show\":73325.446,\"time_end\":77158.40000003576,\"time_commit\":77158.90000003576,\"timestamp\":\"2021-06-02T19:46:40.398Z\",\"time_switch\":77162.592},{\"sender\":\"trial_screen\",\"sender_type\":\"canvas.Screen\",\"sender_id\":\"9_4\",\"correct\":true,\"trial_ID\":5,\"word1\":\"beralen\",\"word2\":\"ger\u00e4ltet\",\"word3\":\"an\u00e4lteren\",\"word4\":\"unt\u00e4ren\",\"word5\":\"verbr\u00e4men\",\"response\":\"5\",\"response_action\":\"keypress(5)\",\"correctResponse\":\"5\",\"ended_on\":\"response\",\"duration\":3915.907999999996,\"time_run\":77160.40000003576,\"time_render\":77145.909,\"time_show\":77162.592,\"time_end\":81078.5,\"time_commit\":81078.90000003576,\"timestamp\":\"2021-06-02T19:46:44.318Z\",\"time_switch\":81083.19},{\"sender\":\"trial_screen\",\"sender_type\":\"canvas.Screen\",\"sender_id\":\"9_5\",\"correct\":true,\"trial_ID\":6,\"word1\":\"Rosto\",\"word2\":\"Torso\",\"word3\":\"Soro\",\"word4\":\"Torgos\",\"word5\":\"Tosor\",\"response\":\"2\",\"response_action\":\"keypress(2)\",\"correctResponse\":\"2\",\"ended_on\":\"response\",\"duration\":2813.3099999999977,\"time_run\":81080.40000003576,\"time_render\":81066.507,\"time_show\":81083.19,\"time_end\":83896.5,\"time_commit\":83897.10000002384,\"timestamp\":\"2021-06-02T19:46:47.137Z\",\"time_switch\":83902.718},{\"sender\":\"trial_screen\",\"sender_type\":\"canvas.Screen\",\"sender_id\":\"9_6\",\"correct\":true,\"trial_ID\":7,\"word1\":\"Redor\",\"word2\":\"Radium\",\"word3\":\"Terion\",\"word4\":\"Dramin\",\"word5\":\"Orakium\",\"response\":\"2\",\"response_action\":\"keypress(2)\",\"correctResponse\":\"2\",\"ended_on\":\"response\",\"duration\":2495.7820000000065,\"time_run\":83899.60000002384,\"time_render\":83886.035,\"time_show\":83902.718,\"time_end\":86398.5,\"time_commit\":86398.90000003576,\"timestamp\":\"2021-06-02T19:46:49.638Z\",\"time_switch\":86405.237},{\"sender\":\"trial_screen\",\"sender_type\":\"canvas.Screen\",\"sender_id\":\"9_7\",\"correct\":true,\"trial_ID\":8,\"word1\":\"Nale\",\"word2\":\"Sahe\",\"word3\":\"Nase\",\"word4\":\"Nesa\",\"word5\":\"Sehna\",\"response\":\"3\",\"response_action\":\"keypress(3)\",\"correctResponse\":\"3\",\"ended_on\":\"response\",\"duration\":4065.363000023848,\"time_run\":86400.69999998808,\"time_render\":86388.554,\"time_show\":86405.237,\"time_end\":90470.60000002384,\"time_commit\":90471,\"timestamp\":\"2021-06-02T19:46:53.711Z\",\"time_switch\":90475.936},{\"sender\":\"trial_screen\",\"sender_type\":\"canvas.Screen\",\"sender_id\":\"9_8\",\"correct\":true,\"trial_ID\":9,\"word1\":\"Rilkiase\",\"word2\":\"Kilister\",\"word3\":\"Riliker\",\"word4\":\"Klistier\",\"word5\":\"Linkure\",\"response\":\"4\",\"response_action\":\"keypress(4)\",\"correctResponse\":\"4\",\"ended_on\":\"response\",\"duration\":3652.3640000119194,\"time_run\":90472.90000003576,\"time_render\":90459.253,\"time_show\":90475.936,\"time_end\":94128.30000001192,\"time_commit\":94128.80000001192,\"timestamp\":\"2021-06-02T19:46:57.368Z\",\"time_switch\":94146.304},{\"sender\":\"trial_screen\",\"sender_type\":\"canvas.Screen\",\"sender_id\":\"9_9\",\"correct\":true,\"trial_ID\":10,\"word1\":\"kentern\",\"word2\":\"knerte\",\"word3\":\"kanzen\",\"word4\":\"kretern\",\"word5\":\"trekern\",\"response\":\"1\",\"response_action\":\"keypress(1)\",\"correctResponse\":\"1\",\"ended_on\":\"response\",\"duration\":2436.6959999999963,\"time_run\":94130.90000003576,\"time_render\":94129.621,\"time_show\":94146.304,\"time_end\":96583,\"time_commit\":96583.40000003576,\"timestamp\":\"2021-06-02T19:46:59.823Z\",\"time_switch\":96598.79},{\"sender\":\"trial_screen\",\"sender_type\":\"canvas.Screen\",\"sender_id\":\"9_10\",\"correct\":true,\"trial_ID\":11,\"word1\":\"Sorekin\",\"word2\":\"Sarowin\",\"word3\":\"Rosakin\",\"word4\":\"Narosin\",\"word5\":\"Kerosin\",\"response\":\"5\",\"response_action\":\"keypress(5)\",\"correctResponse\":\"5\",\"ended_on\":\"response\",\"duration\":3319.8100000238483,\"time_run\":96585.19999998808,\"time_render\":96582.107,\"time_show\":96598.79,\"time_end\":99918.60000002384,\"time_commit\":99919.10000002384,\"timestamp\":\"2021-06-02T19:47:03.159Z\",\"time_switch\":99935.457},{\"sender\":\"trial_screen\",\"sender_type\":\"canvas.Screen\",\"sender_id\":\"9_11\",\"correct\":true,\"trial_ID\":12,\"word1\":\"Ralke\",\"word2\":\"Korre\",\"word3\":\"Ruckse\",\"word4\":\"Recke\",\"word5\":\"Ulte\",\"response\":\"4\",\"response_action\":\"keypress(4)\",\"correctResponse\":\"4\",\"ended_on\":\"response\",\"duration\":5464.843000011926,\"time_run\":99921.10000002384,\"time_render\":99918.774,\"time_show\":99935.457,\"time_end\":105400.30000001192,\"time_commit\":105400.90000003576,\"timestamp\":\"2021-06-02T19:47:08.640Z\",\"time_switch\":105407.56},{\"sender\":\"trial_screen\",\"sender_type\":\"canvas.Screen\",\"sender_id\":\"9_12\",\"correct\":true,\"trial_ID\":13,\"word1\":\"Kapaun\",\"word2\":\"Paukan\",\"word3\":\"Naupack\",\"word4\":\"Aupeck\",\"word5\":\"Ankepran\",\"response\":\"1\",\"response_action\":\"keypress(1)\",\"correctResponse\":\"1\",\"ended_on\":\"response\",\"duration\":2143.040000023844,\"time_run\":105402.40000003576,\"time_render\":105390.877,\"time_show\":105407.56,\"time_end\":107550.60000002384,\"time_commit\":107551,\"timestamp\":\"2021-06-02T19:47:10.791Z\",\"time_switch\":107559.783},{\"sender\":\"trial_screen\",\"sender_type\":\"canvas.Screen\",\"sender_id\":\"9_13\",\"correct\":true,\"trial_ID\":14,\"word1\":\"Dissonanz\",\"word2\":\"Diskrisanz\",\"word3\":\"Distranz\",\"word4\":\"Dinotanz\",\"word5\":\"Sidonenz\",\"response\":\"1\",\"response_action\":\"keypress(1)\",\"correctResponse\":\"1\",\"ended_on\":\"response\",\"duration\":1750.9169999880833,\"time_run\":107553.80000001192,\"time_render\":107543.1,\"time_show\":107559.783,\"time_end\":109310.69999998808,\"time_commit\":109311.10000002384,\"timestamp\":\"2021-06-02T19:47:12.551Z\",\"time_switch\":109328.243},{\"sender\":\"trial_screen\",\"sender_type\":\"canvas.Screen\",\"sender_id\":\"9_14\",\"correct\":true,\"trial_ID\":15,\"word1\":\"Kirse\",\"word2\":\"Sirke\",\"word3\":\"Krise\",\"word4\":\"Krospe\",\"word5\":\"Seris\",\"response\":\"3\",\"response_action\":\"keypress(3)\",\"correctResponse\":\"3\",\"ended_on\":\"response\",\"duration\":3110.456999988077,\"time_run\":109313,\"time_render\":109311.56,\"time_show\":109328.243,\"time_end\":112438.69999998808,\"time_commit\":112439.30000001192,\"timestamp\":\"2021-06-02T19:47:15.679Z\",\"time_switch\":112448.013},{\"sender\":\"trial_screen\",\"sender_type\":\"canvas.Screen\",\"sender_id\":\"9_15\",\"correct\":true,\"trial_ID\":16,\"word1\":\"Tume\",\"word2\":\"Umat\",\"word3\":\"Maut\",\"word4\":\"Taum\",\"word5\":\"Muta\",\"response\":\"3\",\"response_action\":\"keypress(3)\",\"correctResponse\":\"3\",\"ended_on\":\"response\",\"duration\":2454.686999988073,\"time_run\":112440.90000003576,\"time_render\":112431.33,\"time_show\":112448.013,\"time_end\":114902.69999998808,\"time_commit\":114903.10000002384,\"timestamp\":\"2021-06-02T19:47:18.143Z\",\"time_switch\":114917.169},{\"sender\":\"trial_screen\",\"sender_type\":\"canvas.Screen\",\"sender_id\":\"9_16\",\"correct\":true,\"trial_ID\":17,\"word1\":\"Tuhl\",\"word2\":\"Lar\",\"word3\":\"Lest\",\"word4\":\"Dall\",\"word5\":\"Lid\",\"response\":\"5\",\"response_action\":\"keypress(5)\",\"correctResponse\":\"5\",\"ended_on\":\"response\",\"duration\":5555.530999988085,\"time_run\":114905.19999998808,\"time_render\":114900.486,\"time_show\":114917.169,\"time_end\":120472.69999998808,\"time_commit\":120474,\"timestamp\":\"2021-06-02T19:47:23.713Z\",\"time_switch\":120489.342},{\"sender\":\"trial_screen\",\"sender_type\":\"canvas.Screen\",\"sender_id\":\"9_17\",\"correct\":false,\"trial_ID\":18,\"word1\":\"Adept\",\"word2\":\"Padet\",\"word3\":\"Edapt\",\"word4\":\"Epatt\",\"word5\":\"Taped\",\"response\":\"5\",\"response_action\":\"keypress(5)\",\"correctResponse\":\"1\",\"ended_on\":\"response\",\"duration\":9053.458000011917,\"time_run\":120475.60000002384,\"time_render\":120472.659,\"time_show\":120489.342,\"time_end\":129542.80000001192,\"time_commit\":129543.19999998808,\"timestamp\":\"2021-06-02T19:47:32.783Z\",\"time_switch\":129548.37},{\"sender\":\"trial_screen\",\"sender_type\":\"canvas.Screen\",\"sender_id\":\"9_18\",\"correct\":true,\"trial_ID\":19,\"word1\":\"Spirine\",\"word2\":\"Saprin\",\"word3\":\"Parsin\",\"word4\":\"Purin\",\"word5\":\"Asprint\",\"response\":\"4\",\"response_action\":\"keypress(4)\",\"correctResponse\":\"4\",\"ended_on\":\"response\",\"duration\":4236.130000000005,\"time_run\":129544.80000001192,\"time_render\":129531.687,\"time_show\":129548.37,\"time_end\":133784.5,\"time_commit\":133785.19999998808,\"timestamp\":\"2021-06-02T19:47:37.025Z\",\"time_switch\":133802.708},{\"sender\":\"trial_screen\",\"sender_type\":\"canvas.Screen\",\"sender_id\":\"9_19\",\"correct\":true,\"trial_ID\":20,\"word1\":\"Kulon\",\"word2\":\"Solgun\",\"word3\":\"Koskan\",\"word4\":\"Soran\",\"word5\":\"Klonus\",\"response\":\"5\",\"response_action\":\"keypress(5)\",\"correctResponse\":\"5\",\"ended_on\":\"response\",\"duration\":4924.1920000357495,\"time_run\":133787.30000001192,\"time_render\":133786.025,\"time_show\":133802.708,\"time_end\":138726.90000003576,\"time_commit\":138727.30000001192,\"timestamp\":\"2021-06-02T19:47:41.967Z\",\"time_switch\":138741.022},{\"sender\":\"trial_screen\",\"sender_type\":\"canvas.Screen\",\"sender_id\":\"9_20\",\"correct\":false,\"trial_ID\":21,\"word1\":\"Tronke\",\"word2\":\"Nocktherm\",\"word3\":\"Teronk\",\"word4\":\"Komtur\",\"word5\":\"Rocktur\",\"response\":\"2\",\"response_action\":\"keypress(2)\",\"correctResponse\":\"4\",\"ended_on\":\"response\",\"duration\":6243.578000023845,\"time_run\":138728.90000003576,\"time_render\":138724.339,\"time_show\":138741.022,\"time_end\":144984.60000002384,\"time_commit\":144985.19999998808,\"timestamp\":\"2021-06-02T19:47:48.225Z\",\"time_switch\":144997.274},{\"sender\":\"trial_screen\",\"sender_type\":\"canvas.Screen\",\"sender_id\":\"9_21\",\"correct\":true,\"trial_ID\":22,\"word1\":\"Ripat\",\"word2\":\"Patinatte\",\"word3\":\"Tapir\",\"word4\":\"Apitt\",\"word5\":\"Padir\",\"response\":\"3\",\"response_action\":\"keypress(3)\",\"correctResponse\":\"3\",\"ended_on\":\"response\",\"duration\":3057.626000035758,\"time_run\":144987.10000002384,\"time_render\":144980.591,\"time_show\":144997.274,\"time_end\":148054.90000003576,\"time_commit\":148055.30000001192,\"timestamp\":\"2021-06-02T19:47:51.295Z\",\"time_switch\":148067.089},{\"sender\":\"trial_screen\",\"sender_type\":\"canvas.Screen\",\"sender_id\":\"9_22\",\"correct\":false,\"trial_ID\":23,\"word1\":\"Akifer\",\"word2\":\"Fiaker\",\"word3\":\"Kiaffa\",\"word4\":\"Sariffer\",\"word5\":\"Refisker\",\"response\":\"5\",\"response_action\":\"keypress(5)\",\"correctResponse\":\"2\",\"ended_on\":\"response\",\"duration\":6483.910999999993,\"time_run\":148056.80000001192,\"time_render\":148050.406,\"time_show\":148067.089,\"time_end\":154551,\"time_commit\":154551.5,\"timestamp\":\"2021-06-02T19:47:57.791Z\",\"time_switch\":154556.848},{\"sender\":\"trial_screen\",\"sender_type\":\"canvas.Screen\",\"sender_id\":\"9_23\",\"correct\":true,\"trial_ID\":24,\"word1\":\"Kleiber\",\"word2\":\"Beikel\",\"word3\":\"Keibel\",\"word4\":\"Reikler\",\"word5\":\"Biekerl\",\"response\":\"1\",\"response_action\":\"keypress(1)\",\"correctResponse\":\"1\",\"ended_on\":\"response\",\"duration\":1676.2520000238437,\"time_run\":154552.90000003576,\"time_render\":154540.165,\"time_show\":154556.848,\"time_end\":156233.10000002384,\"time_commit\":156233.69999998808,\"timestamp\":\"2021-06-02T19:47:59.473Z\",\"time_switch\":156241.993},{\"sender\":\"trial_screen\",\"sender_type\":\"canvas.Screen\",\"sender_id\":\"9_24\",\"correct\":false,\"trial_ID\":25,\"word1\":\"Ig\u00e4de\",\"word2\":\"D\u00e4gie\",\"word3\":\"\u00c4gide\",\"word4\":\"Dig\u00e4de\",\"word5\":\"Giad\",\"response\":\"5\",\"response_action\":\"keypress(5)\",\"correctResponse\":\"3\",\"ended_on\":\"response\",\"duration\":4349.007000000012,\"time_run\":156235.30000001192,\"time_render\":156225.31,\"time_show\":156241.993,\"time_end\":160591,\"time_commit\":160591.40000003576,\"timestamp\":\"2021-06-02T19:48:03.831Z\",\"time_switch\":160596.302},{\"sender\":\"trial_screen\",\"sender_type\":\"canvas.Screen\",\"sender_id\":\"9_25\",\"correct\":true,\"trial_ID\":26,\"word1\":\"Rixal\",\"word2\":\"Irtax\",\"word3\":\"Rackizie\",\"word4\":\"Matrix\",\"word5\":\"Atrige\",\"response\":\"4\",\"response_action\":\"keypress(4)\",\"correctResponse\":\"4\",\"ended_on\":\"response\",\"duration\":2394.798000023846,\"time_run\":160592.90000003576,\"time_render\":160579.619,\"time_show\":160596.302,\"time_end\":162991.10000002384,\"time_commit\":162991.5,\"timestamp\":\"2021-06-02T19:48:06.231Z\",\"time_switch\":162998.763},{\"sender\":\"trial_screen\",\"sender_type\":\"canvas.Screen\",\"sender_id\":\"9_26\",\"correct\":false,\"trial_ID\":27,\"word1\":\"Haskisch\",\"word2\":\"Asmisch\",\"word3\":\"Schisma\",\"word4\":\"Rasthmie\",\"word5\":\"Ilschah\",\"response\":\"4\",\"response_action\":\"keypress(4)\",\"correctResponse\":\"3\",\"ended_on\":\"response\",\"duration\":8458.037000011915,\"time_run\":162993,\"time_render\":162982.08,\"time_show\":162998.763,\"time_end\":171456.80000001192,\"time_commit\":171457.5,\"timestamp\":\"2021-06-02T19:48:14.697Z\",\"time_switch\":171473.779},{\"sender\":\"trial_screen\",\"sender_type\":\"canvas.Screen\",\"sender_id\":\"9_27\",\"correct\":false,\"trial_ID\":28,\"word1\":\"Sallose\",\"word2\":\"Lordose\",\"word3\":\"Dormase\",\"word4\":\"Rollase\",\"word5\":\"Ardierole\",\"response\":\"1\",\"response_action\":\"keypress(1)\",\"correctResponse\":\"2\",\"ended_on\":\"response\",\"duration\":4621.4209999880695,\"time_run\":171459.69999998808,\"time_render\":171457.096,\"time_show\":171473.779,\"time_end\":176095.19999998808,\"time_commit\":176095.69999998808,\"timestamp\":\"2021-06-02T19:48:19.335Z\",\"time_switch\":176111.861},{\"sender\":\"trial_screen\",\"sender_type\":\"canvas.Screen\",\"sender_id\":\"9_28\",\"correct\":false,\"trial_ID\":29,\"word1\":\"Intranotion\",\"word2\":\"Infranatura\",\"word3\":\"Internodium\",\"word4\":\"Indotalie\",\"word5\":\"Indosta\",\"response\":\"5\",\"response_action\":\"keypress(5)\",\"correctResponse\":\"3\",\"ended_on\":\"response\",\"duration\":3407.2390000238374,\"time_run\":176097.40000003576,\"time_render\":176095.178,\"time_show\":176111.861,\"time_end\":179519.10000002384,\"time_commit\":179519.80000001192,\"timestamp\":\"2021-06-02T19:48:22.759Z\",\"time_switch\":179531.993},{\"sender\":\"trial_screen\",\"sender_type\":\"canvas.Screen\",\"sender_id\":\"9_29\",\"correct\":true,\"trial_ID\":30,\"word1\":\"Idaste\",\"word2\":\"Dastrix\",\"word3\":\"Astike\",\"word4\":\"Sadile\",\"word5\":\"Kasside\",\"response\":\"5\",\"response_action\":\"keypress(5)\",\"correctResponse\":\"5\",\"ended_on\":\"response\",\"duration\":5037.007000000012,\"time_run\":179521.30000001192,\"time_render\":179515.31,\"time_show\":179531.993,\"time_end\":184569,\"time_commit\":184569.60000002384,\"timestamp\":\"2021-06-02T19:48:27.809Z\",\"time_switch\":184587.013},{\"sender\":\"trial_screen\",\"sender_type\":\"canvas.Screen\",\"sender_id\":\"9_30\",\"correct\":false,\"trial_ID\":31,\"word1\":\"Libration\",\"word2\":\"Bilation\",\"word3\":\"Arlation\",\"word4\":\"Iberation\",\"word5\":\"Tiradon\",\"response\":\"2\",\"response_action\":\"keypress(2)\",\"correctResponse\":\"1\",\"ended_on\":\"response\",\"duration\":3884.2870000119146,\"time_run\":184571.90000003576,\"time_render\":184570.33,\"time_show\":184587.013,\"time_end\":188471.30000001192,\"time_commit\":188471.69999998808,\"timestamp\":\"2021-06-02T19:48:31.711Z\",\"time_switch\":188474.294},{\"sender\":\"trial_screen\",\"sender_type\":\"canvas.Screen\",\"sender_id\":\"9_31\",\"correct\":false,\"trial_ID\":32,\"word1\":\"Pucker\",\"word2\":\"Keuper\",\"word3\":\"Eucker\",\"word4\":\"Reuspeck\",\"word5\":\"Urkane\",\"response\":\"1\",\"response_action\":\"keypress(1)\",\"correctResponse\":\"2\",\"ended_on\":\"response\",\"duration\":5020.905999988085,\"time_run\":188473,\"time_render\":188457.611,\"time_show\":188474.294,\"time_end\":193495.19999998808,\"time_commit\":193495.69999998808,\"timestamp\":\"2021-06-02T19:48:36.735Z\",\"time_switch\":193512.653},{\"sender\":\"trial_screen\",\"sender_type\":\"canvas.Screen\",\"sender_id\":\"9_32\",\"correct\":false,\"trial_ID\":33,\"word1\":\"Sickaber\",\"word2\":\"Bassiker\",\"word3\":\"Kassiber\",\"word4\":\"Sassiker\",\"word5\":\"Askiber\",\"response\":\"2\",\"response_action\":\"keypress(2)\",\"correctResponse\":\"3\",\"ended_on\":\"response\",\"duration\":6344.347000000009,\"time_run\":193497.90000003576,\"time_render\":193495.97,\"time_show\":193512.653,\"time_end\":199857,\"time_commit\":199857.5,\"timestamp\":\"2021-06-02T19:48:43.098Z\",\"time_switch\":199868.995},{\"sender\":\"trial_screen\",\"sender_type\":\"canvas.Screen\",\"sender_id\":\"9_33\",\"correct\":false,\"trial_ID\":34,\"word1\":\"Alquallon\",\"word2\":\"Lisqualien\",\"word3\":\"Talquallen\",\"word4\":\"Quisquilien\",\"word5\":\"Rielquellen\",\"response\":\"5\",\"response_action\":\"keypress(5)\",\"correctResponse\":\"4\",\"ended_on\":\"response\",\"duration\":6242.405000035767,\"time_run\":199859.40000003576,\"time_render\":199852.312,\"time_show\":199868.995,\"time_end\":206111.40000003576,\"time_commit\":206111.80000001192,\"timestamp\":\"2021-06-02T19:48:49.352Z\",\"time_switch\":206125.263},{\"sender\":\"trial_screen\",\"sender_type\":\"canvas.Screen\",\"sender_id\":\"9_34\",\"correct\":false,\"trial_ID\":35,\"word1\":\"Berkiza\",\"word2\":\"Brekzie\",\"word3\":\"Birakzie\",\"word4\":\"Brikazie\",\"word5\":\"Bakiria\",\"response\":\"5\",\"response_action\":\"keypress(5)\",\"correctResponse\":\"2\",\"ended_on\":\"response\",\"duration\":6915.837000023836,\"time_run\":206113.80000001192,\"time_render\":206108.58,\"time_show\":206125.263,\"time_end\":213041.10000002384,\"time_commit\":213041.60000002384,\"timestamp\":\"2021-06-02T19:48:56.282Z\",\"time_switch\":213048.879},{\"sender\":\"loop_trial\",\"sender_type\":\"flow.Loop\",\"sender_id\":\"9\",\"ended_on\":\"completion\",\"duration\":149875.97600002383,\"time_run\":63147.90000003576,\"time_render\":63148.441,\"time_show\":63165.124,\"time_end\":213041.10000002384,\"time_commit\":213043.10000002384,\"timestamp\":\"2021-06-02T19:48:56.283Z\",\"time_switch\":213048.879},{\"sender\":\"end_html\",\"sender_type\":\"html.Screen\",\"sender_id\":\"10\",\"ended_on\":\"timeout\",\"duration\":6006.045000000013,\"time_run\":213043.19999998808,\"time_render\":213032.196,\"time_show\":213048.879,\"time_end\":219038.241,\"time_commit\":219040.69999998808,\"timestamp\":\"2021-06-02T19:49:02.281Z\",\"time_switch\":219054.924},{\"sender\":\"root\",\"sender_type\":\"flow.Sequence\",\"sender_id\":null,\"ended_on\":\"completion\",\"duration\":218552.48,\"time_run\":456,\"time_render\":469.078,\"time_show\":485.761,\"time_end\":219038.241,\"time_commit\":219041,\"timestamp\":\"2021-06-02T19:49:02.281Z\",\"time_switch\":219054.924}]",
    "metadata": "{\"slice\":0,\"id\":\"6a59459d-dba7-43e2-8444-eb6529f010fc\",\"payload\":\"full\"}",
    "url": "https://exp01.zih.tu-dresden.de/experiments/spot_a_word_task/"
}