{
    "data": "[{\"url\":{},\"meta\":{\"labjs_version\":\"20.1.1\",\"labjs_build\":{\"flavor\":\"production\",\"commit\":\"cd5695f774968f50499757c1423bd95d033ea08e\"},\"location\":\"https://exp02.zih.tu-dresden.de/experiments/raven_task/\",\"userAgent\":\"Mozilla/5.0 (Windows NT 10.0; Win64; x64; rv:94.0) Gecko/20100101 Firefox/94.0\",\"platform\":\"Win32\",\"language\":\"de-DE\",\"locale\":\"de-DE\",\"timeZone\":\"Europe/Berlin\",\"timezoneOffset\":-60,\"screen_width\":1280,\"screen_height\":1024,\"scroll_width\":1280,\"scroll_height\":781,\"window_innerWidth\":1280,\"window_innerHeight\":829,\"devicePixelRatio\":1},\"sender\":\"welcome\",\"sender_type\":\"canvas.Screen\",\"sender_id\":\"0\",\"ended_on\":\"timeout\",\"duration\":7995.7800000000025,\"time_run\":22905,\"time_render\":22906.64,\"time_show\":22923.3,\"time_end\":30902.54,\"time_commit\":30905,\"timestamp\":\"2021-11-18T09:26:05.054Z\",\"time_switch\":30919.08},{\"sender\":\"instructions\",\"sender_type\":\"html.Page\",\"sender_id\":\"1\",\"response\":\"Space\",\"response_action\":\"keypress(Space)\",\"ended_on\":\"response\",\"duration\":13046.919999999998,\"time_run\":30907,\"time_render\":30902.54,\"time_show\":30919.08,\"time_end\":43966,\"time_commit\":43982,\"timestamp\":\"2021-11-18T09:26:18.130Z\",\"time_switch\":43995.46},{\"sender\":\"example1\",\"sender_type\":\"canvas.Screen\",\"sender_id\":\"2\",\"response\":\"8\",\"response_action\":\"click(0) @8\",\"correctResponse\":\"8\",\"correct\":true,\"ended_on\":\"response\",\"duration\":5813.540000000001,\"time_run\":43983,\"time_render\":43982.66,\"time_show\":43995.46,\"time_end\":49809,\"time_commit\":49828,\"timestamp\":\"2021-11-18T09:26:23.977Z\",\"time_switch\":49858.8},{\"sender\":\"example1_feedback\",\"sender_type\":\"canvas.Screen\",\"sender_id\":\"3\",\"response\":\"space\",\"response_action\":\"keypress(Space)\",\"ended_on\":\"response\",\"duration\":2184.199999999997,\"time_run\":49834,\"time_render\":49842.14,\"time_show\":49858.8,\"time_end\":52043,\"time_commit\":52062,\"timestamp\":\"2021-11-18T09:26:26.211Z\",\"time_switch\":52090.96},{\"sender\":\"example2\",\"sender_type\":\"canvas.Screen\",\"sender_id\":\"4\",\"response\":\"4\",\"response_action\":\"click(0) @4\",\"correctResponse\":\"4\",\"correct\":true,\"ended_on\":\"response\",\"duration\":9468.04,\"time_run\":52062,\"time_render\":52062.58,\"time_show\":52090.96,\"time_end\":61559,\"time_commit\":61572,\"timestamp\":\"2021-11-18T09:26:35.721Z\",\"time_switch\":61602.48},{\"sender\":\"example2_feedback\",\"sender_type\":\"canvas.Screen\",\"sender_id\":\"5\",\"response\":\"space\",\"response_action\":\"keypress(Space)\",\"ended_on\":\"response\",\"duration\":1925.5199999999968,\"time_run\":61576,\"time_render\":61586.2,\"time_show\":61602.48,\"time_end\":63528,\"time_commit\":63549,\"timestamp\":\"2021-11-18T09:26:37.698Z\",\"time_switch\":63551.5},{\"sender\":\"get ready\",\"sender_type\":\"canvas.Screen\",\"sender_id\":\"6\",\"response\":\"Space\",\"response_action\":\"keypress(Space)\",\"ended_on\":\"response\",\"duration\":4914.5,\"time_run\":63549,\"time_render\":63549.52,\"time_show\":63551.5,\"time_end\":68466,\"time_commit\":68478,\"timestamp\":\"2021-11-18T09:26:42.626Z\",\"time_switch\":68515.42},{\"sender\":\"test01\",\"sender_type\":\"canvas.Screen\",\"sender_id\":\"7_0\",\"response\":\"8\",\"response_action\":\"click(0) @8\",\"correctResponse\":\"7\",\"correct\":false,\"ended_on\":\"response\",\"duration\":26043.58,\"time_run\":68480,\"time_render\":68479.9,\"time_show\":68515.42,\"time_end\":94559,\"time_commit\":94566,\"timestamp\":\"2021-11-18T09:27:08.715Z\",\"time_switch\":94584.7},{\"sender\":\"test02\",\"sender_type\":\"canvas.Screen\",\"sender_id\":\"7_1\",\"response\":\"3\",\"response_action\":\"click(0) @3\",\"correctResponse\":\"4\",\"correct\":false,\"ended_on\":\"response\",\"duration\":18661.300000000003,\"time_run\":94567,\"time_render\":94564.78,\"time_show\":94584.7,\"time_end\":113246,\"time_commit\":113263,\"timestamp\":\"2021-11-18T09:27:27.411Z\",\"time_switch\":113274.86},{\"sender\":\"test03\",\"sender_type\":\"canvas.Screen\",\"sender_id\":\"7_2\",\"response\":\"5\",\"response_action\":\"click(0) @5\",\"correctResponse\":\"6\",\"correct\":false,\"ended_on\":\"response\",\"duration\":39502.14,\"time_run\":113263,\"time_render\":113261.34,\"time_show\":113274.86,\"time_end\":152777,\"time_commit\":152785,\"timestamp\":\"2021-11-18T09:28:06.933Z\",\"time_switch\":152803.34},{\"sender\":\"test04\",\"sender_type\":\"canvas.Screen\",\"sender_id\":\"7_3\",\"response\":\"4\",\"response_action\":\"click(0) @4\",\"correctResponse\":\"2\",\"correct\":false,\"ended_on\":\"response\",\"duration\":17113.660000000003,\"time_run\":152785,\"time_render\":152783.42,\"time_show\":152803.34,\"time_end\":169917,\"time_commit\":169921,\"timestamp\":\"2021-11-18T09:28:24.069Z\",\"time_switch\":169944.2},{\"sender\":\"test05\",\"sender_type\":\"canvas.Screen\",\"sender_id\":\"7_4\",\"response\":\"4\",\"response_action\":\"click(0) @4\",\"correctResponse\":\"4\",\"correct\":true,\"ended_on\":\"response\",\"duration\":30206.79999999999,\"time_run\":169921,\"time_render\":169919.92,\"time_show\":169944.2,\"time_end\":200151,\"time_commit\":200162,\"timestamp\":\"2021-11-18T09:28:54.311Z\",\"time_switch\":200194.4},{\"sender\":\"test06\",\"sender_type\":\"canvas.Screen\",\"sender_id\":\"7_5\",\"response\":\"6\",\"response_action\":\"click(0) @6\",\"correctResponse\":\"7\",\"correct\":false,\"ended_on\":\"response\",\"duration\":18739.600000000006,\"time_run\":200163,\"time_render\":200161.62,\"time_show\":200194.4,\"time_end\":218934,\"time_commit\":218938,\"timestamp\":\"2021-11-18T09:29:13.087Z\",\"time_switch\":218967.7},{\"sender\":\"test07\",\"sender_type\":\"canvas.Screen\",\"sender_id\":\"7_6\",\"response\":\"5\",\"response_action\":\"click(0) @5\",\"correctResponse\":\"8\",\"correct\":false,\"ended_on\":\"response\",\"duration\":10075.299999999988,\"time_run\":218939,\"time_render\":218937.94,\"time_show\":218967.7,\"time_end\":229043,\"time_commit\":229051,\"timestamp\":\"2021-11-18T09:29:23.200Z\",\"time_switch\":229078.98},{\"sender\":\"test08\",\"sender_type\":\"canvas.Screen\",\"sender_id\":\"7_7\",\"response\":\"1\",\"response_action\":\"click(0) @1\",\"correctResponse\":\"7\",\"correct\":false,\"ended_on\":\"response\",\"duration\":6307.0199999999895,\"time_run\":229052,\"time_render\":229050.7,\"time_show\":229078.98,\"time_end\":235386,\"time_commit\":235395,\"timestamp\":\"2021-11-18T09:29:29.545Z\",\"time_switch\":235425.54},{\"sender\":\"test09\",\"sender_type\":\"canvas.Screen\",\"sender_id\":\"7_8\",\"response\":\"6\",\"response_action\":\"click(0) @6\",\"correctResponse\":\"5\",\"correct\":false,\"ended_on\":\"response\",\"duration\":7757.459999999992,\"time_run\":235396,\"time_render\":235395.06,\"time_show\":235425.54,\"time_end\":243183,\"time_commit\":243197,\"timestamp\":\"2021-11-18T09:29:37.345Z\",\"time_switch\":243221.16},{\"sender\":\"test10\",\"sender_type\":\"canvas.Screen\",\"sender_id\":\"7_9\",\"response\":\"4\",\"response_action\":\"click(0) @4\",\"correctResponse\":\"5\",\"correct\":false,\"ended_on\":\"response\",\"duration\":28008.839999999997,\"time_run\":243197,\"time_render\":243195.44,\"time_show\":243221.16,\"time_end\":271230,\"time_commit\":271245,\"timestamp\":\"2021-11-18T09:30:05.394Z\",\"time_switch\":271272.76},{\"sender\":\"test11\",\"sender_type\":\"canvas.Screen\",\"sender_id\":\"7_10\",\"response\":\"1\",\"response_action\":\"click(0) @1\",\"correctResponse\":\"4\",\"correct\":false,\"ended_on\":\"response\",\"duration\":7083.239999999991,\"time_run\":271245,\"time_render\":271244.64,\"time_show\":271272.76,\"time_end\":278356,\"time_commit\":278357,\"timestamp\":\"2021-11-18T09:30:12.506Z\",\"time_switch\":278385.72},{\"sender\":\"test12\",\"sender_type\":\"canvas.Screen\",\"sender_id\":\"7_11\",\"response\":\"8\",\"response_action\":\"click(0) @8\",\"correctResponse\":\"1\",\"correct\":false,\"ended_on\":\"response\",\"duration\":12938.280000000028,\"time_run\":278358,\"time_render\":278356.64,\"time_show\":278385.72,\"time_end\":291324,\"time_commit\":291326,\"timestamp\":\"2021-11-18T09:30:25.475Z\",\"time_switch\":291328.86},{\"sender\":\"tests (15min)\",\"sender_type\":\"flow.Sequence\",\"sender_id\":\"7\",\"ended_on\":\"completion\",\"duration\":222808.58000000002,\"time_run\":68480,\"time_render\":68479.9,\"time_show\":68515.42,\"time_end\":291324,\"time_commit\":291327,\"timestamp\":\"2021-11-18T09:30:25.476Z\",\"time_switch\":291328.86},{\"sender\":\"good bye\",\"sender_type\":\"canvas.Screen\",\"sender_id\":\"8\",\"ended_on\":\"timeout\",\"duration\":3997.7200000000303,\"time_run\":291327,\"time_render\":291325.26,\"time_show\":291328.86,\"time_end\":295309.9,\"time_commit\":295311,\"timestamp\":\"2021-11-18T09:30:29.459Z\",\"time_switch\":295326.58},{\"sender\":\"root\",\"sender_type\":\"flow.Sequence\",\"sender_id\":null,\"ended_on\":\"completion\",\"duration\":272386.60000000003,\"time_run\":22905,\"time_render\":22906.64,\"time_show\":22923.3,\"time_end\":295309.9,\"time_commit\":295311,\"timestamp\":\"2021-11-18T09:30:29.460Z\",\"time_switch\":295326.58}]",
    "metadata": "{\"slice\":0,\"id\":\"931c3f8c-c861-49cb-a240-1e677fa30bd6\",\"payload\":\"full\"}",
    "url": "https://exp02.zih.tu-dresden.de/experiments/raven_task/"
}