{
    "data": "[{\"url\":{},\"meta\":{\"labjs_version\":\"20.1.1\",\"labjs_build\":{\"flavor\":\"production\",\"commit\":\"cd5695f774968f50499757c1423bd95d033ea08e\"},\"location\":\"https://exp02.zih.tu-dresden.de/experiments/spot_a_word_task/\",\"userAgent\":\"Mozilla/5.0 (Windows NT 10.0; Win64; x64; rv:94.0) Gecko/20100101 Firefox/94.0\",\"platform\":\"Win32\",\"language\":\"de-DE\",\"locale\":\"de-DE\",\"timeZone\":\"Europe/Berlin\",\"timezoneOffset\":-60,\"screen_width\":1280,\"screen_height\":1024,\"scroll_width\":1280,\"scroll_height\":781,\"window_innerWidth\":1280,\"window_innerHeight\":829,\"devicePixelRatio\":1},\"sender\":\"start_html\",\"sender_type\":\"html.Screen\",\"sender_id\":\"0\",\"ended_on\":\"timeout\",\"duration\":5996.88,\"time_run\":956,\"time_render\":968.98,\"time_show\":1068.96,\"time_end\":7049.18,\"time_commit\":7050,\"timestamp\":\"2021-11-18T09:16:04.759Z\",\"time_switch\":7065.84},{\"sender\":\"manual_html\",\"sender_type\":\"html.Screen\",\"sender_id\":\"1\",\"response\":\"space\",\"response_action\":\"keypress(Space)\",\"ended_on\":\"response\",\"duration\":17604.16,\"time_run\":7050,\"time_render\":7049.18,\"time_show\":7065.84,\"time_end\":24670,\"time_commit\":24683,\"timestamp\":\"2021-11-18T09:16:22.392Z\",\"time_switch\":24694.2},{\"sender\":\"example1_screen\",\"sender_type\":\"canvas.Screen\",\"sender_id\":\"2\",\"response\":\"4\",\"response_action\":\"keypress(4)\",\"correctResponse\":\"4\",\"correct\":true,\"ended_on\":\"response\",\"duration\":3115.7999999999993,\"time_run\":24693,\"time_render\":24693.76,\"time_show\":24694.2,\"time_end\":27810,\"time_commit\":27819,\"timestamp\":\"2021-11-18T09:16:25.527Z\",\"time_switch\":27824.62},{\"sender\":\"example1_feedback\",\"sender_type\":\"canvas.Screen\",\"sender_id\":\"3\",\"response\":\"Space\",\"response_action\":\"keypress(Space)\",\"ended_on\":\"response\",\"duration\":14345.380000000001,\"time_run\":27824,\"time_render\":27824.1,\"time_show\":27824.62,\"time_end\":42170,\"time_commit\":42186,\"timestamp\":\"2021-11-18T09:16:39.895Z\",\"time_switch\":42196.86},{\"sender\":\"example2_screen\",\"sender_type\":\"canvas.Screen\",\"sender_id\":\"4\",\"response\":\"5\",\"response_action\":\"keypress(5)\",\"correctResponse\":\"5\",\"correct\":true,\"ended_on\":\"response\",\"duration\":2316.1399999999994,\"time_run\":42193,\"time_render\":42192.8,\"time_show\":42196.86,\"time_end\":44513,\"time_commit\":44523,\"timestamp\":\"2021-11-18T09:16:42.231Z\",\"time_switch\":44532.28},{\"sender\":\"example2_feedback\",\"sender_type\":\"canvas.Screen\",\"sender_id\":\"5\",\"response\":\"Space\",\"response_action\":\"keypress(Space)\",\"ended_on\":\"response\",\"duration\":1949.7200000000012,\"time_run\":44532,\"time_render\":44532.02,\"time_show\":44532.28,\"time_end\":46482,\"time_commit\":46490,\"timestamp\":\"2021-11-18T09:16:44.198Z\",\"time_switch\":46495.78},{\"sender\":\"example3_screen\",\"sender_type\":\"canvas.Screen\",\"sender_id\":\"6\",\"response\":\"1\",\"response_action\":\"keypress(1)\",\"correctResponse\":\"1\",\"correct\":true,\"ended_on\":\"response\",\"duration\":1924.2200000000012,\"time_run\":46495,\"time_render\":46495.52,\"time_show\":46495.78,\"time_end\":48420,\"time_commit\":48426,\"timestamp\":\"2021-11-18T09:16:46.134Z\",\"time_switch\":48431},{\"sender\":\"example3_feedback\",\"sender_type\":\"canvas.Screen\",\"sender_id\":\"7\",\"response\":\"Space\",\"response_action\":\"keypress(Space)\",\"ended_on\":\"response\",\"duration\":989,\"time_run\":48431,\"time_render\":48430.68,\"time_show\":48431,\"time_end\":49420,\"time_commit\":49434,\"timestamp\":\"2021-11-18T09:16:47.142Z\",\"time_switch\":49434.62},{\"sender\":\"get_ready_html\",\"sender_type\":\"html.Screen\",\"sender_id\":\"8\",\"response\":\"space\",\"response_action\":\"keypress(Space)\",\"ended_on\":\"response\",\"duration\":4235.379999999997,\"time_run\":49434,\"time_render\":49434.4,\"time_show\":49434.62,\"time_end\":53670,\"time_commit\":53690,\"timestamp\":\"2021-11-18T09:16:51.398Z\",\"time_switch\":53745.48},{\"sender\":\"trial_screen\",\"sender_type\":\"canvas.Screen\",\"sender_id\":\"9_0\",\"correct\":true,\"trial_ID\":1,\"word1\":\"siziol\",\"word2\":\"salzahl\",\"word3\":\"sozihl\",\"word4\":\"sziam\",\"word5\":\"sozial\",\"response\":\"5\",\"response_action\":\"keypress(5)\",\"correctResponse\":\"5\",\"ended_on\":\"response\",\"duration\":2471.519999999997,\"time_run\":53745,\"time_render\":53745.14,\"time_show\":53745.48,\"time_end\":56217,\"time_commit\":56233,\"timestamp\":\"2021-11-18T09:16:53.942Z\",\"time_switch\":56240.04},{\"sender\":\"trial_screen\",\"sender_type\":\"canvas.Screen\",\"sender_id\":\"9_1\",\"correct\":true,\"trial_ID\":2,\"word1\":\"Lamone\",\"word2\":\"Talane\",\"word3\":\"Matrone\",\"word4\":\"Tarone\",\"word5\":\"Malonte\",\"response\":\"3\",\"response_action\":\"keypress(3)\",\"correctResponse\":\"3\",\"ended_on\":\"response\",\"duration\":3522.959999999999,\"time_run\":56240,\"time_render\":56239.8,\"time_show\":56240.04,\"time_end\":59763,\"time_commit\":59785,\"timestamp\":\"2021-11-18T09:16:57.494Z\",\"time_switch\":59790.54},{\"sender\":\"trial_screen\",\"sender_type\":\"canvas.Screen\",\"sender_id\":\"9_2\",\"correct\":true,\"trial_ID\":3,\"word1\":\"kurinesisch\",\"word2\":\"kulinarisch\",\"word3\":\"kumenisch\",\"word4\":\"kulissarisch\",\"word5\":\"kannastrisch\",\"response\":\"2\",\"response_action\":\"keypress(2)\",\"correctResponse\":\"2\",\"ended_on\":\"response\",\"duration\":2582.459999999999,\"time_run\":59790,\"time_render\":59790.1,\"time_show\":59790.54,\"time_end\":62373,\"time_commit\":62394,\"timestamp\":\"2021-11-18T09:17:00.101Z\",\"time_switch\":62398.96},{\"sender\":\"trial_screen\",\"sender_type\":\"canvas.Screen\",\"sender_id\":\"9_3\",\"correct\":true,\"trial_ID\":4,\"word1\":\"Tinxur\",\"word2\":\"Kukutur\",\"word3\":\"Fraktan\",\"word4\":\"Tinktur\",\"word5\":\"Rimsuhr\",\"response\":\"4\",\"response_action\":\"keypress(4)\",\"correctResponse\":\"4\",\"ended_on\":\"response\",\"duration\":3333.040000000001,\"time_run\":62399,\"time_render\":62398.44,\"time_show\":62398.96,\"time_end\":65732,\"time_commit\":65737,\"timestamp\":\"2021-11-18T09:17:03.445Z\",\"time_switch\":65743.82},{\"sender\":\"trial_screen\",\"sender_type\":\"canvas.Screen\",\"sender_id\":\"9_4\",\"correct\":true,\"trial_ID\":5,\"word1\":\"beralen\",\"word2\":\"ger\u00e4ltet\",\"word3\":\"an\u00e4lteren\",\"word4\":\"unt\u00e4ren\",\"word5\":\"verbr\u00e4men\",\"response\":\"5\",\"response_action\":\"keypress(5)\",\"correctResponse\":\"5\",\"ended_on\":\"response\",\"duration\":4926.179999999993,\"time_run\":65743,\"time_render\":65743.06,\"time_show\":65743.82,\"time_end\":70670,\"time_commit\":70681,\"timestamp\":\"2021-11-18T09:17:08.389Z\",\"time_switch\":70687.14},{\"sender\":\"trial_screen\",\"sender_type\":\"canvas.Screen\",\"sender_id\":\"9_5\",\"correct\":true,\"trial_ID\":6,\"word1\":\"Rosto\",\"word2\":\"Torso\",\"word3\":\"Soro\",\"word4\":\"Torgos\",\"word5\":\"Tosor\",\"response\":\"2\",\"response_action\":\"keypress(2)\",\"correctResponse\":\"2\",\"ended_on\":\"response\",\"duration\":3013.8600000000006,\"time_run\":70686,\"time_render\":70686.46,\"time_show\":70687.14,\"time_end\":73701,\"time_commit\":73705,\"timestamp\":\"2021-11-18T09:17:11.414Z\",\"time_switch\":73713.2},{\"sender\":\"trial_screen\",\"sender_type\":\"canvas.Screen\",\"sender_id\":\"9_6\",\"correct\":true,\"trial_ID\":7,\"word1\":\"Redor\",\"word2\":\"Radium\",\"word3\":\"Terion\",\"word4\":\"Dramin\",\"word5\":\"Orakium\",\"response\":\"2\",\"response_action\":\"keypress(2)\",\"correctResponse\":\"2\",\"ended_on\":\"response\",\"duration\":2487.800000000003,\"time_run\":73710,\"time_render\":73709.6,\"time_show\":73713.2,\"time_end\":76201,\"time_commit\":76216,\"timestamp\":\"2021-11-18T09:17:13.925Z\",\"time_switch\":76221.08},{\"sender\":\"trial_screen\",\"sender_type\":\"canvas.Screen\",\"sender_id\":\"9_7\",\"correct\":true,\"trial_ID\":8,\"word1\":\"Nale\",\"word2\":\"Sahe\",\"word3\":\"Nase\",\"word4\":\"Nesa\",\"word5\":\"Sehna\",\"response\":\"3\",\"response_action\":\"keypress(3)\",\"correctResponse\":\"3\",\"ended_on\":\"response\",\"duration\":3948.9199999999983,\"time_run\":76221,\"time_render\":76220.58,\"time_show\":76221.08,\"time_end\":80170,\"time_commit\":80185,\"timestamp\":\"2021-11-18T09:17:17.894Z\",\"time_switch\":80189.52},{\"sender\":\"trial_screen\",\"sender_type\":\"canvas.Screen\",\"sender_id\":\"9_8\",\"correct\":true,\"trial_ID\":9,\"word1\":\"Rilkiase\",\"word2\":\"Kilister\",\"word3\":\"Riliker\",\"word4\":\"Klistier\",\"word5\":\"Linkure\",\"response\":\"4\",\"response_action\":\"keypress(4)\",\"correctResponse\":\"4\",\"ended_on\":\"response\",\"duration\":3401.479999999996,\"time_run\":80189,\"time_render\":80189.28,\"time_show\":80189.52,\"time_end\":83591,\"time_commit\":83609,\"timestamp\":\"2021-11-18T09:17:21.318Z\",\"time_switch\":83613.54},{\"sender\":\"trial_screen\",\"sender_type\":\"canvas.Screen\",\"sender_id\":\"9_9\",\"correct\":true,\"trial_ID\":10,\"word1\":\"kentern\",\"word2\":\"knerte\",\"word3\":\"kanzen\",\"word4\":\"kretern\",\"word5\":\"trekern\",\"response\":\"1\",\"response_action\":\"keypress(1)\",\"correctResponse\":\"1\",\"ended_on\":\"response\",\"duration\":3119.4600000000064,\"time_run\":83613,\"time_render\":83613.26,\"time_show\":83613.54,\"time_end\":86733,\"time_commit\":86744,\"timestamp\":\"2021-11-18T09:17:24.453Z\",\"time_switch\":86748.96},{\"sender\":\"trial_screen\",\"sender_type\":\"canvas.Screen\",\"sender_id\":\"9_10\",\"correct\":true,\"trial_ID\":11,\"word1\":\"Sorekin\",\"word2\":\"Sarowin\",\"word3\":\"Rosakin\",\"word4\":\"Narosin\",\"word5\":\"Kerosin\",\"response\":\"5\",\"response_action\":\"keypress(5)\",\"correctResponse\":\"5\",\"ended_on\":\"response\",\"duration\":3358.0399999999936,\"time_run\":86748,\"time_render\":86748.38,\"time_show\":86748.96,\"time_end\":90107,\"time_commit\":90120,\"timestamp\":\"2021-11-18T09:17:27.828Z\",\"time_switch\":90125.24},{\"sender\":\"trial_screen\",\"sender_type\":\"canvas.Screen\",\"sender_id\":\"9_11\",\"correct\":true,\"trial_ID\":12,\"word1\":\"Ralke\",\"word2\":\"Korre\",\"word3\":\"Ruckse\",\"word4\":\"Recke\",\"word5\":\"Ulte\",\"response\":\"4\",\"response_action\":\"keypress(4)\",\"correctResponse\":\"4\",\"ended_on\":\"response\",\"duration\":2840.7599999999948,\"time_run\":90125,\"time_render\":90124.8,\"time_show\":90125.24,\"time_end\":92966,\"time_commit\":92985,\"timestamp\":\"2021-11-18T09:17:30.694Z\",\"time_switch\":93002.84},{\"sender\":\"trial_screen\",\"sender_type\":\"canvas.Screen\",\"sender_id\":\"9_12\",\"correct\":true,\"trial_ID\":13,\"word1\":\"Kapaun\",\"word2\":\"Paukan\",\"word3\":\"Naupack\",\"word4\":\"Aupeck\",\"word5\":\"Ankepran\",\"response\":\"1\",\"response_action\":\"keypress(1)\",\"correctResponse\":\"1\",\"ended_on\":\"response\",\"duration\":4620.1600000000035,\"time_run\":92996,\"time_render\":92996.02,\"time_show\":93002.84,\"time_end\":97623,\"time_commit\":97641,\"timestamp\":\"2021-11-18T09:17:35.350Z\",\"time_switch\":97652.46},{\"sender\":\"trial_screen\",\"sender_type\":\"canvas.Screen\",\"sender_id\":\"9_13\",\"correct\":true,\"trial_ID\":14,\"word1\":\"Dissonanz\",\"word2\":\"Diskrisanz\",\"word3\":\"Distranz\",\"word4\":\"Dinotanz\",\"word5\":\"Sidonenz\",\"response\":\"1\",\"response_action\":\"keypress(1)\",\"correctResponse\":\"1\",\"ended_on\":\"response\",\"duration\":5157.539999999994,\"time_run\":97652,\"time_render\":97652.28,\"time_show\":97652.46,\"time_end\":102810,\"time_commit\":102824,\"timestamp\":\"2021-11-18T09:17:40.533Z\",\"time_switch\":102830.66},{\"sender\":\"trial_screen\",\"sender_type\":\"canvas.Screen\",\"sender_id\":\"9_14\",\"correct\":true,\"trial_ID\":15,\"word1\":\"Kirse\",\"word2\":\"Sirke\",\"word3\":\"Krise\",\"word4\":\"Krospe\",\"word5\":\"Seris\",\"response\":\"3\",\"response_action\":\"keypress(3)\",\"correctResponse\":\"3\",\"ended_on\":\"response\",\"duration\":2526.3399999999965,\"time_run\":102830,\"time_render\":102830.28,\"time_show\":102830.66,\"time_end\":105357,\"time_commit\":105368,\"timestamp\":\"2021-11-18T09:17:43.077Z\",\"time_switch\":105375.28},{\"sender\":\"trial_screen\",\"sender_type\":\"canvas.Screen\",\"sender_id\":\"9_15\",\"correct\":true,\"trial_ID\":16,\"word1\":\"Tume\",\"word2\":\"Umat\",\"word3\":\"Maut\",\"word4\":\"Taum\",\"word5\":\"Muta\",\"response\":\"3\",\"response_action\":\"keypress(3)\",\"correctResponse\":\"3\",\"ended_on\":\"response\",\"duration\":2122.720000000001,\"time_run\":105375,\"time_render\":105374.74,\"time_show\":105375.28,\"time_end\":107498,\"time_commit\":107512,\"timestamp\":\"2021-11-18T09:17:45.220Z\",\"time_switch\":107517.78},{\"sender\":\"trial_screen\",\"sender_type\":\"canvas.Screen\",\"sender_id\":\"9_16\",\"correct\":true,\"trial_ID\":17,\"word1\":\"Tuhl\",\"word2\":\"Lar\",\"word3\":\"Lest\",\"word4\":\"Dall\",\"word5\":\"Lid\",\"response\":\"5\",\"response_action\":\"keypress(5)\",\"correctResponse\":\"5\",\"ended_on\":\"response\",\"duration\":4261.220000000001,\"time_run\":107518,\"time_render\":107517.52,\"time_show\":107517.78,\"time_end\":111779,\"time_commit\":111784,\"timestamp\":\"2021-11-18T09:17:49.493Z\",\"time_switch\":111792.64},{\"sender\":\"trial_screen\",\"sender_type\":\"canvas.Screen\",\"sender_id\":\"9_17\",\"correct\":true,\"trial_ID\":18,\"word1\":\"Adept\",\"word2\":\"Padet\",\"word3\":\"Edapt\",\"word4\":\"Epatt\",\"word5\":\"Taped\",\"response\":\"1\",\"response_action\":\"keypress(1)\",\"correctResponse\":\"1\",\"ended_on\":\"response\",\"duration\":2892.3600000000006,\"time_run\":111789,\"time_render\":111789.62,\"time_show\":111792.64,\"time_end\":114685,\"time_commit\":114695,\"timestamp\":\"2021-11-18T09:17:52.404Z\",\"time_switch\":114700.78},{\"sender\":\"trial_screen\",\"sender_type\":\"canvas.Screen\",\"sender_id\":\"9_18\",\"correct\":true,\"trial_ID\":19,\"word1\":\"Spirine\",\"word2\":\"Saprin\",\"word3\":\"Parsin\",\"word4\":\"Purin\",\"word5\":\"Asprint\",\"response\":\"4\",\"response_action\":\"keypress(4)\",\"correctResponse\":\"4\",\"ended_on\":\"response\",\"duration\":7078.220000000001,\"time_run\":114701,\"time_render\":114700.1,\"time_show\":114700.78,\"time_end\":121779,\"time_commit\":121783,\"timestamp\":\"2021-11-18T09:17:59.491Z\",\"time_switch\":121788.7},{\"sender\":\"trial_screen\",\"sender_type\":\"canvas.Screen\",\"sender_id\":\"9_19\",\"correct\":false,\"trial_ID\":20,\"word1\":\"Kulon\",\"word2\":\"Solgun\",\"word3\":\"Koskan\",\"word4\":\"Soran\",\"word5\":\"Klonus\",\"response\":\"1\",\"response_action\":\"keypress(1)\",\"correctResponse\":\"5\",\"ended_on\":\"response\",\"duration\":5959.300000000003,\"time_run\":121788,\"time_render\":121788.36,\"time_show\":121788.7,\"time_end\":127748,\"time_commit\":127767,\"timestamp\":\"2021-11-18T09:18:05.476Z\",\"time_switch\":127772.02},{\"sender\":\"trial_screen\",\"sender_type\":\"canvas.Screen\",\"sender_id\":\"9_20\",\"correct\":false,\"trial_ID\":21,\"word1\":\"Tronke\",\"word2\":\"Nocktherm\",\"word3\":\"Teronk\",\"word4\":\"Komtur\",\"word5\":\"Rocktur\",\"response\":\"2\",\"response_action\":\"keypress(2)\",\"correctResponse\":\"4\",\"ended_on\":\"response\",\"duration\":6787.979999999996,\"time_run\":127772,\"time_render\":127771.66,\"time_show\":127772.02,\"time_end\":134560,\"time_commit\":134566,\"timestamp\":\"2021-11-18T09:18:12.275Z\",\"time_switch\":134573.22},{\"sender\":\"trial_screen\",\"sender_type\":\"canvas.Screen\",\"sender_id\":\"9_21\",\"correct\":true,\"trial_ID\":22,\"word1\":\"Ripat\",\"word2\":\"Patinatte\",\"word3\":\"Tapir\",\"word4\":\"Apitt\",\"word5\":\"Padir\",\"response\":\"3\",\"response_action\":\"keypress(3)\",\"correctResponse\":\"3\",\"ended_on\":\"response\",\"duration\":3236.779999999999,\"time_run\":134573,\"time_render\":134572.9,\"time_show\":134573.22,\"time_end\":137810,\"time_commit\":137831,\"timestamp\":\"2021-11-18T09:18:15.540Z\",\"time_switch\":137838.72},{\"sender\":\"trial_screen\",\"sender_type\":\"canvas.Screen\",\"sender_id\":\"9_22\",\"correct\":true,\"trial_ID\":23,\"word1\":\"Akifer\",\"word2\":\"Fiaker\",\"word3\":\"Kiaffa\",\"word4\":\"Sariffer\",\"word5\":\"Refisker\",\"response\":\"2\",\"response_action\":\"keypress(2)\",\"correctResponse\":\"2\",\"ended_on\":\"response\",\"duration\":2221.279999999999,\"time_run\":137838,\"time_render\":137838,\"time_show\":137838.72,\"time_end\":140060,\"time_commit\":140070,\"timestamp\":\"2021-11-18T09:18:17.779Z\",\"time_switch\":140076.7},{\"sender\":\"trial_screen\",\"sender_type\":\"canvas.Screen\",\"sender_id\":\"9_23\",\"correct\":true,\"trial_ID\":24,\"word1\":\"Kleiber\",\"word2\":\"Beikel\",\"word3\":\"Keibel\",\"word4\":\"Reikler\",\"word5\":\"Biekerl\",\"response\":\"1\",\"response_action\":\"keypress(1)\",\"correctResponse\":\"1\",\"ended_on\":\"response\",\"duration\":2327.2999999999884,\"time_run\":140076,\"time_render\":140076.12,\"time_show\":140076.7,\"time_end\":142404,\"time_commit\":142423,\"timestamp\":\"2021-11-18T09:18:20.131Z\",\"time_switch\":142428.66},{\"sender\":\"trial_screen\",\"sender_type\":\"canvas.Screen\",\"sender_id\":\"9_24\",\"correct\":true,\"trial_ID\":25,\"word1\":\"Ig\u00e4de\",\"word2\":\"D\u00e4gie\",\"word3\":\"\u00c4gide\",\"word4\":\"Dig\u00e4de\",\"word5\":\"Giad\",\"response\":\"3\",\"response_action\":\"keypress(3)\",\"correctResponse\":\"3\",\"ended_on\":\"response\",\"duration\":2553.3399999999965,\"time_run\":142429,\"time_render\":142428.14,\"time_show\":142428.66,\"time_end\":144982,\"time_commit\":144998,\"timestamp\":\"2021-11-18T09:18:22.706Z\",\"time_switch\":145003.68},{\"sender\":\"trial_screen\",\"sender_type\":\"canvas.Screen\",\"sender_id\":\"9_25\",\"correct\":true,\"trial_ID\":26,\"word1\":\"Rixal\",\"word2\":\"Irtax\",\"word3\":\"Rackizie\",\"word4\":\"Matrix\",\"word5\":\"Atrige\",\"response\":\"4\",\"response_action\":\"keypress(4)\",\"correctResponse\":\"4\",\"ended_on\":\"response\",\"duration\":2556.320000000007,\"time_run\":145003,\"time_render\":145003.08,\"time_show\":145003.68,\"time_end\":147560,\"time_commit\":147574,\"timestamp\":\"2021-11-18T09:18:25.283Z\",\"time_switch\":147578.44},{\"sender\":\"trial_screen\",\"sender_type\":\"canvas.Screen\",\"sender_id\":\"9_26\",\"correct\":false,\"trial_ID\":27,\"word1\":\"Haskisch\",\"word2\":\"Asmisch\",\"word3\":\"Schisma\",\"word4\":\"Rasthmie\",\"word5\":\"Ilschah\",\"response\":\"4\",\"response_action\":\"keypress(4)\",\"correctResponse\":\"3\",\"ended_on\":\"response\",\"duration\":7184.559999999998,\"time_run\":147578,\"time_render\":147578,\"time_show\":147578.44,\"time_end\":154763,\"time_commit\":154776,\"timestamp\":\"2021-11-18T09:18:32.483Z\",\"time_switch\":154785.88},{\"sender\":\"trial_screen\",\"sender_type\":\"canvas.Screen\",\"sender_id\":\"9_27\",\"correct\":true,\"trial_ID\":28,\"word1\":\"Sallose\",\"word2\":\"Lordose\",\"word3\":\"Dormase\",\"word4\":\"Rollase\",\"word5\":\"Ardierole\",\"response\":\"2\",\"response_action\":\"keypress(2)\",\"correctResponse\":\"2\",\"ended_on\":\"response\",\"duration\":7993.119999999995,\"time_run\":154786,\"time_render\":154785.58,\"time_show\":154785.88,\"time_end\":162779,\"time_commit\":162790,\"timestamp\":\"2021-11-18T09:18:40.499Z\",\"time_switch\":162798.62},{\"sender\":\"trial_screen\",\"sender_type\":\"canvas.Screen\",\"sender_id\":\"9_28\",\"correct\":false,\"trial_ID\":29,\"word1\":\"Intranotion\",\"word2\":\"Infranatura\",\"word3\":\"Internodium\",\"word4\":\"Indotalie\",\"word5\":\"Indosta\",\"response\":\"2\",\"response_action\":\"keypress(2)\",\"correctResponse\":\"3\",\"ended_on\":\"response\",\"duration\":8636.380000000005,\"time_run\":162797,\"time_render\":162796.44,\"time_show\":162798.62,\"time_end\":171435,\"time_commit\":171446,\"timestamp\":\"2021-11-18T09:18:49.154Z\",\"time_switch\":171453.8},{\"sender\":\"trial_screen\",\"sender_type\":\"canvas.Screen\",\"sender_id\":\"9_29\",\"correct\":false,\"trial_ID\":30,\"word1\":\"Idaste\",\"word2\":\"Dastrix\",\"word3\":\"Astike\",\"word4\":\"Sadile\",\"word5\":\"Kasside\",\"response\":\"2\",\"response_action\":\"keypress(2)\",\"correctResponse\":\"5\",\"ended_on\":\"response\",\"duration\":5528.200000000012,\"time_run\":171453,\"time_render\":171453.42,\"time_show\":171453.8,\"time_end\":176982,\"time_commit\":176997,\"timestamp\":\"2021-11-18T09:18:54.706Z\",\"time_switch\":177007.48},{\"sender\":\"trial_screen\",\"sender_type\":\"canvas.Screen\",\"sender_id\":\"9_30\",\"correct\":false,\"trial_ID\":31,\"word1\":\"Libration\",\"word2\":\"Bilation\",\"word3\":\"Arlation\",\"word4\":\"Iberation\",\"word5\":\"Tiradon\",\"response\":\"4\",\"response_action\":\"keypress(4)\",\"correctResponse\":\"1\",\"ended_on\":\"response\",\"duration\":7115.5199999999895,\"time_run\":177003,\"time_render\":177003.46,\"time_show\":177007.48,\"time_end\":184123,\"time_commit\":184133,\"timestamp\":\"2021-11-18T09:19:01.841Z\",\"time_switch\":184139.62},{\"sender\":\"trial_screen\",\"sender_type\":\"canvas.Screen\",\"sender_id\":\"9_31\",\"correct\":false,\"trial_ID\":32,\"word1\":\"Pucker\",\"word2\":\"Keuper\",\"word3\":\"Eucker\",\"word4\":\"Reuspeck\",\"word5\":\"Urkane\",\"response\":\"4\",\"response_action\":\"keypress(4)\",\"correctResponse\":\"2\",\"ended_on\":\"response\",\"duration\":3108.3800000000047,\"time_run\":184139,\"time_render\":184138.78,\"time_show\":184139.62,\"time_end\":187248,\"time_commit\":187269,\"timestamp\":\"2021-11-18T09:19:04.978Z\",\"time_switch\":187274.84},{\"sender\":\"trial_screen\",\"sender_type\":\"canvas.Screen\",\"sender_id\":\"9_32\",\"correct\":true,\"trial_ID\":33,\"word1\":\"Sickaber\",\"word2\":\"Bassiker\",\"word3\":\"Kassiber\",\"word4\":\"Sassiker\",\"word5\":\"Askiber\",\"response\":\"3\",\"response_action\":\"keypress(3)\",\"correctResponse\":\"3\",\"ended_on\":\"response\",\"duration\":2957.1600000000035,\"time_run\":187274,\"time_render\":187274.34,\"time_show\":187274.84,\"time_end\":190232,\"time_commit\":190245,\"timestamp\":\"2021-11-18T09:19:07.954Z\",\"time_switch\":190250.78},{\"sender\":\"trial_screen\",\"sender_type\":\"canvas.Screen\",\"sender_id\":\"9_33\",\"correct\":false,\"trial_ID\":34,\"word1\":\"Alquallon\",\"word2\":\"Lisqualien\",\"word3\":\"Talquallen\",\"word4\":\"Quisquilien\",\"word5\":\"Rielquellen\",\"response\":\"3\",\"response_action\":\"keypress(3)\",\"correctResponse\":\"4\",\"ended_on\":\"response\",\"duration\":4778.220000000001,\"time_run\":190250,\"time_render\":190250.52,\"time_show\":190250.78,\"time_end\":195029,\"time_commit\":195045,\"timestamp\":\"2021-11-18T09:19:12.753Z\",\"time_switch\":195050.18},{\"sender\":\"trial_screen\",\"sender_type\":\"canvas.Screen\",\"sender_id\":\"9_34\",\"correct\":false,\"trial_ID\":35,\"word1\":\"Berkiza\",\"word2\":\"Brekzie\",\"word3\":\"Birakzie\",\"word4\":\"Brikazie\",\"word5\":\"Bakiria\",\"response\":\"5\",\"response_action\":\"keypress(5)\",\"correctResponse\":\"2\",\"ended_on\":\"response\",\"duration\":4275.820000000007,\"time_run\":195050,\"time_render\":195049.92,\"time_show\":195050.18,\"time_end\":199326,\"time_commit\":199332,\"timestamp\":\"2021-11-18T09:19:17.041Z\",\"time_switch\":199333.88},{\"sender\":\"loop_trial\",\"sender_type\":\"flow.Loop\",\"sender_id\":\"9\",\"ended_on\":\"completion\",\"duration\":145580.52,\"time_run\":53738,\"time_render\":53745.14,\"time_show\":53745.48,\"time_end\":199326,\"time_commit\":199333,\"timestamp\":\"2021-11-18T09:19:17.042Z\",\"time_switch\":199333.88},{\"sender\":\"end_html\",\"sender_type\":\"html.Screen\",\"sender_id\":\"10\",\"ended_on\":\"timeout\",\"duration\":5991.820000000007,\"time_run\":199333,\"time_render\":199333.46,\"time_show\":199333.88,\"time_end\":205309.04,\"time_commit\":205310,\"timestamp\":\"2021-11-18T09:19:23.019Z\",\"time_switch\":205325.7},{\"sender\":\"root\",\"sender_type\":\"flow.Sequence\",\"sender_id\":null,\"ended_on\":\"completion\",\"duration\":204240.08000000002,\"time_run\":954,\"time_render\":968.98,\"time_show\":1068.96,\"time_end\":205309.04,\"time_commit\":205311,\"timestamp\":\"2021-11-18T09:19:23.019Z\",\"time_switch\":205325.7}]",
    "metadata": "{\"slice\":0,\"id\":\"26bdfb0c-7f3b-4bb2-a403-8770e020960b\",\"payload\":\"full\"}",
    "url": "https://exp02.zih.tu-dresden.de/experiments/spot_a_word_task/"
}