{
    "data": "[{\"url\":{},\"meta\":{\"labjs_version\":\"20.1.1\",\"labjs_build\":{\"flavor\":\"production\",\"commit\":\"cd5695f774968f50499757c1423bd95d033ea08e\"},\"location\":\"https://exp02.zih.tu-dresden.de/experiments/raven_task/\",\"userAgent\":\"Mozilla/5.0 (Macintosh; Intel Mac OS X 10_13_6) AppleWebKit/537.36 (KHTML, like Gecko) Chrome/91.0.4472.114 Safari/537.36\",\"platform\":\"MacIntel\",\"language\":\"de-DE\",\"locale\":\"de\",\"timeZone\":\"Europe/Berlin\",\"timezoneOffset\":-120,\"screen_width\":1366,\"screen_height\":768,\"scroll_width\":1366,\"scroll_height\":641,\"window_innerWidth\":1366,\"window_innerHeight\":689,\"devicePixelRatio\":1},\"sender\":\"welcome\",\"sender_type\":\"canvas.Screen\",\"sender_id\":\"0\",\"response\":\"any\",\"response_action\":\"keypress\",\"ended_on\":\"response\",\"duration\":4439.484000000093,\"time_run\":4333.9000000003725,\"time_render\":4230.886,\"time_show\":4331.116,\"time_end\":8770.600000000093,\"time_commit\":8785.100000000093,\"timestamp\":\"2021-06-30T14:35:27.993Z\",\"time_switch\":8791.351},{\"sender\":\"instructions\",\"sender_type\":\"html.Page\",\"sender_id\":\"1\",\"response\":\"Space\",\"response_action\":\"keypress(Space)\",\"ended_on\":\"response\",\"duration\":56371.349000000184,\"time_run\":8785.80000000028,\"time_render\":8774.646,\"time_show\":8791.351,\"time_end\":65162.700000000186,\"time_commit\":65170.60000000009,\"timestamp\":\"2021-06-30T14:36:24.377Z\",\"time_switch\":65187.431},{\"sender\":\"example1\",\"sender_type\":\"canvas.Screen\",\"sender_id\":\"2\",\"response\":\"8\",\"response_action\":\"click(0) @8\",\"correctResponse\":\"8\",\"correct\":true,\"ended_on\":\"response\",\"duration\":9400.969000000376,\"time_run\":65171.30000000028,\"time_render\":65170.726,\"time_show\":65187.431,\"time_end\":74588.40000000037,\"time_commit\":74606.70000000019,\"timestamp\":\"2021-06-30T14:36:33.813Z\",\"time_switch\":74692.576},{\"sender\":\"example1_feedback\",\"sender_type\":\"canvas.Screen\",\"sender_id\":\"3\",\"response\":\"space\",\"response_action\":\"keypress(Space)\",\"ended_on\":\"response\",\"duration\":926.0240000000922,\"time_run\":74680.90000000037,\"time_render\":74675.871,\"time_show\":74692.576,\"time_end\":75618.6000000001,\"time_commit\":75623.30000000028,\"timestamp\":\"2021-06-30T14:36:34.829Z\",\"time_switch\":75641.749},{\"sender\":\"example2\",\"sender_type\":\"canvas.Screen\",\"sender_id\":\"4\",\"response\":\"4\",\"response_action\":\"click(0) @4\",\"correctResponse\":\"4\",\"correct\":true,\"ended_on\":\"response\",\"duration\":8466.95100000019,\"time_run\":75623.6000000001,\"time_render\":75608.339,\"time_show\":75641.749,\"time_end\":84108.70000000019,\"time_commit\":84111.70000000019,\"timestamp\":\"2021-06-30T14:36:43.317Z\",\"time_switch\":84194.709},{\"sender\":\"example2_feedback\",\"sender_type\":\"canvas.Screen\",\"sender_id\":\"5\",\"response\":\"space\",\"response_action\":\"keypress(Space)\",\"ended_on\":\"response\",\"duration\":887.8910000005562,\"time_run\":84187.40000000037,\"time_render\":84178.004,\"time_show\":84194.709,\"time_end\":85082.60000000056,\"time_commit\":85087,\"timestamp\":\"2021-06-30T14:36:44.293Z\",\"time_switch\":85098.886},{\"sender\":\"get ready\",\"sender_type\":\"canvas.Screen\",\"sender_id\":\"6\",\"response\":\"Space\",\"response_action\":\"keypress(Space)\",\"ended_on\":\"response\",\"duration\":43247.71400000056,\"time_run\":85087.29999999981,\"time_render\":85082.181,\"time_show\":85098.886,\"time_end\":128346.60000000056,\"time_commit\":128351.5,\"timestamp\":\"2021-06-30T14:37:27.556Z\",\"time_switch\":128381.541},{\"sender\":\"test01\",\"sender_type\":\"canvas.Screen\",\"sender_id\":\"7_0\",\"response\":\"3\",\"response_action\":\"click(0) @3\",\"correctResponse\":\"7\",\"correct\":false,\"ended_on\":\"response\",\"duration\":24627.258999999816,\"time_run\":128351.79999999981,\"time_render\":128348.131,\"time_show\":128381.541,\"time_end\":153008.7999999998,\"time_commit\":153012,\"timestamp\":\"2021-06-30T14:37:52.216Z\",\"time_switch\":153038.121},{\"sender\":\"test02\",\"sender_type\":\"canvas.Screen\",\"sender_id\":\"7_1\",\"response\":\"3\",\"response_action\":\"click(0) @3\",\"correctResponse\":\"4\",\"correct\":false,\"ended_on\":\"response\",\"duration\":1904.479000000545,\"time_run\":153012.40000000037,\"time_render\":153004.711,\"time_show\":153038.121,\"time_end\":154942.60000000056,\"time_commit\":154945.60000000056,\"timestamp\":\"2021-06-30T14:37:54.150Z\",\"time_switch\":154987.472},{\"sender\":\"test03\",\"sender_type\":\"canvas.Screen\",\"sender_id\":\"7_2\",\"response\":\"3\",\"response_action\":\"click(0) @3\",\"correctResponse\":\"6\",\"correct\":false,\"ended_on\":\"response\",\"duration\":833.0279999999912,\"time_run\":154945.7999999998,\"time_render\":154937.357,\"time_show\":154987.472,\"time_end\":155820.5,\"time_commit\":155823.10000000056,\"timestamp\":\"2021-06-30T14:37:55.027Z\",\"time_switch\":155844.654},{\"sender\":\"test04\",\"sender_type\":\"canvas.Screen\",\"sender_id\":\"7_3\",\"response\":\"3\",\"response_action\":\"click(0) @3\",\"correctResponse\":\"2\",\"correct\":false,\"ended_on\":\"response\",\"duration\":313.6459999998042,\"time_run\":155823.40000000037,\"time_render\":155827.949,\"time_show\":155844.654,\"time_end\":156158.2999999998,\"time_commit\":156161.10000000056,\"timestamp\":\"2021-06-30T14:37:55.365Z\",\"time_switch\":156195.459},{\"sender\":\"test05\",\"sender_type\":\"canvas.Screen\",\"sender_id\":\"7_4\",\"response\":\"3\",\"response_action\":\"click(0) @3\",\"correctResponse\":\"4\",\"correct\":false,\"ended_on\":\"response\",\"duration\":386.64100000055623,\"time_run\":156161.7000000002,\"time_render\":156162.049,\"time_show\":156195.459,\"time_end\":156582.10000000056,\"time_commit\":156585.10000000056,\"timestamp\":\"2021-06-30T14:37:55.789Z\",\"time_switch\":156613.084},{\"sender\":\"test06\",\"sender_type\":\"canvas.Screen\",\"sender_id\":\"7_5\",\"response\":\"3\",\"response_action\":\"click(0) @3\",\"correctResponse\":\"7\",\"correct\":false,\"ended_on\":\"response\",\"duration\":161.71599999981117,\"time_run\":156585.5,\"time_render\":156579.674,\"time_show\":156613.084,\"time_end\":156774.7999999998,\"time_commit\":156777.90000000037,\"timestamp\":\"2021-06-30T14:37:55.982Z\",\"time_switch\":156813.544},{\"sender\":\"test07\",\"sender_type\":\"canvas.Screen\",\"sender_id\":\"7_6\",\"response\":\"3\",\"response_action\":\"click(0) @3\",\"correctResponse\":\"8\",\"correct\":false,\"ended_on\":\"response\",\"duration\":131.25599999981932,\"time_run\":156778.10000000056,\"time_render\":156763.429,\"time_show\":156813.544,\"time_end\":156944.7999999998,\"time_commit\":156947.7999999998,\"timestamp\":\"2021-06-30T14:37:56.152Z\",\"time_switch\":156980.594},{\"sender\":\"test08\",\"sender_type\":\"canvas.Screen\",\"sender_id\":\"7_7\",\"response\":\"3\",\"response_action\":\"click(0) @3\",\"correctResponse\":\"7\",\"correct\":false,\"ended_on\":\"response\",\"duration\":324.20599999980186,\"time_run\":156948.2000000002,\"time_render\":156947.184,\"time_show\":156980.594,\"time_end\":157304.7999999998,\"time_commit\":157307.90000000037,\"timestamp\":\"2021-06-30T14:37:56.512Z\",\"time_switch\":157348.104},{\"sender\":\"test09\",\"sender_type\":\"canvas.Screen\",\"sender_id\":\"7_8\",\"response\":\"3\",\"response_action\":\"click(0) @3\",\"correctResponse\":\"5\",\"correct\":false,\"ended_on\":\"response\",\"duration\":118.69599999982165,\"time_run\":157308,\"time_render\":157297.989,\"time_show\":157348.104,\"time_end\":157466.7999999998,\"time_commit\":157469.7000000002,\"timestamp\":\"2021-06-30T14:37:56.674Z\",\"time_switch\":157498.449},{\"sender\":\"test10\",\"sender_type\":\"canvas.Screen\",\"sender_id\":\"7_9\",\"response\":\"2\",\"response_action\":\"click(0) @2\",\"correctResponse\":\"5\",\"correct\":false,\"ended_on\":\"response\",\"duration\":642.3509999998205,\"time_run\":157470,\"time_render\":157465.039,\"time_show\":157498.449,\"time_end\":158140.7999999998,\"time_commit\":158143.60000000056,\"timestamp\":\"2021-06-30T14:37:57.348Z\",\"time_switch\":158183.354},{\"sender\":\"test11\",\"sender_type\":\"canvas.Screen\",\"sender_id\":\"7_10\",\"response\":\"6\",\"response_action\":\"click(0) @6\",\"correctResponse\":\"4\",\"correct\":false,\"ended_on\":\"response\",\"duration\":513.4459999998217,\"time_run\":158143.7999999998,\"time_render\":158133.239,\"time_show\":158183.354,\"time_end\":158696.7999999998,\"time_commit\":158699.7999999998,\"timestamp\":\"2021-06-30T14:37:57.904Z\",\"time_switch\":158734.619},{\"sender\":\"test12\",\"sender_type\":\"canvas.Screen\",\"sender_id\":\"7_11\",\"response\":\"7\",\"response_action\":\"click(0) @7\",\"correctResponse\":\"1\",\"correct\":false,\"ended_on\":\"response\",\"duration\":532.1809999998077,\"time_run\":158700,\"time_render\":158701.209,\"time_show\":158734.619,\"time_end\":159266.7999999998,\"time_commit\":159269.60000000056,\"timestamp\":\"2021-06-30T14:37:58.474Z\",\"time_switch\":159285.884},{\"sender\":\"tests (15min)\",\"sender_type\":\"flow.Sequence\",\"sender_id\":\"7\",\"ended_on\":\"completion\",\"duration\":30885.258999999816,\"time_run\":128351.70000000019,\"time_render\":128348.131,\"time_show\":128381.541,\"time_end\":159266.7999999998,\"time_commit\":159275,\"timestamp\":\"2021-06-30T14:37:58.479Z\",\"time_switch\":159285.884},{\"sender\":\"good bye\",\"sender_type\":\"canvas.Screen\",\"sender_id\":\"8\",\"ended_on\":\"timeout\",\"duration\":3992.4949999999953,\"time_run\":159275.2999999998,\"time_render\":159269.179,\"time_show\":159285.884,\"time_end\":163261.674,\"time_commit\":163264.90000000037,\"timestamp\":\"2021-06-30T14:38:02.469Z\",\"time_switch\":163278.379},{\"sender\":\"root\",\"sender_type\":\"flow.Sequence\",\"sender_id\":null,\"ended_on\":\"completion\",\"duration\":158930.558,\"time_run\":4333.5,\"time_render\":4230.886,\"time_show\":4331.116,\"time_end\":163261.674,\"time_commit\":163265.2999999998,\"timestamp\":\"2021-06-30T14:38:02.469Z\",\"time_switch\":163278.379}]",
    "metadata": "{\"slice\":0,\"id\":\"67767f9d-b6b2-4cf3-81ab-4e46b61726dd\",\"payload\":\"full\"}",
    "url": "https://exp02.zih.tu-dresden.de/experiments/raven_task/"
}