{
    "data": "[{\"url\":{},\"meta\":{\"labjs_version\":\"20.1.1\",\"labjs_build\":{\"flavor\":\"production\",\"commit\":\"cd5695f774968f50499757c1423bd95d033ea08e\"},\"location\":\"https://exp01.zih.tu-dresden.de/experiments/raven_task/\",\"userAgent\":\"Mozilla/5.0 (Windows NT 10.0; Win64; x64; rv:88.0) Gecko/20100101 Firefox/88.0\",\"platform\":\"Win32\",\"language\":\"de\",\"locale\":\"de-DE\",\"timeZone\":\"Europe/Berlin\",\"timezoneOffset\":-120,\"screen_width\":1920,\"screen_height\":1080,\"scroll_width\":1920,\"scroll_height\":895,\"window_innerWidth\":1920,\"window_innerHeight\":943,\"devicePixelRatio\":1},\"sender\":\"welcome\",\"sender_type\":\"canvas.Screen\",\"sender_id\":\"0\",\"ended_on\":\"timeout\",\"duration\":7999.759999999999,\"time_run\":1029,\"time_render\":1030.62,\"time_show\":1047.3,\"time_end\":9030.38,\"time_commit\":9033,\"timestamp\":\"2021-05-02T11:02:48.712Z\",\"time_switch\":9047.06},{\"sender\":\"instructions\",\"sender_type\":\"html.Page\",\"sender_id\":\"1\",\"response\":\"Space\",\"response_action\":\"keypress(Space)\",\"ended_on\":\"response\",\"duration\":44069.94,\"time_run\":9034,\"time_render\":9030.38,\"time_show\":9047.06,\"time_end\":53117,\"time_commit\":53131,\"timestamp\":\"2021-05-02T11:03:32.810Z\",\"time_switch\":53145.36},{\"sender\":\"example1\",\"sender_type\":\"canvas.Screen\",\"sender_id\":\"2\",\"response\":\"8\",\"response_action\":\"click(0) @8\",\"correctResponse\":\"8\",\"correct\":true,\"ended_on\":\"response\",\"duration\":15253.64,\"time_run\":53131,\"time_render\":53131.66,\"time_show\":53145.36,\"time_end\":68399,\"time_commit\":68420,\"timestamp\":\"2021-05-02T11:03:48.099Z\",\"time_switch\":68444.74},{\"sender\":\"example1_feedback\",\"sender_type\":\"canvas.Screen\",\"sender_id\":\"3\",\"response\":\"space\",\"response_action\":\"keypress(Space)\",\"ended_on\":\"response\",\"duration\":2625.2599999999948,\"time_run\":68427,\"time_render\":68428.08,\"time_show\":68444.74,\"time_end\":71070,\"time_commit\":71079,\"timestamp\":\"2021-05-02T11:03:50.758Z\",\"time_switch\":71094.6},{\"sender\":\"example2\",\"sender_type\":\"canvas.Screen\",\"sender_id\":\"4\",\"response\":\"4\",\"response_action\":\"click(0) @4\",\"correctResponse\":\"4\",\"correct\":true,\"ended_on\":\"response\",\"duration\":10647.399999999994,\"time_run\":71079,\"time_render\":71079.36,\"time_show\":71094.6,\"time_end\":81742,\"time_commit\":81750,\"timestamp\":\"2021-05-02T11:04:01.429Z\",\"time_switch\":81777.7},{\"sender\":\"example2_feedback\",\"sender_type\":\"canvas.Screen\",\"sender_id\":\"5\",\"response\":\"space\",\"response_action\":\"keypress(Space)\",\"ended_on\":\"response\",\"duration\":2433.300000000003,\"time_run\":81753,\"time_render\":81761.12,\"time_show\":81777.7,\"time_end\":84211,\"time_commit\":84222,\"timestamp\":\"2021-05-02T11:04:03.901Z\",\"time_switch\":84227.54},{\"sender\":\"get ready\",\"sender_type\":\"canvas.Screen\",\"sender_id\":\"6\",\"response\":\"Space\",\"response_action\":\"keypress(Space)\",\"ended_on\":\"response\",\"duration\":83327.46,\"time_run\":84222,\"time_render\":84222.84,\"time_show\":84227.54,\"time_end\":167555,\"time_commit\":167572,\"timestamp\":\"2021-05-02T11:05:27.250Z\",\"time_switch\":167574.16},{\"sender\":\"test01\",\"sender_type\":\"canvas.Screen\",\"sender_id\":\"7_0\",\"response\":\"4\",\"response_action\":\"click(0) @4\",\"correctResponse\":\"7\",\"correct\":false,\"ended_on\":\"response\",\"duration\":14574.839999999997,\"time_run\":167572,\"time_render\":167572,\"time_show\":167574.16,\"time_end\":182149,\"time_commit\":182152,\"timestamp\":\"2021-05-02T11:05:41.830Z\",\"time_switch\":182173.66},{\"sender\":\"test02\",\"sender_type\":\"canvas.Screen\",\"sender_id\":\"7_1\",\"response\":\"8\",\"response_action\":\"click(0) @8\",\"correctResponse\":\"4\",\"correct\":false,\"ended_on\":\"response\",\"duration\":61428.34,\"time_run\":182152,\"time_render\":182157.14,\"time_show\":182173.66,\"time_end\":243602,\"time_commit\":243610,\"timestamp\":\"2021-05-02T11:06:43.289Z\",\"time_switch\":243637.86},{\"sender\":\"test03\",\"sender_type\":\"canvas.Screen\",\"sender_id\":\"7_2\",\"response\":\"5\",\"response_action\":\"click(0) @5\",\"correctResponse\":\"6\",\"correct\":false,\"ended_on\":\"response\",\"duration\":80714.14000000001,\"time_run\":243610,\"time_render\":243621.48,\"time_show\":243637.86,\"time_end\":324352,\"time_commit\":324358,\"timestamp\":\"2021-05-02T11:08:04.037Z\",\"time_switch\":324384.74},{\"sender\":\"test04\",\"sender_type\":\"canvas.Screen\",\"sender_id\":\"7_3\",\"response\":\"2\",\"response_action\":\"click(0) @2\",\"correctResponse\":\"2\",\"correct\":true,\"ended_on\":\"response\",\"duration\":85389.26000000001,\"time_run\":324359,\"time_render\":324368.36,\"time_show\":324384.74,\"time_end\":409774,\"time_commit\":409785,\"timestamp\":\"2021-05-02T11:09:29.464Z\",\"time_switch\":409814.68},{\"sender\":\"test05\",\"sender_type\":\"canvas.Screen\",\"sender_id\":\"7_4\",\"response\":\"4\",\"response_action\":\"click(0) @4\",\"correctResponse\":\"4\",\"correct\":true,\"ended_on\":\"response\",\"duration\":74599.32,\"time_run\":409786,\"time_render\":409798.02,\"time_show\":409814.68,\"time_end\":484414,\"time_commit\":484429,\"timestamp\":\"2021-05-02T11:10:44.108Z\",\"time_switch\":484461.84},{\"sender\":\"test06\",\"sender_type\":\"canvas.Screen\",\"sender_id\":\"7_5\",\"response\":\"7\",\"response_action\":\"click(0) @7\",\"correctResponse\":\"7\",\"correct\":true,\"ended_on\":\"response\",\"duration\":62952.159999999974,\"time_run\":484429,\"time_render\":484445.16,\"time_show\":484461.84,\"time_end\":547414,\"time_commit\":547419,\"timestamp\":\"2021-05-02T11:11:47.098Z\",\"time_switch\":547442.7},{\"sender\":\"test07\",\"sender_type\":\"canvas.Screen\",\"sender_id\":\"7_6\",\"response\":\"8\",\"response_action\":\"click(0) @8\",\"correctResponse\":\"8\",\"correct\":true,\"ended_on\":\"response\",\"duration\":85456.30000000005,\"time_run\":547419,\"time_render\":547426.32,\"time_show\":547442.7,\"time_end\":632899,\"time_commit\":632903,\"timestamp\":\"2021-05-02T11:13:12.583Z\",\"time_switch\":632922.64},{\"sender\":\"test08\",\"sender_type\":\"canvas.Screen\",\"sender_id\":\"7_7\",\"response\":\"7\",\"response_action\":\"click(0) @7\",\"correctResponse\":\"7\",\"correct\":true,\"ended_on\":\"response\",\"duration\":153554.36,\"time_run\":632903,\"time_render\":632905.96,\"time_show\":632922.64,\"time_end\":786477,\"time_commit\":786484,\"timestamp\":\"2021-05-02T11:15:46.162Z\",\"time_switch\":786516.76},{\"sender\":\"test09\",\"sender_type\":\"canvas.Screen\",\"sender_id\":\"7_8\",\"response\":\"4\",\"response_action\":\"click(0) @4\",\"correctResponse\":\"5\",\"correct\":false,\"ended_on\":\"response\",\"duration\":66085.23999999999,\"time_run\":786484,\"time_render\":786500.08,\"time_show\":786516.76,\"time_end\":852602,\"time_commit\":852618,\"timestamp\":\"2021-05-02T11:16:52.296Z\",\"time_switch\":852647.52},{\"sender\":\"test10\",\"sender_type\":\"canvas.Screen\",\"sender_id\":\"7_9\",\"response\":\"5\",\"response_action\":\"click(0) @5\",\"correctResponse\":\"5\",\"correct\":true,\"ended_on\":\"response\",\"duration\":67516.47999999998,\"time_run\":852618,\"time_render\":852631.04,\"time_show\":852647.52,\"time_end\":920164,\"time_commit\":920177,\"timestamp\":\"2021-05-02T11:17:59.857Z\",\"time_switch\":920194.78},{\"sender\":\"test11\",\"sender_type\":\"canvas.Screen\",\"sender_id\":\"7_10\",\"response\":\"6\",\"response_action\":\"click(0) @6\",\"correctResponse\":\"4\",\"correct\":false,\"ended_on\":\"response\",\"duration\":32063.219999999972,\"time_run\":920178,\"time_render\":920178.12,\"time_show\":920194.78,\"time_end\":952258,\"time_commit\":952263,\"timestamp\":\"2021-05-02T11:18:31.942Z\",\"time_switch\":952293.56},{\"sender\":\"test12\",\"sender_type\":\"canvas.Screen\",\"sender_id\":\"7_11\",\"response\":\"8\",\"response_action\":\"click(0) @8\",\"correctResponse\":\"1\",\"correct\":false,\"ended_on\":\"response\",\"duration\":37198.439999999944,\"time_run\":952263,\"time_render\":952276.88,\"time_show\":952293.56,\"time_end\":989492,\"time_commit\":989503,\"timestamp\":\"2021-05-02T11:19:09.182Z\",\"time_switch\":989525.66},{\"sender\":\"tests (15min)\",\"sender_type\":\"flow.Sequence\",\"sender_id\":\"7\",\"ended_on\":\"completion\",\"duration\":821917.84,\"time_run\":167572,\"time_render\":167572,\"time_show\":167574.16,\"time_end\":989492,\"time_commit\":989504,\"timestamp\":\"2021-05-02T11:19:09.183Z\",\"time_switch\":989525.66},{\"sender\":\"good bye\",\"sender_type\":\"canvas.Screen\",\"sender_id\":\"8\",\"ended_on\":\"timeout\",\"duration\":3999.640000000014,\"time_run\":989504,\"time_render\":989508.98,\"time_show\":989525.66,\"time_end\":993508.64,\"time_commit\":993510,\"timestamp\":\"2021-05-02T11:19:13.188Z\",\"time_switch\":993525.3},{\"sender\":\"root\",\"sender_type\":\"flow.Sequence\",\"sender_id\":null,\"ended_on\":\"completion\",\"duration\":992461.34,\"time_run\":1029,\"time_render\":1030.62,\"time_show\":1047.3,\"time_end\":993508.64,\"time_commit\":993510,\"timestamp\":\"2021-05-02T11:19:13.189Z\",\"time_switch\":993525.3}]",
    "metadata": "{\"slice\":0,\"id\":\"375044fc-8762-4209-8303-e61f82fbd7c2\",\"payload\":\"full\"}",
    "url": "https://exp01.zih.tu-dresden.de/experiments/raven_task/"
}