{
    "data": "[{\"url\":{},\"meta\":{\"labjs_version\":\"20.1.1\",\"labjs_build\":{\"flavor\":\"production\",\"commit\":\"cd5695f774968f50499757c1423bd95d033ea08e\"},\"location\":\"https://exp01.zih.tu-dresden.de/experiments/spot_a_word_task/\",\"userAgent\":\"Mozilla/5.0 (Windows NT 10.0; Win64; x64; rv:88.0) Gecko/20100101 Firefox/88.0\",\"platform\":\"Win32\",\"language\":\"de\",\"locale\":\"de-DE\",\"timeZone\":\"Europe/Berlin\",\"timezoneOffset\":-120,\"screen_width\":1920,\"screen_height\":1080,\"scroll_width\":1920,\"scroll_height\":895,\"window_innerWidth\":1920,\"window_innerHeight\":943,\"devicePixelRatio\":1},\"sender\":\"start_html\",\"sender_type\":\"html.Screen\",\"sender_id\":\"0\",\"ended_on\":\"timeout\",\"duration\":5999.84,\"time_run\":323,\"time_render\":340.5,\"time_show\":357.16,\"time_end\":6340.32,\"time_commit\":6342,\"timestamp\":\"2021-05-02T10:54:02.565Z\",\"time_switch\":6357},{\"sender\":\"manual_html\",\"sender_type\":\"html.Screen\",\"sender_id\":\"1\",\"response\":\"space\",\"response_action\":\"keypress(Space)\",\"ended_on\":\"response\",\"duration\":40232,\"time_run\":6342,\"time_render\":6340.32,\"time_show\":6357,\"time_end\":46589,\"time_commit\":46596,\"timestamp\":\"2021-05-02T10:54:42.818Z\",\"time_switch\":46622.06},{\"sender\":\"example1_screen\",\"sender_type\":\"canvas.Screen\",\"sender_id\":\"2\",\"response\":\"4\",\"response_action\":\"keypress(4)\",\"correctResponse\":\"4\",\"correct\":true,\"ended_on\":\"response\",\"duration\":6169.940000000002,\"time_run\":46601,\"time_render\":46605.4,\"time_show\":46622.06,\"time_end\":52792,\"time_commit\":52806,\"timestamp\":\"2021-05-02T10:54:49.029Z\",\"time_switch\":52822.1},{\"sender\":\"example1_feedback\",\"sender_type\":\"canvas.Screen\",\"sender_id\":\"3\",\"response\":\"Space\",\"response_action\":\"keypress(Space)\",\"ended_on\":\"response\",\"duration\":3172.9000000000015,\"time_run\":52810,\"time_render\":52810.9,\"time_show\":52822.1,\"time_end\":55995,\"time_commit\":56005,\"timestamp\":\"2021-05-02T10:54:52.227Z\",\"time_switch\":56021.86},{\"sender\":\"example2_screen\",\"sender_type\":\"canvas.Screen\",\"sender_id\":\"4\",\"response\":\"5\",\"response_action\":\"keypress(5)\",\"correctResponse\":\"5\",\"correct\":true,\"ended_on\":\"response\",\"duration\":4317.139999999999,\"time_run\":56010,\"time_render\":56009.98,\"time_show\":56021.86,\"time_end\":60339,\"time_commit\":60344,\"timestamp\":\"2021-05-02T10:54:56.566Z\",\"time_switch\":60355.02},{\"sender\":\"example2_feedback\",\"sender_type\":\"canvas.Screen\",\"sender_id\":\"5\",\"response\":\"Space\",\"response_action\":\"keypress(Space)\",\"ended_on\":\"response\",\"duration\":2483.980000000003,\"time_run\":60347,\"time_render\":60348.18,\"time_show\":60355.02,\"time_end\":62839,\"time_commit\":62855,\"timestamp\":\"2021-05-02T10:54:59.078Z\",\"time_switch\":62871.68},{\"sender\":\"example3_screen\",\"sender_type\":\"canvas.Screen\",\"sender_id\":\"6\",\"response\":\"1\",\"response_action\":\"keypress(1)\",\"correctResponse\":\"1\",\"correct\":true,\"ended_on\":\"response\",\"duration\":3561.3199999999997,\"time_run\":62860,\"time_render\":62860.84,\"time_show\":62871.68,\"time_end\":66433,\"time_commit\":66444,\"timestamp\":\"2021-05-02T10:55:02.667Z\",\"time_switch\":66454.7},{\"sender\":\"example3_feedback\",\"sender_type\":\"canvas.Screen\",\"sender_id\":\"7\",\"response\":\"Space\",\"response_action\":\"keypress(Space)\",\"ended_on\":\"response\",\"duration\":1618.300000000003,\"time_run\":66448,\"time_render\":66448.56,\"time_show\":66454.7,\"time_end\":68073,\"time_commit\":68080,\"timestamp\":\"2021-05-02T10:55:04.303Z\",\"time_switch\":68088.06},{\"sender\":\"get_ready_html\",\"sender_type\":\"html.Screen\",\"sender_id\":\"8\",\"response\":\"space\",\"response_action\":\"keypress(Space)\",\"ended_on\":\"response\",\"duration\":11656.940000000002,\"time_run\":68081,\"time_render\":68080.96,\"time_show\":68088.06,\"time_end\":79745,\"time_commit\":79753,\"timestamp\":\"2021-05-02T10:55:15.977Z\",\"time_switch\":79787.44},{\"sender\":\"trial_screen\",\"sender_type\":\"canvas.Screen\",\"sender_id\":\"9_0\",\"correct\":true,\"trial_ID\":1,\"word1\":\"siziol\",\"word2\":\"salzahl\",\"word3\":\"sozihl\",\"word4\":\"sziam\",\"word5\":\"sozial\",\"response\":\"5\",\"response_action\":\"keypress(5)\",\"correctResponse\":\"5\",\"ended_on\":\"response\",\"duration\":2926.5599999999977,\"time_run\":79785,\"time_render\":79785.92,\"time_show\":79787.44,\"time_end\":82714,\"time_commit\":82731,\"timestamp\":\"2021-05-02T10:55:18.954Z\",\"time_switch\":82754.16},{\"sender\":\"trial_screen\",\"sender_type\":\"canvas.Screen\",\"sender_id\":\"9_1\",\"correct\":true,\"trial_ID\":2,\"word1\":\"Lamone\",\"word2\":\"Talane\",\"word3\":\"Matrone\",\"word4\":\"Tarone\",\"word5\":\"Malonte\",\"response\":\"3\",\"response_action\":\"keypress(3)\",\"correctResponse\":\"3\",\"ended_on\":\"response\",\"duration\":4131.8399999999965,\"time_run\":82736,\"time_render\":82736.96,\"time_show\":82754.16,\"time_end\":86886,\"time_commit\":86888,\"timestamp\":\"2021-05-02T10:55:23.111Z\",\"time_switch\":86904.1},{\"sender\":\"trial_screen\",\"sender_type\":\"canvas.Screen\",\"sender_id\":\"9_2\",\"correct\":true,\"trial_ID\":3,\"word1\":\"kurinesisch\",\"word2\":\"kulinarisch\",\"word3\":\"kumenisch\",\"word4\":\"kulissarisch\",\"word5\":\"kannastrisch\",\"response\":\"2\",\"response_action\":\"keypress(2)\",\"correctResponse\":\"2\",\"ended_on\":\"response\",\"duration\":3387.899999999994,\"time_run\":86894,\"time_render\":86893.82,\"time_show\":86904.1,\"time_end\":90292,\"time_commit\":90297,\"timestamp\":\"2021-05-02T10:55:26.520Z\",\"time_switch\":90303.66},{\"sender\":\"trial_screen\",\"sender_type\":\"canvas.Screen\",\"sender_id\":\"9_3\",\"correct\":false,\"trial_ID\":4,\"word1\":\"Tinxur\",\"word2\":\"Kukutur\",\"word3\":\"Fraktan\",\"word4\":\"Tinktur\",\"word5\":\"Rimsuhr\",\"response\":\"3\",\"response_action\":\"keypress(3)\",\"correctResponse\":\"4\",\"ended_on\":\"response\",\"duration\":5051.3399999999965,\"time_run\":90302,\"time_render\":90301.8,\"time_show\":90303.66,\"time_end\":95355,\"time_commit\":95360,\"timestamp\":\"2021-05-02T10:55:31.583Z\",\"time_switch\":95370.14},{\"sender\":\"trial_screen\",\"sender_type\":\"canvas.Screen\",\"sender_id\":\"9_4\",\"correct\":true,\"trial_ID\":5,\"word1\":\"beralen\",\"word2\":\"ger\u00e4ltet\",\"word3\":\"an\u00e4lteren\",\"word4\":\"unt\u00e4ren\",\"word5\":\"verbr\u00e4men\",\"response\":\"5\",\"response_action\":\"keypress(5)\",\"correctResponse\":\"5\",\"ended_on\":\"response\",\"duration\":5546.860000000001,\"time_run\":95365,\"time_render\":95365.28,\"time_show\":95370.14,\"time_end\":100917,\"time_commit\":100920,\"timestamp\":\"2021-05-02T10:55:37.142Z\",\"time_switch\":100936.62},{\"sender\":\"trial_screen\",\"sender_type\":\"canvas.Screen\",\"sender_id\":\"9_5\",\"correct\":true,\"trial_ID\":6,\"word1\":\"Rosto\",\"word2\":\"Torso\",\"word3\":\"Soro\",\"word4\":\"Torgos\",\"word5\":\"Tosor\",\"response\":\"2\",\"response_action\":\"keypress(2)\",\"correctResponse\":\"2\",\"ended_on\":\"response\",\"duration\":2871.3800000000047,\"time_run\":100924,\"time_render\":100924.46,\"time_show\":100936.62,\"time_end\":103808,\"time_commit\":103819,\"timestamp\":\"2021-05-02T10:55:40.042Z\",\"time_switch\":103836.52},{\"sender\":\"trial_screen\",\"sender_type\":\"canvas.Screen\",\"sender_id\":\"9_6\",\"correct\":true,\"trial_ID\":7,\"word1\":\"Redor\",\"word2\":\"Radium\",\"word3\":\"Terion\",\"word4\":\"Dramin\",\"word5\":\"Orakium\",\"response\":\"2\",\"response_action\":\"keypress(2)\",\"correctResponse\":\"2\",\"ended_on\":\"response\",\"duration\":2721.479999999996,\"time_run\":103824,\"time_render\":103823.74,\"time_show\":103836.52,\"time_end\":106558,\"time_commit\":106567,\"timestamp\":\"2021-05-02T10:55:42.790Z\",\"time_switch\":106586.38},{\"sender\":\"trial_screen\",\"sender_type\":\"canvas.Screen\",\"sender_id\":\"9_7\",\"correct\":true,\"trial_ID\":8,\"word1\":\"Nale\",\"word2\":\"Sahe\",\"word3\":\"Nase\",\"word4\":\"Nesa\",\"word5\":\"Sehna\",\"response\":\"3\",\"response_action\":\"keypress(3)\",\"correctResponse\":\"3\",\"ended_on\":\"response\",\"duration\":2424.6199999999953,\"time_run\":106572,\"time_render\":106571.96,\"time_show\":106586.38,\"time_end\":109011,\"time_commit\":109020,\"timestamp\":\"2021-05-02T10:55:45.243Z\",\"time_switch\":109036.6},{\"sender\":\"trial_screen\",\"sender_type\":\"canvas.Screen\",\"sender_id\":\"9_8\",\"correct\":true,\"trial_ID\":9,\"word1\":\"Rilkiase\",\"word2\":\"Kilister\",\"word3\":\"Riliker\",\"word4\":\"Klistier\",\"word5\":\"Linkure\",\"response\":\"4\",\"response_action\":\"keypress(4)\",\"correctResponse\":\"4\",\"ended_on\":\"response\",\"duration\":2943.399999999994,\"time_run\":109024,\"time_render\":109025.04,\"time_show\":109036.6,\"time_end\":111980,\"time_commit\":111994,\"timestamp\":\"2021-05-02T10:55:48.218Z\",\"time_switch\":112002.84},{\"sender\":\"trial_screen\",\"sender_type\":\"canvas.Screen\",\"sender_id\":\"9_9\",\"correct\":true,\"trial_ID\":10,\"word1\":\"kentern\",\"word2\":\"knerte\",\"word3\":\"kanzen\",\"word4\":\"kretern\",\"word5\":\"trekern\",\"response\":\"1\",\"response_action\":\"keypress(1)\",\"correctResponse\":\"1\",\"ended_on\":\"response\",\"duration\":3898.1600000000035,\"time_run\":111998,\"time_render\":111998.6,\"time_show\":112002.84,\"time_end\":115901,\"time_commit\":115912,\"timestamp\":\"2021-05-02T10:55:52.135Z\",\"time_switch\":115919.32},{\"sender\":\"trial_screen\",\"sender_type\":\"canvas.Screen\",\"sender_id\":\"9_10\",\"correct\":true,\"trial_ID\":11,\"word1\":\"Sorekin\",\"word2\":\"Sarowin\",\"word3\":\"Rosakin\",\"word4\":\"Narosin\",\"word5\":\"Kerosin\",\"response\":\"5\",\"response_action\":\"keypress(5)\",\"correctResponse\":\"5\",\"ended_on\":\"response\",\"duration\":2403.679999999993,\"time_run\":115916,\"time_render\":115916.68,\"time_show\":115919.32,\"time_end\":118323,\"time_commit\":118335,\"timestamp\":\"2021-05-02T10:55:54.558Z\",\"time_switch\":118352.86},{\"sender\":\"trial_screen\",\"sender_type\":\"canvas.Screen\",\"sender_id\":\"9_11\",\"correct\":true,\"trial_ID\":12,\"word1\":\"Ralke\",\"word2\":\"Korre\",\"word3\":\"Ruckse\",\"word4\":\"Recke\",\"word5\":\"Ulte\",\"response\":\"4\",\"response_action\":\"keypress(4)\",\"correctResponse\":\"4\",\"ended_on\":\"response\",\"duration\":4127.139999999999,\"time_run\":118339,\"time_render\":118339.9,\"time_show\":118352.86,\"time_end\":122480,\"time_commit\":122484,\"timestamp\":\"2021-05-02T10:55:58.707Z\",\"time_switch\":122502.6},{\"sender\":\"trial_screen\",\"sender_type\":\"canvas.Screen\",\"sender_id\":\"9_12\",\"correct\":true,\"trial_ID\":13,\"word1\":\"Kapaun\",\"word2\":\"Paukan\",\"word3\":\"Naupack\",\"word4\":\"Aupeck\",\"word5\":\"Ankepran\",\"response\":\"1\",\"response_action\":\"keypress(1)\",\"correctResponse\":\"1\",\"ended_on\":\"response\",\"duration\":3555.399999999994,\"time_run\":122488,\"time_render\":122488.28,\"time_show\":122502.6,\"time_end\":126058,\"time_commit\":126064,\"timestamp\":\"2021-05-02T10:56:02.287Z\",\"time_switch\":126085.78},{\"sender\":\"trial_screen\",\"sender_type\":\"canvas.Screen\",\"sender_id\":\"9_13\",\"correct\":true,\"trial_ID\":14,\"word1\":\"Dissonanz\",\"word2\":\"Diskrisanz\",\"word3\":\"Distranz\",\"word4\":\"Dinotanz\",\"word5\":\"Sidonenz\",\"response\":\"1\",\"response_action\":\"keypress(1)\",\"correctResponse\":\"1\",\"ended_on\":\"response\",\"duration\":2675.220000000001,\"time_run\":126069,\"time_render\":126068.7,\"time_show\":126085.78,\"time_end\":128761,\"time_commit\":128770,\"timestamp\":\"2021-05-02T10:56:04.993Z\",\"time_switch\":128785.78},{\"sender\":\"trial_screen\",\"sender_type\":\"canvas.Screen\",\"sender_id\":\"9_14\",\"correct\":true,\"trial_ID\":15,\"word1\":\"Kirse\",\"word2\":\"Sirke\",\"word3\":\"Krise\",\"word4\":\"Krospe\",\"word5\":\"Seris\",\"response\":\"3\",\"response_action\":\"keypress(3)\",\"correctResponse\":\"3\",\"ended_on\":\"response\",\"duration\":3350.220000000001,\"time_run\":128774,\"time_render\":128774.54,\"time_show\":128785.78,\"time_end\":132136,\"time_commit\":132153,\"timestamp\":\"2021-05-02T10:56:08.376Z\",\"time_switch\":132169},{\"sender\":\"trial_screen\",\"sender_type\":\"canvas.Screen\",\"sender_id\":\"9_15\",\"correct\":true,\"trial_ID\":16,\"word1\":\"Tume\",\"word2\":\"Umat\",\"word3\":\"Maut\",\"word4\":\"Taum\",\"word5\":\"Muta\",\"response\":\"3\",\"response_action\":\"keypress(3)\",\"correctResponse\":\"3\",\"ended_on\":\"response\",\"duration\":3514,\"time_run\":132157,\"time_render\":132156.94,\"time_show\":132169,\"time_end\":135683,\"time_commit\":135688,\"timestamp\":\"2021-05-02T10:56:11.911Z\",\"time_switch\":135702.14},{\"sender\":\"trial_screen\",\"sender_type\":\"canvas.Screen\",\"sender_id\":\"9_16\",\"correct\":false,\"trial_ID\":17,\"word1\":\"Tuhl\",\"word2\":\"Lar\",\"word3\":\"Lest\",\"word4\":\"Dall\",\"word5\":\"Lid\",\"response\":\"1\",\"response_action\":\"keypress(1)\",\"correctResponse\":\"5\",\"ended_on\":\"response\",\"duration\":6980.859999999986,\"time_run\":135693,\"time_render\":135692.78,\"time_show\":135702.14,\"time_end\":142683,\"time_commit\":142696,\"timestamp\":\"2021-05-02T10:56:18.919Z\",\"time_switch\":142718.48},{\"sender\":\"trial_screen\",\"sender_type\":\"canvas.Screen\",\"sender_id\":\"9_17\",\"correct\":true,\"trial_ID\":18,\"word1\":\"Adept\",\"word2\":\"Padet\",\"word3\":\"Edapt\",\"word4\":\"Epatt\",\"word5\":\"Taped\",\"response\":\"1\",\"response_action\":\"keypress(1)\",\"correctResponse\":\"1\",\"ended_on\":\"response\",\"duration\":2479.5199999999895,\"time_run\":142701,\"time_render\":142700.92,\"time_show\":142718.48,\"time_end\":145198,\"time_commit\":145201,\"timestamp\":\"2021-05-02T10:56:21.424Z\",\"time_switch\":145218.46},{\"sender\":\"trial_screen\",\"sender_type\":\"canvas.Screen\",\"sender_id\":\"9_18\",\"correct\":false,\"trial_ID\":19,\"word1\":\"Spirine\",\"word2\":\"Saprin\",\"word3\":\"Parsin\",\"word4\":\"Purin\",\"word5\":\"Asprint\",\"response\":\"5\",\"response_action\":\"keypress(5)\",\"correctResponse\":\"4\",\"ended_on\":\"response\",\"duration\":4964.540000000008,\"time_run\":145206,\"time_render\":145206.66,\"time_show\":145218.46,\"time_end\":150183,\"time_commit\":150201,\"timestamp\":\"2021-05-02T10:56:26.423Z\",\"time_switch\":150218.3},{\"sender\":\"trial_screen\",\"sender_type\":\"canvas.Screen\",\"sender_id\":\"9_19\",\"correct\":true,\"trial_ID\":20,\"word1\":\"Kulon\",\"word2\":\"Solgun\",\"word3\":\"Koskan\",\"word4\":\"Soran\",\"word5\":\"Klonus\",\"response\":\"5\",\"response_action\":\"keypress(5)\",\"correctResponse\":\"5\",\"ended_on\":\"response\",\"duration\":5979.700000000012,\"time_run\":150209,\"time_render\":150209.08,\"time_show\":150218.3,\"time_end\":156198,\"time_commit\":156212,\"timestamp\":\"2021-05-02T10:56:32.435Z\",\"time_switch\":156234.62},{\"sender\":\"trial_screen\",\"sender_type\":\"canvas.Screen\",\"sender_id\":\"9_20\",\"correct\":false,\"trial_ID\":21,\"word1\":\"Tronke\",\"word2\":\"Nocktherm\",\"word3\":\"Teronk\",\"word4\":\"Komtur\",\"word5\":\"Rocktur\",\"response\":\"5\",\"response_action\":\"keypress(5)\",\"correctResponse\":\"4\",\"ended_on\":\"response\",\"duration\":6057.380000000005,\"time_run\":156217,\"time_render\":156217.72,\"time_show\":156234.62,\"time_end\":162292,\"time_commit\":162309,\"timestamp\":\"2021-05-02T10:56:38.532Z\",\"time_switch\":162317.54},{\"sender\":\"trial_screen\",\"sender_type\":\"canvas.Screen\",\"sender_id\":\"9_21\",\"correct\":true,\"trial_ID\":22,\"word1\":\"Ripat\",\"word2\":\"Patinatte\",\"word3\":\"Tapir\",\"word4\":\"Apitt\",\"word5\":\"Padir\",\"response\":\"3\",\"response_action\":\"keypress(3)\",\"correctResponse\":\"3\",\"ended_on\":\"response\",\"duration\":3927.459999999992,\"time_run\":162315,\"time_render\":162315.8,\"time_show\":162317.54,\"time_end\":166245,\"time_commit\":166250,\"timestamp\":\"2021-05-02T10:56:42.474Z\",\"time_switch\":166267.46},{\"sender\":\"trial_screen\",\"sender_type\":\"canvas.Screen\",\"sender_id\":\"9_22\",\"correct\":true,\"trial_ID\":23,\"word1\":\"Akifer\",\"word2\":\"Fiaker\",\"word3\":\"Kiaffa\",\"word4\":\"Sariffer\",\"word5\":\"Refisker\",\"response\":\"2\",\"response_action\":\"keypress(2)\",\"correctResponse\":\"2\",\"ended_on\":\"response\",\"duration\":2883.540000000008,\"time_run\":166256,\"time_render\":166256.04,\"time_show\":166267.46,\"time_end\":169151,\"time_commit\":169166,\"timestamp\":\"2021-05-02T10:56:45.388Z\",\"time_switch\":169183.96},{\"sender\":\"trial_screen\",\"sender_type\":\"canvas.Screen\",\"sender_id\":\"9_23\",\"correct\":true,\"trial_ID\":24,\"word1\":\"Kleiber\",\"word2\":\"Beikel\",\"word3\":\"Keibel\",\"word4\":\"Reikler\",\"word5\":\"Biekerl\",\"response\":\"1\",\"response_action\":\"keypress(1)\",\"correctResponse\":\"1\",\"ended_on\":\"response\",\"duration\":2186.040000000008,\"time_run\":169171,\"time_render\":169171.34,\"time_show\":169183.96,\"time_end\":171370,\"time_commit\":171378,\"timestamp\":\"2021-05-02T10:56:47.602Z\",\"time_switch\":171400.6},{\"sender\":\"trial_screen\",\"sender_type\":\"canvas.Screen\",\"sender_id\":\"9_24\",\"correct\":true,\"trial_ID\":25,\"word1\":\"Ig\u00e4de\",\"word2\":\"D\u00e4gie\",\"word3\":\"\u00c4gide\",\"word4\":\"Dig\u00e4de\",\"word5\":\"Giad\",\"response\":\"3\",\"response_action\":\"keypress(3)\",\"correctResponse\":\"3\",\"ended_on\":\"response\",\"duration\":5204.399999999994,\"time_run\":171384,\"time_render\":171383.9,\"time_show\":171400.6,\"time_end\":176605,\"time_commit\":176621,\"timestamp\":\"2021-05-02T10:56:52.844Z\",\"time_switch\":176633.92},{\"sender\":\"trial_screen\",\"sender_type\":\"canvas.Screen\",\"sender_id\":\"9_25\",\"correct\":true,\"trial_ID\":26,\"word1\":\"Rixal\",\"word2\":\"Irtax\",\"word3\":\"Rackizie\",\"word4\":\"Matrix\",\"word5\":\"Atrige\",\"response\":\"4\",\"response_action\":\"keypress(4)\",\"correctResponse\":\"4\",\"ended_on\":\"response\",\"duration\":3908.079999999987,\"time_run\":176625,\"time_render\":176625.34,\"time_show\":176633.92,\"time_end\":180542,\"time_commit\":180549,\"timestamp\":\"2021-05-02T10:56:56.772Z\",\"time_switch\":180567.08},{\"sender\":\"trial_screen\",\"sender_type\":\"canvas.Screen\",\"sender_id\":\"9_26\",\"correct\":true,\"trial_ID\":27,\"word1\":\"Haskisch\",\"word2\":\"Asmisch\",\"word3\":\"Schisma\",\"word4\":\"Rasthmie\",\"word5\":\"Ilschah\",\"response\":\"3\",\"response_action\":\"keypress(3)\",\"correctResponse\":\"3\",\"ended_on\":\"response\",\"duration\":4130.920000000013,\"time_run\":180553,\"time_render\":180553.9,\"time_show\":180567.08,\"time_end\":184698,\"time_commit\":184708,\"timestamp\":\"2021-05-02T10:57:00.932Z\",\"time_switch\":184716.64},{\"sender\":\"trial_screen\",\"sender_type\":\"canvas.Screen\",\"sender_id\":\"9_27\",\"correct\":true,\"trial_ID\":28,\"word1\":\"Sallose\",\"word2\":\"Lordose\",\"word3\":\"Dormase\",\"word4\":\"Rollase\",\"word5\":\"Ardierole\",\"response\":\"2\",\"response_action\":\"keypress(2)\",\"correctResponse\":\"2\",\"ended_on\":\"response\",\"duration\":2919.359999999986,\"time_run\":184714,\"time_render\":184714.42,\"time_show\":184716.64,\"time_end\":187636,\"time_commit\":187646,\"timestamp\":\"2021-05-02T10:57:03.869Z\",\"time_switch\":187666.8},{\"sender\":\"trial_screen\",\"sender_type\":\"canvas.Screen\",\"sender_id\":\"9_28\",\"correct\":false,\"trial_ID\":29,\"word1\":\"Intranotion\",\"word2\":\"Infranatura\",\"word3\":\"Internodium\",\"word4\":\"Indotalie\",\"word5\":\"Indosta\",\"response\":\"1\",\"response_action\":\"keypress(1)\",\"correctResponse\":\"3\",\"ended_on\":\"response\",\"duration\":7688.200000000012,\"time_run\":187653,\"time_render\":187652.8,\"time_show\":187666.8,\"time_end\":195355,\"time_commit\":195359,\"timestamp\":\"2021-05-02T10:57:11.582Z\",\"time_switch\":195366.28},{\"sender\":\"trial_screen\",\"sender_type\":\"canvas.Screen\",\"sender_id\":\"9_29\",\"correct\":true,\"trial_ID\":30,\"word1\":\"Idaste\",\"word2\":\"Dastrix\",\"word3\":\"Astike\",\"word4\":\"Sadile\",\"word5\":\"Kasside\",\"response\":\"5\",\"response_action\":\"keypress(5)\",\"correctResponse\":\"5\",\"ended_on\":\"response\",\"duration\":6409.720000000001,\"time_run\":195365,\"time_render\":195364.82,\"time_show\":195366.28,\"time_end\":201776,\"time_commit\":201791,\"timestamp\":\"2021-05-02T10:57:18.015Z\",\"time_switch\":201799.46},{\"sender\":\"trial_screen\",\"sender_type\":\"canvas.Screen\",\"sender_id\":\"9_30\",\"correct\":true,\"trial_ID\":31,\"word1\":\"Libration\",\"word2\":\"Bilation\",\"word3\":\"Arlation\",\"word4\":\"Iberation\",\"word5\":\"Tiradon\",\"response\":\"1\",\"response_action\":\"keypress(1)\",\"correctResponse\":\"1\",\"ended_on\":\"response\",\"duration\":8133.540000000008,\"time_run\":201795,\"time_render\":201796.26,\"time_show\":201799.46,\"time_end\":209933,\"time_commit\":209936,\"timestamp\":\"2021-05-02T10:57:26.159Z\",\"time_switch\":209949.04},{\"sender\":\"trial_screen\",\"sender_type\":\"canvas.Screen\",\"sender_id\":\"9_31\",\"correct\":false,\"trial_ID\":32,\"word1\":\"Pucker\",\"word2\":\"Keuper\",\"word3\":\"Eucker\",\"word4\":\"Reuspeck\",\"word5\":\"Urkane\",\"response\":\"1\",\"response_action\":\"keypress(1)\",\"correctResponse\":\"2\",\"ended_on\":\"response\",\"duration\":6467.959999999992,\"time_run\":209940,\"time_render\":209940.68,\"time_show\":209949.04,\"time_end\":216417,\"time_commit\":216425,\"timestamp\":\"2021-05-02T10:57:32.648Z\",\"time_switch\":216432.1},{\"sender\":\"trial_screen\",\"sender_type\":\"canvas.Screen\",\"sender_id\":\"9_32\",\"correct\":true,\"trial_ID\":33,\"word1\":\"Sickaber\",\"word2\":\"Bassiker\",\"word3\":\"Kassiber\",\"word4\":\"Sassiker\",\"word5\":\"Askiber\",\"response\":\"3\",\"response_action\":\"keypress(3)\",\"correctResponse\":\"3\",\"ended_on\":\"response\",\"duration\":4703.899999999994,\"time_run\":216429,\"time_render\":216429.52,\"time_show\":216432.1,\"time_end\":221136,\"time_commit\":221144,\"timestamp\":\"2021-05-02T10:57:37.367Z\",\"time_switch\":221165.44},{\"sender\":\"trial_screen\",\"sender_type\":\"canvas.Screen\",\"sender_id\":\"9_33\",\"correct\":true,\"trial_ID\":34,\"word1\":\"Alquallon\",\"word2\":\"Lisqualien\",\"word3\":\"Talquallen\",\"word4\":\"Quisquilien\",\"word5\":\"Rielquellen\",\"response\":\"4\",\"response_action\":\"keypress(4)\",\"correctResponse\":\"4\",\"ended_on\":\"response\",\"duration\":8298.559999999998,\"time_run\":221148,\"time_render\":221148.46,\"time_show\":221165.44,\"time_end\":229464,\"time_commit\":229471,\"timestamp\":\"2021-05-02T10:57:45.694Z\",\"time_switch\":229481.8},{\"sender\":\"trial_screen\",\"sender_type\":\"canvas.Screen\",\"sender_id\":\"9_34\",\"correct\":false,\"trial_ID\":35,\"word1\":\"Berkiza\",\"word2\":\"Brekzie\",\"word3\":\"Birakzie\",\"word4\":\"Brikazie\",\"word5\":\"Bakiria\",\"response\":\"5\",\"response_action\":\"keypress(5)\",\"correctResponse\":\"2\",\"ended_on\":\"response\",\"duration\":5544.200000000012,\"time_run\":229475,\"time_render\":229475.18,\"time_show\":229481.8,\"time_end\":235026,\"time_commit\":235029,\"timestamp\":\"2021-05-02T10:57:51.252Z\",\"time_switch\":235048.18},{\"sender\":\"loop_trial\",\"sender_type\":\"flow.Loop\",\"sender_id\":\"9\",\"ended_on\":\"completion\",\"duration\":155238.56,\"time_run\":79782,\"time_render\":79785.92,\"time_show\":79787.44,\"time_end\":235026,\"time_commit\":235031,\"timestamp\":\"2021-05-02T10:57:51.253Z\",\"time_switch\":235048.18},{\"sender\":\"end_html\",\"sender_type\":\"html.Screen\",\"sender_id\":\"10\",\"ended_on\":\"timeout\",\"duration\":5999.74000000002,\"time_run\":235031,\"time_render\":235030.86,\"time_show\":235048.18,\"time_end\":241031.24,\"time_commit\":241032,\"timestamp\":\"2021-05-02T10:57:57.255Z\",\"time_switch\":241047.92},{\"sender\":\"root\",\"sender_type\":\"flow.Sequence\",\"sender_id\":null,\"ended_on\":\"completion\",\"duration\":240674.08,\"time_run\":322,\"time_render\":340.5,\"time_show\":357.16,\"time_end\":241031.24,\"time_commit\":241033,\"timestamp\":\"2021-05-02T10:57:57.256Z\",\"time_switch\":241047.92}]",
    "metadata": "{\"slice\":0,\"id\":\"7806b0c7-d063-4114-b61a-da49feee8313\",\"payload\":\"full\"}",
    "url": "https://exp01.zih.tu-dresden.de/experiments/spot_a_word_task/"
}