{
    "data": "[{\"url\":{},\"meta\":{\"labjs_version\":\"20.1.1\",\"labjs_build\":{\"flavor\":\"production\",\"commit\":\"cd5695f774968f50499757c1423bd95d033ea08e\"},\"location\":\"https://exp01.zih.tu-dresden.de/experiments/raven_task/\",\"userAgent\":\"Mozilla/5.0 (Windows NT 10.0; Win64; x64) AppleWebKit/537.36 (KHTML, like Gecko) Chrome/94.0.4606.81 Safari/537.36\",\"platform\":\"Win32\",\"language\":\"de-DE\",\"locale\":\"de\",\"timeZone\":\"Europe/Berlin\",\"timezoneOffset\":-120,\"screen_width\":1366,\"screen_height\":768,\"scroll_width\":1275,\"scroll_height\":557,\"window_innerWidth\":1275,\"window_innerHeight\":605,\"devicePixelRatio\":1},\"sender\":\"welcome\",\"sender_type\":\"canvas.Screen\",\"sender_id\":\"0\",\"ended_on\":\"timeout\",\"duration\":8003.536,\"time_run\":2059.0999999940395,\"time_render\":1990.058,\"time_show\":2056.776,\"time_end\":10043.662,\"time_commit\":10054.699999988079,\"timestamp\":\"2021-10-15T09:07:18.222Z\",\"time_switch\":10060.312},{\"sender\":\"instructions\",\"sender_type\":\"html.Page\",\"sender_id\":\"1\",\"response\":\"Space\",\"response_action\":\"keypress(Space)\",\"ended_on\":\"response\",\"duration\":22886.78799999404,\"time_run\":10055.5,\"time_render\":10043.662,\"time_show\":10060.312,\"time_end\":32947.09999999404,\"time_commit\":32954.09999999404,\"timestamp\":\"2021-10-15T09:07:41.121Z\",\"time_switch\":32986.919},{\"sender\":\"example1\",\"sender_type\":\"canvas.Screen\",\"sender_id\":\"2\",\"response\":\"8\",\"response_action\":\"click(0) @8\",\"correctResponse\":\"8\",\"correct\":true,\"ended_on\":\"response\",\"duration\":9881.380999982117,\"time_run\":32954.59999999404,\"time_render\":32937.064,\"time_show\":32986.919,\"time_end\":42868.29999998212,\"time_commit\":42871.29999998212,\"timestamp\":\"2021-10-15T09:07:51.038Z\",\"time_switch\":42945.435},{\"sender\":\"example1_feedback\",\"sender_type\":\"canvas.Screen\",\"sender_id\":\"3\",\"response\":\"space\",\"response_action\":\"keypress(Space)\",\"ended_on\":\"response\",\"duration\":2306.7649999880814,\"time_run\":42923.79999998212,\"time_render\":42908.061,\"time_show\":42945.435,\"time_end\":45252.19999998808,\"time_commit\":45253.5,\"timestamp\":\"2021-10-15T09:07:53.421Z\",\"time_switch\":45292.369},{\"sender\":\"example2\",\"sender_type\":\"canvas.Screen\",\"sender_id\":\"4\",\"response\":\"3\",\"response_action\":\"click(0) @3\",\"correctResponse\":\"4\",\"correct\":false,\"ended_on\":\"response\",\"duration\":9247.73099999404,\"time_run\":45253.79999998212,\"time_render\":45242.413,\"time_show\":45292.369,\"time_end\":54540.09999999404,\"time_commit\":54541.19999998808,\"timestamp\":\"2021-10-15T09:08:02.708Z\",\"time_switch\":54612.999},{\"sender\":\"example2_feedback\",\"sender_type\":\"canvas.Screen\",\"sender_id\":\"5\",\"response\":\"space\",\"response_action\":\"keypress(Space)\",\"ended_on\":\"response\",\"duration\":4274.600999994036,\"time_run\":54592.69999998808,\"time_render\":54579.838,\"time_show\":54612.999,\"time_end\":58887.59999999404,\"time_commit\":58888.90000000596,\"timestamp\":\"2021-10-15T09:08:07.056Z\",\"time_switch\":58914.889},{\"sender\":\"get ready\",\"sender_type\":\"canvas.Screen\",\"sender_id\":\"6\",\"response\":\"Space\",\"response_action\":\"keypress(Space)\",\"ended_on\":\"response\",\"duration\":12835.410999982116,\"time_run\":58889.19999998808,\"time_render\":58881.67,\"time_show\":58914.889,\"time_end\":71750.29999998212,\"time_commit\":71751.40000000596,\"timestamp\":\"2021-10-15T09:08:19.919Z\",\"time_switch\":71787.241},{\"sender\":\"test01\",\"sender_type\":\"canvas.Screen\",\"sender_id\":\"7_0\",\"response\":\"1\",\"response_action\":\"click(0) @1\",\"correctResponse\":\"7\",\"correct\":false,\"ended_on\":\"response\",\"duration\":24424.159000005966,\"time_run\":71751.69999998808,\"time_render\":71737.317,\"time_show\":71787.241,\"time_end\":96211.40000000596,\"time_commit\":96212.19999998808,\"timestamp\":\"2021-10-15T09:08:44.379Z\",\"time_switch\":96231.084},{\"sender\":\"test02\",\"sender_type\":\"canvas.Screen\",\"sender_id\":\"7_1\",\"response\":\"8\",\"response_action\":\"click(0) @8\",\"correctResponse\":\"4\",\"correct\":false,\"ended_on\":\"response\",\"duration\":15294.015999994037,\"time_run\":96212.40000000596,\"time_render\":96197.78,\"time_show\":96231.084,\"time_end\":111525.09999999404,\"time_commit\":111526.09999999404,\"timestamp\":\"2021-10-15T09:08:59.693Z\",\"time_switch\":111537.768},{\"sender\":\"test03\",\"sender_type\":\"canvas.Screen\",\"sender_id\":\"7_2\",\"response\":\"6\",\"response_action\":\"click(0) @6\",\"correctResponse\":\"6\",\"correct\":true,\"ended_on\":\"response\",\"duration\":9581.232000000004,\"time_run\":111526.29999998212,\"time_render\":111521.206,\"time_show\":111537.768,\"time_end\":121119,\"time_commit\":121119.79999998212,\"timestamp\":\"2021-10-15T09:09:09.287Z\",\"time_switch\":121125.252},{\"sender\":\"test04\",\"sender_type\":\"canvas.Screen\",\"sender_id\":\"7_3\",\"response\":\"4\",\"response_action\":\"click(0) @4\",\"correctResponse\":\"2\",\"correct\":false,\"ended_on\":\"response\",\"duration\":6901.648000005967,\"time_run\":121120.19999998808,\"time_render\":121108.722,\"time_show\":121125.252,\"time_end\":128026.90000000596,\"time_commit\":128027.69999998808,\"timestamp\":\"2021-10-15T09:09:16.195Z\",\"time_switch\":128061.596},{\"sender\":\"test05\",\"sender_type\":\"canvas.Screen\",\"sender_id\":\"7_4\",\"response\":\"5\",\"response_action\":\"click(0) @5\",\"correctResponse\":\"4\",\"correct\":false,\"ended_on\":\"response\",\"duration\":8725.003999994035,\"time_run\":128027.90000000596,\"time_render\":128044.996,\"time_show\":128061.596,\"time_end\":136786.59999999404,\"time_commit\":136787.5,\"timestamp\":\"2021-10-15T09:09:24.955Z\",\"time_switch\":136798.758},{\"sender\":\"test06\",\"sender_type\":\"canvas.Screen\",\"sender_id\":\"7_5\",\"response\":\"4\",\"response_action\":\"click(0) @4\",\"correctResponse\":\"7\",\"correct\":false,\"ended_on\":\"response\",\"duration\":20815.441999988077,\"time_run\":136787.79999998212,\"time_render\":136782.211,\"time_show\":136798.758,\"time_end\":157614.19999998808,\"time_commit\":157615,\"timestamp\":\"2021-10-15T09:09:45.783Z\",\"time_switch\":157624.456},{\"sender\":\"test07\",\"sender_type\":\"canvas.Screen\",\"sender_id\":\"7_6\",\"response\":\"8\",\"response_action\":\"click(0) @8\",\"correctResponse\":\"8\",\"correct\":true,\"ended_on\":\"response\",\"duration\":54858.84399998211,\"time_run\":157615.19999998808,\"time_render\":157607.934,\"time_show\":157624.456,\"time_end\":212483.29999998212,\"time_commit\":212484.09999999404,\"timestamp\":\"2021-10-15T09:10:40.652Z\",\"time_switch\":212498.33},{\"sender\":\"test08\",\"sender_type\":\"canvas.Screen\",\"sender_id\":\"7_7\",\"response\":\"2\",\"response_action\":\"click(0) @2\",\"correctResponse\":\"7\",\"correct\":false,\"ended_on\":\"response\",\"duration\":70483.57000000597,\"time_run\":212484.29999998212,\"time_render\":212481.809,\"time_show\":212498.33,\"time_end\":282981.90000000596,\"time_commit\":282982.7999999821,\"timestamp\":\"2021-10-15T09:11:51.150Z\",\"time_switch\":282995.632},{\"sender\":\"test09\",\"sender_type\":\"canvas.Screen\",\"sender_id\":\"7_8\",\"response\":\"6\",\"response_action\":\"click(0) @6\",\"correctResponse\":\"5\",\"correct\":false,\"ended_on\":\"response\",\"duration\":19436.067999988096,\"time_run\":282982.90000000596,\"time_render\":282979.088,\"time_show\":282995.632,\"time_end\":302431.6999999881,\"time_commit\":302432.40000000596,\"timestamp\":\"2021-10-15T09:12:10.600Z\",\"time_switch\":302437.419},{\"sender\":\"test10\",\"sender_type\":\"canvas.Screen\",\"sender_id\":\"7_9\",\"response\":\"7\",\"response_action\":\"click(0) @7\",\"correctResponse\":\"5\",\"correct\":false,\"ended_on\":\"response\",\"duration\":124632.081,\"time_run\":302432.59999999404,\"time_render\":302420.888,\"time_show\":302437.419,\"time_end\":427069.5,\"time_commit\":427070.2999999821,\"timestamp\":\"2021-10-15T09:14:15.237Z\",\"time_switch\":427091.541},{\"sender\":\"test11\",\"sender_type\":\"canvas.Screen\",\"sender_id\":\"7_10\",\"response\":\"2\",\"response_action\":\"click(0) @2\",\"correctResponse\":\"4\",\"correct\":false,\"ended_on\":\"response\",\"duration\":145117.2589999821,\"time_run\":427070.40000000596,\"time_render\":427058.344,\"time_show\":427091.541,\"time_end\":572208.7999999821,\"time_commit\":572209.5,\"timestamp\":\"2021-10-15T09:16:40.377Z\",\"time_switch\":572221.323},{\"sender\":\"test12\",\"sender_type\":\"canvas.Screen\",\"sender_id\":\"7_11\",\"response\":\"6\",\"response_action\":\"click(0) @6\",\"correctResponse\":\"1\",\"correct\":false,\"ended_on\":\"response\",\"duration\":78593.97699998214,\"time_run\":572209.6999999881,\"time_render\":572204.771,\"time_show\":572221.323,\"time_end\":650815.2999999821,\"time_commit\":650816,\"timestamp\":\"2021-10-15T09:17:58.983Z\",\"time_switch\":650822.098},{\"sender\":\"tests (15min)\",\"sender_type\":\"flow.Sequence\",\"sender_id\":\"7\",\"ended_on\":\"completion\",\"duration\":579028.0589999821,\"time_run\":71751.69999998808,\"time_render\":71737.317,\"time_show\":71787.241,\"time_end\":650815.2999999821,\"time_commit\":650818,\"timestamp\":\"2021-10-15T09:17:58.985Z\",\"time_switch\":650822.098},{\"sender\":\"good bye\",\"sender_type\":\"canvas.Screen\",\"sender_id\":\"8\",\"ended_on\":\"timeout\",\"duration\":4001.9039999999804,\"time_run\":650818.099999994,\"time_render\":650805.591,\"time_show\":650822.098,\"time_end\":654807.291,\"time_commit\":654808.599999994,\"timestamp\":\"2021-10-15T09:18:02.975Z\",\"time_switch\":654824.002},{\"sender\":\"root\",\"sender_type\":\"flow.Sequence\",\"sender_id\":null,\"ended_on\":\"completion\",\"duration\":652750.515,\"time_run\":2059,\"time_render\":1990.058,\"time_show\":2056.776,\"time_end\":654807.291,\"time_commit\":654809.5,\"timestamp\":\"2021-10-15T09:18:02.976Z\",\"time_switch\":654824.002}]",
    "metadata": "{\"slice\":0,\"id\":\"5c997b04-14e8-4f95-9470-7d8d1e5f02f6\",\"payload\":\"full\"}",
    "url": "https://exp01.zih.tu-dresden.de/experiments/raven_task/"
}