{
    "data": "[{\"url\":{},\"meta\":{\"labjs_version\":\"20.1.1\",\"labjs_build\":{\"flavor\":\"production\",\"commit\":\"cd5695f774968f50499757c1423bd95d033ea08e\"},\"location\":\"https://exp01.zih.tu-dresden.de/experiments/spot_a_word_task/\",\"userAgent\":\"Mozilla/5.0 (Windows NT 10.0; Win64; x64) AppleWebKit/537.36 (KHTML, like Gecko) Chrome/94.0.4606.81 Safari/537.36\",\"platform\":\"Win32\",\"language\":\"de-DE\",\"locale\":\"de\",\"timeZone\":\"Europe/Berlin\",\"timezoneOffset\":-120,\"screen_width\":1366,\"screen_height\":768,\"scroll_width\":1275,\"scroll_height\":557,\"window_innerWidth\":1275,\"window_innerHeight\":605,\"devicePixelRatio\":1},\"sender\":\"start_html\",\"sender_type\":\"html.Screen\",\"sender_id\":\"0\",\"ended_on\":\"timeout\",\"duration\":6002.693,\"time_run\":470.39999997615814,\"time_render\":470.565,\"time_show\":487.254,\"time_end\":6473.343,\"time_commit\":6479.0999999940395,\"timestamp\":\"2021-10-15T08:59:52.140Z\",\"time_switch\":6489.947},{\"sender\":\"manual_html\",\"sender_type\":\"html.Screen\",\"sender_id\":\"1\",\"response\":\"space\",\"response_action\":\"keypress(Space)\",\"ended_on\":\"response\",\"duration\":32096.65299999404,\"time_run\":6480.0999999940395,\"time_render\":6473.343,\"time_show\":6489.947,\"time_end\":38586.59999999404,\"time_commit\":38592.59999999404,\"timestamp\":\"2021-10-15T09:00:24.253Z\",\"time_switch\":38603.93},{\"sender\":\"example1_screen\",\"sender_type\":\"canvas.Screen\",\"sender_id\":\"2\",\"response\":\"4\",\"response_action\":\"keypress(4)\",\"correctResponse\":\"4\",\"correct\":true,\"ended_on\":\"response\",\"duration\":4015.5699999999997,\"time_run\":38602.19999998808,\"time_render\":38587.308,\"time_show\":38603.93,\"time_end\":42619.5,\"time_commit\":42624.29999998212,\"timestamp\":\"2021-10-15T09:00:28.285Z\",\"time_switch\":42638.99},{\"sender\":\"example1_feedback\",\"sender_type\":\"canvas.Screen\",\"sender_id\":\"3\",\"response\":\"Space\",\"response_action\":\"keypress(Space)\",\"ended_on\":\"response\",\"duration\":1478.9099999761602,\"time_run\":42630.09999999404,\"time_render\":42622.5,\"time_show\":42638.99,\"time_end\":44117.89999997616,\"time_commit\":44119.09999999404,\"timestamp\":\"2021-10-15T09:00:29.779Z\",\"time_switch\":44139.635},{\"sender\":\"example2_screen\",\"sender_type\":\"canvas.Screen\",\"sender_id\":\"4\",\"response\":\"5\",\"response_action\":\"keypress(5)\",\"correctResponse\":\"5\",\"correct\":true,\"ended_on\":\"response\",\"duration\":3569.4649999940375,\"time_run\":44125.79999998212,\"time_render\":44123.051,\"time_show\":44139.635,\"time_end\":47709.09999999404,\"time_commit\":47710.89999997616,\"timestamp\":\"2021-10-15T09:00:33.371Z\",\"time_switch\":47724.564},{\"sender\":\"example2_feedback\",\"sender_type\":\"canvas.Screen\",\"sender_id\":\"5\",\"response\":\"Space\",\"response_action\":\"keypress(Space)\",\"ended_on\":\"response\",\"duration\":1144.9360000000015,\"time_run\":47715.69999998808,\"time_render\":47707.981,\"time_show\":47724.564,\"time_end\":48869.5,\"time_commit\":48870.59999999404,\"timestamp\":\"2021-10-15T09:00:34.531Z\",\"time_switch\":48891.736},{\"sender\":\"example3_screen\",\"sender_type\":\"canvas.Screen\",\"sender_id\":\"6\",\"response\":\"1\",\"response_action\":\"keypress(1)\",\"correctResponse\":\"1\",\"correct\":true,\"ended_on\":\"response\",\"duration\":1933.8639999940424,\"time_run\":48876.09999999404,\"time_render\":48875.104,\"time_show\":48891.736,\"time_end\":50825.59999999404,\"time_commit\":50826.89999997616,\"timestamp\":\"2021-10-15T09:00:36.487Z\",\"time_switch\":50842.608},{\"sender\":\"example3_feedback\",\"sender_type\":\"canvas.Screen\",\"sender_id\":\"7\",\"response\":\"Space\",\"response_action\":\"keypress(Space)\",\"ended_on\":\"response\",\"duration\":1048.591999988079,\"time_run\":50831.5,\"time_render\":50825.993,\"time_show\":50842.608,\"time_end\":51891.19999998808,\"time_commit\":51892.69999998808,\"timestamp\":\"2021-10-15T09:00:37.553Z\",\"time_switch\":51909.683},{\"sender\":\"get_ready_html\",\"sender_type\":\"html.Screen\",\"sender_id\":\"8\",\"response\":\"space\",\"response_action\":\"keypress(Space)\",\"ended_on\":\"response\",\"duration\":7095.616999982121,\"time_run\":51893.19999998808,\"time_render\":51893.084,\"time_show\":51909.683,\"time_end\":59005.29999998212,\"time_commit\":59006.89999997616,\"timestamp\":\"2021-10-15T09:00:44.667Z\",\"time_switch\":59079.443},{\"sender\":\"trial_screen\",\"sender_type\":\"canvas.Screen\",\"sender_id\":\"9_0\",\"correct\":true,\"trial_ID\":1,\"word1\":\"siziol\",\"word2\":\"salzahl\",\"word3\":\"sozihl\",\"word4\":\"sziam\",\"word5\":\"sozial\",\"response\":\"5\",\"response_action\":\"keypress(5)\",\"correctResponse\":\"5\",\"ended_on\":\"response\",\"duration\":2391.5570000000007,\"time_run\":59071.89999997616,\"time_render\":59062.928,\"time_show\":59079.443,\"time_end\":61471,\"time_commit\":61472.59999999404,\"timestamp\":\"2021-10-15T09:00:47.133Z\",\"time_switch\":61502.9},{\"sender\":\"trial_screen\",\"sender_type\":\"canvas.Screen\",\"sender_id\":\"9_1\",\"correct\":true,\"trial_ID\":2,\"word1\":\"Lamone\",\"word2\":\"Talane\",\"word3\":\"Matrone\",\"word4\":\"Tarone\",\"word5\":\"Malonte\",\"response\":\"3\",\"response_action\":\"keypress(3)\",\"correctResponse\":\"3\",\"ended_on\":\"response\",\"duration\":2416.5999999999985,\"time_run\":61479.5,\"time_render\":61463.857,\"time_show\":61502.9,\"time_end\":63919.5,\"time_commit\":63920.89999997616,\"timestamp\":\"2021-10-15T09:00:49.581Z\",\"time_switch\":63931.59},{\"sender\":\"trial_screen\",\"sender_type\":\"canvas.Screen\",\"sender_id\":\"9_2\",\"correct\":true,\"trial_ID\":3,\"word1\":\"kurinesisch\",\"word2\":\"kulinarisch\",\"word3\":\"kumenisch\",\"word4\":\"kulissarisch\",\"word5\":\"kannastrisch\",\"response\":\"2\",\"response_action\":\"keypress(2)\",\"correctResponse\":\"2\",\"ended_on\":\"response\",\"duration\":2108.1099999880826,\"time_run\":63928.09999999404,\"time_render\":63914.953,\"time_show\":63931.59,\"time_end\":66039.69999998808,\"time_commit\":66044,\"timestamp\":\"2021-10-15T09:00:51.704Z\",\"time_switch\":66082.563},{\"sender\":\"trial_screen\",\"sender_type\":\"canvas.Screen\",\"sender_id\":\"9_3\",\"correct\":true,\"trial_ID\":4,\"word1\":\"Tinxur\",\"word2\":\"Kukutur\",\"word3\":\"Fraktan\",\"word4\":\"Tinktur\",\"word5\":\"Rimsuhr\",\"response\":\"4\",\"response_action\":\"keypress(4)\",\"correctResponse\":\"4\",\"ended_on\":\"response\",\"duration\":2841.6369999880844,\"time_run\":66048.69999998808,\"time_render\":66065.913,\"time_show\":66082.563,\"time_end\":68924.19999998808,\"time_commit\":68925.39999997616,\"timestamp\":\"2021-10-15T09:00:54.586Z\",\"time_switch\":68933.757},{\"sender\":\"trial_screen\",\"sender_type\":\"canvas.Screen\",\"sender_id\":\"9_4\",\"correct\":true,\"trial_ID\":5,\"word1\":\"beralen\",\"word2\":\"ger\u00e4ltet\",\"word3\":\"an\u00e4lteren\",\"word4\":\"unt\u00e4ren\",\"word5\":\"verbr\u00e4men\",\"response\":\"5\",\"response_action\":\"keypress(5)\",\"correctResponse\":\"5\",\"ended_on\":\"response\",\"duration\":4041.9429999880813,\"time_run\":68930.19999998808,\"time_render\":68917.174,\"time_show\":68933.757,\"time_end\":72975.69999998808,\"time_commit\":72976.89999997616,\"timestamp\":\"2021-10-15T09:00:58.637Z\",\"time_switch\":72985.538},{\"sender\":\"trial_screen\",\"sender_type\":\"canvas.Screen\",\"sender_id\":\"9_5\",\"correct\":true,\"trial_ID\":6,\"word1\":\"Rosto\",\"word2\":\"Torso\",\"word3\":\"Soro\",\"word4\":\"Torgos\",\"word5\":\"Tosor\",\"response\":\"2\",\"response_action\":\"keypress(2)\",\"correctResponse\":\"2\",\"ended_on\":\"response\",\"duration\":1836.4619999999995,\"time_run\":72981.39999997616,\"time_render\":72968.945,\"time_show\":72985.538,\"time_end\":74822,\"time_commit\":74823.29999998212,\"timestamp\":\"2021-10-15T09:01:00.484Z\",\"time_switch\":74836.305},{\"sender\":\"trial_screen\",\"sender_type\":\"canvas.Screen\",\"sender_id\":\"9_6\",\"correct\":true,\"trial_ID\":7,\"word1\":\"Redor\",\"word2\":\"Radium\",\"word3\":\"Terion\",\"word4\":\"Dramin\",\"word5\":\"Orakium\",\"response\":\"2\",\"response_action\":\"keypress(2)\",\"correctResponse\":\"2\",\"ended_on\":\"response\",\"duration\":1960.195000000007,\"time_run\":74829.59999999404,\"time_render\":74819.712,\"time_show\":74836.305,\"time_end\":76796.5,\"time_commit\":76797.79999998212,\"timestamp\":\"2021-10-15T09:01:02.458Z\",\"time_switch\":76824.937},{\"sender\":\"trial_screen\",\"sender_type\":\"canvas.Screen\",\"sender_id\":\"9_7\",\"correct\":true,\"trial_ID\":8,\"word1\":\"Nale\",\"word2\":\"Sahe\",\"word3\":\"Nase\",\"word4\":\"Nesa\",\"word5\":\"Sehna\",\"response\":\"3\",\"response_action\":\"keypress(3)\",\"correctResponse\":\"3\",\"ended_on\":\"response\",\"duration\":2458.7629999880737,\"time_run\":76802.39999997616,\"time_render\":76787.247,\"time_show\":76824.937,\"time_end\":79283.69999998808,\"time_commit\":79285.09999999404,\"timestamp\":\"2021-10-15T09:01:04.945Z\",\"time_switch\":79304.933},{\"sender\":\"trial_screen\",\"sender_type\":\"canvas.Screen\",\"sender_id\":\"9_8\",\"correct\":true,\"trial_ID\":9,\"word1\":\"Rilkiase\",\"word2\":\"Kilister\",\"word3\":\"Riliker\",\"word4\":\"Klistier\",\"word5\":\"Linkure\",\"response\":\"4\",\"response_action\":\"keypress(4)\",\"correctResponse\":\"4\",\"ended_on\":\"response\",\"duration\":2303.5669999999955,\"time_run\":79289.89999997616,\"time_render\":79288.328,\"time_show\":79304.933,\"time_end\":81608.5,\"time_commit\":81609.69999998808,\"timestamp\":\"2021-10-15T09:01:07.270Z\",\"time_switch\":81622.545},{\"sender\":\"trial_screen\",\"sender_type\":\"canvas.Screen\",\"sender_id\":\"9_9\",\"correct\":true,\"trial_ID\":10,\"word1\":\"kentern\",\"word2\":\"knerte\",\"word3\":\"kanzen\",\"word4\":\"kretern\",\"word5\":\"trekern\",\"response\":\"1\",\"response_action\":\"keypress(1)\",\"correctResponse\":\"1\",\"ended_on\":\"response\",\"duration\":3287.35499997616,\"time_run\":81615.19999998808,\"time_render\":81605.939,\"time_show\":81622.545,\"time_end\":84909.89999997616,\"time_commit\":84910.89999997616,\"timestamp\":\"2021-10-15T09:01:10.571Z\",\"time_switch\":84923.999},{\"sender\":\"trial_screen\",\"sender_type\":\"canvas.Screen\",\"sender_id\":\"9_10\",\"correct\":true,\"trial_ID\":11,\"word1\":\"Sorekin\",\"word2\":\"Sarowin\",\"word3\":\"Rosakin\",\"word4\":\"Narosin\",\"word5\":\"Kerosin\",\"response\":\"5\",\"response_action\":\"keypress(5)\",\"correctResponse\":\"5\",\"ended_on\":\"response\",\"duration\":2299.400999976162,\"time_run\":84915.59999999404,\"time_render\":84907.45,\"time_show\":84923.999,\"time_end\":87223.39999997616,\"time_commit\":87224.59999999404,\"timestamp\":\"2021-10-15T09:01:12.885Z\",\"time_switch\":87241.766},{\"sender\":\"trial_screen\",\"sender_type\":\"canvas.Screen\",\"sender_id\":\"9_11\",\"correct\":true,\"trial_ID\":12,\"word1\":\"Ralke\",\"word2\":\"Korre\",\"word3\":\"Ruckse\",\"word4\":\"Recke\",\"word5\":\"Ulte\",\"response\":\"4\",\"response_action\":\"keypress(4)\",\"correctResponse\":\"4\",\"ended_on\":\"response\",\"duration\":4758.733999999997,\"time_run\":87229.09999999404,\"time_render\":87225.13,\"time_show\":87241.766,\"time_end\":92000.5,\"time_commit\":92001.59999999404,\"timestamp\":\"2021-10-15T09:01:17.662Z\",\"time_switch\":92010.465},{\"sender\":\"trial_screen\",\"sender_type\":\"canvas.Screen\",\"sender_id\":\"9_12\",\"correct\":true,\"trial_ID\":13,\"word1\":\"Kapaun\",\"word2\":\"Paukan\",\"word3\":\"Naupack\",\"word4\":\"Aupeck\",\"word5\":\"Ankepran\",\"response\":\"1\",\"response_action\":\"keypress(1)\",\"correctResponse\":\"1\",\"ended_on\":\"response\",\"duration\":3101.7349999880826,\"time_run\":92006,\"time_render\":91993.93,\"time_show\":92010.465,\"time_end\":95112.19999998808,\"time_commit\":95113.39999997616,\"timestamp\":\"2021-10-15T09:01:20.774Z\",\"time_switch\":95128.408},{\"sender\":\"trial_screen\",\"sender_type\":\"canvas.Screen\",\"sender_id\":\"9_13\",\"correct\":true,\"trial_ID\":14,\"word1\":\"Dissonanz\",\"word2\":\"Diskrisanz\",\"word3\":\"Distranz\",\"word4\":\"Dinotanz\",\"word5\":\"Sidonenz\",\"response\":\"1\",\"response_action\":\"keypress(1)\",\"correctResponse\":\"1\",\"ended_on\":\"response\",\"duration\":4827.291999988083,\"time_run\":95120.29999998212,\"time_render\":95111.889,\"time_show\":95128.408,\"time_end\":99955.69999998808,\"time_commit\":99956.79999998212,\"timestamp\":\"2021-10-15T09:01:25.617Z\",\"time_switch\":99980.663},{\"sender\":\"trial_screen\",\"sender_type\":\"canvas.Screen\",\"sender_id\":\"9_14\",\"correct\":true,\"trial_ID\":15,\"word1\":\"Kirse\",\"word2\":\"Sirke\",\"word3\":\"Krise\",\"word4\":\"Krospe\",\"word5\":\"Seris\",\"response\":\"3\",\"response_action\":\"keypress(3)\",\"correctResponse\":\"3\",\"ended_on\":\"response\",\"duration\":3538.5369999880786,\"time_run\":99967.5,\"time_render\":99964.062,\"time_show\":99980.663,\"time_end\":103519.19999998808,\"time_commit\":103520.29999998212,\"timestamp\":\"2021-10-15T09:01:29.181Z\",\"time_switch\":103532.075},{\"sender\":\"trial_screen\",\"sender_type\":\"canvas.Screen\",\"sender_id\":\"9_15\",\"correct\":true,\"trial_ID\":16,\"word1\":\"Tume\",\"word2\":\"Umat\",\"word3\":\"Maut\",\"word4\":\"Taum\",\"word5\":\"Muta\",\"response\":\"3\",\"response_action\":\"keypress(3)\",\"correctResponse\":\"3\",\"ended_on\":\"response\",\"duration\":3153.7249999821215,\"time_run\":103524.5,\"time_render\":103515.547,\"time_show\":103532.075,\"time_end\":106685.79999998212,\"time_commit\":106687,\"timestamp\":\"2021-10-15T09:01:32.347Z\",\"time_switch\":106700.191},{\"sender\":\"trial_screen\",\"sender_type\":\"canvas.Screen\",\"sender_id\":\"9_16\",\"correct\":true,\"trial_ID\":17,\"word1\":\"Tuhl\",\"word2\":\"Lar\",\"word3\":\"Lest\",\"word4\":\"Dall\",\"word5\":\"Lid\",\"response\":\"5\",\"response_action\":\"keypress(5)\",\"correctResponse\":\"5\",\"ended_on\":\"response\",\"duration\":4120.708999976152,\"time_run\":106691.29999998212,\"time_render\":106683.56,\"time_show\":106700.191,\"time_end\":110820.89999997616,\"time_commit\":110822,\"timestamp\":\"2021-10-15T09:01:36.482Z\",\"time_switch\":110835.278},{\"sender\":\"trial_screen\",\"sender_type\":\"canvas.Screen\",\"sender_id\":\"9_17\",\"correct\":false,\"trial_ID\":18,\"word1\":\"Adept\",\"word2\":\"Padet\",\"word3\":\"Edapt\",\"word4\":\"Epatt\",\"word5\":\"Taped\",\"response\":\"5\",\"response_action\":\"keypress(5)\",\"correctResponse\":\"1\",\"ended_on\":\"response\",\"duration\":9840.521999982113,\"time_run\":110826.79999998212,\"time_render\":110818.695,\"time_show\":110835.278,\"time_end\":120675.79999998212,\"time_commit\":120677.09999999404,\"timestamp\":\"2021-10-15T09:01:46.337Z\",\"time_switch\":120689.555},{\"sender\":\"trial_screen\",\"sender_type\":\"canvas.Screen\",\"sender_id\":\"9_18\",\"correct\":true,\"trial_ID\":19,\"word1\":\"Spirine\",\"word2\":\"Saprin\",\"word3\":\"Parsin\",\"word4\":\"Purin\",\"word5\":\"Asprint\",\"response\":\"4\",\"response_action\":\"keypress(4)\",\"correctResponse\":\"4\",\"ended_on\":\"response\",\"duration\":1903.945000000007,\"time_run\":120682,\"time_render\":120672.952,\"time_show\":120689.555,\"time_end\":122593.5,\"time_commit\":122594.69999998808,\"timestamp\":\"2021-10-15T09:01:48.255Z\",\"time_switch\":122607.042},{\"sender\":\"trial_screen\",\"sender_type\":\"canvas.Screen\",\"sender_id\":\"9_19\",\"correct\":true,\"trial_ID\":20,\"word1\":\"Kulon\",\"word2\":\"Solgun\",\"word3\":\"Koskan\",\"word4\":\"Soran\",\"word5\":\"Klonus\",\"response\":\"5\",\"response_action\":\"keypress(5)\",\"correctResponse\":\"5\",\"ended_on\":\"response\",\"duration\":4907.557999994038,\"time_run\":122599,\"time_render\":122590.476,\"time_show\":122607.042,\"time_end\":127514.59999999404,\"time_commit\":127515.69999998808,\"timestamp\":\"2021-10-15T09:01:53.176Z\",\"time_switch\":127525.864},{\"sender\":\"trial_screen\",\"sender_type\":\"canvas.Screen\",\"sender_id\":\"9_20\",\"correct\":true,\"trial_ID\":21,\"word1\":\"Tronke\",\"word2\":\"Nocktherm\",\"word3\":\"Teronk\",\"word4\":\"Komtur\",\"word5\":\"Rocktur\",\"response\":\"4\",\"response_action\":\"keypress(4)\",\"correctResponse\":\"4\",\"ended_on\":\"response\",\"duration\":4020.435999982117,\"time_run\":127519.79999998212,\"time_render\":127509.267,\"time_show\":127525.864,\"time_end\":131546.29999998212,\"time_commit\":131547.5,\"timestamp\":\"2021-10-15T09:01:57.207Z\",\"time_switch\":131560.989},{\"sender\":\"trial_screen\",\"sender_type\":\"canvas.Screen\",\"sender_id\":\"9_21\",\"correct\":true,\"trial_ID\":22,\"word1\":\"Ripat\",\"word2\":\"Patinatte\",\"word3\":\"Tapir\",\"word4\":\"Apitt\",\"word5\":\"Padir\",\"response\":\"3\",\"response_action\":\"keypress(3)\",\"correctResponse\":\"3\",\"ended_on\":\"response\",\"duration\":2021.3109999821172,\"time_run\":131551.79999998212,\"time_render\":131544.395,\"time_show\":131560.989,\"time_end\":133582.29999998212,\"time_commit\":133583.5,\"timestamp\":\"2021-10-15T09:01:59.243Z\",\"time_switch\":133595.163},{\"sender\":\"trial_screen\",\"sender_type\":\"canvas.Screen\",\"sender_id\":\"9_22\",\"correct\":true,\"trial_ID\":23,\"word1\":\"Akifer\",\"word2\":\"Fiaker\",\"word3\":\"Kiaffa\",\"word4\":\"Sariffer\",\"word5\":\"Refisker\",\"response\":\"2\",\"response_action\":\"keypress(2)\",\"correctResponse\":\"2\",\"ended_on\":\"response\",\"duration\":1828.1369999821181,\"time_run\":133587.79999998212,\"time_render\":133578.582,\"time_show\":133595.163,\"time_end\":135423.29999998212,\"time_commit\":135424.39999997616,\"timestamp\":\"2021-10-15T09:02:01.084Z\",\"time_switch\":135445.987},{\"sender\":\"trial_screen\",\"sender_type\":\"canvas.Screen\",\"sender_id\":\"9_23\",\"correct\":true,\"trial_ID\":24,\"word1\":\"Kleiber\",\"word2\":\"Beikel\",\"word3\":\"Keibel\",\"word4\":\"Reikler\",\"word5\":\"Biekerl\",\"response\":\"1\",\"response_action\":\"keypress(1)\",\"correctResponse\":\"1\",\"ended_on\":\"response\",\"duration\":1918.5130000000063,\"time_run\":135431.29999998212,\"time_render\":135429.375,\"time_show\":135445.987,\"time_end\":137364.5,\"time_commit\":137365.69999998808,\"timestamp\":\"2021-10-15T09:02:03.026Z\",\"time_switch\":137380.13},{\"sender\":\"trial_screen\",\"sender_type\":\"canvas.Screen\",\"sender_id\":\"9_24\",\"correct\":true,\"trial_ID\":25,\"word1\":\"Ig\u00e4de\",\"word2\":\"D\u00e4gie\",\"word3\":\"\u00c4gide\",\"word4\":\"Dig\u00e4de\",\"word5\":\"Giad\",\"response\":\"3\",\"response_action\":\"keypress(3)\",\"correctResponse\":\"3\",\"ended_on\":\"response\",\"duration\":2616.2699999761535,\"time_run\":137372.69999998808,\"time_render\":137363.569,\"time_show\":137380.13,\"time_end\":139996.39999997616,\"time_commit\":139997.59999999404,\"timestamp\":\"2021-10-15T09:02:05.657Z\",\"time_switch\":140014.732},{\"sender\":\"trial_screen\",\"sender_type\":\"canvas.Screen\",\"sender_id\":\"9_25\",\"correct\":true,\"trial_ID\":26,\"word1\":\"Rixal\",\"word2\":\"Irtax\",\"word3\":\"Rackizie\",\"word4\":\"Matrix\",\"word5\":\"Atrige\",\"response\":\"4\",\"response_action\":\"keypress(4)\",\"correctResponse\":\"4\",\"ended_on\":\"response\",\"duration\":1947.768000000011,\"time_run\":140001.5,\"time_render\":139998.027,\"time_show\":140014.732,\"time_end\":141962.5,\"time_commit\":141963.69999998808,\"timestamp\":\"2021-10-15T09:02:07.624Z\",\"time_switch\":141982.135},{\"sender\":\"trial_screen\",\"sender_type\":\"canvas.Screen\",\"sender_id\":\"9_26\",\"correct\":true,\"trial_ID\":27,\"word1\":\"Haskisch\",\"word2\":\"Asmisch\",\"word3\":\"Schisma\",\"word4\":\"Rasthmie\",\"word5\":\"Ilschah\",\"response\":\"3\",\"response_action\":\"keypress(3)\",\"correctResponse\":\"3\",\"ended_on\":\"response\",\"duration\":3815.5649999880698,\"time_run\":141968.39999997616,\"time_render\":141965.525,\"time_show\":141982.135,\"time_end\":145797.69999998808,\"time_commit\":145798.79999998212,\"timestamp\":\"2021-10-15T09:02:11.459Z\",\"time_switch\":145817.217},{\"sender\":\"trial_screen\",\"sender_type\":\"canvas.Screen\",\"sender_id\":\"9_27\",\"correct\":true,\"trial_ID\":28,\"word1\":\"Sallose\",\"word2\":\"Lordose\",\"word3\":\"Dormase\",\"word4\":\"Rollase\",\"word5\":\"Ardierole\",\"response\":\"2\",\"response_action\":\"keypress(2)\",\"correctResponse\":\"2\",\"ended_on\":\"response\",\"duration\":3113.0829999821144,\"time_run\":145803.19999998808,\"time_render\":145800.62,\"time_show\":145817.217,\"time_end\":148930.29999998212,\"time_commit\":148931.59999999404,\"timestamp\":\"2021-10-15T09:02:14.591Z\",\"time_switch\":148951.927},{\"sender\":\"trial_screen\",\"sender_type\":\"canvas.Screen\",\"sender_id\":\"9_28\",\"correct\":true,\"trial_ID\":29,\"word1\":\"Intranotion\",\"word2\":\"Infranatura\",\"word3\":\"Internodium\",\"word4\":\"Indotalie\",\"word5\":\"Indosta\",\"response\":\"3\",\"response_action\":\"keypress(3)\",\"correctResponse\":\"3\",\"ended_on\":\"response\",\"duration\":3381.073000000004,\"time_run\":148935.89999997616,\"time_render\":148935.291,\"time_show\":148951.927,\"time_end\":152333,\"time_commit\":152334,\"timestamp\":\"2021-10-15T09:02:17.994Z\",\"time_switch\":152353.405},{\"sender\":\"trial_screen\",\"sender_type\":\"canvas.Screen\",\"sender_id\":\"9_29\",\"correct\":true,\"trial_ID\":30,\"word1\":\"Idaste\",\"word2\":\"Dastrix\",\"word3\":\"Astike\",\"word4\":\"Sadile\",\"word5\":\"Kasside\",\"response\":\"5\",\"response_action\":\"keypress(5)\",\"correctResponse\":\"5\",\"ended_on\":\"response\",\"duration\":5387.595000000001,\"time_run\":152338.5,\"time_render\":152336.714,\"time_show\":152353.405,\"time_end\":157741,\"time_commit\":157742.19999998808,\"timestamp\":\"2021-10-15T09:02:23.402Z\",\"time_switch\":157755.709},{\"sender\":\"trial_screen\",\"sender_type\":\"canvas.Screen\",\"sender_id\":\"9_30\",\"correct\":true,\"trial_ID\":31,\"word1\":\"Libration\",\"word2\":\"Bilation\",\"word3\":\"Arlation\",\"word4\":\"Iberation\",\"word5\":\"Tiradon\",\"response\":\"1\",\"response_action\":\"keypress(1)\",\"correctResponse\":\"1\",\"ended_on\":\"response\",\"duration\":4153.290999999997,\"time_run\":157746.59999999404,\"time_render\":157739.096,\"time_show\":157755.709,\"time_end\":161909,\"time_commit\":161910.19999998808,\"timestamp\":\"2021-10-15T09:02:27.570Z\",\"time_switch\":161940.759},{\"sender\":\"trial_screen\",\"sender_type\":\"canvas.Screen\",\"sender_id\":\"9_31\",\"correct\":true,\"trial_ID\":32,\"word1\":\"Pucker\",\"word2\":\"Keuper\",\"word3\":\"Eucker\",\"word4\":\"Reuspeck\",\"word5\":\"Urkane\",\"response\":\"2\",\"response_action\":\"keypress(2)\",\"correctResponse\":\"2\",\"ended_on\":\"response\",\"duration\":3021.140999976167,\"time_run\":161920.5,\"time_render\":161907.52,\"time_show\":161940.759,\"time_end\":164961.89999997616,\"time_commit\":164963,\"timestamp\":\"2021-10-15T09:02:30.623Z\",\"time_switch\":164975.474},{\"sender\":\"trial_screen\",\"sender_type\":\"canvas.Screen\",\"sender_id\":\"9_32\",\"correct\":false,\"trial_ID\":33,\"word1\":\"Sickaber\",\"word2\":\"Bassiker\",\"word3\":\"Kassiber\",\"word4\":\"Sassiker\",\"word5\":\"Askiber\",\"response\":\"5\",\"response_action\":\"keypress(5)\",\"correctResponse\":\"3\",\"ended_on\":\"response\",\"duration\":8641.526000000013,\"time_run\":164967.69999998808,\"time_render\":164958.899,\"time_show\":164975.474,\"time_end\":173617,\"time_commit\":173618.19999998808,\"timestamp\":\"2021-10-15T09:02:39.278Z\",\"time_switch\":173629.25},{\"sender\":\"trial_screen\",\"sender_type\":\"canvas.Screen\",\"sender_id\":\"9_33\",\"correct\":true,\"trial_ID\":34,\"word1\":\"Alquallon\",\"word2\":\"Lisqualien\",\"word3\":\"Talquallen\",\"word4\":\"Quisquilien\",\"word5\":\"Rielquellen\",\"response\":\"4\",\"response_action\":\"keypress(4)\",\"correctResponse\":\"4\",\"ended_on\":\"response\",\"duration\":8346.649999976158,\"time_run\":173622.5,\"time_render\":173612.694,\"time_show\":173629.25,\"time_end\":181975.89999997616,\"time_commit\":181977,\"timestamp\":\"2021-10-15T09:02:47.637Z\",\"time_switch\":181982.874},{\"sender\":\"trial_screen\",\"sender_type\":\"canvas.Screen\",\"sender_id\":\"9_34\",\"correct\":true,\"trial_ID\":35,\"word1\":\"Berkiza\",\"word2\":\"Brekzie\",\"word3\":\"Birakzie\",\"word4\":\"Brikazie\",\"word5\":\"Bakiria\",\"response\":\"2\",\"response_action\":\"keypress(2)\",\"correctResponse\":\"2\",\"ended_on\":\"response\",\"duration\":5959.525999976147,\"time_run\":181981.19999998808,\"time_render\":181966.307,\"time_show\":181982.874,\"time_end\":187942.39999997616,\"time_commit\":187943.59999999404,\"timestamp\":\"2021-10-15T09:02:53.604Z\",\"time_switch\":187952.132},{\"sender\":\"loop_trial\",\"sender_type\":\"flow.Loop\",\"sender_id\":\"9\",\"ended_on\":\"completion\",\"duration\":128862.95699997616,\"time_run\":59069.69999998808,\"time_render\":59062.928,\"time_show\":59079.443,\"time_end\":187942.39999997616,\"time_commit\":187948.29999998212,\"timestamp\":\"2021-10-15T09:02:53.608Z\",\"time_switch\":187952.132},{\"sender\":\"end_html\",\"sender_type\":\"html.Screen\",\"sender_id\":\"10\",\"ended_on\":\"timeout\",\"duration\":6002.689999999973,\"time_run\":187948.69999998808,\"time_render\":187935.568,\"time_show\":187952.132,\"time_end\":193938.136,\"time_commit\":193943.29999998212,\"timestamp\":\"2021-10-15T09:02:59.603Z\",\"time_switch\":193954.822},{\"sender\":\"root\",\"sender_type\":\"flow.Sequence\",\"sender_id\":null,\"ended_on\":\"completion\",\"duration\":193450.882,\"time_run\":469.89999997615814,\"time_render\":470.565,\"time_show\":487.254,\"time_end\":193938.136,\"time_commit\":193944.19999998808,\"timestamp\":\"2021-10-15T09:02:59.604Z\",\"time_switch\":193954.822}]",
    "metadata": "{\"slice\":0,\"id\":\"549de798-867a-4bfb-b087-8212e4edda4c\",\"payload\":\"full\"}",
    "url": "https://exp01.zih.tu-dresden.de/experiments/spot_a_word_task/"
}