{
    "data": "[{\"url\":{},\"meta\":{\"labjs_version\":\"20.1.1\",\"labjs_build\":{\"flavor\":\"production\",\"commit\":\"cd5695f774968f50499757c1423bd95d033ea08e\"},\"location\":\"https://exp02.zih.tu-dresden.de/experiments/spot_a_word_task/\",\"userAgent\":\"Mozilla/5.0 (Windows NT 10.0; Win64; x64) AppleWebKit/537.36 (KHTML, like Gecko) Chrome/92.0.4515.107 Safari/537.36\",\"platform\":\"Win32\",\"language\":\"de-DE\",\"locale\":\"de\",\"timeZone\":\"Europe/Berlin\",\"timezoneOffset\":-120,\"screen_width\":1536,\"screen_height\":864,\"scroll_width\":1536,\"scroll_height\":706,\"window_innerWidth\":1536,\"window_innerHeight\":754,\"devicePixelRatio\":1.25},\"sender\":\"start_html\",\"sender_type\":\"html.Screen\",\"sender_id\":\"0\",\"response\":\"keypress\",\"response_action\":\"keypress\",\"ended_on\":\"response\",\"duration\":4990.079,\"time_run\":1350.800000011921,\"time_render\":1351.238,\"time_show\":1367.921,\"time_end\":6358,\"time_commit\":6362.600000023842,\"timestamp\":\"2021-08-04T20:45:25.524Z\",\"time_switch\":6367.407},{\"sender\":\"manual_html\",\"sender_type\":\"html.Screen\",\"sender_id\":\"1\",\"response\":\"space\",\"response_action\":\"keypress(Space)\",\"ended_on\":\"response\",\"duration\":39822.19300002384,\"time_run\":6363.400000035763,\"time_render\":6351.196,\"time_show\":6367.407,\"time_end\":46189.60000002384,\"time_commit\":46193.10000002384,\"timestamp\":\"2021-08-04T20:46:05.351Z\",\"time_switch\":46211.793},{\"sender\":\"example1_screen\",\"sender_type\":\"canvas.Screen\",\"sender_id\":\"2\",\"response\":\"4\",\"response_action\":\"keypress(4)\",\"correctResponse\":\"4\",\"correct\":true,\"ended_on\":\"response\",\"duration\":2667.707000000002,\"time_run\":46201,\"time_render\":46199.569,\"time_show\":46211.793,\"time_end\":48879.5,\"time_commit\":48880.700000047684,\"timestamp\":\"2021-08-04T20:46:08.039Z\",\"time_switch\":48894.66},{\"sender\":\"example1_feedback\",\"sender_type\":\"canvas.Screen\",\"sender_id\":\"3\",\"response\":\"Space\",\"response_action\":\"keypress(Space)\",\"ended_on\":\"response\",\"duration\":3371.54000004768,\"time_run\":48885.60000002384,\"time_render\":48878.671,\"time_show\":48894.66,\"time_end\":52266.200000047684,\"time_commit\":52267.30000001192,\"timestamp\":\"2021-08-04T20:46:11.425Z\",\"time_switch\":52277.767},{\"sender\":\"example2_screen\",\"sender_type\":\"canvas.Screen\",\"sender_id\":\"4\",\"response\":\"5\",\"response_action\":\"keypress(5)\",\"correctResponse\":\"5\",\"correct\":true,\"ended_on\":\"response\",\"duration\":2730.533000011921,\"time_run\":52272,\"time_render\":52261.239,\"time_show\":52277.767,\"time_end\":55008.30000001192,\"time_commit\":55009.90000003576,\"timestamp\":\"2021-08-04T20:46:14.168Z\",\"time_switch\":55027.111},{\"sender\":\"example2_feedback\",\"sender_type\":\"canvas.Screen\",\"sender_id\":\"5\",\"response\":\"Space\",\"response_action\":\"keypress(Space)\",\"ended_on\":\"response\",\"duration\":1029.4890000238447,\"time_run\":55013.5,\"time_render\":55011.211,\"time_show\":55027.111,\"time_end\":56056.60000002384,\"time_commit\":56057.5,\"timestamp\":\"2021-08-04T20:46:15.215Z\",\"time_switch\":56076.999},{\"sender\":\"example3_screen\",\"sender_type\":\"canvas.Screen\",\"sender_id\":\"6\",\"response\":\"1\",\"response_action\":\"keypress(1)\",\"correctResponse\":\"1\",\"correct\":true,\"ended_on\":\"response\",\"duration\":2102.7010000476803,\"time_run\":56062.200000047684,\"time_render\":56060.517,\"time_show\":56076.999,\"time_end\":58179.700000047684,\"time_commit\":58180.5,\"timestamp\":\"2021-08-04T20:46:17.338Z\",\"time_switch\":58193.341},{\"sender\":\"example3_feedback\",\"sender_type\":\"canvas.Screen\",\"sender_id\":\"7\",\"response\":\"Space\",\"response_action\":\"keypress(Space)\",\"ended_on\":\"response\",\"duration\":803.1589999999997,\"time_run\":58184.700000047684,\"time_render\":58177.362,\"time_show\":58193.341,\"time_end\":58996.5,\"time_commit\":58997.700000047684,\"timestamp\":\"2021-08-04T20:46:18.156Z\",\"time_switch\":59009.957},{\"sender\":\"get_ready_html\",\"sender_type\":\"html.Screen\",\"sender_id\":\"8\",\"response\":\"space\",\"response_action\":\"keypress(Space)\",\"ended_on\":\"response\",\"duration\":3607.542999999998,\"time_run\":58998.10000002384,\"time_render\":58993.405,\"time_show\":59009.957,\"time_end\":62617.5,\"time_commit\":62618.90000003576,\"timestamp\":\"2021-08-04T20:46:21.777Z\",\"time_switch\":62692.761},{\"sender\":\"trial_screen\",\"sender_type\":\"canvas.Screen\",\"sender_id\":\"9_0\",\"correct\":true,\"trial_ID\":1,\"word1\":\"siziol\",\"word2\":\"salzahl\",\"word3\":\"sozihl\",\"word4\":\"sziam\",\"word5\":\"sozial\",\"response\":\"5\",\"response_action\":\"keypress(5)\",\"correctResponse\":\"5\",\"ended_on\":\"response\",\"duration\":2929.939000047685,\"time_run\":62682,\"time_render\":62676.47,\"time_show\":62692.761,\"time_end\":65622.70000004768,\"time_commit\":65623.90000003576,\"timestamp\":\"2021-08-04T20:46:24.782Z\",\"time_switch\":65642.351},{\"sender\":\"trial_screen\",\"sender_type\":\"canvas.Screen\",\"sender_id\":\"9_1\",\"correct\":true,\"trial_ID\":2,\"word1\":\"Lamone\",\"word2\":\"Talane\",\"word3\":\"Matrone\",\"word4\":\"Tarone\",\"word5\":\"Malonte\",\"response\":\"3\",\"response_action\":\"keypress(3)\",\"correctResponse\":\"3\",\"ended_on\":\"response\",\"duration\":2535.0490000357677,\"time_run\":65629,\"time_render\":65626.426,\"time_show\":65642.351,\"time_end\":68177.40000003576,\"time_commit\":68178.40000003576,\"timestamp\":\"2021-08-04T20:46:27.336Z\",\"time_switch\":68191.951},{\"sender\":\"trial_screen\",\"sender_type\":\"canvas.Screen\",\"sender_id\":\"9_2\",\"correct\":true,\"trial_ID\":3,\"word1\":\"kurinesisch\",\"word2\":\"kulinarisch\",\"word3\":\"kumenisch\",\"word4\":\"kulissarisch\",\"word5\":\"kannastrisch\",\"response\":\"2\",\"response_action\":\"keypress(2)\",\"correctResponse\":\"2\",\"ended_on\":\"response\",\"duration\":2085.048999999999,\"time_run\":68183.90000003576,\"time_render\":68176.055,\"time_show\":68191.951,\"time_end\":70277,\"time_commit\":70278.30000001192,\"timestamp\":\"2021-08-04T20:46:29.436Z\",\"time_switch\":70291.698},{\"sender\":\"trial_screen\",\"sender_type\":\"canvas.Screen\",\"sender_id\":\"9_3\",\"correct\":true,\"trial_ID\":4,\"word1\":\"Tinxur\",\"word2\":\"Kukutur\",\"word3\":\"Fraktan\",\"word4\":\"Tinktur\",\"word5\":\"Rimsuhr\",\"response\":\"4\",\"response_action\":\"keypress(4)\",\"correctResponse\":\"4\",\"ended_on\":\"response\",\"duration\":2415.902000023838,\"time_run\":70281.20000004768,\"time_render\":70275.349,\"time_show\":70291.698,\"time_end\":72707.60000002384,\"time_commit\":72708.60000002384,\"timestamp\":\"2021-08-04T20:46:31.867Z\",\"time_switch\":72724.71},{\"sender\":\"trial_screen\",\"sender_type\":\"canvas.Screen\",\"sender_id\":\"9_4\",\"correct\":true,\"trial_ID\":5,\"word1\":\"beralen\",\"word2\":\"ger\u00e4ltet\",\"word3\":\"an\u00e4lteren\",\"word4\":\"unt\u00e4ren\",\"word5\":\"verbr\u00e4men\",\"response\":\"5\",\"response_action\":\"keypress(5)\",\"correctResponse\":\"5\",\"ended_on\":\"response\",\"duration\":4862.289999999994,\"time_run\":72711.70000004768,\"time_render\":72708.485,\"time_show\":72724.71,\"time_end\":77587,\"time_commit\":77587.90000003576,\"timestamp\":\"2021-08-04T20:46:36.746Z\",\"time_switch\":77607.383},{\"sender\":\"trial_screen\",\"sender_type\":\"canvas.Screen\",\"sender_id\":\"9_5\",\"correct\":true,\"trial_ID\":6,\"word1\":\"Rosto\",\"word2\":\"Torso\",\"word3\":\"Soro\",\"word4\":\"Torgos\",\"word5\":\"Tosor\",\"response\":\"2\",\"response_action\":\"keypress(2)\",\"correctResponse\":\"2\",\"ended_on\":\"response\",\"duration\":2691.317000047682,\"time_run\":77590.80000001192,\"time_render\":77591.208,\"time_show\":77607.383,\"time_end\":80298.70000004768,\"time_commit\":80299.70000004768,\"timestamp\":\"2021-08-04T20:46:39.458Z\",\"time_switch\":80306.992},{\"sender\":\"trial_screen\",\"sender_type\":\"canvas.Screen\",\"sender_id\":\"9_6\",\"correct\":true,\"trial_ID\":7,\"word1\":\"Redor\",\"word2\":\"Radium\",\"word3\":\"Terion\",\"word4\":\"Dramin\",\"word5\":\"Orakium\",\"response\":\"2\",\"response_action\":\"keypress(2)\",\"correctResponse\":\"2\",\"ended_on\":\"response\",\"duration\":1703.6080000238435,\"time_run\":80304.5,\"time_render\":80291.241,\"time_show\":80306.992,\"time_end\":82010.60000002384,\"time_commit\":82011.60000002384,\"timestamp\":\"2021-08-04T20:46:41.170Z\",\"time_switch\":82023.424},{\"sender\":\"trial_screen\",\"sender_type\":\"canvas.Screen\",\"sender_id\":\"9_7\",\"correct\":true,\"trial_ID\":8,\"word1\":\"Nale\",\"word2\":\"Sahe\",\"word3\":\"Nase\",\"word4\":\"Nesa\",\"word5\":\"Sehna\",\"response\":\"3\",\"response_action\":\"keypress(3)\",\"correctResponse\":\"3\",\"ended_on\":\"response\",\"duration\":2974.576000000001,\"time_run\":82014.5,\"time_render\":82006.974,\"time_show\":82023.424,\"time_end\":84998,\"time_commit\":84998.80000001192,\"timestamp\":\"2021-08-04T20:46:44.157Z\",\"time_switch\":85006.363},{\"sender\":\"trial_screen\",\"sender_type\":\"canvas.Screen\",\"sender_id\":\"9_8\",\"correct\":false,\"trial_ID\":9,\"word1\":\"Rilkiase\",\"word2\":\"Kilister\",\"word3\":\"Riliker\",\"word4\":\"Klistier\",\"word5\":\"Linkure\",\"response\":\"2\",\"response_action\":\"keypress(2)\",\"correctResponse\":\"4\",\"ended_on\":\"response\",\"duration\":8291.937000011923,\"time_run\":85001.70000004768,\"time_render\":84990.43,\"time_show\":85006.363,\"time_end\":93298.30000001192,\"time_commit\":93299.20000004768,\"timestamp\":\"2021-08-04T20:46:52.457Z\",\"time_switch\":93305.234},{\"sender\":\"trial_screen\",\"sender_type\":\"canvas.Screen\",\"sender_id\":\"9_9\",\"correct\":true,\"trial_ID\":10,\"word1\":\"kentern\",\"word2\":\"knerte\",\"word3\":\"kanzen\",\"word4\":\"kretern\",\"word5\":\"trekern\",\"response\":\"1\",\"response_action\":\"keypress(1)\",\"correctResponse\":\"1\",\"ended_on\":\"response\",\"duration\":5349.666000035766,\"time_run\":93302.10000002384,\"time_render\":93289.782,\"time_show\":93305.234,\"time_end\":98654.90000003576,\"time_commit\":98655.80000001192,\"timestamp\":\"2021-08-04T20:46:57.814Z\",\"time_switch\":98671.727},{\"sender\":\"trial_screen\",\"sender_type\":\"canvas.Screen\",\"sender_id\":\"9_10\",\"correct\":true,\"trial_ID\":11,\"word1\":\"Sorekin\",\"word2\":\"Sarowin\",\"word3\":\"Rosakin\",\"word4\":\"Narosin\",\"word5\":\"Kerosin\",\"response\":\"5\",\"response_action\":\"keypress(5)\",\"correctResponse\":\"5\",\"ended_on\":\"response\",\"duration\":2837.373000023843,\"time_run\":98659,\"time_render\":98655.055,\"time_show\":98671.727,\"time_end\":101509.10000002384,\"time_commit\":101510,\"timestamp\":\"2021-08-04T20:47:00.668Z\",\"time_switch\":101520.708},{\"sender\":\"trial_screen\",\"sender_type\":\"canvas.Screen\",\"sender_id\":\"9_11\",\"correct\":true,\"trial_ID\":12,\"word1\":\"Ralke\",\"word2\":\"Korre\",\"word3\":\"Ruckse\",\"word4\":\"Recke\",\"word5\":\"Ulte\",\"response\":\"4\",\"response_action\":\"keypress(4)\",\"correctResponse\":\"4\",\"ended_on\":\"response\",\"duration\":6889.892000023843,\"time_run\":101513,\"time_render\":101504.412,\"time_show\":101520.708,\"time_end\":108410.60000002384,\"time_commit\":108411.80000001192,\"timestamp\":\"2021-08-04T20:47:07.568Z\",\"time_switch\":108419.766},{\"sender\":\"trial_screen\",\"sender_type\":\"canvas.Screen\",\"sender_id\":\"9_12\",\"correct\":true,\"trial_ID\":13,\"word1\":\"Kapaun\",\"word2\":\"Paukan\",\"word3\":\"Naupack\",\"word4\":\"Aupeck\",\"word5\":\"Ankepran\",\"response\":\"1\",\"response_action\":\"keypress(1)\",\"correctResponse\":\"1\",\"ended_on\":\"response\",\"duration\":5074.334000023839,\"time_run\":108414.5,\"time_render\":108404.326,\"time_show\":108419.766,\"time_end\":113494.10000002384,\"time_commit\":113495.10000002384,\"timestamp\":\"2021-08-04T20:47:12.651Z\",\"time_switch\":113502.395},{\"sender\":\"trial_screen\",\"sender_type\":\"canvas.Screen\",\"sender_id\":\"9_13\",\"correct\":true,\"trial_ID\":14,\"word1\":\"Dissonanz\",\"word2\":\"Diskrisanz\",\"word3\":\"Distranz\",\"word4\":\"Dinotanz\",\"word5\":\"Sidonenz\",\"response\":\"1\",\"response_action\":\"keypress(1)\",\"correctResponse\":\"1\",\"ended_on\":\"response\",\"duration\":1179.2050000238378,\"time_run\":113499.40000003576,\"time_render\":113486.887,\"time_show\":113502.395,\"time_end\":114681.60000002384,\"time_commit\":114682.5,\"timestamp\":\"2021-08-04T20:47:13.838Z\",\"time_switch\":114702.241},{\"sender\":\"trial_screen\",\"sender_type\":\"canvas.Screen\",\"sender_id\":\"9_14\",\"correct\":true,\"trial_ID\":15,\"word1\":\"Kirse\",\"word2\":\"Sirke\",\"word3\":\"Krise\",\"word4\":\"Krospe\",\"word5\":\"Seris\",\"response\":\"3\",\"response_action\":\"keypress(3)\",\"correctResponse\":\"3\",\"ended_on\":\"response\",\"duration\":2715.8590000238473,\"time_run\":114685.60000002384,\"time_render\":114686.139,\"time_show\":114702.241,\"time_end\":117418.10000002384,\"time_commit\":117418.90000003576,\"timestamp\":\"2021-08-04T20:47:16.575Z\",\"time_switch\":117435.183},{\"sender\":\"trial_screen\",\"sender_type\":\"canvas.Screen\",\"sender_id\":\"9_15\",\"correct\":true,\"trial_ID\":16,\"word1\":\"Tume\",\"word2\":\"Umat\",\"word3\":\"Maut\",\"word4\":\"Taum\",\"word5\":\"Muta\",\"response\":\"3\",\"response_action\":\"keypress(3)\",\"correctResponse\":\"3\",\"ended_on\":\"response\",\"duration\":2007.6170000119164,\"time_run\":117422,\"time_render\":117419.258,\"time_show\":117435.183,\"time_end\":119442.80000001192,\"time_commit\":119443.70000004768,\"timestamp\":\"2021-08-04T20:47:18.600Z\",\"time_switch\":119451.546},{\"sender\":\"trial_screen\",\"sender_type\":\"canvas.Screen\",\"sender_id\":\"9_16\",\"correct\":true,\"trial_ID\":17,\"word1\":\"Tuhl\",\"word2\":\"Lar\",\"word3\":\"Lest\",\"word4\":\"Dall\",\"word5\":\"Lid\",\"response\":\"5\",\"response_action\":\"keypress(5)\",\"correctResponse\":\"5\",\"ended_on\":\"response\",\"duration\":4476.953999999998,\"time_run\":119446.30000001192,\"time_render\":119435.578,\"time_show\":119451.546,\"time_end\":123928.5,\"time_commit\":123929.30000001192,\"timestamp\":\"2021-08-04T20:47:23.085Z\",\"time_switch\":123934.276},{\"sender\":\"trial_screen\",\"sender_type\":\"canvas.Screen\",\"sender_id\":\"9_17\",\"correct\":true,\"trial_ID\":18,\"word1\":\"Adept\",\"word2\":\"Padet\",\"word3\":\"Edapt\",\"word4\":\"Epatt\",\"word5\":\"Taped\",\"response\":\"1\",\"response_action\":\"keypress(1)\",\"correctResponse\":\"1\",\"ended_on\":\"response\",\"duration\":4069.824000023844,\"time_run\":123932,\"time_render\":123918.532,\"time_show\":123934.276,\"time_end\":128004.10000002384,\"time_commit\":128005,\"timestamp\":\"2021-08-04T20:47:27.161Z\",\"time_switch\":128017.025},{\"sender\":\"trial_screen\",\"sender_type\":\"canvas.Screen\",\"sender_id\":\"9_18\",\"correct\":false,\"trial_ID\":19,\"word1\":\"Spirine\",\"word2\":\"Saprin\",\"word3\":\"Parsin\",\"word4\":\"Purin\",\"word5\":\"Asprint\",\"response\":\"5\",\"response_action\":\"keypress(5)\",\"correctResponse\":\"4\",\"ended_on\":\"response\",\"duration\":10744.17500004769,\"time_run\":128008.20000004768,\"time_render\":128001.238,\"time_show\":128017.025,\"time_end\":138761.20000004768,\"time_commit\":138762.10000002384,\"timestamp\":\"2021-08-04T20:47:37.918Z\",\"time_switch\":138782.858},{\"sender\":\"trial_screen\",\"sender_type\":\"canvas.Screen\",\"sender_id\":\"9_19\",\"correct\":false,\"trial_ID\":20,\"word1\":\"Kulon\",\"word2\":\"Solgun\",\"word3\":\"Koskan\",\"word4\":\"Soran\",\"word5\":\"Klonus\",\"response\":\"4\",\"response_action\":\"keypress(4)\",\"correctResponse\":\"5\",\"ended_on\":\"response\",\"duration\":7581.141999999993,\"time_run\":138765,\"time_render\":138750.542,\"time_show\":138782.858,\"time_end\":146364,\"time_commit\":146364.90000003576,\"timestamp\":\"2021-08-04T20:47:45.521Z\",\"time_switch\":146381.136},{\"sender\":\"trial_screen\",\"sender_type\":\"canvas.Screen\",\"sender_id\":\"9_20\",\"correct\":false,\"trial_ID\":21,\"word1\":\"Tronke\",\"word2\":\"Nocktherm\",\"word3\":\"Teronk\",\"word4\":\"Komtur\",\"word5\":\"Rocktur\",\"response\":\"2\",\"response_action\":\"keypress(2)\",\"correctResponse\":\"4\",\"ended_on\":\"response\",\"duration\":11120.964000023843,\"time_run\":146367.5,\"time_render\":146365.736,\"time_show\":146381.136,\"time_end\":157502.10000002384,\"time_commit\":157502.80000001192,\"timestamp\":\"2021-08-04T20:47:56.659Z\",\"time_switch\":157512.922},{\"sender\":\"trial_screen\",\"sender_type\":\"canvas.Screen\",\"sender_id\":\"9_21\",\"correct\":false,\"trial_ID\":22,\"word1\":\"Ripat\",\"word2\":\"Patinatte\",\"word3\":\"Tapir\",\"word4\":\"Apitt\",\"word5\":\"Padir\",\"response\":\"2\",\"response_action\":\"keypress(2)\",\"correctResponse\":\"3\",\"ended_on\":\"response\",\"duration\":5305.6780000238505,\"time_run\":157505.40000003576,\"time_render\":157496.754,\"time_show\":157512.922,\"time_end\":162818.60000002384,\"time_commit\":162819.40000003576,\"timestamp\":\"2021-08-04T20:48:01.975Z\",\"time_switch\":162828.856},{\"sender\":\"trial_screen\",\"sender_type\":\"canvas.Screen\",\"sender_id\":\"9_22\",\"correct\":true,\"trial_ID\":23,\"word1\":\"Akifer\",\"word2\":\"Fiaker\",\"word3\":\"Kiaffa\",\"word4\":\"Sariffer\",\"word5\":\"Refisker\",\"response\":\"2\",\"response_action\":\"keypress(2)\",\"correctResponse\":\"2\",\"ended_on\":\"response\",\"duration\":4274.344000047684,\"time_run\":162822.60000002384,\"time_render\":162813.393,\"time_show\":162828.856,\"time_end\":167103.20000004768,\"time_commit\":167104,\"timestamp\":\"2021-08-04T20:48:06.260Z\",\"time_switch\":167111.639},{\"sender\":\"trial_screen\",\"sender_type\":\"canvas.Screen\",\"sender_id\":\"9_23\",\"correct\":true,\"trial_ID\":24,\"word1\":\"Kleiber\",\"word2\":\"Beikel\",\"word3\":\"Keibel\",\"word4\":\"Reikler\",\"word5\":\"Biekerl\",\"response\":\"1\",\"response_action\":\"keypress(1)\",\"correctResponse\":\"1\",\"ended_on\":\"response\",\"duration\":2315.9610000238463,\"time_run\":167108.40000003576,\"time_render\":167095.871,\"time_show\":167111.639,\"time_end\":169427.60000002384,\"time_commit\":169428.40000003576,\"timestamp\":\"2021-08-04T20:48:08.589Z\",\"time_switch\":169444.617},{\"sender\":\"trial_screen\",\"sender_type\":\"canvas.Screen\",\"sender_id\":\"9_24\",\"correct\":true,\"trial_ID\":25,\"word1\":\"Ig\u00e4de\",\"word2\":\"D\u00e4gie\",\"word3\":\"\u00c4gide\",\"word4\":\"Dig\u00e4de\",\"word5\":\"Giad\",\"response\":\"3\",\"response_action\":\"keypress(3)\",\"correctResponse\":\"3\",\"ended_on\":\"response\",\"duration\":5569.783000035764,\"time_run\":169431.10000002384,\"time_render\":169428.664,\"time_show\":169444.617,\"time_end\":175014.40000003576,\"time_commit\":175015.20000004768,\"timestamp\":\"2021-08-04T20:48:14.175Z\",\"time_switch\":175027.158},{\"sender\":\"trial_screen\",\"sender_type\":\"canvas.Screen\",\"sender_id\":\"9_25\",\"correct\":true,\"trial_ID\":26,\"word1\":\"Rixal\",\"word2\":\"Irtax\",\"word3\":\"Rackizie\",\"word4\":\"Matrix\",\"word5\":\"Atrige\",\"response\":\"4\",\"response_action\":\"keypress(4)\",\"correctResponse\":\"4\",\"ended_on\":\"response\",\"duration\":2200.042000047688,\"time_run\":175017.80000001192,\"time_render\":175011.581,\"time_show\":175027.158,\"time_end\":177227.20000004768,\"time_commit\":177228,\"timestamp\":\"2021-08-04T20:48:16.388Z\",\"time_switch\":177243.606},{\"sender\":\"trial_screen\",\"sender_type\":\"canvas.Screen\",\"sender_id\":\"9_26\",\"correct\":true,\"trial_ID\":27,\"word1\":\"Haskisch\",\"word2\":\"Asmisch\",\"word3\":\"Schisma\",\"word4\":\"Rasthmie\",\"word5\":\"Ilschah\",\"response\":\"3\",\"response_action\":\"keypress(3)\",\"correctResponse\":\"3\",\"ended_on\":\"response\",\"duration\":9094.194000011921,\"time_run\":177231.10000002384,\"time_render\":177227.579,\"time_show\":177243.606,\"time_end\":186337.80000001192,\"time_commit\":186338.60000002384,\"timestamp\":\"2021-08-04T20:48:25.499Z\",\"time_switch\":186361.895},{\"sender\":\"trial_screen\",\"sender_type\":\"canvas.Screen\",\"sender_id\":\"9_27\",\"correct\":true,\"trial_ID\":28,\"word1\":\"Sallose\",\"word2\":\"Lordose\",\"word3\":\"Dormase\",\"word4\":\"Rollase\",\"word5\":\"Ardierole\",\"response\":\"2\",\"response_action\":\"keypress(2)\",\"correctResponse\":\"2\",\"ended_on\":\"response\",\"duration\":2561.2050000238523,\"time_run\":186341.30000001192,\"time_render\":186327.023,\"time_show\":186361.895,\"time_end\":188923.10000002384,\"time_commit\":188923.90000003576,\"timestamp\":\"2021-08-04T20:48:28.084Z\",\"time_switch\":188942.467},{\"sender\":\"trial_screen\",\"sender_type\":\"canvas.Screen\",\"sender_id\":\"9_28\",\"correct\":true,\"trial_ID\":29,\"word1\":\"Intranotion\",\"word2\":\"Infranatura\",\"word3\":\"Internodium\",\"word4\":\"Indotalie\",\"word5\":\"Indosta\",\"response\":\"3\",\"response_action\":\"keypress(3)\",\"correctResponse\":\"3\",\"ended_on\":\"response\",\"duration\":3619.032999999996,\"time_run\":188926.60000002384,\"time_render\":188926.027,\"time_show\":188942.467,\"time_end\":192561.5,\"time_commit\":192562.30000001192,\"timestamp\":\"2021-08-04T20:48:31.722Z\",\"time_switch\":192574.749},{\"sender\":\"trial_screen\",\"sender_type\":\"canvas.Screen\",\"sender_id\":\"9_29\",\"correct\":false,\"trial_ID\":30,\"word1\":\"Idaste\",\"word2\":\"Dastrix\",\"word3\":\"Astike\",\"word4\":\"Sadile\",\"word5\":\"Kasside\",\"response\":\"3\",\"response_action\":\"keypress(3)\",\"correctResponse\":\"5\",\"ended_on\":\"response\",\"duration\":6460.851000023831,\"time_run\":192564.90000003576,\"time_render\":192558.997,\"time_show\":192574.749,\"time_end\":199035.60000002384,\"time_commit\":199036.60000002384,\"timestamp\":\"2021-08-04T20:48:38.197Z\",\"time_switch\":199064.511},{\"sender\":\"trial_screen\",\"sender_type\":\"canvas.Screen\",\"sender_id\":\"9_30\",\"correct\":true,\"trial_ID\":31,\"word1\":\"Libration\",\"word2\":\"Bilation\",\"word3\":\"Arlation\",\"word4\":\"Iberation\",\"word5\":\"Tiradon\",\"response\":\"1\",\"response_action\":\"keypress(1)\",\"correctResponse\":\"1\",\"ended_on\":\"response\",\"duration\":5708.289000011922,\"time_run\":199039.70000004768,\"time_render\":199024.603,\"time_show\":199064.511,\"time_end\":204772.80000001192,\"time_commit\":204773.70000004768,\"timestamp\":\"2021-08-04T20:48:43.934Z\",\"time_switch\":204789.763},{\"sender\":\"trial_screen\",\"sender_type\":\"canvas.Screen\",\"sender_id\":\"9_31\",\"correct\":false,\"trial_ID\":32,\"word1\":\"Pucker\",\"word2\":\"Keuper\",\"word3\":\"Eucker\",\"word4\":\"Reuspeck\",\"word5\":\"Urkane\",\"response\":\"4\",\"response_action\":\"keypress(4)\",\"correctResponse\":\"2\",\"ended_on\":\"response\",\"duration\":9394.037000011915,\"time_run\":204776.40000003576,\"time_render\":204773.744,\"time_show\":204789.763,\"time_end\":214183.80000001192,\"time_commit\":214184.70000004768,\"timestamp\":\"2021-08-04T20:48:53.345Z\",\"time_switch\":214207.415},{\"sender\":\"trial_screen\",\"sender_type\":\"canvas.Screen\",\"sender_id\":\"9_32\",\"correct\":false,\"trial_ID\":33,\"word1\":\"Sickaber\",\"word2\":\"Bassiker\",\"word3\":\"Kassiber\",\"word4\":\"Sassiker\",\"word5\":\"Askiber\",\"response\":\"5\",\"response_action\":\"keypress(5)\",\"correctResponse\":\"3\",\"ended_on\":\"response\",\"duration\":5223.985000035755,\"time_run\":214187.20000004768,\"time_render\":214173.179,\"time_show\":214207.415,\"time_end\":219431.40000003576,\"time_commit\":219432.20000004768,\"timestamp\":\"2021-08-04T20:48:58.592Z\",\"time_switch\":219437.757},{\"sender\":\"trial_screen\",\"sender_type\":\"canvas.Screen\",\"sender_id\":\"9_33\",\"correct\":false,\"trial_ID\":34,\"word1\":\"Alquallon\",\"word2\":\"Lisqualien\",\"word3\":\"Talquallen\",\"word4\":\"Quisquilien\",\"word5\":\"Rielquellen\",\"response\":\"5\",\"response_action\":\"keypress(5)\",\"correctResponse\":\"4\",\"ended_on\":\"response\",\"duration\":12662.943000047671,\"time_run\":219434.80000001192,\"time_render\":219422.106,\"time_show\":219437.757,\"time_end\":232100.70000004768,\"time_commit\":232101.60000002384,\"timestamp\":\"2021-08-04T20:49:11.264Z\",\"time_switch\":232119.338},{\"sender\":\"trial_screen\",\"sender_type\":\"canvas.Screen\",\"sender_id\":\"9_34\",\"correct\":true,\"trial_ID\":35,\"word1\":\"Berkiza\",\"word2\":\"Brekzie\",\"word3\":\"Birakzie\",\"word4\":\"Brikazie\",\"word5\":\"Bakiria\",\"response\":\"2\",\"response_action\":\"keypress(2)\",\"correctResponse\":\"2\",\"ended_on\":\"response\",\"duration\":12311.062000035774,\"time_run\":232104.80000001192,\"time_render\":232104.379,\"time_show\":232119.338,\"time_end\":244430.40000003576,\"time_commit\":244431.20000004768,\"timestamp\":\"2021-08-04T20:49:23.593Z\",\"time_switch\":244450.904},{\"sender\":\"loop_trial\",\"sender_type\":\"flow.Loop\",\"sender_id\":\"9\",\"ended_on\":\"completion\",\"duration\":181737.63900003576,\"time_run\":62678.10000002384,\"time_render\":62676.47,\"time_show\":62692.761,\"time_end\":244430.40000003576,\"time_commit\":244433.90000003576,\"timestamp\":\"2021-08-04T20:49:23.596Z\",\"time_switch\":244450.904},{\"sender\":\"end_html\",\"sender_type\":\"html.Screen\",\"sender_id\":\"10\",\"response\":\"anykey\",\"response_action\":\"keypress\",\"ended_on\":\"response\",\"duration\":1508.8960000119114,\"time_run\":244434.10000002384,\"time_render\":244419.512,\"time_show\":244450.904,\"time_end\":245959.80000001192,\"time_commit\":245960.60000002384,\"timestamp\":\"2021-08-04T20:49:25.123Z\",\"time_switch\":245968.041},{\"sender\":\"root\",\"sender_type\":\"flow.Sequence\",\"sender_id\":null,\"ended_on\":\"completion\",\"duration\":244591.87900001192,\"time_run\":1350.300000011921,\"time_render\":1351.238,\"time_show\":1367.921,\"time_end\":245959.80000001192,\"time_commit\":245961.10000002384,\"timestamp\":\"2021-08-04T20:49:25.123Z\",\"time_switch\":245968.041}]",
    "metadata": "{\"slice\":0,\"id\":\"c6c185ec-89bb-4dde-a598-e8365bcac165\",\"payload\":\"full\"}",
    "url": "https://exp02.zih.tu-dresden.de/experiments/spot_a_word_task/"
}