{
    "data": "[{\"url\":{},\"meta\":{\"labjs_version\":\"20.1.1\",\"labjs_build\":{\"flavor\":\"production\",\"commit\":\"cd5695f774968f50499757c1423bd95d033ea08e\"},\"location\":\"https://exp01.zih.tu-dresden.de/experiments/raven_task/\",\"userAgent\":\"Mozilla/5.0 (Windows NT 10.0; Win64; x64) AppleWebKit/537.36 (KHTML, like Gecko) Chrome/90.0.4430.93 Safari/537.36\",\"platform\":\"Win32\",\"language\":\"de-DE\",\"locale\":\"de\",\"timeZone\":\"Europe/Berlin\",\"timezoneOffset\":-120,\"screen_width\":1536,\"screen_height\":864,\"scroll_width\":1536,\"scroll_height\":674,\"window_innerWidth\":1536,\"window_innerHeight\":722,\"devicePixelRatio\":1.25},\"sender\":\"welcome\",\"sender_type\":\"canvas.Screen\",\"sender_id\":\"0\",\"ended_on\":\"timeout\",\"duration\":8003.857999999999,\"time_run\":2578.1849999912083,\"time_render\":2471.844,\"time_show\":2571.674,\"time_end\":10558.949,\"time_commit\":10568.949999986216,\"timestamp\":\"2021-05-03T15:07:18.714Z\",\"time_switch\":10575.532},{\"sender\":\"instructions\",\"sender_type\":\"html.Page\",\"sender_id\":\"1\",\"response\":\"Space\",\"response_action\":\"keypress(Space)\",\"ended_on\":\"response\",\"duration\":18253.88299981098,\"time_run\":10570.07999997586,\"time_render\":10558.949,\"time_show\":10575.532,\"time_end\":28829.41499981098,\"time_commit\":28834.279999835417,\"timestamp\":\"2021-05-03T15:07:36.979Z\",\"time_switch\":28862.885},{\"sender\":\"example1\",\"sender_type\":\"canvas.Screen\",\"sender_id\":\"2\",\"response\":\"8\",\"response_action\":\"click(0) @8\",\"correctResponse\":\"8\",\"correct\":true,\"ended_on\":\"response\",\"duration\":6190.734999904187,\"time_run\":28834.594999905676,\"time_render\":28829.64,\"time_show\":28862.885,\"time_end\":35053.619999904186,\"time_commit\":35056.774999946356,\"timestamp\":\"2021-05-03T15:07:43.202Z\",\"time_switch\":35169.551},{\"sender\":\"example1_feedback\",\"sender_type\":\"canvas.Screen\",\"sender_id\":\"3\",\"response\":\"space\",\"response_action\":\"keypress(Space)\",\"ended_on\":\"response\",\"duration\":1143.8889999398743,\"time_run\":35150.66499984823,\"time_render\":35136.292,\"time_show\":35169.551,\"time_end\":36313.439999939874,\"time_commit\":36314.09499980509,\"timestamp\":\"2021-05-03T15:07:44.459Z\",\"time_switch\":36317.647},{\"sender\":\"example2\",\"sender_type\":\"canvas.Screen\",\"sender_id\":\"4\",\"response\":\"4\",\"response_action\":\"click(0) @4\",\"correctResponse\":\"4\",\"correct\":true,\"ended_on\":\"response\",\"duration\":11680.512999959174,\"time_run\":36314.2649999354,\"time_render\":36300.993,\"time_show\":36317.647,\"time_end\":47998.15999995917,\"time_commit\":47999.66500001028,\"timestamp\":\"2021-05-03T15:07:56.144Z\",\"time_switch\":48082.145},{\"sender\":\"example2_feedback\",\"sender_type\":\"canvas.Screen\",\"sender_id\":\"5\",\"response\":\"space\",\"response_action\":\"keypress(Space)\",\"ended_on\":\"response\",\"duration\":770.0249998527797,\"time_run\":48073.80499993451,\"time_render\":48065.826,\"time_show\":48082.145,\"time_end\":48852.16999985278,\"time_commit\":48852.864999789745,\"timestamp\":\"2021-05-03T15:07:56.998Z\",\"time_switch\":48880.929},{\"sender\":\"get ready\",\"sender_type\":\"canvas.Screen\",\"sender_id\":\"6\",\"response\":\"Space\",\"response_action\":\"keypress(Space)\",\"ended_on\":\"response\",\"duration\":2551.890999987263,\"time_run\":48853.054999839514,\"time_render\":48847.804,\"time_show\":48880.929,\"time_end\":51432.81999998726,\"time_commit\":51434.15999994613,\"timestamp\":\"2021-05-03T15:07:59.579Z\",\"time_switch\":51476.794},{\"sender\":\"test01\",\"sender_type\":\"canvas.Screen\",\"sender_id\":\"7_0\",\"response\":\"8\",\"response_action\":\"click(0) @8\",\"correctResponse\":\"7\",\"correct\":false,\"ended_on\":\"response\",\"duration\":14017.306000010802,\"time_run\":51434.72499982454,\"time_render\":51426.852,\"time_show\":51476.794,\"time_end\":65494.1000000108,\"time_commit\":65495.15499989502,\"timestamp\":\"2021-05-03T15:08:13.640Z\",\"time_switch\":65520.841},{\"sender\":\"test02\",\"sender_type\":\"canvas.Screen\",\"sender_id\":\"7_1\",\"response\":\"4\",\"response_action\":\"click(0) @4\",\"correctResponse\":\"4\",\"correct\":true,\"ended_on\":\"response\",\"duration\":17013.43399998361,\"time_run\":65495.3249997925,\"time_render\":65504.224,\"time_show\":65520.841,\"time_end\":82534.27499998361,\"time_commit\":82535.10500001721,\"timestamp\":\"2021-05-03T15:08:30.680Z\",\"time_switch\":82560.188},{\"sender\":\"test03\",\"sender_type\":\"canvas.Screen\",\"sender_id\":\"7_2\",\"response\":\"5\",\"response_action\":\"click(0) @5\",\"correctResponse\":\"6\",\"correct\":false,\"ended_on\":\"response\",\"duration\":16773.506999804726,\"time_run\":82535.25999980047,\"time_render\":82526.899,\"time_show\":82560.188,\"time_end\":99333.69499980472,\"time_commit\":99334.6400000155,\"timestamp\":\"2021-05-03T15:08:47.480Z\",\"time_switch\":99349.98},{\"sender\":\"test04\",\"sender_type\":\"canvas.Screen\",\"sender_id\":\"7_3\",\"response\":\"2\",\"response_action\":\"click(0) @2\",\"correctResponse\":\"2\",\"correct\":true,\"ended_on\":\"response\",\"duration\":18015.774999918867,\"time_run\":99334.90499993786,\"time_render\":99333.817,\"time_show\":99349.98,\"time_end\":117365.75499991886,\"time_commit\":117366.66499986313,\"timestamp\":\"2021-05-03T15:09:05.512Z\",\"time_switch\":117387.822},{\"sender\":\"test05\",\"sender_type\":\"canvas.Screen\",\"sender_id\":\"7_4\",\"response\":\"1\",\"response_action\":\"click(0) @1\",\"correctResponse\":\"4\",\"correct\":false,\"ended_on\":\"response\",\"duration\":12281.99799995187,\"time_run\":117366.80999980308,\"time_render\":117354.872,\"time_show\":117387.822,\"time_end\":129669.81999995187,\"time_commit\":129671.17499979213,\"timestamp\":\"2021-05-03T15:09:17.815Z\",\"time_switch\":129684.676},{\"sender\":\"test06\",\"sender_type\":\"canvas.Screen\",\"sender_id\":\"7_5\",\"response\":\"7\",\"response_action\":\"click(0) @7\",\"correctResponse\":\"7\",\"correct\":true,\"ended_on\":\"response\",\"duration\":27481.299000010797,\"time_run\":129671.38499999419,\"time_render\":129668.064,\"time_show\":129684.676,\"time_end\":157165.9750000108,\"time_commit\":157166.9399999082,\"timestamp\":\"2021-05-03T15:09:45.311Z\",\"time_switch\":157190.615},{\"sender\":\"test07\",\"sender_type\":\"canvas.Screen\",\"sender_id\":\"7_6\",\"response\":\"4\",\"response_action\":\"click(0) @4\",\"correctResponse\":\"8\",\"correct\":false,\"ended_on\":\"response\",\"duration\":20262.929999938468,\"time_run\":157167.0949999243,\"time_render\":157157.324,\"time_show\":157190.615,\"time_end\":177453.54499993846,\"time_commit\":177454.369999934,\"timestamp\":\"2021-05-03T15:10:05.599Z\",\"time_switch\":177474.857},{\"sender\":\"test08\",\"sender_type\":\"canvas.Screen\",\"sender_id\":\"7_7\",\"response\":\"8\",\"response_action\":\"click(0) @8\",\"correctResponse\":\"7\",\"correct\":false,\"ended_on\":\"response\",\"duration\":22547.18299995255,\"time_run\":177454.49999999255,\"time_render\":177441.63,\"time_show\":177474.857,\"time_end\":200022.03999995254,\"time_commit\":200023.1649999041,\"timestamp\":\"2021-05-03T15:10:28.168Z\",\"time_switch\":200038.602},{\"sender\":\"test09\",\"sender_type\":\"canvas.Screen\",\"sender_id\":\"7_8\",\"response\":\"1\",\"response_action\":\"click(0) @1\",\"correctResponse\":\"5\",\"correct\":false,\"ended_on\":\"response\",\"duration\":21534.732999848144,\"time_run\":200023.3649997972,\"time_render\":200022.209,\"time_show\":200038.602,\"time_end\":221573.33499984816,\"time_commit\":221574.1749999579,\"timestamp\":\"2021-05-03T15:10:49.719Z\",\"time_switch\":221587.398},{\"sender\":\"test10\",\"sender_type\":\"canvas.Screen\",\"sender_id\":\"7_9\",\"response\":\"1\",\"response_action\":\"click(0) @1\",\"correctResponse\":\"5\",\"correct\":false,\"ended_on\":\"response\",\"duration\":11338.49199983856,\"time_run\":221574.33500001207,\"time_render\":221571.04,\"time_show\":221587.398,\"time_end\":232925.88999983855,\"time_commit\":232926.6799998004,\"timestamp\":\"2021-05-03T15:11:01.071Z\",\"time_switch\":232952.48},{\"sender\":\"test11\",\"sender_type\":\"canvas.Screen\",\"sender_id\":\"7_10\",\"response\":\"7\",\"response_action\":\"click(0) @7\",\"correctResponse\":\"4\",\"correct\":false,\"ended_on\":\"response\",\"duration\":20396.674999945302,\"time_run\":232926.80999985896,\"time_render\":232919.393,\"time_show\":232952.48,\"time_end\":253349.1549999453,\"time_commit\":253350.0599998515,\"timestamp\":\"2021-05-03T15:11:21.495Z\",\"time_switch\":253369.77},{\"sender\":\"test12\",\"sender_type\":\"canvas.Screen\",\"sender_id\":\"7_11\",\"response\":\"8\",\"response_action\":\"click(0) @8\",\"correctResponse\":\"1\",\"correct\":false,\"ended_on\":\"response\",\"duration\":21419.499999833788,\"time_run\":253350.18999991007,\"time_render\":253336.622,\"time_show\":253369.77,\"time_end\":274789.2699998338,\"time_commit\":274790.1449999772,\"timestamp\":\"2021-05-03T15:11:42.935Z\",\"time_switch\":274802.091},{\"sender\":\"tests (15min)\",\"sender_type\":\"flow.Sequence\",\"sender_id\":\"7\",\"ended_on\":\"completion\",\"duration\":223312.47599983378,\"time_run\":51434.569999808446,\"time_render\":51426.852,\"time_show\":51476.794,\"time_end\":274789.2699998338,\"time_commit\":274792.2949998174,\"timestamp\":\"2021-05-03T15:11:42.937Z\",\"time_switch\":274802.091},{\"sender\":\"good bye\",\"sender_type\":\"canvas.Screen\",\"sender_id\":\"8\",\"ended_on\":\"timeout\",\"duration\":3993.9279999999562,\"time_run\":274792.4199998379,\"time_render\":274785.483,\"time_show\":274802.091,\"time_end\":278779.079,\"time_commit\":278781.2349998858,\"timestamp\":\"2021-05-03T15:11:46.926Z\",\"time_switch\":278796.019},{\"sender\":\"root\",\"sender_type\":\"flow.Sequence\",\"sender_id\":null,\"ended_on\":\"completion\",\"duration\":276207.405,\"time_run\":2577.864999882877,\"time_render\":2471.844,\"time_show\":2571.674,\"time_end\":278779.079,\"time_commit\":278782.23499981686,\"timestamp\":\"2021-05-03T15:11:46.927Z\",\"time_switch\":278796.019}]",
    "metadata": "{\"slice\":0,\"id\":\"244fc032-f686-4138-b69f-26bbfd85526a\",\"payload\":\"full\"}",
    "url": "https://exp01.zih.tu-dresden.de/experiments/raven_task/"
}