{
    "data": "[{\"url\":{},\"meta\":{\"labjs_version\":\"20.1.1\",\"labjs_build\":{\"flavor\":\"production\",\"commit\":\"cd5695f774968f50499757c1423bd95d033ea08e\"},\"location\":\"https://exp02.zih.tu-dresden.de/experiments/spot_a_word_task/\",\"userAgent\":\"Mozilla/5.0 (Windows NT 6.1; Win64; x64; rv:91.0) Gecko/20100101 Firefox/91.0\",\"platform\":\"Win32\",\"language\":\"de\",\"locale\":\"de-DE\",\"timeZone\":\"Europe/Berlin\",\"timezoneOffset\":-120,\"screen_width\":1536,\"screen_height\":864,\"scroll_width\":1536,\"scroll_height\":646,\"window_innerWidth\":1536,\"window_innerHeight\":694,\"devicePixelRatio\":1.25},\"sender\":\"start_html\",\"sender_type\":\"html.Screen\",\"sender_id\":\"0\",\"response\":\"keypress\",\"response_action\":\"keypress\",\"ended_on\":\"response\",\"duration\":1806.48,\"time_run\":425,\"time_render\":450.82,\"time_show\":467.52,\"time_end\":2274,\"time_commit\":2281,\"timestamp\":\"2021-08-17T20:03:08.461Z\",\"time_switch\":2282.34},{\"sender\":\"manual_html\",\"sender_type\":\"html.Screen\",\"sender_id\":\"1\",\"response\":\"space\",\"response_action\":\"keypress(Space)\",\"ended_on\":\"response\",\"duration\":1113.6599999999999,\"time_run\":2281,\"time_render\":2281.8,\"time_show\":2282.34,\"time_end\":3396,\"time_commit\":3408,\"timestamp\":\"2021-08-17T20:03:09.589Z\",\"time_switch\":3414.58},{\"sender\":\"example1_screen\",\"sender_type\":\"canvas.Screen\",\"sender_id\":\"2\",\"response\":\"4\",\"response_action\":\"keypress(4)\",\"correctResponse\":\"4\",\"correct\":true,\"ended_on\":\"response\",\"duration\":7875.42,\"time_run\":3413,\"time_render\":3413.08,\"time_show\":3414.58,\"time_end\":11290,\"time_commit\":11297,\"timestamp\":\"2021-08-17T20:03:17.477Z\",\"time_switch\":11323.1},{\"sender\":\"example1_feedback\",\"sender_type\":\"canvas.Screen\",\"sender_id\":\"3\",\"response\":\"Space\",\"response_action\":\"keypress(Space)\",\"ended_on\":\"response\",\"duration\":1042.8999999999996,\"time_run\":11309,\"time_render\":11308.58,\"time_show\":11323.1,\"time_end\":12366,\"time_commit\":12376,\"timestamp\":\"2021-08-17T20:03:18.556Z\",\"time_switch\":12388.78},{\"sender\":\"example2_screen\",\"sender_type\":\"canvas.Screen\",\"sender_id\":\"4\",\"response\":\"5\",\"response_action\":\"keypress(5)\",\"correctResponse\":\"5\",\"correct\":true,\"ended_on\":\"response\",\"duration\":3565.2199999999993,\"time_run\":12383,\"time_render\":12383.5,\"time_show\":12388.78,\"time_end\":15954,\"time_commit\":15968,\"timestamp\":\"2021-08-17T20:03:22.147Z\",\"time_switch\":15985.06},{\"sender\":\"example2_feedback\",\"sender_type\":\"canvas.Screen\",\"sender_id\":\"5\",\"response\":\"Space\",\"response_action\":\"keypress(Space)\",\"ended_on\":\"response\",\"duration\":669.9400000000005,\"time_run\":15971,\"time_render\":15971.06,\"time_show\":15985.06,\"time_end\":16655,\"time_commit\":16664,\"timestamp\":\"2021-08-17T20:03:22.844Z\",\"time_switch\":16684.26},{\"sender\":\"example3_screen\",\"sender_type\":\"canvas.Screen\",\"sender_id\":\"6\",\"response\":\"1\",\"response_action\":\"keypress(1)\",\"correctResponse\":\"1\",\"correct\":true,\"ended_on\":\"response\",\"duration\":1577.7400000000016,\"time_run\":16668,\"time_render\":16667.72,\"time_show\":16684.26,\"time_end\":18262,\"time_commit\":18264,\"timestamp\":\"2021-08-17T20:03:24.443Z\",\"time_switch\":18271.6},{\"sender\":\"example3_feedback\",\"sender_type\":\"canvas.Screen\",\"sender_id\":\"7\",\"response\":\"Space\",\"response_action\":\"keypress(Space)\",\"ended_on\":\"response\",\"duration\":302.40000000000146,\"time_run\":18268,\"time_render\":18268.04,\"time_show\":18271.6,\"time_end\":18574,\"time_commit\":18575,\"timestamp\":\"2021-08-17T20:03:24.755Z\",\"time_switch\":18582.4},{\"sender\":\"get_ready_html\",\"sender_type\":\"html.Screen\",\"sender_id\":\"8\",\"response\":\"space\",\"response_action\":\"keypress(Space)\",\"ended_on\":\"response\",\"duration\":1021.5999999999985,\"time_run\":18576,\"time_render\":18575.68,\"time_show\":18582.4,\"time_end\":19604,\"time_commit\":19615,\"timestamp\":\"2021-08-17T20:03:25.795Z\",\"time_switch\":19664.44},{\"sender\":\"trial_screen\",\"sender_type\":\"canvas.Screen\",\"sender_id\":\"9_0\",\"correct\":true,\"trial_ID\":1,\"word1\":\"siziol\",\"word2\":\"salzahl\",\"word3\":\"sozihl\",\"word4\":\"sziam\",\"word5\":\"sozial\",\"response\":\"5\",\"response_action\":\"keypress(5)\",\"correctResponse\":\"5\",\"ended_on\":\"response\",\"duration\":2716.5600000000013,\"time_run\":19648,\"time_render\":19648.86,\"time_show\":19664.44,\"time_end\":22381,\"time_commit\":22396,\"timestamp\":\"2021-08-17T20:03:28.575Z\",\"time_switch\":22411.92},{\"sender\":\"trial_screen\",\"sender_type\":\"canvas.Screen\",\"sender_id\":\"9_1\",\"correct\":true,\"trial_ID\":2,\"word1\":\"Lamone\",\"word2\":\"Talane\",\"word3\":\"Matrone\",\"word4\":\"Tarone\",\"word5\":\"Malonte\",\"response\":\"3\",\"response_action\":\"keypress(3)\",\"correctResponse\":\"3\",\"ended_on\":\"response\",\"duration\":4087.0800000000017,\"time_run\":22404,\"time_render\":22404.38,\"time_show\":22411.92,\"time_end\":26499,\"time_commit\":26524,\"timestamp\":\"2021-08-17T20:03:32.703Z\",\"time_switch\":26540.96},{\"sender\":\"trial_screen\",\"sender_type\":\"canvas.Screen\",\"sender_id\":\"9_2\",\"correct\":true,\"trial_ID\":3,\"word1\":\"kurinesisch\",\"word2\":\"kulinarisch\",\"word3\":\"kumenisch\",\"word4\":\"kulissarisch\",\"word5\":\"kannastrisch\",\"response\":\"2\",\"response_action\":\"keypress(2)\",\"correctResponse\":\"2\",\"ended_on\":\"response\",\"duration\":1783.0400000000009,\"time_run\":26531,\"time_render\":26531.18,\"time_show\":26540.96,\"time_end\":28324,\"time_commit\":28336,\"timestamp\":\"2021-08-17T20:03:34.515Z\",\"time_switch\":28355.8},{\"sender\":\"trial_screen\",\"sender_type\":\"canvas.Screen\",\"sender_id\":\"9_3\",\"correct\":true,\"trial_ID\":4,\"word1\":\"Tinxur\",\"word2\":\"Kukutur\",\"word3\":\"Fraktan\",\"word4\":\"Tinktur\",\"word5\":\"Rimsuhr\",\"response\":\"4\",\"response_action\":\"keypress(4)\",\"correctResponse\":\"4\",\"ended_on\":\"response\",\"duration\":2713.2000000000007,\"time_run\":28340,\"time_render\":28340.62,\"time_show\":28355.8,\"time_end\":31069,\"time_commit\":31071,\"timestamp\":\"2021-08-17T20:03:37.250Z\",\"time_switch\":31086.3},{\"sender\":\"trial_screen\",\"sender_type\":\"canvas.Screen\",\"sender_id\":\"9_4\",\"correct\":true,\"trial_ID\":5,\"word1\":\"beralen\",\"word2\":\"ger\u00e4ltet\",\"word3\":\"an\u00e4lteren\",\"word4\":\"unt\u00e4ren\",\"word5\":\"verbr\u00e4men\",\"response\":\"5\",\"response_action\":\"keypress(5)\",\"correctResponse\":\"5\",\"ended_on\":\"response\",\"duration\":5052.700000000001,\"time_run\":31079,\"time_render\":31078.92,\"time_show\":31086.3,\"time_end\":36139,\"time_commit\":36150,\"timestamp\":\"2021-08-17T20:03:42.330Z\",\"time_switch\":36164.48},{\"sender\":\"trial_screen\",\"sender_type\":\"canvas.Screen\",\"sender_id\":\"9_5\",\"correct\":true,\"trial_ID\":6,\"word1\":\"Rosto\",\"word2\":\"Torso\",\"word3\":\"Soro\",\"word4\":\"Torgos\",\"word5\":\"Tosor\",\"response\":\"2\",\"response_action\":\"keypress(2)\",\"correctResponse\":\"2\",\"ended_on\":\"response\",\"duration\":1783.5199999999968,\"time_run\":36161,\"time_render\":36160.58,\"time_show\":36164.48,\"time_end\":37948,\"time_commit\":37950,\"timestamp\":\"2021-08-17T20:03:44.129Z\",\"time_switch\":37962.62},{\"sender\":\"trial_screen\",\"sender_type\":\"canvas.Screen\",\"sender_id\":\"9_6\",\"correct\":true,\"trial_ID\":7,\"word1\":\"Redor\",\"word2\":\"Radium\",\"word3\":\"Terion\",\"word4\":\"Dramin\",\"word5\":\"Orakium\",\"response\":\"2\",\"response_action\":\"keypress(2)\",\"correctResponse\":\"2\",\"ended_on\":\"response\",\"duration\":1889.3799999999974,\"time_run\":37954,\"time_render\":37953.5,\"time_show\":37962.62,\"time_end\":39852,\"time_commit\":39861,\"timestamp\":\"2021-08-17T20:03:46.041Z\",\"time_switch\":39877.42},{\"sender\":\"trial_screen\",\"sender_type\":\"canvas.Screen\",\"sender_id\":\"9_7\",\"correct\":true,\"trial_ID\":8,\"word1\":\"Nale\",\"word2\":\"Sahe\",\"word3\":\"Nase\",\"word4\":\"Nesa\",\"word5\":\"Sehna\",\"response\":\"3\",\"response_action\":\"keypress(3)\",\"correctResponse\":\"3\",\"ended_on\":\"response\",\"duration\":3624.5800000000017,\"time_run\":39864,\"time_render\":39864.62,\"time_show\":39877.42,\"time_end\":43502,\"time_commit\":43517,\"timestamp\":\"2021-08-17T20:03:49.697Z\",\"time_switch\":43540.24},{\"sender\":\"trial_screen\",\"sender_type\":\"canvas.Screen\",\"sender_id\":\"9_8\",\"correct\":true,\"trial_ID\":9,\"word1\":\"Rilkiase\",\"word2\":\"Kilister\",\"word3\":\"Riliker\",\"word4\":\"Klistier\",\"word5\":\"Linkure\",\"response\":\"4\",\"response_action\":\"keypress(4)\",\"correctResponse\":\"4\",\"ended_on\":\"response\",\"duration\":4345.760000000002,\"time_run\":43521,\"time_render\":43521.04,\"time_show\":43540.24,\"time_end\":47886,\"time_commit\":47892,\"timestamp\":\"2021-08-17T20:03:54.072Z\",\"time_switch\":47919.12},{\"sender\":\"trial_screen\",\"sender_type\":\"canvas.Screen\",\"sender_id\":\"9_9\",\"correct\":true,\"trial_ID\":10,\"word1\":\"kentern\",\"word2\":\"knerte\",\"word3\":\"kanzen\",\"word4\":\"kretern\",\"word5\":\"trekern\",\"response\":\"1\",\"response_action\":\"keypress(1)\",\"correctResponse\":\"1\",\"ended_on\":\"response\",\"duration\":1666.8799999999974,\"time_run\":47895,\"time_render\":47895.82,\"time_show\":47919.12,\"time_end\":49586,\"time_commit\":49596,\"timestamp\":\"2021-08-17T20:03:55.776Z\",\"time_switch\":49600.8},{\"sender\":\"trial_screen\",\"sender_type\":\"canvas.Screen\",\"sender_id\":\"9_10\",\"correct\":true,\"trial_ID\":11,\"word1\":\"Sorekin\",\"word2\":\"Sarowin\",\"word3\":\"Rosakin\",\"word4\":\"Narosin\",\"word5\":\"Kerosin\",\"response\":\"5\",\"response_action\":\"keypress(5)\",\"correctResponse\":\"5\",\"ended_on\":\"response\",\"duration\":4228.199999999997,\"time_run\":49600,\"time_render\":49600.36,\"time_show\":49600.8,\"time_end\":53829,\"time_commit\":53837,\"timestamp\":\"2021-08-17T20:04:00.016Z\",\"time_switch\":53863.04},{\"sender\":\"trial_screen\",\"sender_type\":\"canvas.Screen\",\"sender_id\":\"9_11\",\"correct\":true,\"trial_ID\":12,\"word1\":\"Ralke\",\"word2\":\"Korre\",\"word3\":\"Ruckse\",\"word4\":\"Recke\",\"word5\":\"Ulte\",\"response\":\"4\",\"response_action\":\"keypress(4)\",\"correctResponse\":\"4\",\"ended_on\":\"response\",\"duration\":6907.959999999999,\"time_run\":53841,\"time_render\":53841.02,\"time_show\":53863.04,\"time_end\":60771,\"time_commit\":60772,\"timestamp\":\"2021-08-17T20:04:06.951Z\",\"time_switch\":60789.32},{\"sender\":\"trial_screen\",\"sender_type\":\"canvas.Screen\",\"sender_id\":\"9_12\",\"correct\":true,\"trial_ID\":13,\"word1\":\"Kapaun\",\"word2\":\"Paukan\",\"word3\":\"Naupack\",\"word4\":\"Aupeck\",\"word5\":\"Ankepran\",\"response\":\"1\",\"response_action\":\"keypress(1)\",\"correctResponse\":\"1\",\"ended_on\":\"response\",\"duration\":7734.68,\"time_run\":60778,\"time_render\":60778.46,\"time_show\":60789.32,\"time_end\":68524,\"time_commit\":68539,\"timestamp\":\"2021-08-17T20:04:14.718Z\",\"time_switch\":68548.06},{\"sender\":\"trial_screen\",\"sender_type\":\"canvas.Screen\",\"sender_id\":\"9_13\",\"correct\":true,\"trial_ID\":14,\"word1\":\"Dissonanz\",\"word2\":\"Diskrisanz\",\"word3\":\"Distranz\",\"word4\":\"Dinotanz\",\"word5\":\"Sidonenz\",\"response\":\"1\",\"response_action\":\"keypress(1)\",\"correctResponse\":\"1\",\"ended_on\":\"response\",\"duration\":989.9400000000023,\"time_run\":68542,\"time_render\":68542.44,\"time_show\":68548.06,\"time_end\":69538,\"time_commit\":69539,\"timestamp\":\"2021-08-17T20:04:15.719Z\",\"time_switch\":69547.08},{\"sender\":\"trial_screen\",\"sender_type\":\"canvas.Screen\",\"sender_id\":\"9_14\",\"correct\":false,\"trial_ID\":15,\"word1\":\"Kirse\",\"word2\":\"Sirke\",\"word3\":\"Krise\",\"word4\":\"Krospe\",\"word5\":\"Seris\",\"response\":\"4\",\"response_action\":\"keypress(4)\",\"correctResponse\":\"3\",\"ended_on\":\"response\",\"duration\":3016.9199999999983,\"time_run\":69542,\"time_render\":69541.64,\"time_show\":69547.08,\"time_end\":72564,\"time_commit\":72570,\"timestamp\":\"2021-08-17T20:04:18.750Z\",\"time_switch\":72577.24},{\"sender\":\"trial_screen\",\"sender_type\":\"canvas.Screen\",\"sender_id\":\"9_15\",\"correct\":true,\"trial_ID\":16,\"word1\":\"Tume\",\"word2\":\"Umat\",\"word3\":\"Maut\",\"word4\":\"Taum\",\"word5\":\"Muta\",\"response\":\"3\",\"response_action\":\"keypress(3)\",\"correctResponse\":\"3\",\"ended_on\":\"response\",\"duration\":6101.759999999995,\"time_run\":72573,\"time_render\":72573.54,\"time_show\":72577.24,\"time_end\":78679,\"time_commit\":78682,\"timestamp\":\"2021-08-17T20:04:24.862Z\",\"time_switch\":78687.9},{\"sender\":\"trial_screen\",\"sender_type\":\"canvas.Screen\",\"sender_id\":\"9_16\",\"correct\":true,\"trial_ID\":17,\"word1\":\"Tuhl\",\"word2\":\"Lar\",\"word3\":\"Lest\",\"word4\":\"Dall\",\"word5\":\"Lid\",\"response\":\"5\",\"response_action\":\"keypress(5)\",\"correctResponse\":\"5\",\"ended_on\":\"response\",\"duration\":3124.100000000006,\"time_run\":78685,\"time_render\":78684.78,\"time_show\":78687.9,\"time_end\":81812,\"time_commit\":81827,\"timestamp\":\"2021-08-17T20:04:28.006Z\",\"time_switch\":81834.58},{\"sender\":\"trial_screen\",\"sender_type\":\"canvas.Screen\",\"sender_id\":\"9_17\",\"correct\":false,\"trial_ID\":18,\"word1\":\"Adept\",\"word2\":\"Padet\",\"word3\":\"Edapt\",\"word4\":\"Epatt\",\"word5\":\"Taped\",\"response\":\"5\",\"response_action\":\"keypress(5)\",\"correctResponse\":\"1\",\"ended_on\":\"response\",\"duration\":6560.419999999998,\"time_run\":81830,\"time_render\":81829.26,\"time_show\":81834.58,\"time_end\":88395,\"time_commit\":88402,\"timestamp\":\"2021-08-17T20:04:34.582Z\",\"time_switch\":88411.24},{\"sender\":\"trial_screen\",\"sender_type\":\"canvas.Screen\",\"sender_id\":\"9_18\",\"correct\":true,\"trial_ID\":19,\"word1\":\"Spirine\",\"word2\":\"Saprin\",\"word3\":\"Parsin\",\"word4\":\"Purin\",\"word5\":\"Asprint\",\"response\":\"4\",\"response_action\":\"keypress(4)\",\"correctResponse\":\"4\",\"ended_on\":\"response\",\"duration\":4554.759999999995,\"time_run\":88410,\"time_render\":88409.88,\"time_show\":88411.24,\"time_end\":92966,\"time_commit\":92969,\"timestamp\":\"2021-08-17T20:04:39.149Z\",\"time_switch\":92989.9},{\"sender\":\"trial_screen\",\"sender_type\":\"canvas.Screen\",\"sender_id\":\"9_19\",\"correct\":false,\"trial_ID\":20,\"word1\":\"Kulon\",\"word2\":\"Solgun\",\"word3\":\"Koskan\",\"word4\":\"Soran\",\"word5\":\"Klonus\",\"response\":\"1\",\"response_action\":\"keypress(1)\",\"correctResponse\":\"5\",\"ended_on\":\"response\",\"duration\":5873.100000000006,\"time_run\":92973,\"time_render\":92973.22,\"time_show\":92989.9,\"time_end\":98863,\"time_commit\":98872,\"timestamp\":\"2021-08-17T20:04:45.052Z\",\"time_switch\":98883.96},{\"sender\":\"trial_screen\",\"sender_type\":\"canvas.Screen\",\"sender_id\":\"9_20\",\"correct\":false,\"trial_ID\":21,\"word1\":\"Tronke\",\"word2\":\"Nocktherm\",\"word3\":\"Teronk\",\"word4\":\"Komtur\",\"word5\":\"Rocktur\",\"response\":\"5\",\"response_action\":\"keypress(5)\",\"correctResponse\":\"4\",\"ended_on\":\"response\",\"duration\":5235.039999999994,\"time_run\":98877,\"time_render\":98877.42,\"time_show\":98883.96,\"time_end\":104119,\"time_commit\":104120,\"timestamp\":\"2021-08-17T20:04:50.300Z\",\"time_switch\":104128.48},{\"sender\":\"trial_screen\",\"sender_type\":\"canvas.Screen\",\"sender_id\":\"9_21\",\"correct\":false,\"trial_ID\":22,\"word1\":\"Ripat\",\"word2\":\"Patinatte\",\"word3\":\"Tapir\",\"word4\":\"Apitt\",\"word5\":\"Padir\",\"response\":\"2\",\"response_action\":\"keypress(2)\",\"correctResponse\":\"3\",\"ended_on\":\"response\",\"duration\":3500.520000000004,\"time_run\":104127,\"time_render\":104126.9,\"time_show\":104128.48,\"time_end\":107629,\"time_commit\":107631,\"timestamp\":\"2021-08-17T20:04:53.811Z\",\"time_switch\":107641.72},{\"sender\":\"trial_screen\",\"sender_type\":\"canvas.Screen\",\"sender_id\":\"9_22\",\"correct\":false,\"trial_ID\":23,\"word1\":\"Akifer\",\"word2\":\"Fiaker\",\"word3\":\"Kiaffa\",\"word4\":\"Sariffer\",\"word5\":\"Refisker\",\"response\":\"5\",\"response_action\":\"keypress(5)\",\"correctResponse\":\"2\",\"ended_on\":\"response\",\"duration\":5259.279999999999,\"time_run\":107636,\"time_render\":107635.32,\"time_show\":107641.72,\"time_end\":112901,\"time_commit\":112903,\"timestamp\":\"2021-08-17T20:04:59.083Z\",\"time_switch\":112919.56},{\"sender\":\"trial_screen\",\"sender_type\":\"canvas.Screen\",\"sender_id\":\"9_23\",\"correct\":false,\"trial_ID\":24,\"word1\":\"Kleiber\",\"word2\":\"Beikel\",\"word3\":\"Keibel\",\"word4\":\"Reikler\",\"word5\":\"Biekerl\",\"response\":\"2\",\"response_action\":\"keypress(2)\",\"correctResponse\":\"1\",\"ended_on\":\"response\",\"duration\":4678.440000000002,\"time_run\":112907,\"time_render\":112907.36,\"time_show\":112919.56,\"time_end\":117598,\"time_commit\":117607,\"timestamp\":\"2021-08-17T20:05:03.786Z\",\"time_switch\":117614.84},{\"sender\":\"trial_screen\",\"sender_type\":\"canvas.Screen\",\"sender_id\":\"9_24\",\"correct\":false,\"trial_ID\":25,\"word1\":\"Ig\u00e4de\",\"word2\":\"D\u00e4gie\",\"word3\":\"\u00c4gide\",\"word4\":\"Dig\u00e4de\",\"word5\":\"Giad\",\"response\":\"4\",\"response_action\":\"keypress(4)\",\"correctResponse\":\"3\",\"ended_on\":\"response\",\"duration\":5209.1600000000035,\"time_run\":117610,\"time_render\":117610.02,\"time_show\":117614.84,\"time_end\":122824,\"time_commit\":122830,\"timestamp\":\"2021-08-17T20:05:09.011Z\",\"time_switch\":122842.84},{\"sender\":\"trial_screen\",\"sender_type\":\"canvas.Screen\",\"sender_id\":\"9_25\",\"correct\":true,\"trial_ID\":26,\"word1\":\"Rixal\",\"word2\":\"Irtax\",\"word3\":\"Rackizie\",\"word4\":\"Matrix\",\"word5\":\"Atrige\",\"response\":\"4\",\"response_action\":\"keypress(4)\",\"correctResponse\":\"4\",\"ended_on\":\"response\",\"duration\":2039.1600000000035,\"time_run\":122837,\"time_render\":122836.8,\"time_show\":122842.84,\"time_end\":124882,\"time_commit\":124886,\"timestamp\":\"2021-08-17T20:05:11.065Z\",\"time_switch\":124890.76},{\"sender\":\"trial_screen\",\"sender_type\":\"canvas.Screen\",\"sender_id\":\"9_26\",\"correct\":false,\"trial_ID\":27,\"word1\":\"Haskisch\",\"word2\":\"Asmisch\",\"word3\":\"Schisma\",\"word4\":\"Rasthmie\",\"word5\":\"Ilschah\",\"response\":\"4\",\"response_action\":\"keypress(4)\",\"correctResponse\":\"3\",\"ended_on\":\"response\",\"duration\":5309.240000000005,\"time_run\":124890,\"time_render\":124889.56,\"time_show\":124890.76,\"time_end\":130200,\"time_commit\":130215,\"timestamp\":\"2021-08-17T20:05:16.394Z\",\"time_switch\":130224.14},{\"sender\":\"trial_screen\",\"sender_type\":\"canvas.Screen\",\"sender_id\":\"9_27\",\"correct\":true,\"trial_ID\":28,\"word1\":\"Sallose\",\"word2\":\"Lordose\",\"word3\":\"Dormase\",\"word4\":\"Rollase\",\"word5\":\"Ardierole\",\"response\":\"2\",\"response_action\":\"keypress(2)\",\"correctResponse\":\"2\",\"ended_on\":\"response\",\"duration\":3640.8600000000006,\"time_run\":130222,\"time_render\":130222.08,\"time_show\":130224.14,\"time_end\":133865,\"time_commit\":133870,\"timestamp\":\"2021-08-17T20:05:20.050Z\",\"time_switch\":133886.5},{\"sender\":\"trial_screen\",\"sender_type\":\"canvas.Screen\",\"sender_id\":\"9_28\",\"correct\":false,\"trial_ID\":29,\"word1\":\"Intranotion\",\"word2\":\"Infranatura\",\"word3\":\"Internodium\",\"word4\":\"Indotalie\",\"word5\":\"Indosta\",\"response\":\"5\",\"response_action\":\"keypress(5)\",\"correctResponse\":\"3\",\"ended_on\":\"response\",\"duration\":2833.5,\"time_run\":133876,\"time_render\":133876.32,\"time_show\":133886.5,\"time_end\":136720,\"time_commit\":136733,\"timestamp\":\"2021-08-17T20:05:22.913Z\",\"time_switch\":136745.26},{\"sender\":\"trial_screen\",\"sender_type\":\"canvas.Screen\",\"sender_id\":\"9_29\",\"correct\":false,\"trial_ID\":30,\"word1\":\"Idaste\",\"word2\":\"Dastrix\",\"word3\":\"Astike\",\"word4\":\"Sadile\",\"word5\":\"Kasside\",\"response\":\"4\",\"response_action\":\"keypress(4)\",\"correctResponse\":\"5\",\"ended_on\":\"response\",\"duration\":-0.4400000000023283,\"time_run\":136737,\"time_render\":136736.44,\"time_end\":136736,\"time_commit\":136754,\"timestamp\":\"2021-08-17T20:05:22.933Z\",\"time_switch\":136768.12},{\"sender\":\"trial_screen\",\"sender_type\":\"canvas.Screen\",\"sender_id\":\"9_30\",\"correct\":false,\"trial_ID\":31,\"word1\":\"Libration\",\"word2\":\"Bilation\",\"word3\":\"Arlation\",\"word4\":\"Iberation\",\"word5\":\"Tiradon\",\"response\":\"5\",\"response_action\":\"keypress(5)\",\"correctResponse\":\"1\",\"ended_on\":\"response\",\"duration\":3166.8800000000047,\"time_run\":136767,\"time_render\":136745.26,\"time_show\":136768.12,\"time_end\":139935,\"time_commit\":139941,\"timestamp\":\"2021-08-17T20:05:26.121Z\",\"time_switch\":139958.64},{\"sender\":\"trial_screen\",\"sender_type\":\"canvas.Screen\",\"sender_id\":\"9_31\",\"correct\":true,\"trial_ID\":32,\"word1\":\"Pucker\",\"word2\":\"Keuper\",\"word3\":\"Eucker\",\"word4\":\"Reuspeck\",\"word5\":\"Urkane\",\"response\":\"2\",\"response_action\":\"keypress(2)\",\"correctResponse\":\"2\",\"ended_on\":\"response\",\"duration\":2970.359999999986,\"time_run\":139944,\"time_render\":139943.92,\"time_show\":139958.64,\"time_end\":142929,\"time_commit\":142941,\"timestamp\":\"2021-08-17T20:05:29.121Z\",\"time_switch\":142961.4},{\"sender\":\"trial_screen\",\"sender_type\":\"canvas.Screen\",\"sender_id\":\"9_32\",\"correct\":false,\"trial_ID\":33,\"word1\":\"Sickaber\",\"word2\":\"Bassiker\",\"word3\":\"Kassiber\",\"word4\":\"Sassiker\",\"word5\":\"Askiber\",\"response\":\"5\",\"response_action\":\"keypress(5)\",\"correctResponse\":\"3\",\"ended_on\":\"response\",\"duration\":1556.6000000000058,\"time_run\":142943,\"time_render\":142943.52,\"time_show\":142961.4,\"time_end\":144518,\"time_commit\":144532,\"timestamp\":\"2021-08-17T20:05:30.713Z\",\"time_switch\":144554.14},{\"sender\":\"trial_screen\",\"sender_type\":\"canvas.Screen\",\"sender_id\":\"9_33\",\"correct\":false,\"trial_ID\":34,\"word1\":\"Alquallon\",\"word2\":\"Lisqualien\",\"word3\":\"Talquallen\",\"word4\":\"Quisquilien\",\"word5\":\"Rielquellen\",\"response\":\"5\",\"response_action\":\"keypress(5)\",\"correctResponse\":\"4\",\"ended_on\":\"response\",\"duration\":2117.859999999986,\"time_run\":144535,\"time_render\":144535.6,\"time_show\":144554.14,\"time_end\":146672,\"time_commit\":146684,\"timestamp\":\"2021-08-17T20:05:32.864Z\",\"time_switch\":146701.94},{\"sender\":\"trial_screen\",\"sender_type\":\"canvas.Screen\",\"sender_id\":\"9_34\",\"correct\":false,\"trial_ID\":35,\"word1\":\"Berkiza\",\"word2\":\"Brekzie\",\"word3\":\"Birakzie\",\"word4\":\"Brikazie\",\"word5\":\"Bakiria\",\"response\":\"1\",\"response_action\":\"keypress(1)\",\"correctResponse\":\"2\",\"ended_on\":\"response\",\"duration\":2511.0599999999977,\"time_run\":146687,\"time_render\":146687.18,\"time_show\":146701.94,\"time_end\":149213,\"time_commit\":149221,\"timestamp\":\"2021-08-17T20:05:35.400Z\",\"time_switch\":149232.72},{\"sender\":\"loop_trial\",\"sender_type\":\"flow.Loop\",\"sender_id\":\"9\",\"ended_on\":\"completion\",\"duration\":129548.56,\"time_run\":19645,\"time_render\":19648.86,\"time_show\":19664.44,\"time_end\":149213,\"time_commit\":149221,\"timestamp\":\"2021-08-17T20:05:35.400Z\",\"time_switch\":149232.72},{\"sender\":\"end_html\",\"sender_type\":\"html.Screen\",\"sender_id\":\"10\",\"response\":\"anykey\",\"response_action\":\"keypress\",\"ended_on\":\"response\",\"duration\":1290.2799999999988,\"time_run\":149221,\"time_render\":149221.06,\"time_show\":149232.72,\"time_end\":150523,\"time_commit\":150532,\"timestamp\":\"2021-08-17T20:05:36.712Z\",\"time_switch\":150547.9},{\"sender\":\"root\",\"sender_type\":\"flow.Sequence\",\"sender_id\":null,\"ended_on\":\"completion\",\"duration\":150055.48,\"time_run\":423,\"time_render\":450.82,\"time_show\":467.52,\"time_end\":150523,\"time_commit\":150532,\"timestamp\":\"2021-08-17T20:05:36.712Z\",\"time_switch\":150547.9}]",
    "metadata": "{\"slice\":0,\"id\":\"88da9546-002a-44af-b894-00bfba016163\",\"payload\":\"full\"}",
    "url": "https://exp02.zih.tu-dresden.de/experiments/spot_a_word_task/"
}